X_min,X_max,X_mean,X_std,Y_min,Y_max,Y_mean,Y_std,Z_min,Z_max,Z_mean,Z_std,mag_min,mag_max,mag_mean,mag_std,latitude,longitude,speed,n_samples,route,window_start,pred_probability,pred_pothole
-0.0143569353967905,0.8877372145652771,0.470183385306901,0.2589562556689262,0.2847459018230438,0.6891329288482666,0.5357542420244966,0.07713378998207802,9.487542152404783,10.193424224853516,9.868188463580546,0.14511634508807275,9.502134389718258,10.226624536461404,9.897490736928493,0.1516324712704067,30.6488268,76.739268,0.0,191,A,0.215419189453125,0.57237625,1
-0.1986042857170105,1.3399807214736938,0.46107088717984257,0.26921971794184213,-0.3517449200153351,1.7922241687774658,0.8502827063299369,0.39251006112506076,8.894122123718262,10.557133674621582,9.840328132550333,0.2710802042954294,8.928289242284668,10.65621330863854,9.898808743643661,0.2850230490466078,30.64882708593238,76.73926835741547,0.0,193,A,2.215419189453125,0.0136113,0
-0.969093143939972,1.5050854682922363,0.48383369743148436,0.3565104422530537,-1.0193424224853516,3.594019651412964,1.3072746450592971,0.8103473179458199,5.656632900238037,14.43350601196289,9.83438947410781,1.2217478697231918,5.78283074176735,14.512574896367308,9.9688797517115,1.2474554890074239,30.64883391820698,76.73928062192886,1.1792493588062125,193,A,4.215419189453125,0.99874073,1
-0.1651047617197036,0.9834501147270204,0.4046473871841737,0.2024211335588124,0.0813559666275978,2.5746772289276123,1.13645437657061,0.5401107649006766,8.12123966217041,11.138589859008787,9.827235834586189,0.5065965903578451,8.236091338204576,11.277703825927635,9.916683333332344,0.5277858770371455,30.648851933479268,76.73932099760441,2.4800354364145,193,A,6.215419189453125,0.00064900075,0
-0.5168496966362,0.9212366938591005,0.2496470299976458,0.25156379129413864,-0.7250252366065979,2.359323024749756,1.0359806238548164,0.7224768422164672,8.118846893310547,11.866007804870604,9.837265815141905,0.5840569466997882,8.212951302495394,11.991304817653978,9.923948525640615,0.5907651956589335,30.6488805673509,76.73938242147821,4.149173352929119,193,A,8.215419189453126,0.027576132,0
-0.3924229145050049,0.8662018179893494,0.28435955492871773,0.2550452256523471,-0.976271629333496,3.0723843574523926,0.6055336824562497,0.7422375495418437,8.09252643585205,12.447463035583496,9.86699110766252,0.6265268509709991,8.115647959485019,12.455090178157219,9.919519936636759,0.6454995619603267,30.648919514990805,76.73945949988051,4.255324281675479,192,A,10.215419189453126,0.012798402,0
-0.7968099117279053,1.0791629552841189,0.2763152242049459,0.36743272649504616,-0.3110669553279876,2.6560330390930176,1.0877176631637728,0.7083501194442917,8.528019905090332,11.408978462219238,9.846502378196915,0.4921710929501575,8.536381956033644,11.631000976760323,9.940461578232895,0.5284993834916284,30.648964497276268,76.73954056318094,5.100411033236101,193,A,12.215419189453126,0.3120848,0
-0.4546363055706024,1.2969099283218384,0.4017927052784025,0.3273421462477471,-0.7776673436164856,2.830709218978882,0.8588847981079628,0.8164273379702699,7.980063438415527,12.081361770629885,9.848329057191547,0.7976584450968026,8.213971761582554,12.099583053235161,9.934201296944478,0.7812270853442537,30.64902159318836,76.7396370351875,6.2160378925646285,190,A,14.215419189453126,0.026752347,0
-0.3349951803684234,0.9547362327575684,0.33749957455182206,0.2536998134557278,-0.7058826684951782,1.3519448041915894,0.2978754257264552,0.4118682085353027,7.774280548095703,11.531012535095217,9.896119312918866,0.595811162380062,7.788955785517776,11.574151856145436,9.918166467763333,0.5956316505201484,30.64908668181369,76.73974780355961,6.448469666435782,193,A,16.215419189453126,0.6055664,1
-0.8638089895248413,1.5337992906570437,0.3560988798967956,0.36791278864238375,-0.9571290612220764,3.1441688537597656,0.8644873525721702,1.0754654820033935,8.0350980758667,12.1866455078125,9.814803462667564,0.772171890078018,8.08448620206767,12.454692433370951,9.920283837632093,0.8250549299784253,30.649149802313808,76.73985415317458,6.214445774408706,194,A,18.215419189453126,0.060555927,0
-0.7322037220001221,1.6031911373138428,0.6032156336780948,0.3767934488938646,-1.062413215637207,2.967100143432617,0.9967851067970818,1.0763406270248157,6.845865726470947,12.56710433959961,9.844658099114895,0.7673910788366665,6.9063524538139935,12.607463519050567,9.97654337593469,0.7954222292593182,30.64922000997169,76.73997058359376,7.350369243634381,192,A,20.215419189453126,0.9161656,1
-1.959721803665161,2.234896421432495,0.46755506453427625,0.5331413987970535,-1.923829436302185,3.3020951747894287,0.8914814100171309,1.122886448423165,6.587440967559815,13.40698528289795,9.865335014817628,1.1706928200932445,6.5960618302180825,13.623918568058754,9.991513954876138,1.193090982725737,30.649294612330955,76.74010751003743,8.222996095536272,193,A,22.215419189453126,0.99998,1
-1.916650891304016,1.5409778356552124,0.28478308950087605,0.5049783462960044,-2.572284460067749,3.230310678482056,0.36558114347853965,1.1166398031525757,6.096911907196045,13.63191032409668,9.954514137821494,1.2210118558294067,6.145968849751311,13.758308363647444,10.039925031931194,1.224649168582837,30.64937106402551,76.74026023948615,8.642848371681843,193,A,24.215419189453126,0.10463386,0
-2.3162522315979004,1.8975083827972408,0.41048686718930116,0.4712139905349929,-1.8113667964935305,2.723032236099243,0.3633866926059223,0.8483643191558795,5.965306758880615,12.837493896484377,9.874534327749144,1.006880549052684,6.263052181185437,12.902275396962512,9.937755187829195,1.001784635598626,30.649446327836035,76.74040396929318,7.895551826788884,193,A,26.215419189453126,0.8443762,1
-0.8997012972831726,2.2133610248565674,0.5105886786495736,0.5026364818659029,-2.2995026111602783,3.0077781677246094,0.3589977892079521,1.1891066357744553,0.4187439680099487,19.17368698120117,9.830732067014269,2.2414102228297996,0.42784713284723486,19.360425342392062,9.936234393272015,2.2348729444766247,30.649518561254215,76.74054450732235,8.02582264438329,193,A,28.215419189453126,0.99616724,1
-0.8111668825149536,1.495514154434204,0.3821945251315504,0.39601814611504726,-2.2133610248565674,2.7038896083831787,0.45937235538070836,1.0419173018392018,7.506284713745117,12.08614730834961,9.917791107157969,0.836007748069558,7.617624151838058,12.163939638268012,9.997049811733309,0.8485293828912879,30.649583494018046,76.74068042135514,7.45838758694955,193,A,30.215419189453126,0.20931578,0
-1.1030912399291992,1.4428720474243164,0.2808998402985817,0.49531860207618345,-1.978864312171936,2.59621262550354,0.6976643971884282,0.9552737440576541,7.274180889129639,12.92602825164795,9.805098166640516,1.058025275928608,7.434165756195151,13.051755352893625,9.891644254861129,1.0668974891087155,30.649648869751417,76.74082075915115,7.874472644711321,191,A,32.21541918945313,0.98890114,1
-1.0193424224853516,0.9595218896865844,0.059820567420563166,0.3510762739691915,-1.7778671979904177,2.935993432998657,0.7477756728191373,0.9293928412459848,8.09252643585205,12.167503356933594,9.92095263881387,0.7194137049896279,8.112353659805635,12.193886856599335,9.998794671948362,0.7188428266191459,30.64972236940928,76.74096634002792,8.29721872702816,193,A,34.21541918945313,0.019875884,0
-1.3663017749786377,1.275374412536621,-0.07435017992075071,0.540312158143413,-1.7467604875564575,3.5294134616851807,0.8155331610829195,1.1206505910428282,4.448257446289063,13.789836883544922,9.841913862326711,1.2900311165629204,4.45395910975242,13.815223576368195,9.955567195622647,1.2777119511548187,30.649801853023835,76.74112231615445,8.868712189131713,194,A,36.21541918945313,0.9999759,1
-1.4524433612823486,2.0554347038269043,0.21582516288104917,0.43690598560402993,-1.526620864868164,2.7972097396850586,0.7079283567434997,0.9850752453691641,7.585247993469238,13.016955375671388,9.861913179486526,0.9884788675632457,7.769081166247458,13.027872669476336,9.950213442671666,0.9678210656599514,30.64989200381646,76.74128168860801,9.533016072992213,193,A,38.21541918945313,0.93868834,1
-0.8566305041313171,1.5936198234558103,0.3466121375541458,0.4304750642475595,-1.5122638940811155,3.522234916687012,0.6124510156326093,0.9935271601769581,6.285944938659668,13.11984634399414,9.812854050354636,1.1231942238514803,6.316439804731389,13.585943999628942,9.897645530042983,1.1215721372575271,30.649989580805986,76.74144446722548,9.47101761056525,193,A,40.21541918945313,0.018310657,0
-1.1270195245742798,2.1583259105682373,0.2869279484283855,0.5723488118570921,-1.8113667964935305,3.594019651412964,1.0210781689067348,1.1870954415977761,6.678368091583252,13.954941749572754,9.844642686102674,1.3664359163328266,6.8613925490954415,14.17144327031791,9.985888234667785,1.3884811556900696,30.65009358631256,76.74161625343321,10.490212142168822,193,A,42.21541918945313,0.99984956,1
-1.1485549211502075,1.25144624710083,0.18619383698440317,0.3886756795114861,-1.9669002294540403,2.4358935356140137,0.44228785028536394,0.8461354806912598,6.740581512451172,12.79442310333252,9.906087415823665,1.0390865256278212,6.799781952207249,13.013343223648848,9.960816969744831,1.0438844360818973,30.650207006664438,76.74180665820798,11.272851411650683,193,A,44.21541918945313,0.7819582,1
-1.284945726394653,1.4476577043533323,0.10228070524802509,0.38495314625307003,-1.643869161605835,2.012363910675049,0.193831096822881,0.6375156113002728,6.446264266967773,13.335200309753418,9.901612244546413,0.6514792044347313,6.4801419561446565,13.387023177713397,9.932187795316361,0.6485697417813918,30.650323204232034,76.74199492198647,10.732575478771635,192,A,46.21541918945313,0.6797555,1
0.1052841991186142,0.6795616149902344,0.4100529317565533,0.11652164257980822,-0.2273181527853012,0.6173482537269592,0.215924347566267,0.18764796809400186,9.276973724365234,10.403992652893066,9.83457542083424,0.24782847697069338,9.279472983161353,10.415054128403105,9.847967237134917,0.24776953449770142,30.650437608290087,76.74217222102111,10.470000267028809,193,A,48.21541918945313,0.00159494,0
0.2703889608383178,0.7968099117279053,0.4886565355130428,0.09768812097622759,-0.1794617027044296,0.3302095234394073,0.05463818345493949,0.09050780878451914,9.367900848388672,10.372885704040527,9.903694553078765,0.21759462267736246,9.376226799232073,10.386764174820451,9.916789298584959,0.21750494521426733,30.650549050346026,76.74234413410969,9.889673148247331,193,A,50.21541918945313,0.029476741,0
0.1411765366792678,0.8135597109794617,0.42407512132059105,0.15251092513647613,-0.550349235534668,0.4474578201770782,0.010277978903396824,0.16145967465124025,8.95394229888916,10.628918647766112,9.916290970046285,0.2829637111774508,8.991369431670522,10.641124622397916,9.927926348287787,0.28008506142920286,30.650654000369173,76.74250034966207,9.17400536705393,193,A,52.21541918945313,0.15891054,0
-0.4043870270252228,1.107876896858215,0.5316259874146163,0.2256909752732332,-1.0767701864242554,0.5862415432929993,-0.19168482798382103,0.24260037352577776,8.922835350036621,11.75115203857422,9.895012354113392,0.39855877943407514,8.934591194486485,11.801430908987307,9.91670384130897,0.39782424991060805,30.650750592028793,76.74264735552485,8.219461327157955,194,A,54.21541918945313,0.46875826,0
-0.607776939868927,1.28255295753479,0.2898662877269089,0.3491240784680149,-2.715853691101074,1.1174482107162476,-0.8239120654327495,0.6580441546247681,8.324629783630371,12.34217929840088,9.954266152851321,0.5966447418619562,8.51978992082621,12.357909575582772,10.021496505115985,0.5751266605446899,30.6508277410724,76.74277594926016,6.510953309267849,193,A,56.21541918945313,0.007069172,0
-0.4091726839542389,1.5002998113632202,0.5555882305985219,0.3646030644436054,-0.9236295223236084,1.7730815410614014,0.2251897993080906,0.44630927171594625,8.590232849121094,11.10748291015625,9.880229176973042,0.4118658864898406,8.617656879387694,11.126795561379515,9.915175206520553,0.41155656995956336,30.650884271107145,76.74286573859392,4.682891448162259,190,A,58.21541918945313,0.3100026,0
-0.4761717021465301,1.584048628807068,0.4243478782914116,0.3330029652982798,-1.9764715433120728,3.096312522888184,0.9158435705711419,0.8388788033164178,8.240880966186523,11.787044525146484,9.823070101169725,0.5481798898722117,8.24859532046244,11.945141448310759,9.914057584698488,0.5814798367572381,30.650934414275138,76.74294843811646,4.639999866485596,193,A,60.21541918945313,0.013393045,0
-0.5455635786056519,1.6845471858978271,0.4813436929434829,0.4199117568183414,-0.2584248483181,3.407379388809204,1.3407035093114246,0.8398111605251088,7.733603000640869,12.102896690368652,9.804503540198008,0.8915200028353926,7.839583958074172,12.2656591523101,9.95051214454721,0.9061964278800877,30.65099396963037,76.74304514269458,6.479545638904923,192,A,62.21541918945313,0.23698387,0
-0.5072783827781677,1.153340458869934,0.4383700662871601,0.2938106519898529,-1.1102696657180786,1.856830358505249,0.35667934967928755,0.5939143621317765,7.994420528411865,11.7990083694458,9.858392120025318,0.6992316388889604,8.084301089958391,11.819579339457894,9.897585829023468,0.6877952285294083,30.651064658443165,76.74316433952444,7.19288376441244,193,A,64.21541918945313,0.10054352,0
-0.7322037220001221,1.0193424224853516,0.29977232393557735,0.27876355123371893,-1.0145567655563354,1.3399807214736938,0.06773051877573634,0.42234944657515383,8.523234367370605,11.62672519683838,9.901524919302352,0.5829109125783687,8.534764394084123,11.649459161119417,9.919165719613959,0.5836705648684413,30.651138855119466,76.74328159051136,6.68557994424341,193,A,66.21541918945313,0.6750373,1
-1.1724830865859983,0.6125625967979431,-0.3450995765920786,0.3468933726410202,-1.765903115272522,1.1748759746551514,-0.41778931366231464,0.5498701195224158,8.135597229003906,11.064412117004396,9.890106309880865,0.4901142440122494,8.149610809685585,11.075902980316048,9.92643555270245,0.48644197976132425,30.65120962971982,76.74337940413429,5.501029015682618,193,A,68.21541918945313,0.028812213,0
-3.005385160446167,1.428515076637268,-0.7648846492367355,0.77468393359859,-3.383451223373413,3.208775281906128,0.1890203943929488,0.8527154200782499,0.1531406491994857,24.703500747680664,9.79839463477072,2.34880204594771,0.1775854875700102,25.114597972777432,9.892793686248739,2.3677156864409157,30.651285098071334,76.74343249608206,4.847148860244955,190,A,70.21541918945313,1.0,1
-1.557727575302124,1.6103696823120115,-0.03994650026141555,0.5782838072561473,-2.00518536567688,3.115455150604248,0.5448320790464203,1.0559813325378051,5.072783946990967,12.5742826461792,9.860003834561363,1.1530345665033368,5.455447732140891,12.630407850743898,9.94763078268911,1.1583404482519495,30.651365080500657,76.74344996049744,4.3984223306310275,193,A,72.21541918945313,0.9933522,1
-0.8111668825149536,1.038485050201416,0.25288292034673915,0.3573789869892768,-1.1030912399291992,3.146561861038208,1.3383069396696965,0.922607841474501,7.75753116607666,11.62672519683838,9.797592066730243,0.816957773098264,8.037023938836453,11.97845667471598,9.938795844727819,0.8452855562264048,30.651454804997528,76.74345710136622,5.2874474984000575,193,A,74.21541918945313,0.5821776,1
-1.3543375730514526,0.9284151792526244,-0.21556480429521305,0.41291572903737367,-1.306481122970581,2.744567632675171,0.6857854499785625,0.7831160276020293,7.534998416900635,12.433106422424316,9.95431579579961,1.023729555037485,7.551304625711111,12.473301747104541,10.020034805981824,1.0177758257604999,30.651561808749506,76.74345794067185,6.418899335242767,193,A,76.21541918945313,0.01809526,0
-1.191625714302063,0.2392822653055191,-0.42169469675058835,0.2841156849732457,-0.9523434042930604,1.8759729862213133,0.4755146083774267,0.6149060040322147,8.250452041625977,11.696117401123049,9.892399926259728,0.6527450519744687,8.261582169766767,11.704921711206461,9.93603617092594,0.6508527408581751,30.651672134479096,76.74343336434636,6.065630757386729,193,A,78.21541918945313,0.22720651,0
-1.3806586265563965,0.7537391185760498,-0.32713480980902754,0.39489395932461213,-1.4715858697891235,2.8905298709869385,0.8196719359966005,0.8307289657811063,7.441678524017334,11.971291542053224,9.874075662286788,0.8351984920722588,7.51990582820088,11.97354162651978,9.955379139685148,0.8427834899865227,30.651768769956718,76.74338005712082,6.068740666467372,193,A,80.21541918945313,0.28312436,0
-1.5672988891601562,1.2586246728897097,-0.23408748437119697,0.46992631761348824,-1.8711873292922971,3.019742250442505,0.7940203799369113,0.7634728181350895,6.833901405334473,12.28953742980957,9.847742211633395,1.0112022346351892,7.196366201517488,12.622554365376345,9.92346233844214,1.007193450013016,30.651859882644292,76.74329860241981,6.634385755162798,193,A,82.21541918945313,0.97484654,1
-0.5455635786056519,1.0719845294952393,0.2384639929996929,0.3305948721490262,-1.7922241687774658,2.2707886695861816,0.7367290148723851,0.7101195458500453,6.211767673492432,12.835101127624512,9.868806463449113,1.119974290715935,6.411750433897076,12.959913586820866,9.929736669980056,1.1230363065968652,30.651948440250134,76.74319394276907,7.12865116028383,193,A,84.21541918945313,0.7435061,1
-1.1676974296569824,1.7874385118484497,0.28120005297127126,0.42869752255934085,-2.871387243270874,2.4981069564819336,0.26717786438801744,0.9302440965598127,6.798008918762207,12.457035064697266,9.852416255931162,0.9988769857913319,6.85676323589877,12.516096269672015,9.912930929538687,1.0006272158593104,30.65203642855392,76.74308325986283,7.209871335501321,193,A,86.21541918945313,0.52806747,1
-0.9379864931106568,1.222732424736023,0.2333188059599829,0.32791149753812976,-1.5744773149490356,2.9551360607147217,0.6036112060893443,0.9000699969773778,6.606583118438721,11.657832145690918,9.862867792653295,0.6952814061106091,6.612454667636337,12.015955283272058,9.928565237615482,0.7208368431636005,30.65212124724162,76.74297520071548,7.188773099424169,193,A,88.21541918945313,0.06908096,0
-1.490728497505188,1.6199408769607544,0.16403853029876445,0.42673594245265817,-2.304288148880005,2.548356056213379,0.38533122926212154,0.8111107650678929,7.027719974517822,12.468998908996582,9.884837155515049,0.8557453404702403,7.027867436669884,12.48099651035871,9.936104531498133,0.8552926115586681,30.65220861403975,76.74286219590033,7.035637196989159,193,A,90.21541918945313,0.5270371,1
-1.1126625537872314,1.2921242713928225,0.32824839671267214,0.385531958412572,-2.7349963188171387,2.620140790939331,0.21573639461847463,0.729868126640238,5.78345251083374,15.132210731506348,9.879088984322301,0.8665452695113328,6.13044213372521,15.326874186481353,9.921851821443797,0.860109221397683,30.652290523109958,76.74275296454854,6.831196817235345,194,A,92.21541918945313,0.7385459,1
-0.2512463629245758,1.421336650848389,0.5468901557596931,0.32833993201497486,-1.0001999139785769,2.833101987838745,0.5564614442657254,0.7969358996042062,8.02074146270752,11.765508651733398,9.865706957683662,0.6472416693140896,8.040812989872549,11.767321256512824,9.932604538350423,0.6679182274647086,30.65236787312943,76.74265251921132,6.389846749518652,193,A,94.21541918945313,0.01863043,0
-0.3948157429695129,1.4811571836471558,0.4279805051700883,0.320488460463192,-1.3495519161224363,3.15613317489624,0.9760484758117888,1.2186456027972403,8.303094863891602,11.906685829162598,9.88630012650564,0.6539335097874786,8.383101689084262,11.956534535549071,10.019173747097883,0.7115929668569456,30.652451236339257,76.74255310538702,7.027222582931441,193,A,96.21541918945313,0.07208874,0
-0.6699903607368469,1.5170495510101318,0.45317333233132573,0.3505220964643382,-1.215553879737854,2.8211379051208496,0.44049013268632015,0.7958695989024452,7.8628153800964355,11.767901420593262,9.866983910298718,0.789084770607565,8.079434340874649,11.78846256121486,9.925659244050799,0.7854849565616687,30.65254780084574,76.74244362587484,7.718629906167091,193,A,98.21541918945313,0.04858439,0
-1.196411371231079,1.761117458343506,0.1399739264110055,0.4353755257223372,-1.8640087842941284,2.60339093208313,0.5303511612426123,0.8852354064819804,6.577869415283203,12.63888931274414,9.869203172199466,1.079516498794778,6.647722079844176,12.714857361203325,9.933705961903526,1.0779942557166586,30.652649927625166,76.7423343145837,7.581436144188724,193,A,100.21541918945313,0.9178526,1
-0.6699903607368469,1.3351950645446775,0.4294806685433795,0.38609393955308086,-1.4380863904953003,1.545763373374939,0.2652437702964972,0.5389725421451372,8.176275253295898,11.913864135742188,9.850209374501915,0.6517351853533153,8.229013370215647,11.922560714530482,9.885663016471725,0.6476249159781237,30.65275376650517,76.7422296059413,7.674251686061822,193,A,102.21541918945313,0.39780894,0
-0.7800601720809937,1.710868239402771,0.6799335731434698,0.36703524293619,-1.6941183805465698,1.2634103298187256,-0.21841635403508042,0.5283500457510673,7.855636596679687,12.057433128356934,9.932346393407318,0.6794772676038268,7.956240221246884,12.111664896903383,9.979365632290442,0.6703281441817303,30.652859466558798,76.74214417426661,6.850861761522536,193,A,104.21541918945313,0.6883755,1
-1.3519448041915894,2.1846470832824707,0.22230934119093296,0.592241540503558,-1.911865234375,3.342773199081421,0.8505058707078252,1.2789962347043082,7.396214962005615,12.930813789367676,9.946257035349317,1.0387213915667328,7.546174486338433,12.94863720123108,10.07970896374609,1.079722852720036,30.652968434488802,76.7420865908432,6.54156671278581,193,A,106.21541918945313,0.88133794,1
-1.1030912399291992,0.973878800868988,-0.011294619105466752,0.3670884850884449,-1.428515076637268,3.077169895172119,0.8899688514292124,1.1198606788047094,7.970492362976074,11.475976943969728,9.807361751022734,0.6932584899681417,7.988041360142692,11.628602345060322,9.91356110577591,0.7531746624363823,30.653086246188998,76.74203694984642,7.2858204838051766,193,A,108.21541918945313,0.94336957,1
-1.4476577043533323,0.8638089895248413,-0.14705320888010717,0.3664636954986868,-2.2995026111602783,2.076970100402832,0.29819777302463285,0.6486209946698288,7.654639720916748,12.835101127624512,9.875340236901001,0.9442471700711688,7.7248995603634825,12.837003111103508,9.909120193424386,0.9427809384667527,30.65321308520164,76.74198303241934,7.49279022684716,193,A,110.21541918945313,0.8206833,1
-1.2562319040298462,0.4929214715957641,-0.30506021896804464,0.3336141813123207,-1.5601203441619873,1.3495519161224363,-0.10123860136817027,0.4884143885186176,7.817351341247559,11.842079162597656,9.925021277260534,0.7482623005785852,7.858318226692762,11.874398602412501,9.947893248087322,0.7473431458765593,30.653334823030143,76.74192516652707,7.244113696451464,194,A,112.21541918945313,0.07875355,0
-2.24686050415039,2.3545374870300293,0.13668844665260743,0.9218120668297245,-2.940778970718384,2.306680917739868,-0.21044441525356294,0.9072935707755213,6.632904529571533,15.290136337280272,10.065811364761906,1.351764283984977,6.693202447693438,15.34047891955804,10.151266652661326,1.3548063147463978,30.653438936924104,76.74186397131777,5.798068443423984,193,A,114.21541918945313,0.74204004,1
-0.9284151792526244,2.2372891902923584,0.3330114841017235,0.6132382432746067,-1.545763373374939,3.10109806060791,0.5904568799872704,0.9460268244186579,6.687939167022705,13.911870956420898,9.800815567451437,0.891146745822522,6.719036489822965,14.052639247632806,9.885964268076469,0.9210877652568702,30.653517792204173,76.74179965193748,5.034140475903154,193,A,116.21541918945313,0.94747144,1
-0.9619147181510924,1.7994025945663452,0.4231824621189038,0.4391065238112212,-2.44067907333374,3.4959139823913574,1.2331591305573872,1.400257905084825,5.45563554763794,14.811572074890137,9.876580067866824,1.455453455728045,5.619037374853165,15.158477531484222,10.057015794498083,1.541075431482594,30.6535876242653,76.74172275972023,5.681583108108688,193,A,118.21541918945313,0.99999344,1
-0.8398807644844055,1.397408366203308,0.35918375584079737,0.418689185281944,-0.945164918899536,3.553341627120972,1.4014873835897566,1.3828401510828416,7.996813297271728,12.067004203796388,9.892573512279926,0.8384203385684331,8.034275393015141,12.403650206391992,10.090362015596435,0.9650290816013131,30.653668409740533,76.7416253672749,7.207929291777509,193,A,120.21541918945313,0.9923307,1
-0.605384111404419,1.4476577043533323,0.4926363107002789,0.4391761168978131,-1.1222338676452637,3.297309637069702,1.3882214700117939,1.1276070058183387,7.0301127433776855,12.739387512207031,9.80389029992059,1.2209910516660554,7.053842104587002,12.892953033686528,9.991865686096153,1.1848742033591617,30.653772514278746,76.74149430284534,9.036402537044435,193,A,122.21541918945313,0.9793016,1
-0.6819544434547424,1.5026925802230835,0.523346267022926,0.4038647366098621,-1.2490534782409668,2.974278450012207,0.6028177346611984,0.8308015172873117,7.573283672332764,12.899706840515137,9.85293694234265,0.9913209642150046,7.596173307199607,13.091347189605138,9.928208700233492,0.9921562737358507,30.653892461267443,76.74134234429609,10.334431918054229,193,A,124.21541918945313,0.20158172,0
-0.9906286001205444,2.9288148880004883,0.5452164197437118,0.5648389357576801,-2.945564746856689,2.68953275680542,0.10450311783952107,1.0050895677879503,-0.9260223507881165,17.2546443939209,9.944372490588865,2.144865208386992,1.0772858558541574,17.301748337285122,10.034215076825175,2.1078303286470375,30.654017720016352,76.74118442876889,10.219928348001247,193,A,126.21541918945313,0.974755,1
-1.2275179624557495,2.1894326210021973,0.3522656469948474,0.6744226106213611,-2.201396942138672,2.2085752487182617,0.04840196738830271,0.9603320647608115,4.828716278076172,13.923834800720217,9.88554381583021,1.3717569258068658,4.886076642732853,14.163499084855664,9.961846130107855,1.3677838451590485,30.6541357542844,76.7410397682952,9.422687164615926,193,A,128.21541918945314,0.9800718,1
-0.7345965504646301,1.8831514120101929,0.4349978013287438,0.548213942725632,-2.2396819591522217,3.2446675300598145,-0.25811489624299416,1.0166560335801071,3.1130621433258057,17.034503936767578,9.873170540122787,1.5514544826180126,3.246129937830452,17.068084130196514,9.953899069828736,1.5480230095459293,30.654245844011868,76.7409043815206,8.54555741641917,193,A,130.21541918945314,0.034648236,0
-0.8087740540504456,1.804188251495361,0.48503630643546425,0.46117357997032504,-3.5126636028289795,3.105883836746216,0.23754653854324564,1.2270786743058086,5.8097734451293945,15.737594604492188,9.938458647752674,1.4196506455525884,5.912606232434185,15.766622601215214,10.037457589167337,1.4310503535892798,30.654342146840467,76.74078768939538,7.126811568430732,193,A,132.21541918945314,0.4175003,0
-1.7778671979904177,2.5603201389312744,0.28660560069953145,0.6393300114382557,-3.747160196304321,3.187239646911621,0.2856385535102125,1.1552441876001822,0.1052841991186142,18.8243350982666,9.87291020116349,2.1541918562720834,0.1204044034236858,19.097751571952237,9.967247411557128,2.162392559362936,30.654431933498053,76.74068396100228,6.975599927394455,193,A,134.21541918945314,0.9999906,1
-0.4091726839542389,1.56251323223114,0.616598255682125,0.3757158551433999,-1.557727575302124,2.390429735183716,0.45281490153952764,0.7599482329564649,7.838887214660644,12.222537994384766,9.942838754226912,0.6810017275710921,7.875685443322595,12.24510679922973,10.007599329250706,0.6896955670718004,30.654518899423618,76.74058482773414,6.831461608258707,134,A,136.21541918945314,0.83090645,1
-0.3158525824546814,1.428515076637268,0.44735865031098804,0.31108457047726146,-0.7489534616470337,2.9527430534362797,1.5271167667495773,0.7352009101404993,7.613961696624756,11.528619766235352,9.765890282052787,0.7094116195205871,7.808606016585543,11.80272451966302,9.925382789349046,0.7294955116063437,30.65851030314722,76.7373105535241,3.137308842423732,193,B,0.12607861328125,0.0032732813,0
-1.0791629552841189,1.3591232299804688,0.3791941999001766,0.3277748476861035,-0.6628118753433228,3.5054850578308105,0.432629769629379,0.6870619252128329,8.090133666992188,11.284551620483398,9.878427312781774,0.5308483243061799,8.21662122900186,11.315323091618623,9.923676897460174,0.5442519185149016,30.65857279725346,76.73726699882576,4.206193454467488,193,B,2.12607861328125,0.00712245,0
-2.455035924911499,2.5603201389312744,0.3800000728884895,0.6520370619116442,-0.9116654396057128,3.5341989994049072,1.6431376683704284,1.0456020109474045,7.070790767669678,12.641282081604004,9.775275655361037,1.04026495958385,7.175347796488725,12.969167201234189,9.99132530624247,1.0836610619966343,30.658641988155882,76.73721736962392,5.116724533303149,193,B,4.1260786132812495,1.0,1
-0.6939185857772827,1.6103696823120115,0.3581795146220745,0.4646916119644124,-0.916451096534729,3.065205812454224,1.1479473637315623,0.9148118616800188,7.747959613800049,11.997612953186035,9.828934380427544,0.9275726196006324,7.898331585603928,12.306895976276612,9.952953476729153,0.9518160854609098,30.658742013006325,76.73714703461293,7.471454229358148,193,B,6.1260786132812495,0.696045,1
-0.4163511395454407,1.7228323221206665,0.41797528370558595,0.3704886812564384,-3.034099102020264,1.761117458343506,-0.48233353618503466,1.15387995457473,8.334200859069824,12.019147872924805,9.927635133575281,0.5825882798986203,8.370751920808328,12.233027880384032,10.020754340098469,0.598231305681395,30.6588564620044,76.73706504992693,7.631904508208477,193,B,8.12607861328125,0.019282762,0
-0.4331009089946747,1.0959128141403198,0.2671442408875333,0.30290095775890613,-4.031906127929688,0.488135814666748,-1.867742137223999,1.2363614550499118,8.609375953674316,11.09073257446289,9.963713471177986,0.45368476797044105,9.0300587456722,11.611593145655494,10.217043021973113,0.5230805539478477,30.658939611642587,76.73700740493592,3.4624150373992157,191,B,10.12607861328125,3.352245e-06,0
-0.2057827413082122,0.8470591902732849,0.24447704469567946,0.2310036649355761,-0.7704889178276062,0.7202396392822266,0.24732859551766645,0.27497646784862884,9.489934921264648,10.389636039733888,9.884279221450727,0.19111965730812966,9.497560412267903,10.401727032819164,9.896883958291316,0.19262808143213767,30.658964622100687,76.73698952745075,1.040089745406,193,B,12.12607861328125,0.279611,0
-0.2584248483181,1.007378339767456,0.2347445808027731,0.2391312040166171,-1.4117653369903564,2.426322221755981,0.5027159185394876,0.5722252044663048,9.107083320617676,10.760523796081545,9.850978065648844,0.2556919820031193,9.17346231300805,10.987254383971248,9.885450449584326,0.27833501162919133,30.658976495771377,76.73698090141094,0.6940845846609651,193,B,14.12607861328125,0.0056859367,0
-0.4450650215148926,1.179661512374878,0.3930086542580587,0.26592184300482885,-1.7682958841323853,3.665804386138916,0.9179715102218324,1.0549446109159857,8.221738815307617,11.490334510803224,9.838140189647675,0.5580617219295746,8.252103138356098,11.75265080384026,9.944666210303213,0.6203219300377415,30.658988674260765,76.73697130021746,1.0425303974341416,192,B,16.12607861328125,0.0014305292,0
0.1124626621603965,1.1988041400909424,0.5098315665171933,0.1658876546586846,0.3996013700962066,1.7874385118484497,1.1154130406908154,0.24752471682323607,9.489934921264648,10.265209197998049,9.799632426389714,0.15556775683910984,9.544881501355023,10.320280528745483,9.880445932809899,0.16323867527056585,30.659014862158017,76.7369530450535,2.11119976724413,194,B,18.12607861328125,0.000105058345,0
0.1579262912273407,0.7441678643226624,0.4740516395920917,0.11028625496672982,0.8327022790908813,1.9453648328781128,1.4672466096482746,0.2554046477759142,9.370293617248535,10.2747802734375,9.77531277948093,0.16521003794611053,9.436985964098426,10.42319845446252,9.899833951497767,0.1795945120482498,30.659060683742755,76.73692055210618,3.6221555721741527,193,B,20.12607861328125,1.05853505e-05,0
0.057427741587162,0.7465606927871704,0.35369142052268737,0.13444887369033326,0.2584248483181,2.1846470832824707,1.4096205005991644,0.552838281671147,9.260223388671877,10.370492935180664,9.794839720651893,0.21623616379545912,9.363279459559138,10.437405300271454,9.918350852977015,0.21861800251038432,30.65913611798624,76.73686876637073,6.020807336252019,193,B,22.12607861328125,3.0652784e-05,0
-0.1076770201325416,1.0049854516983032,0.3880216062860322,0.2368764797358876,-0.0191425811499357,0.794417142868042,0.4748203190033918,0.1483143500098568,9.284152030944824,10.482955932617188,9.818458013583959,0.23844931311047168,9.322997955955454,10.495063253454507,9.84166561878824,0.23391537518856392,30.659236749160126,76.73679851012545,6.735950407792765,193,B,24.12607861328125,0.00615733,0
-0.8327022790908813,1.7491533756256104,0.4325181910999776,0.4572103415960931,-2.6009981632232666,2.4813570976257324,-0.7037626146676665,0.9295317369967242,8.054241180419922,12.117254257202148,9.952059301069982,0.7671278882231104,8.14530320406868,12.261811013795029,10.040928801797827,0.7530887571281691,30.65933807158608,76.7367272074879,6.262592123673385,193,B,26.12607861328125,0.005680421,0
-0.6867401003837585,1.2634103298187256,0.5020041700320913,0.32494623048360427,-2.3234307765960693,0.6747759580612183,-0.5552225488174648,0.5971714360053351,9.042476654052734,11.633903503417969,9.904030719976774,0.40682968924647506,9.102646984191415,11.769505112061186,9.955466766688515,0.4080446026940245,30.65941068671727,76.73667553991824,3.670087511796935,191,B,28.12607861328125,0.13855724,0
-0.1507478207349777,1.2299108505249023,0.548501899964152,0.2793364201162382,-1.7826528549194336,2.050648927688598,0.060800009702665275,0.6999232663378473,8.784051895141602,10.839486122131348,9.846279198641604,0.3749220365576528,8.784101759048287,10.860557609333446,9.890140044379203,0.3839047843858301,30.65945545298781,76.73664218288515,2.763094947232595,193,B,30.12607861328125,0.0031690625,0
0.0454636290669441,0.9978070259094238,0.5004222812082793,0.21675271323262696,-1.5696916580200195,1.098305583000183,-0.18442091549302744,0.5435539578749436,9.10947608947754,11.093125343322754,9.875117064757669,0.25085863652223467,9.15062743079205,11.151247806511275,9.906831819367456,0.24983310103068404,30.659483986308658,76.73662212426142,1.2504494313820969,193,B,32.12607861328125,0.0100530945,0
-1.7371892929077148,2.7326035499572754,0.46947676195266025,0.5296273044556126,-2.012363910675049,4.048655986785889,0.9145045758036829,1.031353995971584,6.659225463867188,12.471391677856444,9.806357477613064,0.7201318537106649,6.935252951939925,12.913970118610566,9.925367996102802,0.7557977263895144,30.659501426622015,76.73661000096455,1.189503469572154,193,B,34.12607861328125,0.64517266,1
-0.5312066078186035,1.6893328428268433,0.5083694272394741,0.4113377184457334,-1.3519448041915894,3.3786656856536865,1.1412276226527738,1.0181265839964853,6.963113784790039,12.990633964538574,9.840005765924799,0.9329536876184956,7.002766960445168,13.42817878590856,9.974828320613158,0.9826171441013496,30.65953172911151,76.73658954417017,2.4966061826954937,193,B,36.12607861328125,0.84081686,1
-0.5096712112426758,1.0839486122131348,0.3852691150488831,0.3034367294423178,-1.2586246728897097,2.9551360607147217,0.7288241772864437,0.9656508139156189,8.097311973571777,11.511869430541992,9.871170486371541,0.6066185263095469,8.149126795448515,11.773455766257038,9.954541319460569,0.6475123490908404,30.659581588221435,76.73655751992644,3.642509647934784,194,B,38.12607861328125,0.022342356,0
-0.2823530733585357,1.28255295753479,0.43074526930700774,0.2867570662279592,-1.832902193069458,1.3399807214736938,-0.5234206533180116,0.6781373873784274,8.702695846557617,11.002198219299316,9.886672005134542,0.38099959160704805,8.837574088649635,11.055912630931944,9.937199388445382,0.38095004756379786,30.659639483513477,76.73651645182224,3.5346189918841713,193,B,40.12607861328125,0.009830715,0
-0.1004985496401786,0.97148597240448,0.4583433179590137,0.23823990854958244,-2.115255117416382,0.9667003750801086,-0.7699557746907725,0.910269632127844,9.219545364379885,10.74855899810791,9.913327859473352,0.22902755954499268,9.317642796448641,10.795198817784796,9.997895837947624,0.23845593993111863,30.65966985328542,76.73649343737166,0.8013500940102269,193,B,42.12607861328125,0.001188635,0
-0.2225325107574463,1.124626636505127,0.4385188438500147,0.2688604750936313,-0.48574298620224,1.9142581224441528,0.577463731196241,0.44400727982670685,8.48016357421875,11.011770248413086,9.858280478363827,0.3109496752367864,8.545173157683893,11.078402603084395,9.898363813937628,0.3161788329643255,30.659674464973687,76.73648968761111,0.283199705418847,193,B,44.12607861328125,0.023058066,0
0.064606212079525,0.8039883971214294,0.45704152377158247,0.20501559336220382,-0.4737788736820221,0.6891329288482666,0.20536121401279547,0.2129363493252836,9.621540069580078,10.171889305114746,9.86769063485101,0.0958432750890121,9.661263070500635,10.193060160603773,9.88480001907767,0.09831808788903572,30.65967840443275,76.7364863884861,0.2471675431159479,193,B,46.12607861328125,0.03377482,0
0.0909272581338882,0.8398807644844055,0.4631165643584543,0.20806116888493004,0.1603191196918487,0.6867401003837585,0.3862362886185473,0.08773903759765635,9.521040916442873,10.193424224853516,9.851734368912297,0.10625342075028711,9.54579271006659,10.218435327797648,9.872719164301769,0.10963201814617601,30.6596785,76.7364861,0.0,193,B,48.12607861328125,0.018177114,0
-0.2416750937700271,1.2562319040298462,0.4643811672983855,0.27558203618480814,-0.2775674164295196,1.8807586431503296,0.5586806944151617,0.3956661223766567,8.628518104553223,10.829915046691896,9.8559868718676,0.28367204922936884,8.663923076070512,10.877577007675383,9.894373673052845,0.28738092117810127,30.6596785,76.7364861,0.0,193,B,50.12607861328125,0.01944792,0
0.057427741587162,0.9260223507881165,0.47467154164079556,0.19077404882676427,-0.2799602448940277,1.3208380937576294,0.22395827978791505,0.3359912198180434,9.284152030944824,10.38485050201416,9.866116049376176,0.1597427059653901,9.290955823002625,10.408754798273693,9.887596105060409,0.16112763912918018,30.65968273556992,76.7364834953921,0.2888278091981452,193,B,52.12607861328125,0.00521993,0
0.0598205663263797,0.8757730722427368,0.47431199810433883,0.21745022324685565,0.1363908946514129,0.5886343717575073,0.3878852284942884,0.08599304118625427,9.635896682739258,10.107282638549805,9.857462245565621,0.088802992733727,9.649553783107537,10.13540704359233,9.879224716358985,0.09204956656157956,30.6596827,76.7364833,0.0,193,B,54.12607861328125,0.040900093,0
0.114855483174324,0.8350951075553894,0.47927121775601195,0.21812264464029554,0.2560320198535919,0.5623133182525635,0.3872157343002181,0.06553965573613814,9.62393283843994,10.124032974243164,9.859594735456872,0.10415814237000186,9.633518933826542,10.15784870937822,9.88140039442646,0.10905673173754857,30.6596827,76.7364833,0.0,193,B,56.12607861328125,0.044785175,0
0.0693918541073799,0.8590233325958252,0.4722124486393535,0.23057452979016804,0.057427741587162,0.7824530005455017,0.3910291550162527,0.07597543005587752,9.329615592956545,10.308279991149902,9.858281287950339,0.1297477594119108,9.337161378534553,10.333677997088113,9.880240515707571,0.134970595603633,30.6596827,76.7364833,0.0,194,B,58.12607861328125,0.051614657,0
0.0263210497796535,0.9499505758285522,0.47878769393334736,0.2352857506918677,-0.0765703245997428,0.8327022790908813,0.3905012168646476,0.09103755545393541,9.03290557861328,10.631311416625977,9.852837794802968,0.15558956998186102,9.058310786680567,10.651543373441548,9.875351193513744,0.15948544437680698,30.6596827,76.7364833,0.0,193,B,60.12607861328125,0.039183006,0
-0.6915257573127747,1.8400806188583372,0.47341933904138483,0.3612739181686722,-0.7824530005455017,2.5746772289276123,0.9179760309930293,0.652910327204232,7.800601959228516,11.633903503417969,9.837092256298954,0.5947972244027122,7.864345847976598,11.710161151290754,9.91958375410644,0.5896121994468548,30.6596827,76.7364833,0.0,193,B,62.12607861328125,0.12472737,0
-0.2081755697727203,1.043270707130432,0.43251515535424306,0.257983517232479,0.0023928226437419,2.6967110633850098,1.1481560658127516,0.6257049824926689,8.685946464538574,11.234302520751951,9.824805155396461,0.4047969469954521,8.696857276773054,11.471268078984073,9.923115513576155,0.431079279691646,30.659701124446308,76.73647206719227,1.8378156928694915,192,B,64.12607861328125,0.002804132,0
-0.3732803463935852,1.031306505203247,0.4110943678008885,0.2575753600766796,-0.5168496966362,1.5720844268798828,0.3005286047061413,0.36060840382871173,8.446663856506348,11.196017265319824,9.858937639028914,0.41228098728246715,8.451332975926364,11.238501440763878,9.881994729142495,0.41292452633661775,30.659736812611218,76.73644731099297,2.3992730125510184,193,B,66.12607861328125,0.053946625,0
0.0071784676983952,1.2299108505249023,0.4922519704770934,0.22843215335595207,-1.3304094076156616,0.3541377484798431,-0.6216131669476416,0.36830096883929164,9.226723670959473,10.700702667236328,9.905455021042897,0.22612120811573744,9.34272432971625,10.743470768552601,9.946612978790425,0.2249489029037539,30.659765749891868,76.73642635245922,1.383582863012358,193,B,68.12607861328125,0.016696637,0
0.0191425811499357,0.916451096534729,0.47412602978859847,0.24448070526446106,-0.2488535493612289,0.6508477330207825,0.2511967859638691,0.17485029597131227,9.547362327575684,10.234102249145508,9.861764329702742,0.1360580350164864,9.552917577372384,10.264264321491845,9.880858319946382,0.14065952966598488,30.65977299042721,76.73642099287183,0.06501028391615973,193,B,70.12607861328125,0.06274238,0
-0.0143569353967905,0.9858429431915284,0.47394005909870945,0.25181186714903125,0.1507478207349777,0.5647061467170715,0.3836079039876325,0.07561351686795448,9.410971641540527,10.468599319458008,9.856730718069127,0.157897532543483,9.419667995250947,10.511779335951534,9.87898359895833,0.1632665146735155,30.6597733,76.7364209,0.0,193,B,72.12607861328125,0.1297637,0
0.064606212079525,0.9236295223236084,0.4745599607420709,0.2379441496072173,0.2033899277448654,0.5383850932121277,0.38354591469381755,0.07183337774207899,9.463613510131836,10.210174560546877,9.858392112613341,0.13780410418634825,9.468904978378589,10.252732166368306,9.880306319540574,0.14326244002569433,30.6597733,76.7364209,0.0,193,B,74.12607861328125,0.06215901,0
0.0550349205732345,0.9930213689804076,0.4692424909444526,0.2433640954392704,0.1914258152246475,0.5551348328590393,0.381019618595019,0.06554071502342422,9.415757179260254,10.224531173706056,9.86082211136818,0.14270352020636626,9.425371296277202,10.26694422369448,9.882460541635515,0.1484479136962377,30.6597733,76.7364209,0.0,192,B,76.12607861328125,0.07054182,0
0.0311066936701536,0.8733802437782288,0.47282915457737507,0.23358895924162357,0.2105683982372284,0.6580262184143066,0.38262960844740423,0.07008681316397167,9.346364974975586,10.296316146850586,9.856320189446517,0.12624678084966923,9.368144546629575,10.329844762951943,9.878011482656746,0.13162015425251208,30.6597733,76.7364209,0.0,194,B,78.12607861328125,0.05438232,0
-0.1268195956945419,0.9810572862625122,0.47463434965499324,0.24860310419153037,-0.9523434042930604,1.3040883541107178,0.37930578115960784,0.16768293688575334,8.793622970581055,12.074183464050291,9.868186580084766,0.24277632739573035,8.894825118833628,12.079363719284542,9.891344263989863,0.2458192180719642,30.6597733,76.7364209,0.0,193,B,80.12607861328125,0.44118246,0
0.064606212079525,0.8638089895248413,0.46603959732844186,0.23165628167120114,0.2225325107574463,0.5670989751815796,0.38429728654834133,0.06442129728454625,9.528220176696776,10.202995300292969,9.860236356655756,0.12205562359089468,9.537641688776361,10.243737004999815,9.881573929079819,0.12785662127639116,30.6597733,76.7364209,0.0,192,B,82.12607861328125,0.0736474,0
0.0502492748200893,0.916451096534729,0.4737664843701946,0.24125232422399204,0.2560320198535919,0.5216353535652161,0.3867198131553867,0.05542933491867223,9.542576789855955,10.133604049682615,9.861491593672204,0.1110672424208554,9.550493880307553,10.168099164522928,9.883459504714876,0.11773951664628265,30.6597733,76.7364209,0.0,193,B,84.12607861328125,0.10276399,0
-0.3780659735202789,1.4572290182113647,0.48075898298800684,0.3178702516125135,-0.8925228714942932,2.4287149906158447,0.5768686283592115,0.5438655121511435,7.872386455535889,11.624332427978516,9.838108863237608,0.5058900865892937,8.055717348129997,11.796891829983618,9.886320842055,0.5154694936162212,30.6597733,76.7364209,0.0,193,B,86.12607861328125,0.013152508,0
-0.1076770201325416,1.0097711086273191,0.4733449519163123,0.21301760316427065,-0.3182454109191894,1.8065811395645144,0.6186128426922263,0.4950954185009772,8.788837432861328,11.018948554992676,9.838170871833446,0.291809938995413,8.80347143439259,11.070923774536466,9.883246302198772,0.3056712928781016,30.6597795944804,76.7364195806382,0.7403234166050787,193,B,88.12607861328125,0.0024374723,0
-0.672383189201355,1.6079767942428589,0.47366730051375733,0.3187721984395681,-1.1988041400909424,2.179861545562744,0.5865514961703454,0.5053764039311199,8.628518104553223,11.12183952331543,9.842373823254837,0.4208727992987396,8.706738195110677,11.15611121582384,9.889332573436526,0.41950212780496493,30.65979093393744,76.73641241814934,0.7438294038127322,193,B,90.12607861328125,0.066762455,0
0.0550349205732345,0.8638089895248413,0.5119892700264851,0.18265706663973197,-1.4189438819885254,1.581655740737915,-0.1331630729837343,0.7862911414310026,9.221938133239746,10.63370418548584,9.879192024469376,0.2443765197153072,9.257879952820952,10.732753120357222,9.92604875548062,0.2513838166313105,30.659802996538918,76.73640416402334,0.5015502001509259,192,B,92.12607861328125,0.001546039,0
0.117248311638832,0.9212366938591005,0.5009429996032171,0.22271980020450055,0.2249253243207931,0.6245267391204834,0.4194630489448192,0.0835128199579597,9.528220176696776,10.092926025390623,9.857139883881405,0.09576220569072227,9.542223702415697,10.114152381127163,9.881604974308015,0.0986501949182047,30.6598037,76.7364036,0.0,193,B,94.12607861328125,0.032063577,0
0.1507478207349777,0.8733802437782288,0.4960869691179444,0.20160536645487662,0.0789631456136703,0.7178468108177185,0.39966369482378167,0.09411413166230366,9.119047164916992,10.64806079864502,9.861532494425774,0.18583252591366003,9.163638905081545,10.674801293782888,9.88457873780245,0.18653574975693826,30.6598037,76.7364036,0.0,192,B,96.12607861328125,0.035169836,0
-0.2105683982372284,1.284945726394653,0.5017897089086377,0.25177291958862297,0.0957129076123237,1.2705888748168943,0.5560229115341742,0.205942407352115,9.312865257263184,10.246066093444824,9.851287822133488,0.15965785648870884,9.342050449974305,10.293097095809772,9.884975653964226,0.1654538439878518,30.6598037,76.7364036,0.0,194,B,98.12607861328125,0.034001157,0
0.0693918541073799,0.9260223507881165,0.5007446306357112,0.2087045212392226,-0.1603191196918487,1.179661512374878,0.38497168819391087,0.31361477315713077,9.241081237792969,10.301101684570312,9.857809383016793,0.17955492080751728,9.271644204028835,10.335678442586469,9.885091874356897,0.1856465080545377,30.65980598098261,76.73640131901739,0.16588964065503423,193,B,100.12607861328125,0.008386375,0
0.1387837082147598,0.882951557636261,0.5045756262201102,0.2136080480031478,-0.4163511395454407,0.7872386574745178,0.37040398595613366,0.21629596016680513,9.57607650756836,10.159924507141112,9.857040711635134,0.09979958160325407,9.595434498514155,10.175331243705191,9.881548925790632,0.10203132102682616,30.6598076,76.7363998,0.0,193,B,102.12607861328125,0.020055434,0
0.0933200865983963,0.9116654396057128,0.5026911241943355,0.22506882907996503,0.2512463629245758,0.5623133182525635,0.4159296059237861,0.05991694752744104,9.68375301361084,10.07139015197754,9.857710210770524,0.07927653083619207,9.697277770004984,10.101027157435025,9.88196910878769,0.08581213602269883,30.6598076,76.7363998,0.0,193,B,104.12607861328125,0.049999513,0
0.1244267746806144,0.9092726111412048,0.5103531160580062,0.22777070910343664,0.2201396822929382,0.6269195079803467,0.4181984482342715,0.061746222063476686,9.645467758178713,10.054640769958496,9.8528253822129,0.082628043261377,9.652058086579316,10.096058013340711,9.877651608616802,0.08964620316656483,30.6598076,76.7363998,0.0,193,B,106.12607861328125,0.03294119,0
0.1100698411464691,0.9595218896865844,0.5034399138530716,0.23512830493446507,0.2225325107574463,0.5479564070701599,0.41721106072266895,0.059345149875269204,9.614361763000488,10.164710998535156,9.855675036708513,0.09975706386266756,9.62604567415606,10.219182291648291,9.880242303168009,0.10685464109714687,30.6598076,76.7363998,0.0,192,B,108.12607861328125,0.050992887,0
-0.0526420995593071,1.1988041400909424,0.505654256023621,0.23651978484403,-0.5479564070701599,2.3162522315979004,0.5613462750466994,0.3396311557235133,8.547162055969238,11.172088623046877,9.86224793152488,0.24396558369801688,8.648200205901151,11.273626594748196,9.899474953189209,0.25677990143264723,30.6598076,76.7363998,0.0,193,B,110.12607861328125,0.009696166,0
-0.6460621356964111,1.940579175949097,0.5021580082793851,0.4413299676333052,-1.8137595653533936,3.373879909515381,1.2659767570415599,0.9277660642742014,6.431907176971436,13.366307258605955,9.816040372601444,1.2074611165922071,6.631606304996369,13.637770212181707,9.961835725428168,1.2185326213135546,30.659812164111543,76.7363956508077,0.8090924710201092,193,B,112.12607861328125,0.8154799,1
-0.3708875179290771,1.2394821643829346,0.46520460227232735,0.2818177635252771,0.1507478207349777,3.335594654083252,1.6027549765227984,0.6354418924065749,7.846065521240234,11.86122226715088,9.786918794115385,0.6980744622712609,7.9374259608980635,12.17276003393472,9.94954500441378,0.7389777600419544,30.659842002805313,76.73637420144489,2.5925136003984584,192,B,114.12607861328125,0.006406294,0
-0.3589234054088592,1.2610175609588623,0.4528881775027073,0.28299546261065034,-1.007378339767456,2.6775684356689453,0.47196876581449426,0.7986417467189093,8.642875671386719,11.810972213745115,9.855218200485941,0.5201655243681783,8.672603988124306,11.816348296747394,9.91329599101671,0.5179168225779028,30.65990074701647,76.73633117617081,4.367549145705071,193,B,116.12607861328125,0.006503262,0
-0.5359922647476196,1.1437692642211914,0.42478769116545306,0.27245301867226884,-0.5479564070701599,3.084348440170288,0.6045947453419956,0.7549991980843146,8.382058143615723,11.401800155639648,9.852138902723174,0.5369018914350531,8.390974400676889,11.69905292114772,9.910699176323723,0.5667276781194496,30.65996441159,76.73628520936616,4.1224930984532175,194,B,118.12607861328125,0.004732428,0
-0.3230310678482055,1.277767300605774,0.40935864225705515,0.32145896365875887,-0.8279166221618652,3.460021495819092,0.8781163181537772,1.1023143087646965,7.795815944671631,12.07179069519043,9.824148709292238,0.6161482498010189,7.851364273545061,12.429400615158341,9.934838814080694,0.6705294423657729,30.660039206907044,76.73623365454773,5.353294037628302,193,B,120.12607861328125,0.0011971764,0
-0.3421736359596252,1.495514154434204,0.43906436010307287,0.31721392195664083,-1.146162033081055,0.9523434042930604,-0.11154520884397502,0.43572703033642335,8.394021987915039,11.578868865966797,9.892003207626738,0.5878113482867708,8.449674575303291,11.592399025660724,9.917214923694804,0.5846369482808255,30.660120188721223,76.73617832076842,4.886512755279583,193,B,122.12607861328125,0.28612122,0
-0.5000999569892883,1.308874011039734,0.4393726142515477,0.3693842063002863,-1.1126625537872314,1.1509476900100708,0.05665952256439548,0.44094631287135105,8.283951759338379,11.62672519683838,9.891550992664538,0.6157955608048948,8.326392022598837,11.63734966564589,9.918457907209962,0.6109950036165429,30.660189959891618,76.73613013265542,4.1910271827770735,190,B,124.12607861328125,0.8132495,1
-0.5718846321105957,1.383051514625549,0.5115433278906164,0.35219122310983825,-0.8063812255859375,1.5481562614440918,0.1612489705548231,0.40338333043014424,8.764909744262695,11.229516983032228,9.87788183083806,0.4580085146952236,8.842941218786454,11.248262788157792,9.907144450591549,0.45303937396875155,30.66025004110984,76.73608837381201,3.690984716009485,193,B,126.12607861328125,0.6362003,1
-0.3421736359596252,1.3615161180496216,0.4696503349126273,0.3099823435334167,-1.6965112686157229,3.074777126312256,0.6331805459807573,1.0936318057766516,8.417949676513672,11.229516983032228,9.838245283136713,0.6307950667700526,8.492061109416362,11.583708597856697,9.931502831415774,0.6839830391204766,30.660303094574353,76.73605326780637,3.380000114440918,193,B,128.12607861328127,0.0023090446,0
-0.3421736359596252,0.9499505758285522,0.3285233893340038,0.2800026936520387,-0.576670229434967,2.3258235454559326,0.9860041052575942,0.6436435503577743,8.484949111938477,11.011770248413086,9.854164360718405,0.5217717089261811,8.534970301211636,11.09670713297869,9.932243849546024,0.5478533733925347,30.660366203666435,76.73601033877439,4.399019683850249,193,B,130.12607861328127,0.024080101,0
-0.4498506486415863,1.2059825658798218,0.3996881664021259,0.2956143930746305,-2.462214469909668,1.222732424736023,-0.5360170669704096,0.7969700392293508,8.2695951461792,11.645867347717283,9.898809724521143,0.5357427741556439,8.333481349441472,11.739530543764758,9.957964296229498,0.5310512184530537,30.66043605976609,76.73596205056008,4.094581565480955,193,B,132.12607861328127,0.02951492,0
-0.4067798554897308,1.100698471069336,0.46853450910608074,0.29361353169290216,-0.8350951075553894,3.8285162448883057,0.3692261730562027,0.732459205500468,8.111668586730957,11.277373313903809,9.87241427268389,0.5172732810427433,8.177067114366888,11.770491307790662,9.920399496106974,0.5443959985363275,30.660488561099736,76.7359262238898,3.1109936216848513,193,B,134.12607861328127,0.000993937,0
-0.4426721930503845,1.5744773149490356,0.3848849036284467,0.3441840903997958,-1.526620864868164,4.163511276245117,1.388990151092719,1.1929229553369407,7.625925540924072,12.050254821777344,9.807336933254579,0.8536501304048164,7.688162763007645,12.32610578485847,9.981609282216278,0.948161536353973,30.660543924355494,76.7358884481155,4.063410276830642,193,B,136.12607861328127,0.00575119,0
-0.4833501875400543,1.1581261157989502,0.41294167779501856,0.31490276423788327,-2.569891452789306,1.4141582250595093,-0.8632634608123277,0.82755156131903,8.408378601074219,11.44965648651123,9.921188211193973,0.5430236527649627,8.484161069054256,11.482556163354266,10.006180234495341,0.548595747150224,30.66061429423949,76.73583945986967,4.183617624024911,193,B,138.12607861328127,0.0027570256,0
-0.2033899277448654,1.3854442834854126,0.4761100344878343,0.29124716415274277,-2.043470621109009,0.851844847202301,-0.6619484843902251,0.7384801121973579,8.774480819702148,11.353943824768066,9.909073249580933,0.413495281488327,8.823523584270452,11.384223459999752,9.974183636201953,0.4140122611219229,30.66066044557062,76.73580601379007,2.4063890432837916,194,B,140.12607861328127,0.016902747,0
-1.4979069232940674,2.0650060176849365,0.4603765986044288,0.4358768819144905,-2.414358139038086,3.421736478805542,0.5881756373495346,1.0594861816385572,7.338787078857422,12.655638694763184,9.829405456009306,0.7171071527805724,7.407071321055684,12.865586298265896,9.92327211053864,0.7283692233923897,30.66067590531411,76.73579478642735,0.48014723386777103,193,B,142.12607861328127,0.4090663,0
-0.7322037220001221,1.7922241687774658,0.42333123779739856,0.3811866113215952,-0.7154539823532104,3.1106693744659424,1.358404178210954,0.7645399046363718,7.168896675109863,12.10768222808838,9.820677243366143,0.7847498550532869,7.173607694182447,12.410655670336284,9.957052605112096,0.8203249472705909,30.66069636373052,76.73577973477983,2.0226834252811683,193,B,144.12607861328127,0.8609285,1
-0.3565305769443512,1.7180466651916504,0.44101085137199475,0.32471811016206814,-1.0863415002822876,1.5050854682922363,0.2175360954887779,0.46889561326764145,7.659425258636475,11.765508651733398,9.87977869399471,0.6273291536202259,7.666932694775441,11.778401759303616,9.90838637070905,0.6281448154033074,30.660739926972596,76.73574893885787,2.980066994902194,193,B,146.12607861328127,0.19958985,0
-0.7082754969596863,1.3304094076156616,0.32694884010233527,0.3714294119726579,-0.6604190468788147,2.550748825073242,0.6479590169487067,0.7220028971429087,8.25523853302002,11.485548973083496,9.842349032663929,0.568185684445075,8.26296026996183,11.516665361217068,9.901048976593852,0.5915175729673656,30.66078355082941,76.73571861323332,2.888304964118048,193,B,148.12607861328127,0.058557637,0
-0.3445664644241333,1.6510475873947144,0.6873133779299678,0.3907930410220954,-1.383051514625549,3.290131092071533,0.6780411930303671,1.0594575286432775,8.111668586730957,11.404192924499512,9.834039921561876,0.6236167643588391,8.11652618562977,11.815338059733715,9.942113679430467,0.677439021448775,30.660833908709822,76.73568071830935,3.6482374592102356,192,B,150.12607861328127,0.016473297,0
-0.5982056856155396,1.8999011516571045,0.39526206497802674,0.42134191118835707,-2.234896421432495,0.4953143000602722,-1.237312473569046,0.45245326032987854,8.233702659606934,11.0835542678833,9.947633259036998,0.5110422064828218,8.392936145698577,11.153510819013626,10.051191877877745,0.5094415014086996,30.660886177797533,76.73564572791074,2.7620326178977974,193,B,152.12607861328127,0.001996495,0
-0.3373879790306091,0.969093143939972,0.3749912623207476,0.26441201135512277,-0.8183453679084778,0.8350951075553894,0.002628384092870926,0.40019219545719437,9.446864128112791,10.475777626037598,9.877286713358034,0.18490241680938527,9.465625942606698,10.4842876006505,9.895991175225424,0.18717169058166042,30.660904489742272,76.73563361680985,0.3542951064899649,193,B,154.12607861328127,0.09370422,0
-0.0861416161060333,0.8733802437782288,0.3605103469007393,0.23819939393433776,0.0741775035858154,0.6532405614852905,0.40651949043409813,0.12339064912524941,9.41336441040039,10.47817039489746,9.86930236421101,0.1832041328612822,9.42069846756151,10.506624056081113,9.887791712617098,0.1883028632458426,30.6609065,76.7356329,0.0,193,B,156.12607861328127,0.40234733,0
-0.1268195956945419,0.794417142868042,0.3710486854129794,0.24148235874195595,0.1076770201325416,0.6795616149902344,0.4068046455787871,0.12768811181930317,9.497113227844238,10.30588722229004,9.86654999589673,0.17387248424185334,9.50325818357523,10.340023549503618,9.885575930477827,0.1794829104911564,30.6609065,76.7356329,0.0,193,B,158.12607861328127,0.43005708,0
-0.1124626621603965,0.8398807644844055,0.3619452601589128,0.24118731141685404,0.0550349205732345,0.7776673436164856,0.40877797877051164,0.13688430642638066,9.243474006652832,10.518848419189451,9.866051777121948,0.19315641726827376,9.250282649795185,10.552798817740436,9.884937026522154,0.19829143170585262,30.6609065,76.7356329,0.0,194,B,160.12607861328127,0.26316077,0
-0.122033953666687,0.8159525394439697,0.36375863361293015,0.23636908561610293,0.0382851622998714,0.7106683254241943,0.40523009386318953,0.12667132521343216,9.454042434692385,10.473384857177734,9.86916597395981,0.18376311351708569,9.459825894000211,10.490996410623492,9.887715403776616,0.1890442782546352,30.6609065,76.7356329,0.0,193,B,162.12607861328127,0.47786137,0
-0.1268195956945419,0.8015955686569214,0.3655811464401937,0.2527113253074686,0.1244267746806144,0.7824530005455017,0.40891231252893884,0.10243505306215596,9.542576789855955,10.296316146850586,9.865917709824952,0.15222823091813045,9.548700528842692,10.319525890992137,9.884821283388336,0.15820459792272126,30.6609065,76.7356329,0.0,193,B,164.12607861328127,0.48842588,0
-0.1244267746806144,0.8327022790908813,0.36787478612745517,0.26745178907996286,0.1746760457754135,0.5718846321105957,0.4104248743909628,0.07196095783419984,9.57607650756836,10.19581699371338,9.867665864025373,0.12874472746446888,9.584288469360288,10.226662235685328,9.886834971039566,0.1356036100265598,30.6609065,76.7356329,0.0,193,B,166.12607861328127,0.79453343,1
-0.0478564538061618,0.7537391185760498,0.37062714973686584,0.23842418799126278,0.2512463629245758,0.550349235534668,0.4104496703864379,0.06361014092950422,9.585647583007812,10.169496536254885,9.861528806735814,0.11492367070768604,9.591720597804581,10.196846315188049,9.880037042081984,0.12063027293293284,30.6609065,76.7356329,0.0,193,B,168.12607861328127,0.25843057,0
-0.0622133873403072,0.8255237936973572,0.3675896310780699,0.24445324572617158,0.2871387302875519,0.5359922647476196,0.4078708772832248,0.056860802521999244,9.609575271606444,10.25324535369873,9.861231240583825,0.11684332586550016,9.616613229380732,10.27864565785774,9.879625216599068,0.12251878315966404,30.6609065,76.7356329,0.0,193,B,170.12607861328127,0.3217688,0
-0.0215354040265083,0.7441678643226624,0.36842029606392657,0.22024798995477007,0.2823530733585357,0.550349235534668,0.4082056245346761,0.05569439413339455,9.595218658447266,10.258030891418455,9.861751976408488,0.12845664473372165,9.6029599873233,10.28440816786709,9.879632059332614,0.13228724447495793,30.6609065,76.7356329,0.0,193,B,172.12607861328127,0.14323235,0
-0.0406779833137989,0.7704889178276062,0.36213448923804986,0.22624327221825538,0.2679961323738098,0.5551348328590393,0.4072757713844121,0.0556750094339114,9.542576789855955,10.159924507141112,9.860884098191335,0.12305093130042828,9.551228550167963,10.188886762780196,9.878626610342845,0.12733298957787353,30.6609065,76.7356329,0.0,193,B,174.12607861328127,0.12482949,0
-0.0119641134515404,0.763310432434082,0.3681599405048888,0.22456227605149248,0.2727817893028259,0.5623133182525635,0.4061847427966063,0.05488568914750115,9.609575271606444,10.131211280822754,9.860735334880612,0.111768612553291,9.617734574957757,10.15878249649179,9.878610269899623,0.11670965907228521,30.6609065,76.7356329,0.0,193,B,176.12607861328127,0.10247485,0
-0.0167497582733631,0.7537391185760498,0.3707263348346644,0.22622259915530532,0.2727817893028259,0.5958128571510315,0.4089743024018144,0.056874573684742843,9.4660062789917,10.22931671142578,9.864603497203767,0.12611517537328437,9.471768832318682,10.25624683498502,9.88273340476927,0.1303726260655107,30.6609065,76.7356329,0.0,193,B,178.12607861328127,0.16532801,0
-0.7513462901115417,1.5696916580200195,0.3636597056450687,0.30426030860187625,-0.6364908218383789,2.524427890777588,0.5189218265532526,0.3758699978133186,8.784051895141602,11.018948554992676,9.853828656304742,0.255270762931694,8.803313174966977,11.038470047426262,9.885833232853054,0.2622679482291118,30.6609065,76.7356329,0.0,194,B,180.12607861328127,0.015849987,0
-1.2969099283218384,3.433700561523437,0.44722104445221095,0.7257021473313232,-0.5838487148284912,4.572684288024902,1.4182459256747582,0.9994520995136966,1.0600204467773438,20.45145606994629,9.861819143717488,3.1545226188640285,1.1222057784107244,20.55814858553953,10.046066907593529,3.1654392647197165,30.660911340000712,76.73562764514207,1.0440572900208978,192,B,182.12607861328127,1.0,1
-0.4761717021465301,1.828116536140442,0.6047236108473347,0.3668824472460834,-1.4691931009292605,2.062613010406494,0.08745018932919872,0.7324835459212543,8.147561073303223,12.15553855895996,9.875827088952065,0.6631079124921633,8.306270806820713,12.251906679803993,9.928199280736868,0.6685842450564212,30.660940259939668,76.73560652195349,2.220000028610229,192,B,184.12607861328127,0.2339326,0
-0.0478564538061618,1.2538390159606934,0.6283948975301545,0.2514724275115019,-0.8685946464538574,0.4546363055706024,-0.3265273066411287,0.28184650269539857,8.578269004821777,10.526026725769045,9.866599586961183,0.2970862288522801,8.603723975384929,10.575781730816448,9.899103839014867,0.2999448004246951,30.660965669802735,76.73558935879566,1.222050751036405,193,B,186.12607861328127,0.016857293,0
0.1986042857170105,1.06480610370636,0.6291635774577837,0.2293050479932635,-0.2033899277448654,0.5623133182525635,0.20003005419495887,0.1321158967020881,9.497113227844238,10.315458297729492,9.857239066010312,0.147881135558159,9.503900715807621,10.331262909362128,9.882798809401713,0.15235738445898972,30.660972768400413,76.73558467745687,0.09248562921039785,193,B,188.12607861328127,0.029691158,0
0.1890329867601394,1.007378339767456,0.6138024018990561,0.23560074588666172,0.2105683982372284,0.5335994362831116,0.361725354441707,0.06155696677946538,9.504291534423828,10.191031455993652,9.854722275017457,0.1270183281561552,9.515076310838387,10.21759878975017,9.883349574136231,0.1340953432392387,30.660973,76.7355845,0.0,193,B,190.12607861328127,0.044140864,0
0.2081755697727203,1.0145567655563354,0.6107896754778729,0.23302339530395685,0.236889436841011,0.5048855543136597,0.3621840825970309,0.05427982267565889,9.518648147583008,10.126425743103027,9.847853734703262,0.12591055732342896,9.530842048186756,10.177068845446685,9.8762258705078,0.1331418136147132,30.660973,76.7355845,0.0,193,B,192.12607861328127,0.023645898,0
0.1674975901842117,1.031306505203247,0.6159720590695198,0.2349923440940059,0.2512463629245758,0.4905286431312561,0.36237005310355075,0.05339845702041904,9.542576789855955,10.162318229675291,9.853581660769764,0.12258457083139754,9.553458587841304,10.214839256640676,9.882313438002708,0.12956104920382075,30.660973,76.7355845,0.0,193,B,194.12607861328127,0.04597406,0
0.2105683982372284,1.043270707130432,0.6175466111904598,0.232512423822454,0.2584248483181,0.5168496966362,0.3625312276145955,0.05281657520837513,9.57607650756836,10.210174560546877,9.853073367183072,0.1148770774273006,9.587230836350262,10.250846400186465,9.881844008868793,0.12269813458920839,30.660973,76.7355845,0.0,193,B,196.12607861328127,0.03593455,0
0.1770688742399215,1.0265209674835205,0.6120294806561939,0.23809763995768646,0.2225325107574463,0.5024927258491516,0.3623576542565242,0.0568679920577161,9.533005714416504,10.140782356262209,9.851337586042177,0.1227680679933091,9.5435456644281,10.17943340790338,9.87991152403865,0.13069093051565112,30.660973,76.7355845,0.0,193,B,198.12607861328127,0.037575133,0
0.1339980661869049,1.074377417564392,0.6172989060737423,0.23731352770864522,0.1818545162677765,0.5575276613235474,0.3628086486120814,0.06781114551888709,9.501898765563965,10.140782356262209,9.850843798253955,0.127810074756285,9.512080732538871,10.177471935590114,9.879799903922283,0.13644386429044586,30.660973,76.7355845,0.0,194,B,200.12607861328127,0.034996107,0
0.1579262912273407,1.1198409795761108,0.6137032178399476,0.18771807896647108,0.131605252623558,0.5383850932121277,0.3621716839044205,0.08491482809055681,9.482755661010742,10.169496536254885,9.853160131780594,0.12759107638331177,9.495674021616336,10.214818916612659,9.880989770294484,0.1316578825167038,30.660973,76.7355845,0.0,193,B,202.12607861328127,0.013396138,0
0.0047856452874839,1.3208380937576294,0.6150917973480347,0.29466147508862456,0.0358923412859439,1.2059825658798218,0.38229371244425603,0.14666792788174757,9.159725189208984,10.30588722229004,9.85198232917588,0.1767333828885503,9.244173727393228,10.35657380840135,9.883857111311345,0.18703575570183678,30.660973,76.7355845,0.0,193,B,204.12607861328127,0.04258995,0
-0.1603191196918487,1.284945726394653,0.5950775429955684,0.26417383794363564,-0.9236295223236084,1.9262222051620483,0.8726823594430849,0.5143147631001084,8.37727165222168,10.798809051513672,9.8326316823562,0.3923627004493655,8.39150747910718,10.988752332216874,9.905590866266209,0.4048001415262301,30.660976942212503,76.73558615987895,0.42880206504587304,192,B,206.12607861328127,0.013319525,0
0.1603191196918487,0.9595218896865844,0.5925521528628206,0.17019917205086546,-0.5455635786056519,1.0001999139785769,-0.0449181160107834,0.29327040970789914,8.252845764160156,12.057433128356934,9.894061271390767,0.33934486212031073,8.323103405774788,12.095563503036525,9.917711171825852,0.33870263079607177,30.66098956710263,76.735579701566,0.7916187841472009,193,B,208.12607861328127,0.04902804,0
0.1651047617197036,0.976271629333496,0.6133312767496999,0.22737707192517326,-0.4522434771060943,0.727418065071106,0.2501801456110021,0.27566419748049326,9.580862045288086,10.133604049682615,9.86144200260775,0.10968144467198329,9.599780371592912,10.175313227411182,9.890095546341465,0.11195944464672611,30.660993261700327,76.73557716914983,0.0,193,B,210.12607861328127,0.029979821,0
0.1124626621603965,1.1365907192230225,0.6023094122505559,0.2275983258377857,0.0789631456136703,0.5670989751815796,0.3499596093834373,0.08236283512143079,8.492127418518066,11.023734092712402,9.85256505383111,0.2285450553928235,8.52794657706155,11.028956345883245,9.88009842956658,0.22969326331728027,30.6609932,76.7355772,0.0,193,B,212.12607861328127,0.025314404,0
0.1244267746806144,1.0169496536254885,0.5945854312474863,0.2312286104316982,-0.3206382393836975,1.1054840087890625,0.35069109408734994,0.11989199757560201,8.417949676513672,11.526226997375488,9.854362734858853,0.2793313521966521,8.444414132062347,11.537853420216857,9.88191952608833,0.2802039155647834,30.6609932,76.7355772,0.0,193,B,214.12607861328127,0.035747726,0
0.12921242415905,1.0217353105545044,0.6084092512649576,0.24758425695070052,0.229710966348648,0.5527420043945312,0.3514721707050047,0.05598739046029081,9.635896682739258,10.162318229675291,9.858168918234078,0.10566537381864076,9.644316904612396,10.200433313434838,9.886336952945593,0.11457879589348371,30.6609932,76.7355772,0.0,193,B,216.12607861328127,0.08341013,0
-0.1698904037475586,1.2729816436767578,0.5866754793952861,0.25625715374729124,-0.4570291340351105,1.6893328428268433,0.4553305927297303,0.2867324871065625,8.834300994873047,10.813165664672852,9.853457663343361,0.2352332433209674,8.868300296734946,10.832710212985637,9.888802335224652,0.23863841209467337,30.6609932,76.7355772,0.0,193,B,218.12607861328127,0.029846875,0
0.0622133873403072,1.1222338676452637,0.6051004450845042,0.22214930572120112,-0.2344966232776641,1.5290136337280271,0.26974758334078625,0.21573811319903263,9.298508644104004,10.372885704040527,9.863498668080753,0.16284503962169208,9.347855132596202,10.38923371403311,9.890513053542508,0.16637179672108376,30.66099430696001,76.73557595466998,0.0,194,B,220.12607861328127,0.012291295,0
-0.1459621787071228,1.2083754539489746,0.5796085948539521,0.2702463428340416,-0.7034898400306702,1.557727575302124,0.42848882664458277,0.40204877396932415,8.846264839172363,10.571490287780762,9.856011667399827,0.28614778841280974,8.914829836921891,10.635479998434889,9.89412121945184,0.2888545304839671,30.660996329263874,76.73557460078278,0.1936775546946606,193,B,222.12607861328127,0.034799553,0
0.1363908946514129,0.976271629333496,0.5810219708038735,0.2231462057674339,-0.9475577473640442,0.763310432434082,0.23287247562264649,0.3319432201160474,9.425328254699709,10.26760196685791,9.864777090635942,0.15078133515430028,9.443072141801128,10.275497866030703,9.892681716170639,0.1523390051779255,30.660998,76.7355738,0.0,193,B,224.12607861328127,0.036465164,0
0.1914258152246475,0.9571290612220764,0.5803896700625593,0.2155865607275318,0.1842473447322845,0.4713860750198364,0.3343132777535236,0.06647255614536417,9.580862045288086,10.164710998535156,9.853904027395298,0.10904445599601258,9.595142004488062,10.183688283344393,9.87915795527798,0.11431129363711653,30.660998,76.7355738,0.0,193,B,226.12607861328127,0.026419234,0
0.1076770201325416,1.0408778190612793,0.5757280048851522,0.23290299393739272,0.1363908946514129,0.5072783827781677,0.3350447612414088,0.06850050849653741,9.597611427307127,10.162318229675291,9.855478548633002,0.10815226885970246,9.614317253484126,10.188612585205066,9.880871321515407,0.11484822755620182,30.660998,76.7355738,0.0,193,B,228.12607861328127,0.045927383,0
0.0861416161060333,1.0480563640594482,0.5828444825321282,0.24397569753374948,0.1363908946514129,0.4833501875400543,0.33438766604878123,0.07255839556367143,9.561718940734863,10.26042366027832,9.857164674472315,0.12258079489627274,9.580988215961543,10.307142790578856,9.883226756474325,0.12985382100591308,30.660998,76.7355738,0.0,193,B,230.12607861328127,0.07804304,0
0.1603191196918487,1.0049854516983032,0.57850516761214,0.23287193990372151,0.1698904037475586,0.5264210104942322,0.33591262525227406,0.06893388953903114,9.159725189208984,10.794022560119627,9.853631232068947,0.19244258464079353,9.175332123823859,10.835567963396874,9.879219444902914,0.19644975876629964,30.660998,76.7355738,0.0,193,B,232.12607861328127,0.050368216,0
-0.9810572862625122,1.4979069232940674,0.5485390953507294,0.4001287519790517,-0.122033953666687,3.0412776470184326,1.2754240620862016,0.7276438687602983,6.278766632080078,13.529019355773926,9.814837774464504,0.923514991595301,6.929147059060297,13.84120459455166,9.946855137487313,0.9279890342995889,30.661001251337304,76.73557220892005,0.5326658852778867,193,B,234.12607861328127,0.9999018,1
-0.2703889608383178,1.3591232299804688,0.5411374601704392,0.29576799470734766,-0.6699903607368469,3.541377544403076,1.2481855624862055,1.0038102398940534,7.3986077308654785,12.06939697265625,9.797554895667831,0.9350612147007062,7.5079988835500675,12.412578103730953,9.942173872708116,0.982604064366942,30.66103084170601,76.73555314419033,2.7435723845945823,193,B,236.12607861328127,0.0010982084,0
-0.2679961323738098,1.397408366203308,0.5181707285349452,0.3250260915023061,-1.4811571836471558,4.120440483093262,0.8057830216033229,1.2008023379565533,7.994420528411865,12.17946720123291,9.852708968023459,0.7601551640239611,8.085268833526788,12.350947846726884,9.971510659396332,0.8294820361655296,30.661080977135946,76.7355187003606,3.5068058188611397,192,B,238.12607861328127,0.0010818951,0
-0.576670229434967,1.7587246894836426,0.4316208027675268,0.35653710531824684,-1.3902299404144287,3.85483717918396,0.6521428426386807,0.9535481731110547,7.89631462097168,11.897113800048828,9.857380871920242,0.6821391707508777,7.924284674403957,12.404429619040737,9.938788831806901,0.7083132708207973,30.66115010677912,76.73547147990352,4.897796791135603,194,B,240.12607861328127,0.0028812743,0
-0.4187439680099487,1.6630117893218994,0.5995818452977146,0.4028627976441034,-1.4141582250595093,1.155733346939087,-0.17719285655766726,0.4857654867533127,8.434700012207031,11.062019348144531,9.879357204536083,0.5573202078228623,8.481172631123217,11.09043095201005,9.919416661001831,0.5537507867064391,30.661225579569926,76.73541857966163,4.5951731019203,193,B,242.12607861328127,0.27216136,0
-0.1268195956945419,1.6319050788879397,0.5426473107969892,0.33015672624518627,-1.308874011039734,1.1437692642211914,6.231330917216837e-05,0.476087179546712,8.252845764160156,12.227323532104492,9.858641187349955,0.5908312505024146,8.263912692684281,12.246335438812501,9.890661213869167,0.5889286494636933,30.66128649570644,76.73537624877873,3.548170099714354,192,B,244.12607861328127,0.082020134,0
-0.3349951803684234,1.284945726394653,0.4493671329885026,0.3204268013445795,-1.643869161605835,3.625126361846924,0.4979922637956246,0.9757986680577235,8.293522834777832,11.598011016845703,9.86532260716888,0.6829674429137931,8.333185893665341,11.70680393323684,9.938366036841774,0.7243608768847563,30.661336236286267,76.73534196303233,3.2238444315865356,193,B,246.12607861328127,0.002237753,0
-0.3182454109191894,1.5481562614440918,0.546270251566052,0.3824365358201199,-1.8400806188583372,0.7920243144035339,-0.5355211456711622,0.6013603442627005,8.097311973571777,11.277373313903809,9.898933726888863,0.549813926836224,8.200774474149744,11.307443289965695,9.953787233537268,0.5535251085003117,30.66138596588481,76.73530738155267,2.79209376747694,193,B,248.12607861328127,0.11813045,0
-0.4953143000602722,1.6271194219589231,0.47997790505540183,0.4022718343258161,-2.998206853866577,3.397808074951172,0.4505449490213931,0.8829844630333651,7.018148899078369,11.98325538635254,9.860202198819175,0.598068907064786,7.315518339531689,12.425141028711579,9.928352460092697,0.6196329384786561,30.66141738574847,76.73528610688818,1.741520148181794,193,B,250.12607861328127,0.020087069,0
-0.976271629333496,1.7515461444854736,0.40960660345196104,0.48558282296464,-0.7417750358581543,4.074976921081543,1.296599922447171,1.2821613618712169,6.45822811126709,13.76351547241211,9.818693581022746,1.260831862986251,6.4838520260232615,14.302081718725457,9.995610394756486,1.3464363428287165,30.66145189500969,76.735263046691,2.599593285062451,193,B,252.12607861328127,0.9999918,1
-0.3708875179290771,1.765903115272522,0.5945854294186197,0.4134252564275778,-1.7204394340515137,3.90987229347229,0.6999068253557801,1.2967570453035149,7.798209190368652,12.067004203796388,9.82816565469139,0.8369706432987589,7.842366804201823,12.109619463882673,9.959582360412849,0.8921770419628849,30.661509927170297,76.73522302258198,4.6095642809331245,193,B,254.12607861328127,0.0029341523,0
-0.4402793645858764,1.761117458343506,0.7018781129652006,0.4650725556156891,-2.0243279933929443,1.454836130142212,-0.40454819944079173,0.6499085215168395,8.104490280151367,11.475976943969728,9.868434510700443,0.6381498618207044,8.167708271781276,11.51463927350347,9.934436900003186,0.6286208057627711,30.66157481258868,76.7351783941156,3.654705852143124,193,B,256.12607861328127,0.16148414,0
-0.9188438653945924,1.7515461444854736,0.37579713640806933,0.4901341193772414,-1.887937068939209,4.328616142272949,0.6703994762275484,1.1582976143918435,7.604390144348144,12.23210906982422,9.868508894826464,0.823996388299323,7.861965412762421,12.463301459212193,9.973610776488838,0.8752540763957,30.66162556697691,76.73514544772675,3.039999961853028,193,B,258.12607861328127,0.005996776,0
-1.007378339767456,2.062613010406494,0.4157560325982869,0.5913103467801001,-1.9286150932312007,3.622733592987061,0.6994480936923136,1.1595755810803672,6.625725746154785,12.811172485351562,9.843725204467773,1.0458614080641044,6.82881928331245,12.85028040541605,9.960011529721415,1.0711052621601442,30.661683591952965,76.73510271189977,4.307984401290283,193,B,260.12607861328127,0.6149811,1
-1.1748759746551514,2.091326951980591,0.567086634116929,0.5211409737831122,-2.6153552532196045,1.557727575302124,-0.4185836208544998,0.8665719161026088,7.747959613800049,12.67717456817627,9.889560647846498,0.8721739628985045,7.759678760296289,12.775347524765355,9.967036201451942,0.861174132515396,30.66174766236645,76.7350557170861,4.162227898236797,194,B,262.12607861328127,0.46333,0
-0.3732803463935852,1.241874933242798,0.45084250107325535,0.32606670585898967,-2.280359983444214,2.4646072387695312,0.2925814588848559,0.7733267877211016,8.346165657043457,11.662617683410645,9.86570696262498,0.5842025566248206,8.415911288790866,11.823068605281666,9.915634817262474,0.5889561599814801,30.661796136567524,76.73502133424732,2.602256858285926,193,B,264.12607861328127,0.0475416,0
-0.6173482537269592,1.3806586265563965,0.4527517994769265,0.3700318307644946,-1.8137595653533936,3.9218363761901855,1.1120178322850636,1.3667763298797697,7.977670669555664,12.287144660949709,9.813548369728839,0.911739977293602,8.015557613907582,12.727842711121973,9.978754303440297,1.0040084091892578,30.66184108017767,76.73498969768896,3.267013332540306,193,B,266.12607861328127,0.017564956,0
-0.4331009089946747,1.8783657550811768,0.5205567067252578,0.38868188192791725,-1.0887342691421509,3.407379388809204,0.9581209015501712,0.9837043338493157,7.676175117492676,11.870793342590332,9.81419305356673,0.7804251129714393,7.752052573708508,12.11724320421705,9.928196508711125,0.8161406145555345,30.66190649403532,76.73494263394943,4.828048468327879,193,B,268.12607861328127,0.0053136265,0
-0.2105683982372284,1.5936198234558103,0.7028203623929095,0.34577036254088944,-1.4452649354934692,1.545763373374939,0.08583166375346096,0.5564893380586134,7.848458290100098,11.636296272277832,9.853197325078934,0.7225880263907835,7.9799673874074015,11.6926871802117,9.900673371358069,0.7175366470004177,30.661983657845543,76.7348872685761,5.1738135022196925,193,B,270.12607861328127,0.05915828,0
-0.4642075896263122,1.6534404754638672,0.6491492252731744,0.3774293636676639,-1.1629117727279663,3.438486099243164,0.7328856209235102,1.0828314691380283,7.975277900695801,11.13619613647461,9.825958795498073,0.6097955634627996,8.163605007755525,11.45730415994397,9.93866957262377,0.6462638558597608,30.66206502768157,76.73483049918366,5.582569205456805,193,B,272.12607861328127,0.0036219144,0
-0.0334995165467262,1.4572290182113647,0.6414252461218927,0.29638214289210674,-1.5026925802230835,1.323230862617493,-0.07513215204633271,0.5020317561722151,8.080561637878418,11.619546890258787,9.83833205761687,0.5631897143282245,8.153302136713194,11.647945433188514,9.877034917324824,0.5577553385378256,30.662148983394335,76.7347732386942,5.095215637187851,193,B,274.12607861328127,0.004921586,0
-0.3206382393836975,1.4691931009292605,0.6189518095803549,0.31480307130095403,-1.9262222051620483,1.1988041400909424,-0.5214098357834429,0.5506315103720857,7.568498134613037,11.365907669067385,9.880578532892995,0.5770681238957007,7.65374061164566,11.391563019754143,9.93444072934226,0.5683245136519378,30.662219893453585,76.73472505305918,4.15613178223058,191,B,276.12607861328127,0.026577739,0
-0.1387837082147598,1.3615161180496216,0.597226214957052,0.2934807739860264,-1.5912270545959473,1.8687944412231443,0.29203594460060406,0.6582882783817727,8.37966537475586,11.492727279663086,9.874534374691661,0.5389723763245513,8.49264479995897,11.57396476429451,9.922904197635129,0.5425229865068395,30.662268697805683,76.7346914784323,2.73615584516429,193,B,278.12607861328127,0.07483342,0
-0.4115654826164245,1.4069796800613403,0.6952575569576704,0.336604271971732,-2.421536445617676,2.4885356426239014,-0.6923936079955935,1.110830799875481,8.432307243347168,11.16012477874756,9.886647268898129,0.5271623458061133,8.444453409334242,11.189860259393079,10.002422766953634,0.5341091932702209,30.662312465323286,76.73466087640017,2.635906198534452,193,B,280.12607861328127,0.0013949801,0
0.0478564538061618,1.2323036193847656,0.678315883387149,0.2410473332242584,-2.3186452388763428,1.215553879737854,-0.07536158093356903,0.9776994313009777,9.042476654052734,10.494919776916504,9.859440705210892,0.2033409442643845,9.079019210577588,10.55968513018136,9.93361476684768,0.2302347137300848,30.662328093261557,76.73464919946086,0.15363879229506933,194,B,282.12607861328127,0.003647404,0
0.2344966232776641,1.0552347898483276,0.651393273874268,0.2272217497050765,0.1938186287879943,0.5120640397071838,0.3393096896033213,0.06410502033023001,9.650253295898438,10.04267692565918,9.850246582624209,0.07735147405893775,9.663181483323397,10.101788464305315,9.88034297622537,0.0857152324319834,30.6623292,76.7346487,0.0,193,B,284.12607861328127,0.023759687,0
0.2392822653055191,1.031306505203247,0.6522115415705301,0.2236549824594147,0.1794617027044296,0.5168496966362,0.3385906023373876,0.06299486218227,9.657432556152344,10.04267692565918,9.850308531924233,0.07830689886576793,9.670468375554774,10.07773583091989,9.88033482017178,0.08779168867079024,30.6623292,76.7346487,0.0,193,B,286.12607861328127,0.022848299,0
0.2033899277448654,1.0289137363433838,0.6458885401024101,0.23690772346871736,0.1268195956945419,0.5647061467170715,0.3396196401644247,0.061042223771550504,9.523433685302734,10.159924507141112,9.847630614443764,0.10075858063874327,9.541014325186923,10.196510918583519,9.877560633890285,0.11019012054848525,30.6623292,76.7346487,0.0,193,B,288.12607861328127,0.027387323,0
0.244067907333374,1.0552347898483276,0.6556334042300781,0.23149090434558575,0.1986042857170105,0.4642075896263122,0.3382229891916116,0.055662498417120905,9.643074989318848,10.138389587402344,9.85257183512052,0.09022362014988725,9.654474237400185,10.191883942874675,9.88292775234054,0.09993704791037998,30.6623292,76.7346487,0.0,192,B,290.12607861328127,0.03504037,0
0.2081755697727203,1.062413215637207,0.6439544452750003,0.2465284443871944,-0.1818545162677765,1.0504491329193115,0.3390369326686921,0.0873945802839053,8.872586250305176,10.454241752624512,9.845994054962317,0.1408541938401001,8.887215386391654,10.548669710651982,9.876188656312978,0.14957912637892382,30.6623292,76.7346487,0.0,193,B,292.12607861328127,0.012367209,0
0.1962114572525024,1.074377417564392,0.6469175800140657,0.24235035032120691,0.1387837082147598,0.576670229434967,0.33862779579014357,0.0619941727417027,9.370293617248535,10.736595153808594,9.856135635178324,0.13852818983334977,9.382289768048134,10.769370046408975,9.886204094131056,0.14600149576141136,30.6623292,76.7346487,0.0,193,B,294.12607861328127,0.08156116,0
0.2057827413082122,1.0887342691421509,0.6542324226909351,0.24161761987531405,0.1914258152246475,0.5000999569892883,0.3388385645311731,0.05354949979587837,9.626325607299805,10.05703353881836,9.85193270846352,0.08444027571997026,9.633656523073647,10.107505648359556,9.882440866673644,0.0956505506095117,30.6623292,76.7346487,0.0,193,B,296.12607861328127,0.038295455,0
0.2225325107574463,1.155733346939087,0.6514304664005269,0.2477434545272198,0.1890329867601394,0.5838487148284912,0.34079745411872864,0.06380505075216313,9.614361763000488,10.12881851196289,9.852974145523625,0.10040416960843192,9.62215552508281,10.143860982753207,9.883569234360964,0.11041811570734383,30.6623292,76.7346487,0.0,193,B,298.12607861328127,0.034881808,0
-0.1052841991186142,1.3208380937576294,0.6357097451531671,0.2822811138450346,-0.3254238665103912,1.947757601737976,0.5367485536503668,0.4082996255296931,8.50169849395752,11.157732009887695,9.841171180646036,0.32229166257663155,8.53996823599709,11.241604823456889,9.8886195619711,0.32610179778218096,30.6623292,76.7346487,0.0,193,B,300.12607861328127,0.010451738,0
0.1459621787071228,0.9595218896865844,0.6487400930162539,0.18657834589226588,-0.6005984544754028,1.5170495510101318,0.17411814149049318,0.45066695043727634,8.973084449768066,10.372885704040527,9.855428918038008,0.21840322243504143,8.991948458400321,10.428419152055257,9.890183681894984,0.22480853921321453,30.662334239629295,76.73464376091287,0.4176547594830792,193,B,302.12607861328127,0.0014596794,0
0.2177468538284301,1.0097711086273191,0.635635357292205,0.22138568625402336,0.1339980661869049,0.727418065071106,0.3690278032128675,0.09082857984860333,9.65503978729248,10.114460945129396,9.84891997223691,0.0940001072709378,9.67442295037928,10.166993230846375,9.87916280211598,0.0983780918779529,30.6623345,76.7346437,0.0,193,B,304.12607861328127,0.017638704,0
0.244067907333374,1.0360921621322632,0.637507462130927,0.224211649507535,0.1651047617197036,0.5120640397071838,0.36440333268494185,0.06978209948647544,9.645467758178713,10.100104331970217,9.851288019684313,0.07720981245377363,9.67387919312975,10.123994102409313,9.881336350050788,0.08587722287028372,30.6623345,76.7346437,0.0,193,B,306.12607861328127,0.025285255,0
0.1339980661869049,1.0887342691421509,0.6379537920568891,0.23873885224408117,0.1722832322120666,0.5407779216766357,0.3635974586627644,0.06653707119641611,9.621540069580078,10.116853713989258,9.853668420425969,0.09665085800543825,9.634506786295837,10.175977734793372,9.884001885564798,0.10602371604844038,30.6623345,76.7346437,0.0,193,B,308.12607861328127,0.05358657,0
0.1555334776639938,1.1054840087890625,0.6354369887107395,0.22790900037143355,0.229710966348648,0.5359922647476196,0.36368424595946475,0.06275227171597456,9.561718940734863,10.124032974243164,9.851709519025576,0.11501447559355707,9.587846806461823,10.167087505496228,9.881635224334424,0.1209166137677129,30.6623345,76.7346437,0.0,193,B,310.12607861328127,0.030990941,0
0.1483550071716308,1.0097711086273191,0.6363668420926277,0.22140331757175732,0.1531406491994857,0.5479564070701599,0.3647132837865019,0.08616176015866933,9.549755096435549,10.186245918273926,9.852044283417223,0.10859028518506444,9.56062872415815,10.23779639647307,9.88210947277739,0.11358959250120167,30.6623345,76.7346437,0.0,193,B,312.12607861328127,0.034665883,0
0.1124626621603965,1.100698471069336,0.6404953915915341,0.24643505839514102,0.1244267746806144,0.5982056856155396,0.3647504789764399,0.11605895269935937,9.518648147583008,10.22931671142578,9.84852327336919,0.13958588206186578,9.527034971780687,10.266660820025008,9.879707409626471,0.1474908872060821,30.6623345,76.7346437,0.0,193,B,314.12607861328127,0.038108706,0
0.1052841991186142,1.1126625537872314,0.6357593399718635,0.24716484753431264,0.0957129076123237,0.6173482537269592,0.3663374275509558,0.12167974789656866,9.523433685302734,10.210174560546877,9.84570888657644,0.14676759546069823,9.532229258861673,10.25987834992402,9.87671839611961,0.15571577354596333,30.6623345,76.7346437,0.0,193,B,316.12607861328127,0.030876515,0
0.0981057286262512,1.1820544004440308,0.6419335654671328,0.2595674418546283,0.0765703245997428,0.6221339106559753,0.3643041481239808,0.12794668079685748,9.533005714416504,10.19581699371338,9.845138584393911,0.15839929483391377,9.54752770665364,10.247762500970904,9.87683597584878,0.16881058472884675,30.6623345,76.7346437,0.0,193,B,318.12607861328127,0.0345575,0
0.1124626621603965,1.1437692642211914,0.6338376381622695,0.2535703389830812,0.1076770201325416,0.7154539823532104,0.3658663016295186,0.1255793604879113,9.487542152404783,10.279565811157228,9.840464493153627,0.1666036327914894,9.498131648453207,10.340457301607879,9.871557856568117,0.17470000205088881,30.6623345,76.7346437,0.0,193,B,320.12607861328127,0.019749362,0
0.114855483174324,1.1389836072921753,0.637197511029367,0.2530901770481515,0.0981057286262512,0.6364908218383789,0.36462649691444604,0.1216378660268028,9.432506561279297,10.202995300292969,9.836410354456136,0.16767342950061156,9.439040855494024,10.241694445661686,9.867606609217793,0.17676652516141395,30.6623345,76.7346437,0.0,193,B,322.12607861328127,0.013957239,0
0.0550349205732345,1.1940184831619265,0.6371692006581837,0.26333343370918955,-0.0071784676983952,0.763310432434082,0.36618820325826706,0.14452094441812455,9.090332984924316,10.526026725769045,9.830566489819399,0.23030046223972855,9.11666345664631,10.585801322596037,9.862388276855462,0.23808082948728448,30.6623345,76.7346437,0.0,194,B,324.12607861328127,0.010505015,0
-0.0933200865983963,1.1413763761520386,0.45891819629131964,0.26810752274357946,-1.7443677186965942,2.084148406982422,0.329831709473786,0.6115816869748762,8.22413158416748,11.13619613647461,9.8467926075584,0.46478039468863136,8.253053584027057,11.36389644556354,9.885184873483304,0.4730477350828274,30.66240781656302,76.73458940776749,2.558205300489538,190,C,0.1181337890625,0.0075265607,0
-0.5623133182525635,1.6821542978286743,0.3977044799601553,0.3856451582352631,-1.155733346939087,3.6993038654327393,0.9678161689442211,1.1335701684549664,7.800601959228516,11.803793907165527,9.809233850765722,0.7103670283242305,7.821902760072559,12.313988322777693,9.932538903729743,0.773887255977942,30.662450599023643,76.73455809583636,3.1385925040661005,193,C,2.1181337890625,0.003281066,0
-0.397208571434021,1.25144624710083,0.4773247239307785,0.35225520585893755,-1.6917256116867063,1.1413763761520386,-0.12043460880990087,0.6283839333537312,8.700303077697754,11.042876243591309,9.879803514233524,0.45264248704066967,8.740983681565005,11.070510784801746,9.918404892749983,0.4493779803631675,30.662502098848204,76.73452164982946,3.4004138280274194,193,C,4.1181337890625,0.1691747,0
-0.9978070259094238,1.5601203441619873,0.3014088670477039,0.4809313765209171,-1.435693621635437,3.6945180892944336,1.2778912692962918,1.2461318229394025,7.783852100372314,12.167503356933594,9.80649389751217,0.8356803909428632,7.801946521691919,12.409235877646934,9.975573025715493,0.9282348822957153,30.66255364998897,76.73448816805767,3.835702515616952,193,C,6.1181337890625,0.9799573,1
-1.2634103298187256,1.6079767942428589,0.25456905313719236,0.5056189634096101,-2.383251428604126,2.1535403728485107,-0.8216680201262699,0.9813107436468893,7.989634990692139,11.557332992553713,9.905207078073927,0.4530277466628008,8.040320799029582,11.593790063887624,10.00373502671159,0.4496798460965406,30.662622846231283,76.73444009032654,4.46280149730251,193,C,8.118133789062501,0.0008982355,0
-0.1531406491994857,1.428515076637268,0.4392503274440611,0.3061535753150306,-2.4430718421936035,2.3712873458862305,0.09841568042750957,0.6576758946400776,8.71226692199707,11.14576816558838,9.861417221899478,0.3137550692124133,8.753355370726526,11.397686970745003,9.897524353350185,0.33748723391357777,30.66266963218886,76.73440381019888,2.493657765951871,193,C,10.118133789062501,0.0092472,0
-0.2991028428077698,1.3304094076156616,0.5138865561644339,0.3170238651207399,-0.6221339106559753,1.892722725868225,0.5910891836914451,0.5007864507725677,8.583054542541504,10.789237022399902,9.817416527110678,0.38580873474311456,8.609164438189579,10.916979780685582,9.86602827231627,0.3959277616725429,30.662709914331256,76.73437480944843,2.7816062994337347,193,C,12.118133789062501,0.0069624535,0
-0.5120640397071838,1.2658032178878784,0.45358246899031374,0.28162756896621355,-0.1842473447322845,1.4620146751403809,0.72452934054957,0.38395020902420507,8.934800148010254,10.631311416625977,9.839956194625618,0.2639186854699509,8.95109416450102,10.65759351592902,9.888435790871638,0.2657823669925191,30.662757870991005,76.73434252744569,3.45953591581109,193,C,14.118133789062501,0.08258004,0
-0.2656033039093017,0.6317051649093628,0.2242682322587123,0.19809586520919256,-3.464807271957397,1.2490534782409668,-0.5585939057528432,1.3581673734851976,9.43489933013916,10.289137840270996,9.915187549096933,0.21162764312472881,9.447775860445278,10.690601714350752,10.02595254080324,0.2866880193166593,30.662822894932933,76.73429993154338,4.395557399614156,193,C,16.1181337890625,0.0006077043,0
-0.1387837082147598,0.5264210104942322,0.21045681078184802,0.16271563966997213,-1.3351950645446775,0.4713860750198364,0.026122680059368745,0.5867221346272243,9.671789169311523,10.119247436523438,9.854251145081198,0.10711567048896521,9.679075299280466,10.211278512834744,9.87521249826048,0.11666712335165522,30.662867564599484,76.7342683877945,2.08465544647489,193,C,18.1181337890625,0.0113021275,0
-0.0023928226437419,0.4139583110809326,0.17528355733969206,0.08607935523450663,-0.4091726839542389,0.4115654826164245,0.15176446610395772,0.268720728840801,9.382257461547852,10.26760196685791,9.876790797772186,0.160971519182383,9.391661710530727,10.272421054723432,9.883546852040588,0.16058387408326805,30.662896892582644,76.73424643266718,1.7674179349085994,193,C,20.1181337890625,0.009918861,0
-0.6843472719192505,1.2897313833236694,0.236161727635862,0.31485245745557355,-1.1772687435150146,2.945564746856689,0.9117270981528095,0.7668539819619143,8.080561637878418,12.145967483520508,9.820353773451343,0.5654098021290763,8.138863517334645,12.463463880882694,9.897283495643169,0.6140290299943086,30.662921079829776,76.73422880843732,1.6678409508872447,194,C,22.1181337890625,0.031645402,0
-0.8949156403541565,1.3351950645446775,0.3823557003205787,0.33075852302200065,-1.2538390159606934,3.438486099243164,0.31130250611636845,0.9931746386326417,6.7310099601745605,12.921242713928224,9.869029618297834,0.8445588069599861,6.756114998464592,13.243893298824343,9.933495776232027,0.8806753340992276,30.662955209926313,76.73420108692845,2.5799999237060547,193,C,24.1181337890625,0.023463732,0
-0.3206382393836975,1.3423734903335571,0.40426304530342705,0.2686866297518296,-1.1318050622940063,1.804188251495361,0.2418114649339391,0.5400821463159551,9.008976936340332,10.97587776184082,9.862433853544719,0.3335729633898283,9.040131131568995,11.071826740660924,9.891911274237618,0.3387423862000106,30.66298692593785,76.73417476335484,1.8974101542422026,193,C,26.1181337890625,0.019432314,0
-0.6580262184143066,1.4165509939193726,0.40567642371073714,0.3737740171542336,-1.5050854682922363,3.3475589752197266,0.6702135095826394,1.0007028770180335,8.257631301879883,11.36351490020752,9.852168256137038,0.5713087386593785,8.319569753221858,11.577376744901029,9.938255321906636,0.6144647686002187,30.66301846682005,76.7341497387146,2.3860002796579183,193,C,28.1181337890625,0.008877408,0
-0.5072783827781677,1.1820544004440308,0.4042630453649522,0.32490390717187556,-2.510071039199829,3.005385160446167,0.558395537871076,0.8899246766839372,7.874779224395752,12.126825332641602,9.87556339669104,0.5647625689513058,7.907520675819214,12.376204672499973,9.943249815159959,0.5918234029695363,30.663053907756833,76.73412276276962,2.4108975925655862,193,C,30.1181337890625,0.035022996,0
-0.8805587291717529,1.4931213855743408,0.19500884677915606,0.3931215816989424,-0.6747759580612183,2.8522446155548096,0.643942051277607,1.0679949922434837,8.353343963623047,11.219944953918455,9.873046563696985,0.5368898372261025,8.37503592516373,11.475266005514682,9.958265418095648,0.5882998437754409,30.663098179815012,76.73409163252816,3.238740623116745,193,C,32.1181337890625,0.017757794,0
-0.4929214715957641,1.552941918373108,0.46036419953301627,0.3711400673105066,-1.3208380937576294,3.5772697925567627,1.0919577894645498,1.150818060833513,7.231110095977783,12.045469284057615,9.854288323555586,0.7966263132973473,7.299328582296248,12.52162661080429,9.992292154320728,0.8730083151894705,30.66314799487775,76.73405390853331,3.447755900945077,193,C,34.1181337890625,0.11021438,0
-1.4261223077774048,1.8185452222824097,0.3518317149508107,0.6001466908632812,-0.4618147611618042,3.783052682876587,1.781524644011313,1.0159716493493058,6.905686378479004,12.930813789367676,9.825512483329971,1.2462874264951642,7.19238963522174,13.001565816367682,10.055494616953183,1.2926507547049026,30.663215459010075,76.73400448957844,5.4701309161669736,193,C,36.1181337890625,0.9999999,1
-1.4739787578582764,2.9838497638702397,0.4687948694713221,0.7731638148200791,-0.5120640397071838,3.6634113788604736,1.912038862106868,0.8371478474171241,7.176074981689453,12.775279998779297,9.762728772632816,1.3217953281240595,7.317828190639464,12.877013374361319,10.022988528457251,1.3311562563010413,30.6633184750075,76.73392787374847,7.864211070076257,193,C,38.1181337890625,1.0,1
-1.3495519161224363,2.050648927688598,0.5237801996038001,0.6114067455780029,-2.007578134536743,4.096512317657471,0.7960040653703512,1.197193394400367,6.056233882904053,13.335200309753418,9.740300717131461,1.468656825731849,6.311544760079833,13.412852490192916,9.882730879939288,1.4412146572707856,30.663458856691147,76.73381936041103,9.974782967773564,193,C,40.1181337890625,0.3273962,0
-0.6269195079803467,2.9240293502807617,0.5323968391257479,0.5461976763102786,-2.612962245941162,4.082155227661133,1.0326951372526452,1.5277398777011213,2.9072794914245605,17.52981948852539,9.806965027448427,2.000378833142221,3.1046068964278226,17.749965761111483,9.998145110008764,2.048755612860921,30.66360985780956,76.73370123581732,10.546454250325784,193,C,42.1181337890625,0.9999461,1
-0.794417142868042,1.9310078620910645,0.5834293632681683,0.5738314871833883,-1.4883357286453247,3.1800613403320312,1.0082293894842804,1.338680146718273,6.628118515014648,12.799208641052246,9.811362241961293,1.2346620778841777,6.665944165392364,13.011331576628658,9.983821938110708,1.260469131828487,30.663781333207574,76.73356820867645,11.72833982407483,194,C,44.1181337890625,0.99961436,1
-1.2083754539489746,2.108076810836792,0.510737455063958,0.5983375053670373,-1.7539390325546265,3.139383316040039,0.6716888727598529,1.2080813890921747,6.587440967559815,14.462220191955566,9.823776761484888,1.360383765607041,6.689255228670093,14.760559858507742,9.951971627810101,1.358301023806873,30.663964947405553,76.73342673410949,12.933839326996454,193,C,46.1181337890625,0.99993396,1
-0.8805587291717529,1.5385849475860596,0.39629110271217294,0.4242203439863235,-1.7826528549194336,3.0795626640319824,0.26482223812731975,1.0086634567256485,7.307680130004883,12.416357040405272,9.881353291822839,1.0225292842434737,7.3235601827350045,12.467113806293618,9.9542971405126,1.011543265717003,30.66416067801005,76.73327207582273,12.880922361916731,193,C,48.1181337890625,0.1313507,0
-0.7848458290100098,1.887937068939209,0.5525188659235758,0.5286831127780887,-1.6175481081008911,3.1968109607696533,0.8722272466740286,1.229768734075416,5.745167255401611,12.9954195022583,9.777333664770572,1.533286168968362,5.952162169651629,13.086915538261827,9.921086411135546,1.5418037913675806,30.664357194440615,76.73310906823653,13.49118845007121,193,C,50.1181337890625,0.8003001,1
-0.641276478767395,2.163111686706543,0.8164236471334405,0.5281212913127354,-1.6007983684539795,2.945564746856689,0.33407771483864734,0.9352651671794765,7.161718368530273,12.686745643615724,9.877757863059562,1.1202748668149887,7.249354451764449,12.913229118052467,9.975043398969769,1.120452537838867,30.66455951296917,76.73293936197743,14.372734069333964,193,C,52.1181337890625,0.53672636,1
-0.5934200286865234,2.199003934860229,0.6858846355239268,0.4553098135169032,-2.6273193359375,1.8616160154342647,-0.0227256146141381,0.7714625293747523,7.314858913421631,12.564711570739746,9.793748690056677,0.8959297315241682,7.347278814127485,12.653970441778927,9.858645416943288,0.8948350005003145,30.66476456601775,76.73277497996497,13.873627978628253,193,C,54.1181337890625,0.015625494,0
-0.5862415432929993,1.6845471858978271,0.46075544730653445,0.4423477515430503,-2.306680917739868,3.4432718753814697,-0.13018450596064213,1.0489162640917684,6.393621921539307,12.69153118133545,9.888987643023333,1.0433115811709708,6.494062282965514,13.062752671006805,9.965755274396555,1.0437614288222845,30.664972277792234,76.73261292221093,13.594492645112286,192,C,56.1181337890625,0.04192339,0
-1.2729816436767578,1.430907964706421,0.25800331137046567,0.46686391217866763,-3.263810157775879,1.0217353105545044,-1.3829894996986487,0.782299207748446,7.877171993255615,13.514662742614746,9.93739242010166,0.8818469389644545,8.151513692617092,13.579510126493984,10.078273174974889,0.8757919692084044,30.665151912972892,76.73246705892986,11.22920734502184,193,C,58.1181337890625,0.0031600012,0
-1.2011969089508057,2.902493953704834,0.43559290772458353,0.5701995430130942,-2.5052852630615234,1.9070796966552732,0.10754064179672208,0.7724743032350544,7.094718933105469,12.988241195678713,9.81570564526968,0.9940558514971344,7.185194390167929,12.989195115784677,9.87330963244163,0.9884996162462166,30.66529525304549,76.73233712069322,9.381750649285783,193,C,60.1181337890625,0.7056928,1
-1.2634103298187256,2.706282377243042,0.40860236076990364,0.6531876765366105,-4.01037073135376,2.026720762252808,-0.7395433732392894,1.018789656908557,4.474578380584717,12.787243843078612,9.883634525259541,1.0966639678144696,4.961457075731743,12.98207491661286,9.99553156141408,1.075508664731278,30.66541852007577,76.73221816198345,8.68607086726352,193,C,62.1181337890625,0.007660388,0
-0.3349951803684234,2.452643156051636,0.6650566854370162,0.376278110039583,-4.864608287811279,3.469592809677124,-0.29471187446669667,1.1532987026612382,7.903493404388428,12.29671573638916,9.896258096105045,0.7262839910827333,8.137112273472377,12.708294677008013,9.99732719310995,0.7195139552387114,30.66552194271049,76.7321174299142,6.606389929795668,194,C,64.1181337890625,0.006926361,0
-0.5000999569892883,2.25403904914856,0.8675407822982172,0.5275785172999564,-1.2801600694656372,2.919243574142456,1.2584511377206893,0.7132627107922066,7.877171993255615,12.906885147094728,9.756790138896882,0.8799543657495066,7.932464177666214,13.186170877549548,9.913738352678475,0.9002635372006881,30.665618144099433,76.73203294652603,6.8917999233412175,193,C,66.1181337890625,0.90454036,1
-0.2392822653055191,1.4165509939193726,0.6687257413202269,0.34731834421701907,-1.5649060010910034,2.761317253112793,0.38530643717892504,0.807816503296317,7.520641803741455,12.167503356933594,9.79429421647225,0.7689228778670776,7.553854056874014,12.186411889955417,9.864100411254848,0.7666924875557579,30.6657333644856,76.73194379239075,8.297280287794768,193,C,68.1181337890625,0.0004815081,0
-1.0169496536254885,1.7850457429885864,0.4571035115743162,0.47629307939852517,-2.3880369663238525,3.1920254230499268,0.6855746846419272,1.394902755972054,6.116054534912109,13.007384300231934,9.843898797899948,1.4774642532735218,6.178735445673239,13.131373749701734,9.981472255579645,1.5188880270473346,30.665856705545288,76.73185197991496,8.421013247530544,193,C,70.1181337890625,0.9779503,1
-0.4139583110809326,1.8664016723632808,0.7281371722422502,0.4566730661985118,-1.7419748306274414,2.837887763977051,0.5062741635106697,1.2623645798446856,6.269195556640625,12.79202938079834,9.853817198560646,1.2070339625242612,6.330776341394782,13.110294013971409,9.981779995297916,1.2277313985085987,30.66599217461412,76.73174702263988,9.201017179831455,193,C,72.1181337890625,0.25357512,0
-1.6366907358169556,2.0793628692626958,0.5879648747791203,0.6559831018375879,-5.501099109649658,2.4095723628997803,-1.0697404986121957,1.4780416726185468,1.940579175949097,19.731216430664062,9.889015300286248,1.8252873356213302,2.4064242887565794,19.739746452923985,10.09579799338123,1.8177262687085818,30.66612857977159,76.73164305816695,8.520710137170207,193,C,74.1181337890625,0.010043399,0
-1.1174482107162476,2.411965131759644,0.5314669832225329,0.5710488596468728,-3.517449378967285,2.926422119140625,0.03149103415271007,1.2386154275547385,6.900900363922119,13.277772903442385,9.933735007449135,1.1001614782308993,7.104607822344061,13.356216710554284,10.042168334561337,1.0899612074314984,30.666236996537307,76.73155933368487,6.6708221959179985,193,C,76.1181337890625,0.28015006,0
-0.9499505758285522,1.5601203441619873,0.44450709867107785,0.43774741596898803,-2.148754835128784,3.524627685546875,0.5086669806111122,1.2449490414566489,6.865008354187012,13.605589866638184,9.863661254625864,1.1115545236255628,7.020707281290051,13.812893319694,9.970716245896106,1.1445671333599108,30.666331970455737,76.73148644039732,6.349088187728642,193,C,78.1181337890625,0.36400697,0
-0.6795616149902344,1.6342978477478027,0.43367120719133573,0.4359937498251878,-1.0145567655563354,3.259024381637573,1.2050899538148794,1.235790857011089,6.403193473815918,13.014562606811523,9.824446240855005,1.1089017786796287,6.4051746676328785,13.18957659994236,9.984788339973083,1.1878514238058662,30.666437432997046,76.73140734800033,7.443589007811084,193,C,80.1181337890625,0.9997447,1
-1.2681959867477417,5.065605640411377,0.5810591663557245,0.7477280900488383,-3.3858439922332764,3.479164123535156,1.1850795115542072,1.3019602877349385,-0.3541377484798431,19.290935516357425,9.693498092148587,2.126800425594489,0.35842054877154084,19.359557257383166,9.891776201621218,2.153181362736505,30.66656469182387,76.73131041488018,9.107627003137258,193,C,82.1181337890625,1.0,1
-3.4002010822296143,5.065605640411377,0.7498585449464117,1.076397623167388,-2.723032236099243,8.097311973571777,0.3778552146184552,1.2707503813451722,-1.0959128141403198,48.1268424987793,10.109737648818053,5.273639358792656,0.17005882889226828,48.21268442822508,10.3037313470751,5.227780458027188,30.666717275195584,76.73119292145769,10.792539725976395,193,C,84.1181337890625,1.0,1
0.0502492748200893,2.5435705184936523,1.2584520303212183,0.5307405855128604,-2.199003934860229,4.376472473144531,0.055318605870046875,1.1593996658613743,7.286144733428955,14.825928688049316,9.769882529052262,1.301320572407736,7.440459751954258,14.88551097068981,9.935572493277544,1.2810518762188619,30.666878544807403,76.7310651772235,11.065456707949863,194,C,86.1181337890625,0.0008794356,0
-4.658825874328613,7.152146816253662,0.5790382836332516,1.2177852146187065,-4.4650068283081055,8.508877754211426,0.29390805674031606,1.598209132995473,0.7872386574745178,23.858835220336918,9.856829969685313,2.2691555127917447,1.3229215098648326,24.394240315157788,10.085240777522092,2.2478929675118438,30.667049288860138,76.73093561509322,11.348239280356461,193,C,88.1181337890625,1.0,1
-0.9619147181510924,1.8544375896453855,0.6160712405976506,0.5738522299133577,-1.4189438819885254,3.160918712615967,0.8376986978073735,1.181077879246561,6.953542709350586,13.442877769470217,9.843055710273703,1.1367766231416854,7.120058383228148,13.446813765324684,9.986433312549613,1.1201297785945752,30.6672265168667,76.7308021509372,12.027347185564317,193,C,90.1181337890625,0.99927336,1
-1.1653046607971191,2.4502503871917725,0.816832785499451,0.6496517754268274,-2.139183521270752,3.3020951747894287,0.8594324617933752,1.3669165908242005,5.965306758880615,14.146367073059082,9.863264516227604,1.5009587016300723,6.302072890607388,14.218070605263929,10.049035034250169,1.500035723882267,30.667417269632956,76.73066302580095,12.771870627589758,193,C,92.1181337890625,0.9999863,1
-1.1437692642211914,2.117648124694824,0.4754154258178441,0.6344685886161204,-2.014756679534912,3.6993038654327393,0.839298038848391,1.223438085857789,6.166304111480713,14.866606712341309,9.87976633328848,1.456871027515204,6.3535084356857485,15.001625579005795,10.01995634010017,1.4705519707471326,30.667619041673582,76.73052457191929,13.573692258369682,193,C,94.1181337890625,0.99984396,1
-1.3758729696273804,2.1200408935546875,0.26960788122884966,0.700698650173954,-1.8687944412231443,2.900100946426392,0.7767003109229854,1.2069010741053332,4.589433670043945,15.40499210357666,9.81850756758853,1.7565966734631993,4.819613323384542,15.577445337953995,9.946942620365231,1.7806166962088288,30.66783878273573,76.73037115388703,14.365458293316724,193,C,96.1181337890625,1.0,1
-1.8472590446472168,2.383251428604126,0.3213573240909069,0.6119110330586983,-1.9764715433120728,3.0077781677246094,0.4914089014531726,0.9990092530008141,6.173482418060303,12.760923385620115,9.857598588874303,1.1482703718885963,6.371249209211561,12.881715310874627,9.944145559144568,1.1497615939896826,30.66806852237533,76.73020385859375,15.043688087897852,193,C,98.1181337890625,0.99383634,1
-1.430907964706421,2.1535403728485107,0.2858121261951258,0.6615527152089586,-2.187039852142334,3.5030922889709477,0.5607883637394621,1.3333567316901367,2.2683959007263184,17.211572647094727,9.806593079641075,1.9513884203925778,2.3871317603089297,17.307443351076664,9.94211138574291,1.9347532451755056,30.668293612778825,76.73003646110942,14.975566669001697,193,C,100.1181337890625,0.9999999,1
-1.825723648071289,2.1511476039886475,0.3774460756480501,0.5706492835043697,-3.38105845451355,2.864208698272705,0.3749168738578036,1.2345552356328722,5.8959150314331055,14.677574157714844,9.917915099643055,1.2170319171855053,5.918801019048611,14.975698257279436,10.024510290149918,1.2199161818634674,30.668518787640522,76.72986448910764,15.210000038146973,193,C,102.1181337890625,0.90728027,1
-0.8973084688186646,2.0650060176849365,0.5906428558657844,0.5594185790450475,-2.014756679534912,2.6464617252349854,0.6514924555604341,1.1283352470291124,4.986642360687256,13.344772338867188,9.844394720897773,1.379710050534686,5.25690661153773,13.380788982482683,9.965462703489802,1.3655223648284203,30.668751443239493,76.72968327519723,15.44825404519442,193,C,104.1181337890625,0.9709405,1
-1.4500504732131958,2.885744094848633,0.6271550973245169,0.7579997352711724,-1.8951154947280884,3.359523057937622,0.8400667113749011,1.3622791904636846,5.680561065673828,14.134403228759766,9.91729519404278,1.5573927587063823,5.883430841644104,14.16709972667725,10.09415110817934,1.5542629645587034,30.66898768743917,76.72950467695576,16.149863165703447,193,C,106.1181337890625,0.9999993,1
-1.765903115272522,2.792423963546753,0.35490246825208216,0.8937862886948149,-1.6701902151107788,3.366701364517212,0.8105378285549658,1.3759921406229938,2.6321048736572266,15.56052589416504,9.862536543423367,2.0262594693434504,2.6363476266662818,15.739835722899219,10.03459324589255,2.0389773248759018,30.66924823097862,76.72931291546116,17.154557055354477,194,C,108.1181337890625,1.0,1
-1.038485050201416,2.1104695796966557,0.33304867479429034,0.6207661968590034,-2.3401806354522705,3.804588079452514,0.30634328653345877,1.176784225272365,4.220939159393311,15.586846351623535,9.878166959693395,1.6088985173586416,4.270203711520282,15.591840761750753,9.975622053899043,1.6213084140591916,30.669511573319582,76.72911789100239,17.871839523105365,193,C,110.1181337890625,0.9773032,1
-1.06480610370636,2.7278177738189697,0.36756483456023387,0.5352830055661987,-2.6249263286590576,2.3617160320281982,-0.036239484180286136,1.0051447495061183,5.5968122482299805,15.02453327178955,9.878873666951076,1.4514636794686566,5.730563023719712,15.079184319892587,9.953252677381299,1.4369808460535332,30.669781341513946,76.72891251828838,17.438111318099924,193,C,112.1181337890625,0.8136882,1
-1.5361921787261963,3.610769271850586,0.6999812106857646,0.7856783222164763,-4.213760852813721,2.651247501373291,-0.024250578656406615,1.2481144100231139,-0.6795616149902344,23.069202423095703,9.868161752433975,2.864142580002801,0.9868326595268481,23.17455839281271,10.009074722524376,2.840421462053824,30.67003969492833,76.72871089802442,16.723493963417774,193,C,114.1181337890625,1.0,1
-0.916451096534729,1.8664016723632808,0.45754984186219116,0.48875055750515517,-2.483749866485596,3.1896326541900635,0.16524113897340362,0.9322597612459134,6.941578388214111,12.701102256774902,9.779354574766801,1.143235634667476,7.077807227452954,12.712581986210887,9.848874279479205,1.1344958810397172,30.670281992949857,76.72852598027029,16.189086949566494,193,C,116.1181337890625,0.0061349543,0
-1.0480563640594482,3.555734395980835,0.4093462414701754,0.5643687977393844,-2.5363919734954834,3.050848960876465,0.20758046313077982,0.9975496986004025,2.297109842300415,16.323835372924805,9.8952886761779,1.6600244898830774,2.424903610093723,16.43113746390022,9.970711323569345,1.6678148965251212,30.670518376373064,76.72834585871283,15.843637520460392,193,C,118.1181337890625,0.97835904,1
-1.25144624710083,2.9694929122924805,0.38314917433398915,0.7304713608678131,-4.201796531677246,3.036491870880127,0.05436542414012968,1.139131653555124,1.8544375896453855,15.053247451782228,9.988695546135384,1.6638420493938424,2.092610641338039,15.141962828071787,10.085207880466545,1.6768897724076899,30.670758940251726,76.72816074037574,15.576377649458397,193,C,120.1181337890625,0.13146655,0
-1.5912270545959473,2.68953275680542,0.3909971372808277,0.7166043567158394,-3.5030922889709477,2.768495798110962,0.1441644669988149,1.4252751352681574,3.4576287269592285,17.448463439941406,9.855602554706712,1.7337112743792318,3.5723166691080186,17.50228211915566,9.991566475659159,1.7394967754841535,30.670984452362863,76.72798611702379,14.995382909645047,193,C,122.1181337890625,0.99999666,1
-0.8422735929489136,1.7994025945663452,0.4258725812235045,0.5123884739443029,-2.6703901290893555,3.1441688537597656,0.36070139467483386,1.2859154495007512,7.240681171417236,12.373286247253418,9.908180077870687,1.0524021934249537,7.2891283449873505,12.411963747077124,10.019761643763694,1.0543020807411714,30.671210853359888,76.72781060802602,14.758185088286908,144,C,124.1181337890625,0.2344065,0
-1.1030912399291992,1.6701902151107788,0.05526042253959007,0.501602197830227,-0.7537391185760498,5.675775527954102,2.0509997833110587,1.1441969779189107,7.1856465339660645,12.31107234954834,9.69259793096812,0.9516728945655998,7.3622289670402035,13.56011405163613,9.976106663262883,1.0487502598085028,30.672918769425582,76.72649326543366,3.2656044592851923,191,D,0.116019287109375,0.99638224,1
-1.3926228284835815,1.184447169303894,-0.006199020908064559,0.5426278963123283,-0.7992027401924133,4.108476638793945,1.732168033844526,1.0229643537484923,7.288537979125977,13.01216983795166,9.808093251341983,0.927330295033771,7.606610280245949,13.309411565188606,10.023149292413382,0.9677079070309101,30.672985271331076,76.72643347198942,5.499443244122705,193,D,2.116019287109375,0.9999515,1
-1.8089739084243772,4.132404804229736,0.5097828037756944,0.8868768341519826,-0.698704183101654,3.759124279022217,1.2533927337879345,0.819568232002995,5.563312530517578,15.519847869873049,9.922068455058676,1.4457618687380345,5.786758361904025,15.56205132905302,10.084351013035795,1.460359172208353,30.67307982005872,76.72635585513486,7.013662300391364,193,D,4.116019287109375,1.0,1
-1.8089739084243772,1.8185452222824097,0.1132189450578021,0.6261326089145237,-2.1032910346984863,4.627718925476074,0.9180008268135798,1.1632070706788122,5.254638671875,16.71147346496582,9.845225371227363,1.3029346520612957,5.2978094467543935,16.792074712645423,9.976668468445917,1.3010858423992555,30.673203523331015,76.72626508645618,8.938056361974501,193,D,6.116019287109375,0.99996305,1
-1.7467604875564575,1.916650891304016,0.07824406048302283,0.6485684628189333,-2.196611166000366,3.1034910678863525,0.6030285039342399,1.2547703620007455,5.37906551361084,14.242080688476562,9.927312823774901,1.5202202248749819,5.427430999725908,14.33142356850522,10.042885118355505,1.5388057559662693,30.67334242656155,76.72616058649957,9.230869941586217,193,D,8.116019287109374,0.9998815,1
-1.1198409795761108,1.1509476900100708,-0.07304928010604658,0.4496983626989573,-1.1222338676452637,3.570091485977173,1.072840012450717,1.3378515814943137,5.391029357910156,14.093725204467772,9.786731391373076,1.7159794866334175,5.420572467587908,14.420826460309835,9.931464449351413,1.7997522545792561,30.673488595518915,76.7260453037625,10.08077828487744,193,D,10.116019287109374,1.0,1
-1.0959128141403198,2.146361827850342,0.19391781720935988,0.6149805165328228,-2.2755744457244877,2.720639228820801,0.2818695489652551,1.1200157907959196,4.543970108032227,12.686745643615724,9.87727434029851,1.1963871922214324,4.678130351013576,12.776517661339174,9.96561624595445,1.1950207175659662,30.67363960406342,76.72591951451933,10.629139737362182,193,D,12.116019287109374,0.9036818,1
-2.163111686706543,1.952543258666992,0.01162936531581525,0.5873805601759082,-3.6921253204345694,2.919243574142456,-0.4974591447054915,1.0969643362099541,6.932007312774658,13.205987930297852,9.9222668366111,0.995597169050273,6.958253480439898,13.546254189294618,10.013598712833224,0.9830469156942927,30.673787517462305,76.72579979848868,9.34655132917991,193,D,14.116019287109374,0.0038847406,0
-1.7012969255447388,1.5481562614440918,-0.08086004776161144,0.5187964718962231,-2.799602508544922,2.411965131759644,0.09398957443124388,0.9764606726246631,6.819544315338135,12.471391677856444,9.873009412399846,0.9663644708686085,7.038249549991378,12.483253050745185,9.935785027024703,0.9635085139764812,30.673913989633025,76.72570039545322,7.836082784448008,193,D,16.116019287109374,0.6243703,1
-0.9475577473640442,1.7156537771224976,0.14426364894435195,0.5342837557144039,-3.2614171504974365,3.108276605606079,0.4871811691642657,1.4058272589602951,5.608776092529297,13.88794231414795,9.919849217864515,1.3560084886218848,5.614069654454807,13.986589238034588,10.042451236935282,1.3825004831138379,30.67402581493337,76.72561071564195,7.291264735696845,193,D,18.116019287109374,0.5947245,1
-1.435693621635437,1.703689694404602,0.2645919142223741,0.5085961322026102,-2.1056840419769287,2.945564746856689,0.48005696056295455,1.0873464866324498,4.108476638793945,12.715459823608398,9.821759944109573,1.2853871599231848,4.132879383997019,13.0156571659275,9.909265909862464,1.2911598090044842,30.674132767429594,76.72552217961032,7.558518868819987,194,D,20.116019287109374,0.9123729,1
-4.232903480529785,3.94815731048584,0.29466432795034714,0.846402322987126,-5.003392219543457,9.891928672790527,0.5886343681866332,1.62359741434789,-16.168302536010742,41.9342155456543,9.530228221509123,4.8003834830242,0.25324385362157503,42.32342103563427,10.14609898307239,3.8355429740324856,30.67424120888324,76.72543053558283,7.33708134074083,193,D,22.116019287109374,1.0,1
-1.0408778190612793,2.967100143432617,0.39319159350975613,0.5637383789264738,-3.687339782714844,4.130012035369873,0.9311427614637144,1.227713941361941,2.4047868251800537,16.752151489257812,9.83498458541119,1.7427050113653397,2.441430911437352,17.259604414279778,9.97589099009344,1.7584795872594785,30.674356327352086,76.72533659685331,8.257349978903235,193,D,24.116019287109374,0.9970151,1
-1.938186287879944,2.4909284114837646,0.3154186562133152,0.6237557415476817,-5.850451469421387,8.839086532592773,0.6212784208531053,1.525095291545577,-15.596418380737305,26.380868911743164,9.684149964331345,4.133024674274201,0.44986337037908475,27.52093978510369,10.15170353117996,3.3178353761390666,30.67448481694857,76.72522587944964,9.119989135973585,193,D,26.116019287109374,7.300637e-05,0
-1.0528420209884644,2.2229323387146,0.25127117259794646,0.5180588676354744,-2.5363919734954834,3.8213376998901367,0.46131884976449405,1.0217489797110892,-0.5910272002220154,15.292529106140137,9.863797666186496,1.819024969380508,0.6967470671986183,15.580955687973502,9.948842783554324,1.792258842360145,30.674621225628144,76.7251090362704,9.521644741769252,193,D,28.116019287109374,0.2816174,0
-0.7178468108177185,1.3280165195465088,0.34653774984518715,0.37870362475543945,-1.7587246894836426,1.8903298377990725,0.09433672332007033,0.7036835827754104,8.171489715576172,12.067004203796388,9.848957200124474,0.8240782717685682,8.23843175570561,12.088972033813846,9.888031213582625,0.8218737716983029,30.674756827481147,76.72498914336349,9.593798277985222,193,D,30.116019287109374,0.21066877,0
-1.2993026971817017,2.3545374870300293,0.30042942299102215,0.6118976762047514,-2.25403904914856,2.778067111968994,0.506980848083649,1.0796847296554368,6.25723123550415,13.804193496704102,9.811701045752807,1.1985283835339304,6.400722326953655,13.8809818184043,9.906657507944404,1.2047862954774198,30.674893573853176,76.72486838901243,9.409711134014028,193,D,32.116019287109374,0.9993267,1
-1.4404792785644531,2.3401806354522705,0.06983818653657299,0.6014310539848238,-2.9048867225646973,2.3569302558898926,0.10312693389952955,1.006426031223414,6.530013084411621,12.961919784545898,9.869947065343512,1.103957368218096,6.720185728252271,12.962299883097424,9.941299539437237,1.0932820388749729,30.67503445565266,76.72474978526226,9.602528038350995,193,D,34.116019287109374,0.92305493,1
-1.588834285736084,1.1892328262329102,0.04535204735994725,0.4396807726641349,-2.8905298709869385,2.447857618331909,-0.4975211381661305,0.9351922425635448,7.16650390625,12.959527015686035,9.910910240726768,0.9661977971840445,7.325363498549757,13.191121265052878,9.978425593466572,0.9529902739276682,30.675165387636778,76.72463947633958,8.768368219324069,193,D,36.116019287109374,0.021543073,0
-0.7393822073936462,0.8422735929489136,-0.0035334432647211255,0.3395699035934108,-2.242074728012085,3.136990547180176,-0.3222871719355275,0.9529016477087637,8.496912956237793,11.542976379394531,9.884551967363901,0.6030841918077193,8.506262461734028,11.813861584364139,9.940892652387445,0.6115081256068866,30.675278863225795,76.7245440182007,6.953444847248309,193,D,38.116019287109374,0.002219146,0
-1.2729816436767578,1.4165509939193726,-0.030288423155796343,0.4545393061309905,-2.3162522315979004,3.5916268825531006,0.9387179629809652,1.2389722114466624,7.599604606628418,11.985648155212402,9.847023084373673,0.8120409936502913,7.6335680501443415,12.158954698951897,9.97492959436706,0.8647662754364335,30.675377114006853,76.72446053180931,6.933268534110457,193,D,40.116019287109374,0.7556248,1
-1.94297194480896,1.1126625537872314,-0.16083715017764955,0.5058100532966014,-1.9621145725250244,2.4358935356140137,0.14350768740615355,0.8214274563760858,8.015955924987793,12.126825332641602,9.913550583357663,0.7216697369313378,8.149692996182049,12.270171867390966,9.962259078852407,0.7278298875030675,30.6754863650463,76.72436631916848,7.697086769407857,194,D,42.116019287109374,0.025608506,0
-1.7204394340515137,2.1056840419769287,-0.043182389525976514,0.599817584475646,-3.445664644241333,3.299702405929565,0.31287705517069975,1.2745190060077547,7.238288402557373,12.811172485351562,9.910625059987597,0.9557529440485646,7.238361571147931,13.252129750136534,10.012558201928734,0.9831417112705457,30.67558299489096,76.72427273002343,6.7716382812906275,193,D,44.116019287109374,0.12645599,0
-1.0600204467773438,2.19182562828064,0.3494636903521774,0.631464466635771,-1.1700903177261353,3.3643085956573486,1.348076605871368,1.145127838575222,6.999006271362305,12.25125217437744,9.813139213799195,0.9819726895197972,7.040125879991371,12.556349887042956,9.992110534905077,1.0340208876425017,30.67568311189563,76.72417490577152,7.795178048878107,193,D,46.116019287109374,0.99997985,1
-1.2083754539489746,1.5098711252212524,0.21607312407595505,0.58070003842107,-0.727418065071106,3.4121651649475098,1.4106867315556488,1.0166431714075594,6.841079711914063,12.650853157043455,9.789830884785232,1.2567239724768964,6.8992315697754965,12.941876313719536,9.957097489249108,1.2976340036423857,30.675811377377038,76.7240595370053,9.689973288004076,193,D,48.116019287109374,0.99999976,1
-3.321237802505493,1.94297194480896,0.14670606389873386,0.7193574210753817,-3.184846878051758,3.572484254837036,1.2029698953958992,1.1114719490746092,4.137190341949463,13.981263160705566,9.803319940912909,1.5934933123122323,4.227747222077691,14.279877833028237,9.960436318821655,1.6295752115911728,30.67596986824043,76.72392277546662,11.586794385896962,193,D,50.116019287109374,1.0,1
-1.969292998313904,2.4813570976257324,0.28653121426088707,0.6673077996965013,-2.4502503871917725,2.390429735183716,0.14127572294121965,1.173038059718328,6.336194515228272,14.127224922180176,9.895189507637618,1.30123658679093,6.488172602818788,14.332531680432652,9.991642562014722,1.3032451478991458,30.676148525140498,76.72377550369957,12.21545120139257,193,D,52.116019287109374,0.9963605,1
-1.97407865524292,1.6342978477478027,0.09790735944039115,0.5904667948159372,-2.380858421325684,2.572284460067749,0.13502710744970203,0.8555060717183237,6.678368091583252,11.767901420593262,9.895796985823873,0.86512996981207,6.692723744053831,11.768910469236403,9.951773911382551,0.8635992770605401,30.676325872713576,76.72363655399536,11.715748141419244,193,D,54.116019287109374,0.07141289,0
-1.852044701576233,2.2851455211639404,-0.20729530953387174,0.6022093999710776,-2.287538528442383,2.8905298709869385,0.5256771027482081,1.284079206756727,6.434299945831299,12.93320655822754,9.884973526000977,1.1325080031998784,6.465321183957734,13.09552545328029,10.000380973807497,1.1482507122174954,30.676498803537495,76.72350351790647,11.47290946523306,193,D,56.116019287109374,0.9871187,1
-1.9286150932312007,2.713460922241211,0.011331811998464128,0.7639735414135665,-2.830709218978882,3.022135019302368,0.565660791857641,1.2940846685154872,3.383451223373413,15.388242721557615,9.891370885730407,1.9750791533173215,3.6119576523833454,15.560836966743471,10.024852783033467,1.9547106133965038,30.676673089843874,76.7233596936957,11.987847861871375,193,D,58.116019287109374,1.0,1
-1.5122638940811155,1.4524433612823486,-0.04188059553759742,0.5751729676943631,-2.6847469806671143,2.2707886695861816,0.054390220338276014,0.8859970436081229,6.39601469039917,12.952348709106444,9.838133693359058,0.9812339479196723,6.540855642553439,12.961109409908621,9.895653780052966,0.9737853350096976,30.676842888119676,76.72321547794633,11.748678527373544,193,D,60.116019287109374,0.9678974,1
-1.6271194219589231,1.5050854682922363,-0.15289268706601905,0.5118487711472006,-2.258824586868286,2.651247501373291,0.22070999793621465,1.1309940766185838,7.788637638092041,12.56710433959961,9.83550532988316,0.7975568937574034,7.893211359170496,12.71929093909808,9.916766374118167,0.8026410261865137,30.677008455006415,76.72307325165903,11.172174489157912,193,D,62.116019287109374,0.9376957,1
-1.770688772201538,2.2947168350219727,0.13804366469824897,0.6752159642641358,-3.1130621433258057,2.306680917739868,-0.34586154626797616,1.05841412976159,4.488935470581055,15.596418380737305,9.832305576383453,1.4632871238905252,4.5048032406721585,15.658451500937797,9.919464791964547,1.4609906660643168,30.677169726513462,76.7229371606984,10.653237678836838,194,D,64.11601928710937,0.98862594,1
-1.825723648071289,2.1104695796966557,-0.048240792157051245,0.764580479723314,-4.192225456237793,2.289931297302246,-0.06782970144751196,1.1260413968429537,4.297509670257568,14.510076522827148,9.886349670627574,1.7084586388941172,4.4628832030019066,14.524566109197153,9.980731560396016,1.7038834554772648,30.677314074191422,76.7228196270044,9.175354977712836,193,D,66.11601928710937,0.9783336,1
-1.5984054803848269,1.0671988725662231,-0.1018747343015833,0.46409085402291356,-2.124826431274414,2.4765713214874268,0.10946233425931184,0.8070050008420941,7.16650390625,12.385250091552734,9.921274975791496,0.906275923153708,7.227770320630302,12.387265519959113,9.966160176166577,0.9042579241723083,30.677444038120957,76.72271600179295,8.487067625884942,193,D,68.11601928710937,0.052138545,0
-1.1940184831619265,1.107876896858215,0.02955694010220661,0.423924237145444,-2.4335005283355717,1.1700903177261353,-0.6218859263275958,0.6368178839472569,7.599604606628418,11.964113235473633,9.926444952969725,0.7448318320180086,7.673687730447491,11.987100772634742,9.975926976060771,0.7367695194939506,30.67756055157318,76.72262145380867,7.464259980943304,193,D,70.11601928710937,0.04652841,0
-1.093519926071167,0.7848458290100098,-0.12197196459484533,0.37102681728553766,-2.25403904914856,0.5742774605751038,-0.8117991755028868,0.5658762726599799,8.4562349319458,11.71286678314209,9.960229626591342,0.5639268952826935,8.576346400950252,11.715874656559764,10.017406811523243,0.5545452611804675,30.67764893436493,76.72254777721136,5.077158584053853,193,D,72.11601928710937,0.00656656,0
-0.9930213689804076,0.8087740540504456,-0.07268973511711264,0.34021025822266443,-1.5122638940811155,1.1270195245742798,0.05776249114761776,0.4863764201764765,8.394021987915039,11.174481391906738,9.8723646717368,0.4902217841377944,8.399374802107676,11.194160530771201,9.89063210075674,0.490126108016138,30.677704371513066,76.72249517020894,3.5114902320410306,193,D,74.11601928710937,0.4647385,0
-0.3780659735202789,1.0001999139785769,0.14705320913827172,0.2754647209973352,-1.3256237506866455,0.6173482537269592,-0.18791716413601384,0.36779022413973983,9.066405296325684,10.825129508972168,9.898859290879008,0.3141892922759404,9.117573658220508,10.82598632139739,9.912292418779403,0.31729661988832103,30.677740742233023,76.72245699320702,2.2403603187456387,193,D,76.11601928710937,0.22420293,0
-0.5168496966362,0.5048855543136597,0.004599675053605143,0.23644098654352919,-0.1363908946514129,0.4283152520656585,0.16760916749758578,0.11005886883876048,9.454042434692385,10.313065528869627,9.879146427688204,0.14380194351081393,9.45582794998475,10.313733110312096,9.884013207648792,0.1436221934586583,30.677764757847154,76.7224349170945,1.4256381630010113,193,D,78.11601928710937,0.6856668,1
-0.5359922647476196,0.4211367964744568,-0.06223818467727288,0.22864679539078886,-0.7010970115661621,0.8327022790908813,-0.09726266048298521,0.37284599288778003,9.48036289215088,10.131211280822754,9.882171546856974,0.1178553600274121,9.509415151885355,10.132400840612863,9.892532976323805,0.1167166995504345,30.67777924566201,76.72242251245136,0.6838111196444364,193,D,80.11601928710937,0.040037543,0
-0.5024927258491516,0.3948157429695129,-0.04662904619490197,0.22648472914367299,0.2392822653055191,0.6484549641609192,0.44339127545220863,0.07301285575977251,9.619147300720217,10.147960662841797,9.861218877406936,0.09696968210772137,9.622189930343598,10.155474593509808,9.87416217404347,0.09673948936075231,30.677781235422206,76.7224203291556,0.0,193,D,82.11601928710937,0.5258859,1
-0.5120640397071838,0.3613162338733673,-0.04605873680306801,0.22900514278275538,0.2703889608383178,0.8542376756668091,0.44885881376390013,0.06831509878220814,9.473184585571287,10.2747802734375,9.859706256056079,0.12424354800510466,9.484446641989539,10.31329028045036,9.872910221906315,0.12487439762460827,30.6777812,76.7224204,0.0,193,D,84.11601928710937,0.53336227,1
-0.4378865361213684,0.3397808074951172,-0.042170415666031164,0.22195679986944805,0.2919243574142456,0.5886343717575073,0.4461750829035474,0.06705984996166425,9.485149383544922,10.15753173828125,9.85514840883078,0.1414523491507446,9.496038805369626,10.16884976966349,9.868058071793795,0.14142564092854942,30.6777812,76.7224204,0.0,194,D,86.11601928710937,0.5291213,1
-0.4953143000602722,0.3780659735202789,-0.051402293316962035,0.23144661222336588,0.2799602448940277,0.6269195079803467,0.44624282581818536,0.07216804467207373,9.506684303283691,10.19581699371338,9.861640396513469,0.11566360416471637,9.51749524496409,10.21246611633839,9.874839787485755,0.11584112955658647,30.6777812,76.7224204,0.0,193,D,88.11601928710937,0.58917993,1
-0.4713860750198364,0.4426721930503845,-0.0440378543061875,0.21843756702324668,0.2488535493612289,0.6460621356964111,0.4447178654565712,0.06908355894438477,9.470791816711426,10.272387504577637,9.866574781546321,0.11651370300275246,9.474128666251097,10.28666039301226,9.8793372462576,0.11734461560778767,30.6777812,76.7224204,0.0,193,D,90.11601928710937,0.48531592,0
-0.4785645306110382,0.3110669553279876,-0.04390147622250059,0.17248576356051562,0.2679961323738098,0.6340979933738708,0.44675114472913,0.07361569406702147,9.399007797241213,10.49252700805664,9.866525195423186,0.14610664003337787,9.4098609122361,10.522270716986837,9.878493871641298,0.14734294724552383,30.6777812,76.7224204,0.0,193,D,92.11601928710937,0.48518568,0
-0.3852444589138031,0.3110669553279876,-0.04493051439335502,0.17401229568980808,0.2344966232776641,0.5982056856155396,0.4444327111997753,0.07381799286190459,9.425328254699709,10.219745635986328,9.862136272568776,0.12814936687358833,9.435285496226149,10.234896139388335,9.874045264664286,0.12904569476389424,30.6777812,76.7224204,0.0,193,D,94.11601928710937,0.2697729,0
-0.380458801984787,0.4019941985607147,-0.042041769035286,0.18200529908452137,0.2153540402650833,0.6819544434547424,0.44635440887873656,0.08502578974493634,9.492327690124512,10.15753173828125,9.866463216475255,0.1303075459612967,9.503637248672272,10.176842260904854,9.878670900126451,0.13150204589369935,30.6777812,76.7224204,0.0,193,D,96.11601928710937,0.19213705,0
-0.3708875179290771,0.3158525824546814,-0.043442749337491045,0.17138974697862727,0.275174617767334,0.641276478767395,0.4442467400755907,0.0754665810347111,9.533005714416504,10.15753173828125,9.861776732410174,0.1266336384346019,9.542133590783576,10.171489020187094,9.87363104082366,0.12805684961621433,30.6777812,76.7224204,0.0,193,D,98.11601928710937,0.19601595,0
-0.366101861000061,0.3421736359596252,-0.04613312490047993,0.17765855123585284,0.1890329867601394,0.7226324677467346,0.4473710479359553,0.09244810669263641,9.57607650756836,10.183853149414062,9.86522341021602,0.12352988671212342,9.579623231193576,10.208457805076508,9.877485065074232,0.12473848092507037,30.6777812,76.7224204,0.0,193,D,100.11601928710937,0.16936027,0
-0.3900300860404968,0.3397808074951172,-0.04108712096201555,0.1680011936455889,0.2392822653055191,0.672383189201355,0.44620563228822124,0.08621049186808995,9.499505996704102,10.29153060913086,9.867331045279231,0.14833387682671986,9.509411156933197,10.30816844457475,9.879295060489449,0.1489908443619363,30.6777812,76.7224204,0.0,193,D,102.11601928710937,0.22082932,0
-0.3708875179290771,0.3302095234394073,-0.04723655041958654,0.17919585621486028,0.236889436841011,0.672383189201355,0.44440791466384355,0.08514720867137042,9.499505996704102,10.262816429138184,9.85947073308915,0.14986403127869866,9.503042436466759,10.280966917776723,9.871565554831522,0.15134975889305013,30.6777812,76.7224204,0.0,193,D,104.11601928710937,0.21871904,0
-0.366101861000061,0.3182454109191894,-0.045922357367033165,0.17379671208096306,0.1435693651437759,0.6843472719192505,0.4450526138661439,0.08873325240488668,8.94676399230957,10.514062881469728,9.860264204944354,0.14590133505401867,8.95189566569324,10.522158820526819,9.872319654089644,0.1471788625466338,30.6777812,76.7224204,0.0,193,D,106.11601928710937,0.29215568,0
-0.4043870270252228,0.382851630449295,-0.0434408316523144,0.17846573751733147,0.1627119332551956,0.6556333899497986,0.446125745466075,0.0889723617119423,9.360722541809082,10.277173042297363,9.859699731020584,0.15828136280716676,9.373100517866282,10.293290369160092,9.871869384219535,0.16002507255729645,30.6777812,76.7224204,0.0,194,D,108.11601928710937,0.25462875,0
-0.3852444589138031,0.3038884699344635,-0.04646787125076809,0.17413479582102986,0.2033899277448654,0.6652047038078308,0.4476809991919315,0.08292994061712333,9.504291534423828,10.289137840270996,9.868174172436017,0.15807733914898164,9.507271854142134,10.303369464886076,9.880298774619263,0.1591348774003147,30.6777812,76.7224204,0.0,193,D,110.11601928710937,0.27970365,0
-0.3708875179290771,0.3373879790306091,-0.04486852406205638,0.17349210849615615,0.2943171858787536,0.6245267391204834,0.4455609332403371,0.0700362805203696,9.643074989318848,10.076175689697266,9.860660933459979,0.0889508377561361,9.653020262647185,10.089010967251063,9.872583944889813,0.09041498374886629,30.6777812,76.7224204,0.0,193,D,112.11601928710937,0.1647388,0
-0.4139583110809326,0.3684946894645691,-0.049666566957618286,0.17996720312219774,0.275174617767334,0.6101697683334351,0.44609404938208624,0.0761237181707766,9.614361763000488,10.124032974243164,9.863041358908223,0.10884816303128941,9.62551574366095,10.136789297644228,9.875174809765255,0.10956701210874346,30.6777812,76.7224204,0.0,193,D,114.11601928710937,0.22711651,0
-0.6101697683334351,0.4426721930503845,-0.04324438046408248,0.28039109394140366,0.1124626621603965,0.6843472719192505,0.44877202781834136,0.07872474269439114,9.635896682739258,10.387243270874023,9.862223091520793,0.12357782936389211,9.649386106007764,10.393043185266436,9.87682736565679,0.12280120486877649,30.6777812,76.7224204,0.0,193,D,116.11601928710937,0.84795886,1
-0.5431707501411438,0.363709032535553,-0.049269830775471306,0.2408618109176773,0.2536391913890838,0.607776939868927,0.44792895845180963,0.06932117550638046,9.60478973388672,10.088140487670898,9.861702419933259,0.0969666131520751,9.616054848510501,10.103310395348773,9.875182976700664,0.09605220164884372,30.6777812,76.7224204,0.0,193,D,118.11601928710937,0.6901188,1
-0.4761717021465301,0.3756731450557709,-0.05106754640450248,0.23697949352515266,0.1794617027044296,0.7010970115661621,0.4462552231982582,0.08855642417328986,9.360722541809082,11.152946472167969,9.8620867309175,0.23541922767504025,9.373464884530557,11.164990071897604,9.87552756411583,0.23640086807778843,30.6777812,76.7224204,0.0,193,D,120.11601928710937,0.81613123,1
-0.5024927258491516,0.3541377484798431,-0.04245090590297713,0.23490344446870662,0.2416750937700271,0.6652047038078308,0.4466519617509348,0.08320507506496044,9.51386260986328,10.131211280822754,9.865483768245717,0.11417952295340449,9.520485703343253,10.145872111518488,9.87882353420688,0.11425975699970124,30.6777812,76.7224204,0.0,193,D,122.11601928710937,0.6197723,1
-0.4737788736820221,0.366101861000061,-0.049207839953177485,0.23171430107625235,0.2249253243207931,0.6484549641609192,0.447309059259805,0.0797192387193415,9.518648147583008,10.28195858001709,9.866822781340446,0.1375370856450634,9.529938186827474,10.293536118762823,9.88011851432839,0.13754952375763443,30.6777812,76.7224204,0.0,193,D,124.11601928710937,0.61365587,1
-0.4570291340351105,0.3469592928886413,-0.04821599511202869,0.22799717934359046,0.2033899277448654,0.6819544434547424,0.4456105250768711,0.10758784940896976,9.265008926391602,10.418350219726562,9.864082791027009,0.2569518545417034,9.276443172062178,10.431697564928802,9.877436131683803,0.25857379926817764,30.6777812,76.7224204,0.0,193,D,126.11601928710937,0.64896894,1
-0.5144568681716919,0.3613162338733673,-0.04655465808060078,0.23731615569135747,0.2129612118005752,0.6699903607368469,0.4458708854228104,0.08424186560381879,9.425328254699709,10.24367332458496,9.8741252138207,0.1552857418896572,9.432734651048046,10.256132348180428,9.887487075106836,0.1563507971467439,30.6777812,76.7224204,0.0,193,D,128.11601928710937,0.72753483,1
-0.4833501875400543,0.3948157429695129,-0.0456733098217603,0.2412506833995774,0.2823530733585357,0.5934200286865234,0.4458790641162813,0.0668781262575399,9.516255378723145,10.226923942565918,9.862573540087828,0.13499738785210624,9.523839355184187,10.235961896337107,9.875924521246468,0.13514712749421037,30.6777812,76.7224204,0.0,194,D,130.11601928710937,0.6620023,1
-0.4833501875400543,0.4235295951366424,-0.0448437289243149,0.23573209655619418,0.2033899277448654,0.7034898400306702,0.44745783345686957,0.0890744506808991,9.370293617248535,10.375279426574709,9.856792771136822,0.17407626041988794,9.378315854433929,10.400061292861011,9.87024481438213,0.17511976929008524,30.6777812,76.7224204,0.0,193,D,132.11601928710937,0.5868176,1
-0.5024927258491516,0.3732803463935852,-0.047174560268037985,0.24446780325919415,0.1962114572525024,0.6460621356964111,0.44832569823981566,0.0817413325179046,9.506684303283691,10.25324535369873,9.865533369192805,0.13816347409694996,9.518878492487843,10.268470214927456,9.879186849596337,0.1384648623477102,30.6777812,76.7224204,0.0,193,D,134.11601928710937,0.70460457,1
-0.6269195079803467,0.4283152520656585,-0.04974095519255712,0.23867487337882182,0.1866401731967926,0.9523434042930604,0.46549699026994756,0.11366738966490778,9.4061861038208,10.327422142028809,9.862483459433125,0.16674622602362243,9.418111612538027,10.346244035591996,9.877110261402645,0.1677043732559391,30.6777812,76.7224204,0.0,193,D,136.11601928710937,0.608173,1
-1.3854442834854126,1.4883357286453247,-0.05171224437267978,0.43245368974771753,-1.679761528968811,3.684946775436402,0.6161952223966545,0.8015922744829783,6.38883638381958,12.576675415039062,9.856272022958864,0.9042877734394287,6.597265388022985,12.85186905574235,9.915830749565691,0.9230775646341466,30.677777392829775,76.7224145279239,0.2516603954283486,193,D,138.11601928710937,0.07137546,0
-1.155733346939087,1.2634103298187256,-0.002144862756548073,0.4509138504067307,-1.1054840087890625,4.47697114944458,1.6410424020720424,0.9601239939557974,5.718846321105957,13.746766090393066,9.799117019139423,1.4170863214005287,5.933828863540171,14.019234416998183,9.985853627002827,1.4600484537356169,30.67778336064874,76.7224052019016,1.0494026643291692,193,D,140.11601928710937,0.9999956,1
-0.9260223507881165,0.8733802437782288,0.04610832807743063,0.29611139690247734,-1.5314065217971802,3.294916868209839,1.3347859067210224,1.0185436199726672,8.226524353027344,11.365907669067385,9.80282406979892,0.6632072938802117,8.424709579895067,11.652849094472382,9.94767286613355,0.6984988663820506,30.677822456533242,76.72237442312903,3.751621062650404,193,D,142.11601928710937,0.735059,1
-0.969093143939972,0.5359922647476196,-0.14120133215479475,0.22988822153927185,-0.5982056856155396,2.895315408706665,0.6334780961989276,0.6537386298113862,8.80798053741455,11.447263717651367,9.871013305347818,0.4161329794671887,8.829114535196823,11.798751475454251,9.915276419858802,0.4458911905635191,30.677883469412887,76.72232605950545,4.113132426461262,193,D,144.11601928710937,0.0056631216,0
-1.2059825658798218,0.7058826684951782,-0.0015001628726450604,0.35320495699448723,-1.938186287879944,3.25663161277771,0.24492337484602753,0.9942652816716179,8.176275253295898,11.901900291442873,9.841766312950016,0.5733575731161427,8.232591690720854,11.907477907847396,9.900574047862769,0.583989289431963,30.677951138222248,76.72226854251107,4.807265241258275,193,D,146.11601928710937,0.017068662,0
-0.9786644577980042,0.9284151792526244,-0.11334292524146794,0.3286474896397736,-1.397408366203308,1.1581261157989502,-0.09349365570037167,0.4610813521741126,8.906085968017578,10.963912963867188,9.905678250011384,0.4248982146738976,8.931424000391909,10.971169714103203,9.92290242046089,0.42567652944558043,30.678010958243558,76.72221888307541,3.7100378992425553,193,D,148.11601928710937,0.074375466,0
-0.8973084688186646,0.7393822073936462,-0.1461357548905276,0.29858732145201616,-0.9547362327575684,1.404586911201477,0.10369724394280676,0.46227115292804283,8.810373306274414,11.143375396728516,9.890118717529614,0.5048860419481331,8.813835731140884,11.153327088596308,9.906994101167651,0.5057507550494266,30.67805843214999,76.72217916490614,2.8360560666191077,193,D,150.11601928710937,0.15133859,0
-0.7680960893630981,0.5527420043945312,-0.09772337110804337,0.3042794227796229,-1.0600204467773438,1.5553346872329712,0.2662200208683738,0.5300859040649345,8.307880401611328,11.179266929626465,9.868062250392953,0.5176826225550114,8.332303738698265,11.199281989841504,9.890970586720048,0.518988167063606,30.67809598116333,76.72214574470316,2.4467691889882293,194,D,152.11601928710937,0.41626802,0
-0.914058268070221,0.8422735929489136,-0.08548451795295807,0.3438536305546948,-2.988635540008545,3.553341627120972,0.4786265178057582,0.7734957247242558,8.219346046447754,11.703295707702637,9.873046583462255,0.5779923877105141,8.292900120022413,11.937804794909097,9.92052427289896,0.5892742078679497,30.678128493488536,76.72211749682647,2.096774791955694,193,D,154.11601928710937,0.010073027,0
-0.8781659007072449,0.7704889178276062,-0.0486747232963056,0.3185433125295299,-1.3591232299804688,3.1034910678863525,0.5342689447341381,0.8111693258551,7.975277900695801,12.313465118408203,9.854375152390238,0.6770343766514186,7.9943803743076565,12.532875707315544,9.905512771062497,0.7036902618996977,30.678162003433282,76.722088674466,2.394534603566056,193,D,156.11601928710937,0.05171845,0
-1.3758729696273804,0.849452018737793,-0.1758786620285092,0.36219791708590565,-2.5603201389312744,3.153740167617798,0.5803648721489457,1.0416891139308102,8.470592498779297,12.308679580688477,9.853581611356587,0.5986622881730851,8.477427535264592,12.727089498636174,9.93081272336455,0.6438058637592347,30.678197061097414,76.72205773412182,2.550152363483916,193,D,158.11601928710937,0.16828376,0
-0.6508477330207825,0.6460621356964111,-0.06427146387021082,0.251385447107582,-1.8400806188583372,0.7561319470405579,-0.2984953258244485,0.6608651071713166,8.38684368133545,10.916056632995604,9.904996328403294,0.37978107635232977,8.38833488150101,10.943383582877116,9.934939424937902,0.3785923506276467,30.678230054557066,76.72202926817079,1.6660895066426464,193,D,160.11601928710937,0.035714027,0
-0.6460621356964111,0.5048855543136597,-0.06707342254441868,0.2452069541475416,-1.3112667798995972,1.093519926071167,-0.1199262872425154,0.6704852436764892,9.119047164916992,10.645668029785156,9.883473337005457,0.23197257972183447,9.13492009670507,10.646549233991342,9.91007781620778,0.23616144579682508,30.678246777351383,76.7220140396288,0.7475006412794214,193,D,162.11601928710937,0.021233648,0
-0.4642075896263122,0.3756731450557709,-0.06921828491854544,0.20848770890808804,0.2416750937700271,0.6293123364448547,0.42941867880561807,0.07894829462362413,9.523433685302734,10.19581699371338,9.868608079426028,0.10232899272089027,9.532077892377549,10.20892949542847,9.880706159466223,0.10214680129180395,30.678249870648283,76.7220117,0.0,193,D,164.11601928710937,0.40804625,0
-0.4689932465553283,0.3014956414699554,-0.06678826714639065,0.21114351729938174,0.229710966348648,0.5982056856155396,0.42800530127293085,0.0727542220995695,9.547362327575684,10.191031455993652,9.869029618297834,0.11500563388549197,9.562124047382277,10.20632107342298,9.881054389601912,0.1151521804877695,30.6782498,76.7220117,0.0,193,D,166.11601928710937,0.5335739,1
-0.48574298620224,0.3948157429695129,-0.07617358628834159,0.2222817162919802,0.2536391913890838,0.5862415432929993,0.4298402118868161,0.07389613325371822,9.437292098999023,10.246066093444824,9.86585571111175,0.16238010992769117,9.446242371821192,10.25889838531371,9.878278013507385,0.16289420905467664,30.6782498,76.7220117,0.0,193,D,168.11601928710937,0.547196,1
-0.5383850932121277,0.3110669553279876,-0.06485417204030784,0.21963077003333084,0.2153540402650833,0.6101697683334351,0.43064608513691266,0.06773902292257285,9.664610862731934,10.169496536254885,9.869674351548902,0.0954019253418501,9.673626100262076,10.184336410654764,9.881952371915855,0.09528387489224682,30.6782498,76.7220117,0.0,193,D,170.11601928710937,0.63740915,1
-0.8422735929489136,0.9284151792526244,-0.07079283562440598,0.3517045197874599,0.1507478207349777,2.794816732406616,1.1447486666663322,0.6433011503572809,8.35573673248291,11.60279655456543,9.820838399501662,0.41218282237340464,8.402231784811303,11.79870350379004,9.913898739702406,0.4317023300992957,30.678250446502485,76.72201124744825,0.2715310353580024,193,D,172.11601928710937,0.14400078,0
-0.976271629333496,1.277767300605774,-0.07092921339805416,0.340140094538778,-1.3495519161224363,3.3092737197875977,0.3509762504818449,0.9196451266397635,7.659425258636475,11.849257469177246,9.875278208539894,0.5872106547141234,7.789775570163464,12.003016356286636,9.92990759212855,0.5937415139950398,30.67826770612408,76.72199725079408,1.6915378469945932,193,D,174.11601928710937,0.0022055462,0
-0.4307080805301666,0.3589234054088592,-0.04070278090169084,0.17847083717857787,-0.6173482537269592,0.8733802437782288,-0.1675223813517685,0.23447017596841604,9.336793899536133,10.535597801208496,9.900595052254632,0.2111073749407454,9.338369767058458,10.53632192722169,9.906478041726844,0.21116365462818537,30.678284904239796,76.7219829071485,0.6949043829244708,193,D,176.11601928710937,0.045984205,0
-0.4905286431312561,0.3134597539901733,-0.057006210223844014,0.2192165197495849,0.229710966348648,0.914058268070221,0.46542260236073035,0.11284966910250886,9.489934921264648,10.191031455993652,9.858280488246463,0.12017222538436717,9.515868186954304,10.228834405496968,9.872509628043264,0.11978326271968821,30.678287635353573,76.7219809,0.0,193,D,178.11601928710937,0.35179654,0
-0.7322037220001221,0.8997012972831726,-0.06326722183839027,0.2648908971346723,-0.5694918036460876,2.2372891902923584,0.7468210197020071,0.4633216495154795,8.252845764160156,10.875378608703612,9.845597326446692,0.3664332696558849,8.311937907481656,10.944143982986452,9.888041704835743,0.37850999220159953,30.678288375616678,76.72197999511388,0.13573291429232925,193,D,180.11601928710937,0.049308132,0
-1.3663017749786377,1.6701902151107788,-0.07358239711276762,0.52125262307661,-0.7465606927871704,3.641875982284546,1.1835793413009514,0.8583972477836854,6.853044033050537,12.69153118133545,9.80426223043333,1.0007815527401835,7.064808739293798,12.944019006078522,9.921213959658118,1.053308940661571,30.6782979007673,76.72197181638073,1.194219346543317,193,D,182.11601928710937,0.9997907,1
-0.6867401003837585,0.3589234054088592,-0.06816445028172913,0.19983557819286618,-0.7992027401924133,1.031306505203247,0.17122939593940395,0.38257975989492987,8.855836868286133,10.794022560119627,9.885295823448063,0.35025224320052384,8.878437366885738,10.799398839921626,9.896282298159285,0.3544210143245085,30.678321955027737,76.72195046782275,1.7253250012598158,193,D,184.11601928710937,0.20966423,0
-0.8733802437782288,0.8709874153137207,-0.07794650751069536,0.26975075598809367,-0.5742774605751038,2.335394859313965,0.43889078410183097,0.41934543741373337,8.910871505737305,11.078768730163574,9.868273374330194,0.4037327776019523,8.940413153826533,11.091831370838635,9.890917745669702,0.4035870900550461,30.678343393025397,76.72193217653717,1.303043735732398,193,D,186.11601928710937,0.020912623,0
-0.914058268070221,0.4737788736820221,-0.0941507521379797,0.25446231935746483,-0.6197410821914673,1.3950155973434448,0.32042746754107426,0.2748326651314268,8.922835350036621,10.77248764038086,9.872873034501941,0.3108405251940341,8.951120026699495,10.784950799505864,9.88559236665999,0.31165612397503917,30.678362703078943,76.72191662461377,1.3036922608086818,193,D,188.11601928710937,0.4757165,0
-0.945164918899536,0.7489534616470337,-0.06722336117915499,0.29899275645698603,-0.4594219326972961,2.861815929412842,0.6978193650817653,0.5929692976302986,8.547162055969238,11.066804885864258,9.856559922297796,0.4977685192506545,8.64624758389143,11.121148137364818,9.903594954785985,0.5008333805358572,30.678381278995644,76.7219015259491,1.3651701115610972,192,D,190.11601928710937,0.027032789,0
-0.6436693072319031,0.3373879790306091,-0.09772138818591794,0.19931514799866445,-0.6939185857772827,1.0097711086273191,0.0070296910813396766,0.3068454350770878,8.96112060546875,10.829915046691896,9.869004803000337,0.32337197988331284,8.961740353831837,10.834448354229504,9.876263595780017,0.3236080363692746,30.678402527998454,76.72188572900116,1.1969048348821751,193,D,192.11601928710937,0.12720305,0
-0.6364908218383789,0.3852444589138031,-0.09700230230128518,0.23057745887695405,-0.5599204897880554,0.8662018179893494,0.07603720809125529,0.39059369661936594,9.41336441040039,10.279565811157228,9.876431247730947,0.16333176540983205,9.425551766298918,10.286381091213517,9.88763659083128,0.16166201919290227,30.678411323250362,76.72187775954906,0.19795959412033398,193,D,194.11601928710937,0.07184241,0
-0.4977070987224579,0.2679961323738098,-0.09581157897680652,0.22210887333784898,0.2129612118005752,0.5886343717575073,0.42478768973006414,0.08301226751716997,9.609575271606444,10.198209762573242,9.866335465735997,0.11188609435918984,9.617215741271036,10.208479357302075,9.87879178383336,0.11142145396348699,30.6784116,76.7218772,0.0,194,D,196.11601928710937,0.55493855,1
-0.4713860750198364,0.2488535493612289,-0.08906755393486798,0.21534118591562035,0.1674975901842117,0.6771687865257263,0.42470742275677814,0.08219908727487221,9.399007797241213,10.310672760009766,9.85668117641785,0.1604239022650785,9.4100215474754,10.32776901756562,9.868909201765536,0.161148222715798,30.6784116,76.7218772,0.0,193,D,198.11601928710937,0.54233634,1
-0.5048855543136597,0.2656033039093017,-0.09824210654225181,0.21827221482157086,0.2488535493612289,0.6221339106559753,0.42662911935482617,0.07880692120665811,9.45164966583252,10.279565811157228,9.863859646060924,0.1705864875180591,9.466540676411613,10.292042857946013,9.876285767357757,0.17124110479668372,30.6784116,76.7218772,0.0,193,D,200.11601928710937,0.61107945,1
-0.5000999569892883,0.3254238665103912,-0.09762220497489207,0.22605382721099063,0.2177468538284301,0.6556333899497986,0.4236411904732798,0.08208357669055674,9.547362327575684,10.28195858001709,9.869847885685264,0.12576878907800612,9.565969231577853,10.296249897897985,9.882348992393114,0.12543311742774535,30.6784116,76.7218772,0.0,193,D,202.11601928710937,0.54243433,1
-0.4809573590755462,0.2895315289497375,-0.09185711459927454,0.2210069069264193,-0.0119641134515404,0.7848458290100098,0.4235172103366626,0.08981391747307532,9.04726219177246,10.717453002929688,9.861776796647304,0.19791998487855067,9.050391748443854,10.746158615306758,9.874155130379012,0.19897114903979715,30.6784116,76.7218772,0.0,193,D,204.11601928710937,0.66486806,1
-0.5670989751815796,0.3852444589138031,-0.09951910569086439,0.22987213600016781,0.117248311638832,0.6843472719192505,0.4285756119483493,0.102777959593805,9.207581520080566,10.25324535369873,9.86288016818348,0.16007782706138515,9.225994932750964,10.261747935671279,9.875893540012838,0.16044477067934337,30.6784116,76.7218772,0.0,193,D,206.11601928710937,0.5885177,1
-0.4905286431312561,0.2775674164295196,-0.0931456070963274,0.2094100764361305,0.2033899277448654,0.6245267391204834,0.42380378449646133,0.09038045541731166,9.394221305847168,10.26042366027832,9.869770223895708,0.138713121554856,9.404552424253165,10.272100998521628,9.881937730121134,0.13863354322640997,30.6784116,76.7218772,0.0,192,D,208.11601928710937,0.5248348,1
-0.5910272002220154,0.3349951803684234,-0.09257620023660014,0.22316539557308604,0.2033899277448654,0.6699903607368469,0.4285508162617066,0.1000934885763432,9.504291534423828,10.179067611694336,9.866773140862815,0.12147244095655237,9.533027327284827,10.189853786066301,9.879546178316964,0.1207589867131282,30.6784116,76.7218772,0.0,193,D,210.11601928710937,0.5605552,1
-0.5623133182525635,0.3326023519039154,-0.0858068680631991,0.23047870640494314,0.0454636290669441,0.6915257573127747,0.42490579230334474,0.11811853273770054,9.468399047851562,10.269994735717772,9.866797985808219,0.14796239165911912,9.498179352290993,10.280611161514193,9.87970212492227,0.14853099919875715,30.6784116,76.7218772,0.0,193,D,212.11601928710937,0.60970086,1
-0.5575276613235474,0.3684946894645691,-0.09402677096629158,0.2378873956847001,0.0263210497796535,0.6580262184143066,0.4260836046555808,0.11797163168816262,8.444271087646484,11.729616165161133,9.866810383574332,0.23988539771949985,8.46456129379879,11.741969404582667,9.880025829237683,0.23974518507990805,30.6784116,76.7218772,0.0,193,D,214.11601928710937,0.9062424,1
-0.5982056856155396,0.3469592928886413,-0.10007701770986377,0.23554897846915188,0.1746760457754135,0.6508477330207825,0.4260464114537511,0.11735181063192968,9.595218658447266,10.140782356262209,9.862657013334758,0.13460487017776948,9.60884389675231,10.158259236047558,9.875861672667629,0.13514354958407732,30.6784116,76.7218772,0.0,193,D,216.11601928710937,0.5852773,1
-0.5886343717575073,0.3541377484798431,-0.09391212202584583,0.2383435294895206,0.1746760457754135,0.6867401003837585,0.42762453946256146,0.1181784687991772,9.523433685302734,10.262816429138184,9.86571878256257,0.15003513961027412,9.53514410171824,10.275944288335511,9.879001156412025,0.15069775475045907,30.6784116,76.7218772,0.0,194,D,218.11601928710937,0.6144799,1
-0.6245267391204834,0.3708875179290771,-0.10085809422738927,0.23670951670571175,0.1818545162677765,0.6915257573127747,0.42550089669659963,0.11617986582238225,9.497113227844238,10.17428207397461,9.865421799180421,0.14518727894779768,9.503207875401356,10.185567438940685,9.878617788983385,0.1459099916930833,30.6784116,76.7218772,0.0,193,D,220.11601928710937,0.59913546,1
-0.5790630578994751,0.3349951803684234,-0.09661796262217541,0.2413123490520206,0.1579262912273407,0.6819544434547424,0.4250917599145613,0.12382685570590639,9.56650447845459,10.222138404846191,9.862061950209227,0.15288921330172942,9.589288711802082,10.231464031113937,9.875403281207053,0.1537980165059278,30.6784116,76.7218772,0.0,193,D,222.11601928710937,0.61165226,1
-0.5886343717575073,0.3900300860404968,-0.09446070295845405,0.243904623363277,0.1651047617197036,0.7010970115661621,0.42536451818103,0.12894035538075613,9.525827407836914,10.217352867126465,9.864578756026036,0.15892732621139485,9.54262800501358,10.238976345710483,9.878028606884454,0.160298623524036,30.6784116,76.7218772,0.0,193,D,224.11601928710937,0.5873742,1
-0.605384111404419,0.3565305769443512,-0.09764700096554166,0.23515581913053377,0.1268195956945419,0.7106683254241943,0.42629437210337484,0.13723378305281744,9.523433685302734,10.217352867126465,9.864281184932729,0.16070433028107978,9.547041665780682,10.23710873804147,9.877694265877338,0.1625372757535636,30.6784116,76.7218772,0.0,193,D,226.11601928710937,0.58145005,1
-0.5694918036460876,0.3780659735202789,-0.09920915455190668,0.23917325862487462,0.131605252623558,0.7417750358581543,0.427782137313655,0.14267280687900105,9.262616157531738,10.480563163757324,9.861627964158131,0.19166368704873518,9.285654355290468,10.49519014659058,9.87529132437028,0.1935503087865517,30.6784116,76.7218772,0.0,193,D,228.11601928710937,0.59877205,1
-0.6005984544754028,0.3924229145050049,-0.0941011599636603,0.2424116739034725,0.117248311638832,0.7010970115661621,0.42233939553789523,0.14222596997274795,9.45882797241211,10.286744117736816,9.860115436692311,0.16916533204547782,9.468315813002544,10.306420305871399,9.87357030960239,0.1712305910502166,30.6784116,76.7218772,0.0,193,D,230.11601928710937,0.5990856,1
-0.6364908218383789,0.363709032535553,-0.09928354181209338,0.2425984652455089,0.0765703245997428,0.6867401003837585,0.4256868660063941,0.134776344254173,9.482755661010742,10.200602531433104,9.86335131294369,0.16833607239452322,9.498436726000875,10.217637521297766,9.876906506044547,0.1698211840355792,30.6784116,76.7218772,0.0,193,D,232.11601928710937,0.6654517,1
-0.6125625967979431,0.382851630449295,-0.10043656021124958,0.2457200613988527,0.1028913706541061,0.7034898400306702,0.4254513046284414,0.15036038259187767,9.497113227844238,10.265209197998049,9.861541194619292,0.1762724749951356,9.504215187186375,10.284973349290098,9.87539121609102,0.17831981446460668,30.6784116,76.7218772,0.0,193,D,234.11601928710937,0.6191287,1
-0.6293123364448547,0.4737788736820221,-0.09598566261916348,0.24629905291193863,0.0861416161060333,0.7848458290100098,0.424273491137386,0.148549780294457,9.408578872680664,10.226923942565918,9.86249583249265,0.17453347855105056,9.416158972804825,10.24958557987435,9.876238550097396,0.17649245321347137,30.6784116,76.7218772,0.0,193,D,236.11601928710937,0.52616596,1
-0.4977070987224579,0.3517449200153351,-0.09540295434290534,0.1866646230915592,-0.0071784676983952,0.7561319470405579,0.4246950227661068,0.14486471115672245,9.4061861038208,10.2747802734375,9.863400918832097,0.17580003828712143,9.413651353071335,10.28944660202443,9.875785959419233,0.17813499075039177,30.6784116,76.7218772,0.0,193,D,238.11601928710937,0.24751712,0
-0.4043870270252228,0.2775674164295196,-0.10016552964945506,0.1671496867426926,0.2153540402650833,0.6484549641609192,0.4252317192167351,0.08841532267358876,9.571290969848633,10.097711563110352,9.859835359239087,0.0948684216786972,9.588303474463054,10.10929621521247,9.871311156912638,0.09581653074939958,30.6784116,76.7218772,0.0,194,D,240.11601928710937,0.13325398,0
-0.4546363055706024,0.2512463629245758,-0.10006461924163944,0.16054320303142824,0.2679961323738098,0.607776939868927,0.42516614952235643,0.08031400970088225,9.626325607299805,10.097711563110352,9.860338581658398,0.08598909660964507,9.635472930229632,10.106485781218957,9.871633367507581,0.08677194307659557,30.6784116,76.7218772,0.0,193,D,242.11601928710937,0.18264166,0
-0.4139583110809326,0.2536391913890838,-0.09738664138927051,0.16087030549082296,0.2584248483181,0.6245267391204834,0.42502977100678674,0.08969561421120303,9.621540069580078,10.028319358825684,9.862185913046407,0.08712970794832307,9.633114879845431,10.039928477379124,9.873525408201528,0.08864313655105116,30.6784116,76.7218772,0.0,193,D,244.11601928710937,0.13018298,0
-0.4402793645858764,0.2943171858787536,-0.09379120830475435,0.16903080498050513,-0.1579262912273407,1.153340458869934,0.42450905299788927,0.11801519453965095,9.020941734313965,10.925628662109377,9.86005343797911,0.15060423762877456,9.022377630854262,10.98660178995223,9.871736128658172,0.15383422358956092,30.6784116,76.7218772,0.0,193,D,246.11601928710937,0.2078225,0
-0.4737788736820221,0.3278166949748993,-0.09614683714468476,0.16603215954208517,-0.5312066078186035,1.0959128141403198,0.42753417670263527,0.1302736577783386,8.681160926818848,10.277173042297363,9.852329432037829,0.16483560633083802,8.714478120072238,10.287439223828516,9.864322891552234,0.16512872604960124,30.6784116,76.7218772,0.0,193,D,248.11601928710937,0.17061524,0
-0.3948157429695129,0.2967100143432617,-0.09793215602095881,0.1606734567898813,-0.0263210497796535,0.8255237936973572,0.4242734919191179,0.10981286860978481,9.377471923828123,10.645668029785156,9.866091283491857,0.14177437284273992,9.377658145731042,10.675455963313262,9.877574688088423,0.14439181826239253,30.6784116,76.7218772,0.0,193,D,250.11601928710937,0.19538954,0
-0.4163511395454407,0.2488535493612289,-0.100895288839473,0.16899887563472374,0.1674975901842117,0.6436693072319031,0.4262199826499959,0.0888572041016514,9.600004196166992,10.231709480285645,9.863066184088357,0.09979190775894575,9.603934020510907,10.24954301784207,9.87462150094784,0.10090958917150708,30.6784116,76.7218772,0.0,193,D,252.11601928710937,0.19430958,0
-0.4594219326972961,0.2775674164295196,-0.09382840335957822,0.1751768011315568,-0.0741775035858154,0.9619147181510924,0.42535212134141376,0.1197314858376764,9.336793899536133,10.521241188049316,9.871893596155038,0.158902613331006,9.338403182541366,10.575105889509778,9.883718977390682,0.16242883690953847,30.6784116,76.7218772,0.0,193,D,254.11601928710937,0.2967392,0
-0.397208571434021,0.246460735797882,-0.09867603888305705,0.16771768641614815,0.2105683982372284,0.641276478767395,0.4263191684848904,0.09308321873840684,9.487542152404783,10.092926025390623,9.862495842375285,0.10576726594985235,9.493936950214971,10.104683037597397,9.874044955752353,0.10735860101832366,30.6784116,76.7218772,0.0,193,D,256.11601928710934,0.15447794,0
-0.4211367964744568,0.2488535493612289,-0.09844047522987842,0.1674037956676842,0.2584248483181,0.6005984544754028,0.42302128842457587,0.08496162253231636,9.58325481414795,10.085747718811035,9.865409426120896,0.0954917515864061,9.593897115094368,10.10276639533933,9.876734167361864,0.09707755978599227,30.6784116,76.7218772,0.0,193,D,258.11601928710934,0.18249485,0
-0.4067798554897308,0.2321037948131561,-0.101180443657234,0.16429712262488455,0.2512463629245758,0.6221339106559753,0.4261455943547382,0.0865789673530931,9.56889820098877,10.100104331970217,9.862458658959582,0.0966124239944633,9.58190866774743,10.112672861483695,9.87391197251199,0.0980516756545642,30.6784116,76.7218772,0.0,193,D,260.11601928710934,0.15920544,0
-0.3948157429695129,0.2584248483181,-0.09949948596312021,0.17056338581062033,0.2201396822929382,0.6939185857772827,0.4287716162573431,0.0886287175013856,9.63828945159912,10.236495018005373,9.86579276114395,0.09465962327446016,9.64958458395789,10.2600594058216,9.877459841160617,0.09647020855223722,30.6784116,76.7218772,0.0,194,D,262.11601928710934,0.15840131,0
-0.4211367964744568,0.2991028428077698,-0.09428713062338995,0.16570430307437095,0.1411765366792678,0.7250252366065979,0.4305345040065637,0.0985408101834751,9.370293617248535,10.325029373168944,9.859148376346251,0.14318865233488187,9.385474765304728,10.337451546715295,9.87086504569089,0.14405268548894898,30.6784116,76.7218772,0.0,193,D,264.11601928710934,0.17394954,0
-0.4091726839542389,0.2560320198535919,-0.09860164975178057,0.16658024859810236,0.1651047617197036,0.6843472719192505,0.4300757757740317,0.10061324537123076,9.322437286376951,10.33938694000244,9.865458977654807,0.16093230372767342,9.331245602933972,10.354837923219678,9.87721013892005,0.16266339599444735,30.6784116,76.7218772,0.0,193,D,266.11601928710934,0.21682215,0
-0.4402793645858764,0.2799602448940277,-0.09772138869862791,0.16725050646675962,0.1866401731967926,0.7537391185760498,0.43112960936491973,0.10058382582083542,9.449256896972656,10.380064964294434,9.863859626295653,0.15360850217761693,9.455934928644071,10.40570786774215,9.875660362335879,0.1554566010342121,30.6784116,76.7218772,0.0,193,D,268.11601928710934,0.20323005,0
-0.4354937076568603,0.3014956414699554,-0.10152048580494011,0.1742852606731548,0.1914258152246475,0.7322037220001221,0.4331008977411936,0.09590961210496572,9.38943576812744,10.370492935180664,9.867464691400528,0.1521395272974906,9.40177106960068,10.382664123085888,9.879477686411464,0.15291604868267294,30.6784116,76.7218772,0.0,192,D,270.11601928710934,0.22046572,0
-0.5838487148284912,0.3589234054088592,-0.09930833835405697,0.17366491438441975,0.0861416161060333,0.763310432434082,0.43126598772607316,0.11412588309360047,9.305686950683594,10.296316146850586,9.860623745102956,0.1841896594036192,9.31264070422666,10.304667822880083,9.872721781329442,0.18500762010981842,30.6784116,76.7218772,0.0,193,D,272.11601928710934,0.3471342,0
-0.4426721930503845,0.2584248483181,-0.0938408007070789,0.1695288957861696,-0.3254238665103912,1.1198409795761108,0.43543173113133316,0.1440505121424918,9.008976936340332,11.018948554992676,9.863896829476628,0.21801227050949518,9.017347291526693,11.024659192489136,9.87642334614826,0.2194296817155204,30.6784116,76.7218772,0.0,193,D,274.11601928710934,0.31563148,0
-0.4235295951366424,0.2799602448940277,-0.09918435794359237,0.16877992863056007,0.12921242415905,0.7513462901115417,0.43225782955248737,0.10743360960233782,9.370293617248535,10.39920711517334,9.867988210885636,0.22429804168654177,9.373168718161342,10.414545984799783,9.879924171706708,0.22652221934875283,30.6784116,76.7218772,0.0,193,D,276.11601928710934,0.23600991,0
-0.8757730722427368,0.6125625967979431,-0.0980437374613465,0.1978559886046979,-0.1866401731967926,1.098305583000183,0.435865661621557,0.1413706036540423,8.628518104553223,11.26062297821045,9.861392401660662,0.2612850821106446,8.631942758012174,11.303639336962606,9.874424506295044,0.2641869648270406,30.6784116,76.7218772,0.0,193,D,278.11601928710934,0.73835784,1
-0.4666004180908203,0.4019941985607147,-0.09711388535580448,0.17011097105143463,0.0598205663263797,0.7680960893630981,0.43308849997548243,0.10698380200149676,9.34875774383545,10.387243270874023,9.86823612667736,0.17137587677050337,9.35546773300548,10.40873191926798,9.88022540679272,0.1731470065272218,30.6784116,76.7218772,0.0,193,D,280.11601928710934,0.21511431,0
-0.4283152520656585,0.2727817893028259,-0.09737424378481167,0.1739425156721158,0.1794617027044296,0.7704889178276062,0.4330389091233515,0.10624612786911654,9.418149948120115,10.28195858001709,9.863388521065984,0.1501724703363503,9.425624856832268,10.31085792586313,9.87544435854977,0.15209302463820548,30.6784116,76.7218772,0.0,193,D,282.11601928710934,0.18872431,0
-0.4450650215148926,0.349352091550827,-0.09670474968121962,0.1712903196341655,0.1651047617197036,0.7034898400306702,0.4335844222591331,0.09770182673253694,9.360722541809082,10.325029373168944,9.858640077818244,0.1479674743641625,9.365913502918419,10.342919839039222,9.87058915999199,0.14960438652123106,30.6784116,76.7218772,0.0,193,D,284.11601928710934,0.19612911,0
-0.4402793645858764,0.3708875179290771,-0.10047388290050295,0.18840978944144046,0.2009970992803573,0.8087740540504456,0.43543205172130744,0.10506853155487615,9.28175926208496,10.382457733154297,9.864608681079039,0.2010018789405482,9.291328396215796,10.40224817941895,9.877050654689944,0.2025099225675809,30.6784116,76.7218772,0.0,194,D,286.11601928710934,0.21118914,0
-0.4833501875400543,0.2344966232776641,-0.09821731145276538,0.16204496089478182,0.1674975901842117,0.6675975322723389,0.43204706559835937,0.10149922289293983,9.300901412963867,10.296316146850586,9.862111511625773,0.15401938210930968,9.306206954751836,10.317275246567155,9.873891995769979,0.15522326641614606,30.6784116,76.7218772,0.0,193,D,288.11601928710934,0.30669126,0
-0.4354937076568603,0.275174617767334,-0.09939512544084785,0.17401114978830465,0.1244267746806144,0.7680960893630981,0.43250579255695787,0.1044726699754251,9.32004451751709,10.372885704040527,9.86291740101236,0.16664655152665903,9.32432082211909,10.387629861577246,9.874945931430863,0.16878582352901791,30.6784116,76.7218772,0.0,193,D,290.11601928710934,0.23016012,0
-0.4713860750198364,0.3517449200153351,-0.09381600437140565,0.16097659566538117,0.1531406491994857,0.7130611538887024,0.4322578316371058,0.10219284423254381,9.324830055236816,10.29153060913086,9.867380670932908,0.1592761164360848,9.339602031840327,10.31797956630061,9.87910574258822,0.16076389700421112,30.6784116,76.7218772,0.0,193,D,292.11601928710934,0.20183831,0
-0.4450650215148926,0.3254238665103912,-0.10480067281684612,0.1719277216808745,0.2105683982372284,0.6819544434547424,0.435022597177041,0.09308988254691818,9.293723106384276,10.258030891418455,9.859954260791522,0.1613915649877318,9.302292717770188,10.27752349690705,9.872018020464644,0.16265968942523518,30.6784116,76.7218772,0.0,193,D,294.11601928710934,0.21110964,0
-0.3756731450557709,0.2344966232776641,-0.0968535252402831,0.15473251196350504,0.1387837082147598,0.672383189201355,0.43183629739778645,0.09836078048704244,9.351150512695312,10.322636604309082,9.866004494187745,0.17658645806773168,9.355707888894678,10.339467212871623,9.877610363932135,0.17754194249371055,30.6784116,76.7218772,0.0,193,D,296.11601928710934,0.17848435,0
-0.5048855543136597,0.3326023519039154,-0.09691558074552312,0.17346166908189714,0.1363908946514129,0.7154539823532104,0.43068301903951856,0.09491657570337082,9.42772102355957,10.22931671142578,9.857101340568503,0.1427475805304144,9.441612543314989,10.238062867009083,9.8689552097726,0.1432668040791784,30.6784116,76.7218772,0.0,191,D,298.11601928710934,0.24948476,0
-0.6364908218383789,1.184447169303894,-0.09350605435558436,0.1925638100541682,-0.3517449200153351,1.383051514625549,0.43394396525513323,0.18043199357530837,6.412764549255371,11.985648155212402,9.844035173327194,0.44530610412842025,6.453866609965496,12.050942918999567,9.857510662322776,0.446650685324009,30.6784116,76.7218772,0.0,193,D,300.11601928710934,0.033612043,0
-0.605384111404419,0.4283152520656585,-0.10030018193936796,0.18254348275208265,0.1244267746806144,0.7345965504646301,0.43184869489367145,0.10145720944073318,9.45164966583252,10.322636604309082,9.851424375346287,0.17290451065052637,9.463464944101176,10.346655033917472,9.863590431930794,0.17381338934268695,30.6784116,76.7218772,0.0,193,D,302.11601928710934,0.35293114,0
-0.5312066078186035,0.3517449200153351,-0.10239286885553156,0.1693654343265332,0.1411765366792678,0.7489534616470337,0.43236560343454283,0.10995204171043695,9.34157943725586,10.528419494628906,9.854441240429878,0.20542384217533877,9.359956079026176,10.547156025150793,9.866491802273876,0.2067584294009445,30.6784116,76.7218772,0.0,192,D,304.11601928710934,0.32177725,0
-0.4259224236011505,0.275174617767334,-0.09741143800482309,0.1724623713127761,0.2081755697727203,0.6508477330207825,0.43143956116135257,0.09056945543405084,9.489934921264648,10.186245918273926,9.853370908628474,0.13099526293484662,9.498991770723284,10.200365139844454,9.865197681149386,0.13239302371265457,30.6784116,76.7218772,0.0,193,D,306.11601928710934,0.20244221,0
-0.4618147611618042,0.2703889608383178,-0.10280503474353553,0.17872761082228292,0.2105683982372284,0.6699903607368469,0.431892152990877,0.08786292884232971,9.494720458984377,10.26760196685791,9.855950163811752,0.1362426817716435,9.509572625007316,10.282614026668774,9.867942216897571,0.13709582038326912,30.6784116,76.7218772,0.0,194,D,308.11601928710934,0.27631864,0
-0.6436693072319031,0.3038884699344635,-0.10473868267012307,0.18029349539300588,0.2153540402650833,0.6436693072319031,0.4305964933775867,0.08923925462168256,9.516255378723145,10.217352867126465,9.859185564703274,0.1327034662692533,9.53041105796396,10.23583821063927,9.871176395245325,0.13371501025619292,30.6784116,76.7218772,0.0,193,D,310.11601928710934,0.5184343,1
-0.6675975322723389,0.4235295951366424,-0.09570050745517247,0.2604909048442725,0.2321037948131561,0.6317051649093628,0.4312039971969288,0.07292201425421016,9.461220741271973,10.32024383544922,9.859197982234658,0.16477246476134808,9.479088009999382,10.328124714132269,9.872834730387076,0.16228928030367873,30.6784116,76.7218772,0.0,193,D,312.11601928710934,0.79561335,1
-0.5623133182525635,0.3469592928886413,-0.10553215768965145,0.2347186621253565,0.2201396822929382,0.5862415432929993,0.4269514692262047,0.0660198054605905,9.492327690124512,10.183853149414062,9.855577730761908,0.1368441918971521,9.518357001455495,10.193707531051336,9.868411977933617,0.13586696495606568,30.6784116,76.7218772,0.0,193,D,314.11601928710934,0.62886703,1
-0.5240281820297241,0.260817676782608,-0.09558892543693048,0.225885807086097,0.2488535493612289,0.6436693072319031,0.43132797833242564,0.07142403358767928,9.578469276428224,10.241280555725098,9.86500025042598,0.1468706701105095,9.59352242692377,10.264222045699919,9.877737407430283,0.14632669773916254,30.6784116,76.7218772,0.0,193,D,316.11601928710934,0.6471366,1
-0.5264210104942322,0.3158525824546814,-0.10472628554942115,0.2561086875358292,0.2967100143432617,0.5718846321105957,0.43229502470382136,0.05841805142629453,9.554540634155272,10.24367332458496,9.86098328526156,0.15807032515258682,9.570086674248886,10.257837415865284,9.874521998407863,0.15698342171487042,30.6784116,76.7218772,0.0,193,D,318.11601928710934,0.75282836,1
-0.5024927258491516,0.2943171858787536,-0.09902318341686472,0.23048709860255306,0.2895315289497375,0.5527420043945312,0.4307948611869713,0.05408329531712474,9.58325481414795,10.248459815979004,9.857214270478085,0.114391734130293,9.605037304625808,10.262423984035852,9.869963017453937,0.11413932617383143,30.6784116,76.7218772,0.0,193,D,320.11601928710934,0.6112565,1
-0.5479564070701599,0.3517449200153351,-0.09855205826027019,0.24191190145409702,0.2679961323738098,0.6532405614852905,0.4315883372114112,0.06941491363746789,9.42772102355957,10.327422142028809,9.863004140903294,0.16879376515982952,9.448124783972952,10.335911344077775,9.876166906481524,0.16730228108491924,30.6784116,76.7218772,0.0,193,D,322.11601928710934,0.6859148,1
-0.5000999569892883,0.2799602448940277,-0.10064732758183553,0.22377366493207337,0.1842473447322845,0.6508477330207825,0.4316503268140585,0.07459010268804034,9.33440113067627,10.219745635986328,9.861206464816869,0.16051250629646502,9.347817609542492,10.231849366247086,9.873986056924494,0.16014612017931307,30.6784116,76.7218772,0.0,193,D,324.11601928710934,0.6039961,1
-0.5431707501411438,0.3110669553279876,-0.10411270921152511,0.23470940317115815,0.2584248483181,0.5886343717575073,0.4340106709860265,0.07067677144106708,9.442078590393066,10.214960098266602,9.857307692368826,0.1480420760373456,9.456005630676694,10.227020785595917,9.870453358130385,0.14788621298497018,30.6784116,76.7218772,0.0,192,D,326.11601928710934,0.6592941,1
-0.5168496966362,0.2943171858787536,-0.09764700020431816,0.2220140437654583,0.1603191196918487,0.6340979933738708,0.4286500000891908,0.07496563424755809,9.475577354431152,10.344172477722168,9.859817905129546,0.166361702204595,9.489414202815317,10.35629001058569,9.872399185413117,0.16614903942125128,30.6784116,76.7218772,0.0,193,D,328.11601928710934,0.6289916,1
-0.5335994362831116,0.3469592928886413,-0.09984484233667824,0.23304503785982217,0.0526420995593071,0.7704889178276062,0.4340506265535183,0.09242367892679791,9.322437286376951,10.540383338928224,9.864226297004935,0.17534229877166893,9.333664079440124,10.57024020288968,9.87746109770428,0.1751818730661794,30.6784116,76.7218772,0.0,194,D,330.11601928710934,0.64734447,1
-0.5096712112426758,0.3254238665103912,-0.10251943218531424,0.22885062547061158,0.2703889608383178,0.576670229434967,0.431166802200011,0.07043926001488293,9.291330337524414,10.332208633422852,9.85458591935548,0.16811442972518195,9.299758087314377,10.34296270294659,9.867464591521156,0.167385728011914,30.6784116,76.7218772,0.0,193,D,332.11601928710934,0.6166925,1
-0.5288137793540955,0.3373879790306091,-0.09648158420794137,0.22926550773084725,0.2344966232776641,0.7992027401924133,0.4282656618504944,0.08917296544128742,9.07119083404541,10.48534870147705,9.85408998400436,0.19090847690645404,9.075151602316915,10.5079897802689,9.86692665640034,0.1911242544483525,30.6784116,76.7218772,0.0,193,D,334.11601928710934,0.57217455,1
-0.5312066078186035,0.3110669553279876,-0.0998290561252983,0.23321796147747795,0.1818545162677765,0.5910272002220154,0.4290219407933981,0.0687288486075245,9.45882797241211,10.13599681854248,9.856123247294846,0.12066092158189966,9.470861608592738,10.145266180176261,9.868967494949858,0.11977080529766151,30.6784116,76.7218772,0.0,193,D,336.11601928710934,0.6083132,1
-0.5144568681716919,0.3182454109191894,-0.09548974115102325,0.2246735547253261,-0.0813559666275978,0.7992027401924133,0.4248561976680175,0.09022728572615563,9.243474006652832,10.707880973815918,9.859830273247754,0.1593822427862796,9.245873331504873,10.72041924250226,9.872423609476572,0.15858133642543182,30.6784116,76.7218772,0.0,193,D,338.11601928710934,0.63356,1
-0.8757730722427368,0.5527420043945312,-0.08957587383021576,0.27278131526210797,-0.3397808074951172,2.768495798110962,0.752536522678143,0.5677351305237809,8.499305725097656,10.978270530700684,9.850259010038227,0.2990050370617946,8.53159935257593,11.104418560086506,9.898984736627359,0.31332992287707956,30.6784116,76.7218772,0.0,193,D,340.11601928710934,0.023213347,0
-1.2059825658798218,0.8087740540504456,-0.08958827244441164,0.4198383978349338,-1.964507341384888,3.8285162448883057,1.1642383949039745,0.8989658302803775,7.29093074798584,12.806386947631836,9.799228628682348,0.791571924842875,7.31613667896342,12.978189526499099,9.915891535540103,0.8212452909014346,30.678428449777172,76.72187188050835,1.4890443497775294,193,D,342.11601928710934,0.9932526,1
-0.849452018737793,0.8063812255859375,-0.203129566199788,0.2284447361971891,-1.1700903177261353,1.397408366203308,0.1534382018822829,0.5702638274881953,8.415556907653809,11.01416301727295,9.866599591902501,0.512645252571554,8.419699615167916,11.094482168603585,9.888855623267334,0.5150920859301134,30.67845589726984,76.72184970962438,1.899877148451483,193,D,344.11601928710934,0.07985173,0
-2.799602508544922,1.308874011039734,-0.05047244011723663,0.4055747380620558,-2.545963287353516,3.3930225372314453,0.982545051135007,1.0994367501217661,6.982256412506104,11.789437294006348,9.82144593698373,0.6845615406212749,7.036199385748696,12.224989568484077,9.935170851748698,0.7503327414879087,30.67848023547949,76.72182862426739,1.7266244952736858,193,D,346.11601928710934,0.99854654,1
-2.3856441974639893,1.7491533756256104,-0.06620555999809442,0.5514232550065936,-1.4620146751403809,3.665804386138916,0.8277926582678998,1.1631787111918972,6.180660724639893,13.21316623687744,9.842039090981755,1.295644361011919,6.335779477974205,13.407158821003238,9.955753102642692,1.3319474912489537,30.678517542193628,76.72179811773616,3.1619860260618333,193,D,348.11601928710934,0.9999901,1
-0.8781659007072449,1.00259268283844,-0.08843525405731921,0.3102359101338501,-1.9764715433120728,2.0099709033966064,-0.012174880411958447,0.7474871470154604,8.047062873840332,12.201003074645996,9.870728151785896,0.7329005338081265,8.080980430279439,12.206417282528896,9.904245313635807,0.7330038083128105,30.678561749400348,76.72176105100377,2.783467502913129,193,D,350.11601928710934,0.11522853,0
-0.6173482537269592,0.638883650302887,0.03531302372606373,0.282304979569241,0.0,0.8638089895248413,0.4878587561218362,0.18782406007819005,8.23130989074707,11.657832145690918,9.86684196873715,0.7411215519747102,8.25271486470439,11.682824153393069,9.884681478300577,0.7423818545593863,30.6901712,76.7119848,0.0,190,E,0.130529296875,0.97964305,1
-0.6460621356964111,0.7513462901115417,0.03612790275316859,0.2833059623656657,0.0741775035858154,1.00259268283844,0.4880986249199803,0.2044300097315442,8.018348693847656,11.880364418029783,9.852502990880778,0.7571446550439066,8.020102595900257,11.883950460443081,9.8708226524189,0.7573260649595082,30.6901712,76.7119848,0.0,193,E,2.130529296875,0.947002,1
-0.7130611538887024,0.6963114142417908,0.031218276947852553,0.2735811867594855,0.2081755697727203,0.7872386574745178,0.48506110389306756,0.12789951970245028,8.102097511291504,11.571690559387209,9.852850167862492,0.75419789450737,8.140149503763936,11.603183439063411,9.869313111429992,0.7560379694153873,30.6901712,76.7119848,0.0,193,E,4.130529296875,0.97688043,1
-0.6843472719192505,0.7226324677467346,0.03543361141877201,0.2803680754364189,0.229710966348648,0.8087740540504456,0.4834245621694802,0.11391426351981587,8.011170387268066,11.519047737121582,9.870244624083524,0.6820961668477956,8.022401205107888,11.53978608593819,9.886641017593934,0.6839963995456909,30.6901712,76.7119848,0.0,193,E,6.130529296875,0.98901284,1
-0.6484549641609192,0.5886343717575073,0.03457814696186989,0.2664879538663805,0.1363908946514129,0.7657032608985901,0.4868092285227899,0.11731416218006026,8.030312538146973,11.617154121398926,9.857313462489627,0.8133614940948642,8.043018456841454,11.63586787526499,9.873510339307305,0.8154363941310081,30.6901712,76.7119848,0.0,193,E,8.130529296875,0.9804215,1
-0.5072783827781677,0.6795616149902344,0.037342911443813014,0.2593851770433448,0.1579262912273407,0.8374879360198975,0.48931363302191305,0.11796913198027134,8.090133666992188,11.315658569335938,9.84450628349818,0.5404991259833773,8.096973427392221,11.333907279357023,9.860782190387564,0.5416987866200158,30.6901712,76.7119848,0.0,193,E,10.130529296875,0.8059378,1
-0.5790630578994751,0.6269195079803467,0.03875628790765074,0.26382080932296625,0.1531406491994857,0.794417142868042,0.48724315798035556,0.12361457446573686,7.872386455535889,11.966506004333496,9.853234515906616,0.6367213166100126,7.898660025927535,11.983179791754983,9.869593567756603,0.6376183773071289,30.6901712,76.7119848,0.0,193,E,12.130529296875,0.9653626,1
-0.5934200286865234,0.6221339106559753,0.034280593961795766,0.2828185839123464,0.1196411326527595,0.9116654396057128,0.48796224659743087,0.1586694610906286,7.8819580078125,11.57408332824707,9.848324884404791,0.781726477971933,7.886055759172261,11.616559241057244,9.86567359431089,0.7832806062846452,30.6901712,76.7119848,0.0,193,E,14.130529296875,0.9551481,1
-0.916451096534729,0.7345965504646301,0.034454165692465295,0.2980195251610723,-0.0502492748200893,0.9308080077171326,0.48711918023236367,0.1880476935419877,7.683353424072266,12.095718383789062,9.85054414630554,0.8214417215631796,7.688902008681819,12.103206713317208,9.868799844639007,0.8230588462556173,30.6901712,76.7119848,0.0,193,E,16.130529296875,0.9947237,1
-0.672383189201355,0.8949156403541565,0.034813709041933705,0.29995483932565753,-0.0454636290669441,0.9906286001205444,0.4861893254945084,0.19543680986066622,7.9250288009643555,11.669795989990234,9.843105330986063,0.8025332176507347,7.97167366634893,11.712066313509684,9.861610993424087,0.8032255247075769,30.6901712,76.7119848,0.0,193,E,18.130529296875,0.92590964,1
-0.5982056856155396,0.7202396392822266,0.03731811536630432,0.28110612615201624,0.0358923412859439,0.9930213689804076,0.48538345386095616,0.17372780120692224,7.625925540924072,12.10768222808838,9.856321621435294,0.6200904450678588,7.646566205665622,12.123857969133473,9.873783857792265,0.6214274993328196,30.6901712,76.7119848,0.0,193,E,20.130529296875,0.96046925,1
-0.48574298620224,0.550349235534668,0.035582388817559485,0.2458428700720632,0.1579262912273407,0.9068797826766968,0.4875035180946706,0.1416333185145394,9.329615592956545,10.39920711517334,9.848312461932089,0.21081944821196025,9.33422979490612,10.412778327919467,9.86449083094734,0.21201022139151215,30.6901712,76.7119848,0.0,193,E,22.130529296875,0.51837915,1
-0.7082754969596863,0.4809573590755462,0.028812545685328005,0.2646936778935648,0.0406779833137989,1.1174482107162476,0.48881419696221035,0.09643503036099224,7.621140003204346,11.655439376831056,9.848080966890473,0.36750312677959895,7.689935867998876,11.661875280521318,9.86440639529035,0.3638346977904224,30.6901712,76.7119848,0.0,194,E,24.130529296875,0.9735637,1
-0.4331009089946747,0.4833501875400543,0.036227086446745015,0.2431192696825296,0.3086741268634796,0.6125625967979431,0.48706958686131885,0.05615251768271454,9.253045082092283,10.365707397460938,9.849130734260836,0.1909645078941827,9.26613539804726,10.384144511892245,9.864381671729998,0.19138225373497386,30.6901712,76.7119848,0.0,193,E,26.130529296875,0.7209363,1
-0.5862415432929993,0.7202396392822266,0.037888425158655245,0.2693565068324351,-0.3110669553279876,1.4883357286453247,0.49652929515264194,0.1856121317803076,9.135796546936035,10.518848419189451,9.853408121692084,0.20183996740070678,9.155421933393711,10.52615389797194,9.87136518162139,0.2037697256304786,30.6901712,76.7119848,0.0,193,E,28.130529296875,0.2916601,0
-0.7034898400306702,0.7345965504646301,0.0266433986461205,0.2786387781438887,-0.4115654826164245,1.7084753513336182,0.6601214969405238,0.4897597249363671,8.6907320022583,10.722238540649414,9.848151360151064,0.3885316527928353,8.720736091726732,10.803735748865025,9.885703893938832,0.4048147691222123,30.69017126861958,76.71198442945428,0.010979132400970404,193,E,30.130529296875,0.3062457,0
-0.4977070987224579,0.5790630578994751,0.07102839913281946,0.25955139937713323,-0.3924229145050049,1.921436548233032,0.3124307284730009,0.39627391882062835,9.059226989746094,10.614561080932615,9.857152296471472,0.35673232138174077,9.066053378852166,10.633036645519073,9.873550531841916,0.36161745166551956,30.690175120540726,76.71197095207165,0.3090449403137433,193,E,32.130529296875,0.048527267,0
-0.48574298620224,0.6843472719192505,0.07723084425500322,0.26089222484625485,-0.1411765366792678,1.2586246728897097,0.478228038099284,0.22375978439227528,8.209774017333984,11.507083892822266,9.85525132715702,0.5253794478241459,8.214355088966887,11.523776514833084,9.873016868932211,0.527579420780731,30.6901757,76.7119697,0.0,192,E,34.130529296875,0.7255099,1
-0.5958128571510315,0.8183453679084778,0.08790213769118403,0.27875358336079903,-0.114855483174324,1.0767701864242554,0.44914396901957576,0.2663852042765639,8.123632431030273,11.617154121398926,9.85797056880022,0.5474958935623198,8.144392101918433,11.67203623893937,9.876139275952582,0.5471107920677684,30.6901757,76.7119697,0.0,193,E,36.130529296875,0.8660155,1
-0.5694918036460876,0.6556333899497986,0.07707864407044618,0.2644692808583957,0.0215354040265083,1.038485050201416,0.48900368336800465,0.2005222142859473,8.511270523071289,11.052447319030762,9.852949374697987,0.357199260570606,8.54352629430118,11.059607667568738,9.870985560058791,0.3564626823155008,30.6901757,76.7119697,0.0,193,E,38.130529296875,0.81442106,1
-0.4977070987224579,0.6245267391204834,0.0760620049806553,0.25842360015939914,0.0119641134515404,0.969093143939972,0.47227871901032376,0.1488751234725211,8.791230201721191,10.88016414642334,9.854251130257246,0.41830737805295065,8.798757467435998,10.908098317519787,9.870295583968707,0.4198698159401258,30.6901757,76.7119697,0.0,193,E,40.130529296875,0.80582947,1
-0.4570291340351105,0.5862415432929993,0.08089724160523341,0.25412576035547163,0.12921242415905,0.8303094506263733,0.47158442908618114,0.09790559443908024,8.236095428466797,11.540583610534668,9.856408410739405,0.5632645122433334,8.24562818138604,11.55640840525845,9.871668593901266,0.5650791866501168,30.6901757,76.7119697,0.0,193,E,42.130529296875,0.93078214,1
-0.488135814666748,0.6652047038078308,0.07871518714396872,0.2511688445534453,0.2153540402650833,0.7680960893630981,0.4748575146951824,0.0794472140754419,8.324629783630371,11.739188194274902,9.85881362183724,0.4461664411921603,8.34385539499881,11.751718463353082,9.87406914172799,0.44622023261272525,30.6901757,76.7119697,0.0,193,E,44.130529296875,0.94343936,1
-0.4809573590755462,0.5479564070701599,0.07194585418762939,0.24517031197488873,0.1842473447322845,0.8350951075553894,0.47525425023674345,0.08830908064718865,8.819944381713867,10.715060234069824,9.854759453491843,0.2984159377446527,8.839491801026957,10.730150359366187,9.869924413417817,0.2981238256284677,30.6901757,76.7119697,0.0,193,E,46.130529296875,0.81745195,1
-0.4689932465553283,0.5694918036460876,0.07698968531607084,0.25520811585038494,0.0430708080530166,0.8159525394439697,0.4732978519090672,0.12142870706297736,8.779266357421875,10.956734657287598,9.858009908617158,0.43396703090023175,8.78613920046234,10.978765774776702,9.873591454856648,0.43668398922551965,30.6901757,76.7119697,0.0,194,E,48.130529296875,0.88585377,1
-0.5479564070701599,0.6508477330207825,0.08187668819771839,0.2705069809444448,0.1339980661869049,0.8255237936973572,0.4683361425609786,0.12178518620543431,8.193024635314941,11.59561824798584,9.850023437658121,0.6783402753137637,8.195649750784522,11.621317795793157,9.865836720564324,0.6800156229893081,30.6901757,76.7119697,0.0,193,E,50.130529296875,0.9428206,1
-0.5886343717575073,0.7393822073936462,0.07821926446100745,0.2951023724065062,0.0693918541073799,0.7872386574745178,0.4714604504599472,0.1463235969020259,8.011170387268066,11.803793907165527,9.853804800794533,0.5910707123670572,8.038785338584558,11.82063327682087,9.87087086488934,0.5912962225054869,30.6901757,76.7119697,0.0,193,E,52.130529296875,0.96921474,1
-1.0217353105545044,1.1389836072921753,0.05928745024736218,0.3532095056191399,-0.7082754969596863,2.6392834186553955,0.8234409390480639,0.7169599421303166,7.996813297271728,12.741780281066896,9.829467449781191,0.6934234566814923,8.013539381879513,12.78067225746956,9.895843779006048,0.7013564239584482,30.69017581943301,76.7119696283402,0.021156704283220112,193,E,54.130529296875,0.85702616,1
-0.9044869542121888,1.277767300605774,0.15969921370553228,0.3955889934646106,-0.9571290612220764,3.7974095344543457,1.0248471751140789,0.9398905242260569,7.774280548095703,12.074183464050291,9.835716091907086,0.8015566349905897,7.781737511833042,12.088646020748495,9.940009685100124,0.83409349613273,30.690185017301808,76.71195978143166,1.138227979606031,193,E,56.130529296875,0.024035767,0
-1.2179467678070068,0.8949156403541565,0.09520458656368015,0.36738800189583315,-1.5170495510101318,2.0745773315429688,0.2713312111334113,0.716410613743416,8.185846328735352,12.253644943237305,9.855912480329602,0.7078856835185343,8.22970621722929,12.272213679614037,9.892893814351796,0.7082849636032046,30.690203583095194,76.71193781345242,1.3441309745273502,193,E,58.130529296875,0.6881263,1
-1.1413763761520386,1.4021940231323242,0.04338075801334464,0.4878887617112487,-1.9716858863830569,2.8283164501190186,0.371866956123976,1.0201817136208506,7.444071292877197,12.205788612365724,9.883386527936075,0.994089703110712,7.452908952993918,12.210115190726928,9.956968294585748,0.9732929029159192,30.690224459751978,76.7119173642649,1.8824016864694557,193,E,60.130529296875,0.23170517,0
-2.043470621109009,1.5912270545959473,-0.05141469170918466,0.5200124855853695,-1.2658032178878784,2.959921598434448,0.5514278366047058,0.7868049871693358,6.412764549255371,12.244073867797852,9.894718367818724,0.9092060914085334,6.551915744421382,12.588577267339023,9.954003614408622,0.9198426723896856,30.690254489112178,76.71189080533706,2.0826984791253382,193,E,62.130529296875,0.4516728,0
-1.97407865524292,1.7084753513336182,-0.0885840295186662,0.7493640726017496,-2.304288148880005,3.201596736907959,1.0655871579964002,1.0901457500529195,6.551548480987549,13.677373886108398,9.81587920658329,1.2833275756288425,6.8381186744230344,13.748327555882494,9.961892577945914,1.2854563085951418,30.690286763695603,76.71186399127902,2.525390404939312,193,E,64.130529296875,0.99999976,1
-11.27019500732422,2.5124638080596924,0.04677782135586122,1.0454029097328414,-3.3236305713653564,3.75433874130249,0.7612523447669116,1.1729844873102793,6.532405853271484,12.679567337036133,9.854548708762529,0.9429506239276058,6.656470086052256,15.493090710498391,9.996479240987274,1.0593120716680287,30.690328108653112,76.71183221219752,2.9650965865083516,193,E,66.130529296875,1.0,1
-0.7226324677467346,0.7848458290100098,0.002392822444689861,0.3009946924272479,-1.7419748306274414,0.9020941257476808,-0.28446074016271594,0.5095303228560009,8.654839515686035,10.863414764404297,9.900545431542273,0.4272902826280649,8.764863868496088,10.905745599757998,9.922610304339505,0.41990971523492,30.690370820623933,76.71180029240627,2.3401339845318954,193,E,68.130529296875,0.094958864,0
-0.7657032608985901,1.954936146736145,0.01646460364620959,0.36329405398928727,-2.66560435295105,3.002992391586304,-0.025118438903377463,0.6476237591111632,6.429514408111572,12.421142578125,9.88721758590461,0.5841319981077187,6.720832673308678,12.754559930693004,9.915134618198017,0.5836851954790439,30.69039375522063,76.71178216165117,1.0048153546359517,193,E,70.130529296875,0.0052067935,0
-2.249253273010254,2.577069997787476,0.010471683449217492,0.6673811597965595,-1.9046868085861208,4.18983268737793,1.1152526975186907,1.1562014364727902,5.496313571929932,18.6975154876709,9.822068270948744,1.5348602352360985,5.519785410940689,19.333728898828856,9.966030015154702,1.5915917842062128,30.690404956359256,76.71177312509428,0.9527391220709235,194,E,72.130529296875,1.0,1
-3.168097257614136,1.3543375730514526,-0.09013378667196384,0.6524618036029163,-3.029313564300537,4.8502516746521,0.7191113927280964,1.3046292082415099,4.074976921081543,13.596017837524414,9.86563255379237,1.3444079851691548,4.087413126928807,14.291786625542935,9.98951637599028,1.4144646201532016,30.69043050105788,76.7117513854,2.315598753365291,193,E,74.130529296875,0.98292994,1
-1.2634103298187256,2.56510591506958,0.08976184486874761,0.6128900975683065,-3.5676984786987305,4.242474555969238,0.9792347720744561,1.3320214404495092,5.996413707733154,13.330414772033691,9.847060265318717,1.216005962680783,6.210178453641412,13.748133838539092,9.997130538254074,1.2718178676013947,30.690462259728374,76.7117193604674,2.5178395928182353,193,E,76.130529296875,0.9956606,1
-1.9669002294540403,2.289931297302246,0.33590023049727624,0.7430132987872373,-2.3306093215942383,4.9986066818237305,1.0814442492736784,1.5833477080122749,6.819544315338135,13.299307823181152,9.802390081277165,1.1544432242329523,7.057995960187375,13.772653535071864,10.008576949709557,1.2607090310688356,30.6905076584623,76.71167521737071,3.6499968072219033,193,E,78.130529296875,0.9999503,1
-2.7732813358306885,6.604190349578857,0.5281815023530622,1.2045142544710645,-5.496313571929932,3.7567315101623535,0.22276806666327573,1.4409473915966537,0.0717846825718879,22.296321868896484,9.861305629380935,2.4795856609468983,3.033651719705199,22.378634229246444,10.050953791055715,2.495557441058477,30.690568082252277,76.71162900790137,4.247786719068102,193,E,80.130529296875,1.0,1
-3.7734813690185542,3.053241729736328,0.4557149306101329,0.9630747287665312,-2.038684844970703,2.6057839393615723,0.30036743211564776,0.9613090766954742,7.039684295654297,13.356736183166504,9.820863199975207,1.145072230092509,7.050298408744268,13.895127261495668,9.928672779729792,1.1539176765226973,30.690631480725887,76.71159400295872,3.6494801826218524,193,E,82.130529296875,0.9999999,1
-1.9573289155960083,2.266003131866455,0.181507374830737,0.7395231949143647,-2.8522446155548096,3.469592809677124,0.8591597071786078,1.121514760005262,7.738388538360596,13.129417419433594,9.866884747935083,1.0347885494806217,7.940630652896371,13.456917798739168,9.993450048608034,1.0644004600851396,30.69068832144262,76.71157231103932,3.2340800960973253,193,E,84.130529296875,0.9928537,1
-1.5792629718780518,2.1032910346984863,0.5488242466724116,0.6856735078241143,-1.6055840253829956,2.526820659637451,0.72407061534263,0.8738655122736632,6.908079147338867,13.440485000610352,9.776874949895038,1.2891720758707677,6.968091581569625,13.604222208038554,9.879358962957607,1.306441851262655,30.690757682356686,76.71155818624818,4.257249852247162,193,E,86.130529296875,0.9999869,1
-0.7728816866874695,2.926422119140625,0.861750897797008,0.6706056897974665,-3.089133977890014,3.2279176712036133,0.31267868601017357,1.2774645467917554,4.967499732971191,14.344971656799316,9.858912873144595,1.5293722067577658,5.124693149412614,14.471673759494045,10.004711496508534,1.5378232956770048,30.690836588980893,76.71156063527125,4.729052148895682,193,E,88.130529296875,0.34677958,0
-1.2251251935958862,3.5748770236968994,0.717090512811655,0.673504159655993,-2.935993432998657,2.122433662414551,-0.2828118001711627,0.9152446716465267,6.960721015930176,13.682159423828123,9.866587171900457,0.8896858051055541,6.9977176157897265,13.772981514517994,9.96152595304729,0.8913842713521978,30.690902755462638,76.71158272042982,2.7879853967410404,193,E,90.130529296875,0.6962947,1
-0.9978070259094238,1.7539390325546265,0.2713312095542646,0.5312941904897659,-1.1653046607971191,2.5938198566436768,0.4235791985049284,0.6658101338017968,7.668996810913086,11.67458152770996,9.831773488632756,0.759199703156402,7.672914663821968,11.930132013271093,9.880610783048173,0.7696111282800167,30.69094649536733,76.71161365078599,2.845869013550215,193,E,92.130529296875,0.23269151,0
-2.3018953800201416,2.589034080505371,0.26262778446676666,0.6807194151546171,-1.7467604875564575,3.945764541625977,1.1227917304199788,1.1580117300486503,6.5491557121276855,12.54556941986084,9.804423416216757,1.025084759296698,6.57375506106554,12.876421984532707,9.956648524723294,1.0847452030312856,30.690988751522063,76.71164824550927,2.9824878388231513,193,E,94.130529296875,0.9999989,1
-1.31365966796875,1.4380863904953003,0.3029017460702909,0.5013332147408003,-1.1389836072921753,3.402593851089477,0.9571167244095855,1.031020961383591,7.877171993255615,12.667603492736816,9.8470325396233,0.863912978804298,8.005586052590688,12.875737250790696,9.962003023644655,0.8894112295069104,30.691045873234312,76.71169951542277,4.846461444945362,194,E,96.130529296875,0.8867844,1
-1.0169496536254885,2.093719720840454,0.48685882038948336,0.5207139969228062,-1.6319050788879397,1.7826528549194336,0.10630083619616926,0.6430443435024608,6.496513366699219,12.516855239868164,9.85406517611884,1.0190679361132648,6.499595983481507,12.568465383319081,9.901846855314995,1.0136613243927435,30.691110688835526,76.71176750233953,4.703807832380091,193,E,98.130529296875,0.498248,0
-1.373480200767517,1.2993026971817017,0.0526420986702077,0.5080882472072928,-1.6558332443237305,2.210968017578125,0.3481494942245706,0.5389351548380872,7.814958572387695,11.49512004852295,9.860388177664168,0.6067113583245323,7.914072878891363,11.511889701482776,9.89418978777763,0.610693179041583,30.691159925339818,76.71183829973268,4.20518736149649,193,E,100.130529296875,0.54151654,1
-0.9906286001205444,1.4979069232940674,-0.019006202325533707,0.40177446018796026,-1.430907964706421,3.4121651649475098,0.6913893698121136,1.1292254708913014,8.389236450195312,11.942577362060549,9.86221067398941,0.6738010363795194,8.476233509108399,12.106643140442634,9.955840934330032,0.7165137001344077,30.691200178254906,76.71190482234462,3.8582510238081507,193,E,102.130529296875,0.007970187,0
-1.0289137363433838,1.22033953666687,0.14262710733657674,0.4732504844639621,-1.5433706045150757,3.555734395980835,1.1501790113612005,1.0088302553912618,4.919643402099609,13.871192932128906,9.836943497929548,1.7812210440557983,4.967290654460234,14.11460409956334,9.966702800310372,1.7854970833614379,30.691247609439156,76.71198772965032,5.3285319091892775,193,E,104.130529296875,0.9999969,1
-1.4715858697891235,0.945164918899536,-0.2412287578447553,0.4058547515096105,-2.0315065383911133,1.3782658576965332,-0.1821396754803667,0.6257326073250213,7.874779224395752,12.69870948791504,9.915299116638659,0.8247838788076022,7.896538317196513,12.788544603700295,9.94779137611839,0.8261339519526936,30.691300850436726,76.71208771839109,5.479341621207179,193,E,106.130529296875,0.13235503,0
-1.2969099283218384,0.7513462901115417,-0.24474089098536447,0.3635480100832193,-1.2993026971817017,1.765903115272522,0.3236791136247727,0.6580694576323979,7.719245910644531,12.07896900177002,9.85547565917174,0.7987569810294275,7.719550014154437,12.147931961980085,9.891952794873916,0.8047185385445577,30.691348803755247,76.71217156837325,4.617965064092967,192,E,108.130529296875,0.95953983,1
-1.062413215637207,0.6269195079803467,-0.11440915773970128,0.34365724547104315,-1.7994025945663452,1.454836130142212,-0.1479706647275064,0.6294531235192209,8.164310455322266,11.758330345153809,9.8877506947888,0.6060591898423653,8.164686692084148,11.798174864853054,9.915273765029458,0.6095605125619308,30.691397752213135,76.71224761075962,4.225755426626001,193,E,110.130529296875,0.13125886,0
-0.849452018737793,0.7848458290100098,0.017183689123087126,0.32306308994327615,-1.06480610370636,1.959721803665161,0.279365143270613,0.42519952947206396,8.068597793579102,11.444870948791504,9.886758829027878,0.5712426746226201,8.08275390796551,11.454220549408616,9.904970436658306,0.5739194612391916,30.691434551836316,76.7123058039282,3.2735675215930864,193,E,112.130529296875,0.35757196,0
-1.196411371231079,1.107876896858215,0.04743491927007397,0.4094476216682897,-0.9810572862625122,2.761317253112793,0.14954521860251774,0.6858116378146425,8.271987915039062,11.933006286621094,9.871794364612954,0.5897111576956838,8.34397296671532,12.267344573322584,9.904295159297682,0.606316275265836,30.69146654327807,76.71235998165828,3.139020508726353,193,E,114.130529296875,0.06420927,0
-1.3926228284835815,1.1748759746551514,0.05006330437992019,0.3515678894642267,-1.0145567655563354,4.01754903793335,0.8484601930454566,1.0349253809971592,8.030312538146973,11.90907859802246,9.8447046774039,0.7887602121340707,8.032498650418413,12.4977541623212,9.935869770140494,0.857849827834052,30.69149281445584,76.71240547660568,2.581661244932234,193,E,116.130529296875,0.038970206,0
-1.2729816436767578,1.0504491329193115,-0.1254558157793444,0.4264603383991283,-1.337587833404541,3.531806230545044,0.9752426048827604,1.2584706658443947,5.764309883117676,12.983455657958984,9.825549676628311,0.9770275631474332,5.784553729226463,13.005848662459314,9.957301253552732,1.039526425901436,30.69152668068006,76.7124638346438,4.011693010590264,193,E,118.130529296875,0.9997639,1
-1.0839486122131348,1.1868400573730469,-0.00756082560545429,0.39335919532244285,-2.117648124694824,0.7585247755050659,-0.5563189309311205,0.6358434748176314,8.559126853942871,12.315857887268066,9.90802487147223,0.5518408748284013,8.704814474806442,12.334237574552494,9.951860920737015,0.5500233805577353,30.69156818425692,76.71253012967095,3.30681307565951,194,E,120.130529296875,0.04622003,0
-1.552941918373108,0.8781659007072449,-0.162687144594489,0.4390155118878355,-2.400001049041748,3.1657042503356934,0.39950219678953097,0.8257274148784716,7.331608772277832,11.935399055480955,9.852230269674193,0.6079984424837227,7.561448838958894,11.985854936753013,9.905059705671519,0.6217114406583191,30.691594683179257,76.71257461715598,2.2652526317827655,193,E,122.130529296875,0.10407043,0
-1.7802600860595703,1.3878371715545654,-0.07177221638630726,0.5522027724749167,-2.1583259105682373,4.213760852813721,0.5565057430382391,0.9522173886488929,6.135197162628174,12.387642860412598,9.835809657971064,0.8326536642569662,6.52641168057608,12.583323097568032,9.91026144745547,0.865839214732761,30.691616452039455,76.71260946190914,1.9354159380042788,192,E,124.130529296875,0.08551918,0
-1.5864413976669312,0.849452018737793,-0.14224831980633704,0.4574693919857125,-1.062413215637207,3.187239646911621,0.6793871527515876,0.8682208820960372,8.102097511291504,12.06221866607666,9.840508033831915,0.8446976268241405,8.132958435046525,12.24784585921571,9.910775361062665,0.8777991910163878,30.691640631719043,76.71264738184198,2.549999952316284,192,E,126.130529296875,0.96268225,1
-1.545763373374939,1.6366907358169556,0.14989236133520545,0.48004400186584173,-2.8666014671325684,3.081955671310425,0.5435426834140725,1.0073161095789083,5.568098068237305,13.196416854858398,9.865434189534557,0.9278140934523876,5.747765477914492,13.56092836018493,9.942110192758172,0.951372698853869,30.691666749241694,76.712688368169,2.4682304206579926,193,E,128.130529296875,0.92259437,1
-1.373480200767517,1.8783657550811768,-0.08651355654966338,0.5063918476885177,-1.4380863904953003,4.039084434509277,0.8285861305284454,1.097537182056926,6.238088607788086,13.42852020263672,9.868285710329836,0.943731201231404,6.368763438342932,13.47897931863642,9.971226178095655,1.0016986007335091,30.691694555290344,76.71273550958603,3.009879397472028,193,E,130.130529296875,0.26881254,0
-1.5696916580200195,1.3567304611206057,-0.042202945340212454,0.4920618378672075,-0.8733802437782288,3.4743785858154297,1.643484824124743,1.1600905878563794,4.886143684387207,14.397613525390623,9.758439071437856,1.5777223594914436,5.115626655068335,14.81396238033259,9.974385440042962,1.587052150404982,30.691731899394465,76.71279689209886,4.273419053645478,193,E,132.130529296875,1.0,1
-1.4787644147872925,1.3663017749786377,-0.1401670631263793,0.6571911269453875,-0.8398807644844055,3.94097900390625,1.7356438712740783,0.8484747891342518,4.433900356292725,14.321043968200684,9.760921781261763,1.7557070206252758,4.489100453457777,14.798373701803913,9.968801665529513,1.7790476705608802,30.691790823409228,76.71289481899923,7.031884796349764,192,E,134.130529296875,1.0,1
-1.191625714302063,0.6005984544754028,-0.25740820675765025,0.36640950548387174,-1.2059825658798218,2.1750757694244385,0.2847458947983141,0.5849394462112621,8.047062873840332,11.68893814086914,9.898412966357611,0.7557709704734323,8.052130106256405,11.731029963450936,9.929513825294038,0.7604429607899456,30.691874017143682,76.7130296858255,8.051143263803487,193,E,136.130529296875,0.10879359,0
-1.323230862617493,1.0097711086273191,-0.31975797264971845,0.4021179010026601,-1.0480563640594482,2.902493953704834,0.775708467531901,0.8334342343157625,7.073183536529541,13.122239112854004,9.814837749757915,1.1339849318310236,7.183744371517019,13.152894614682278,9.894787084442044,1.1271338208756685,30.691957885893938,76.71316111413782,7.822036239207447,193,E,138.130529296875,0.9999125,1
-1.8161523342132568,1.179661512374878,-0.2509348091831877,0.6700399579821557,-2.392822742462158,3.6681971549987793,0.8750876371292785,1.369497900801598,4.503292083740234,17.300107955932617,9.848259799182415,2.6607595223906033,4.555848722320357,17.427036138907493,9.99610443240371,2.701663039939038,30.692042899052346,76.71330464664811,8.863785302337195,192,E,140.130529296875,1.0,1
-1.5337992906570437,0.3708875179290771,-0.5332647027747001,0.3795151544020968,-3.6993038654327393,1.3854442834854126,-0.7288066656980181,0.9110273754349163,8.46341323852539,11.48076343536377,9.914939534478854,0.5933712715827217,8.68108985877534,11.485363137042896,10.004980115543455,0.5899333490280475,30.692131621816102,76.71345304128029,7.36193575354355,193,E,142.130529296875,0.0050469465,0
-1.1940184831619265,0.3924229145050049,-0.3217113037526454,0.3355378722238656,-1.0217353105545044,1.5984054803848269,0.2538982166563036,0.5091299345136984,8.252845764160156,11.624332427978516,9.851300146161895,0.6116692637980939,8.2805847510723,11.62568489990937,9.878624079771946,0.6122103967530148,30.69220435597312,76.71355785206168,6.2905211411984805,194,E,144.130529296875,0.868755,1
-1.3423734903335571,0.698704183101654,-0.29320136193726504,0.38890988351641914,-2.6081767082214355,1.648654818534851,-0.1329318367987099,0.9024546714424373,8.571090698242188,11.10748291015625,9.888333389796124,0.4728163001163743,8.586438583945258,11.13193320422611,9.942050398062745,0.4771159263476938,30.692277558123216,76.71365232697326,5.764838355594261,193,E,146.130529296875,0.037587017,0
-1.9453648328781128,0.2057827413082122,-0.784527634944212,0.4296253400117593,-1.9860427379608157,1.3663017749786377,-0.2170850178375444,0.7234382140830642,8.525627136230469,11.10748291015625,9.908589469625595,0.4525002207438919,8.601343122289297,11.241937570309425,9.977482442287572,0.45309616918298623,30.69234058661544,76.71372317682493,4.113837130494013,188,E,148.130529296875,0.0251797,0
-1.9812572002410889,1.28255295753479,-0.5992594937301708,0.647389215019801,-1.397408366203308,0.5958128571510315,-0.28183235320590744,0.3890327819262501,7.597211837768555,11.657832145690918,9.81513530355661,0.641483056371543,7.607806727174146,11.70865454841631,9.866571008955075,0.6388730556682448,30.692394203435068,76.7137507204884,2.653267882645002,193,E,150.130529296875,0.99806744,1
-1.6534404754638672,1.6342978477478027,-0.15808746860473577,0.6853859751577225,-1.306481122970581,1.466800332069397,-0.09193150159526481,0.537168379767349,8.26241683959961,11.284551620483398,9.887515107584742,0.5886553695529116,8.274547714832666,11.369020608634225,9.92668119120105,0.6018451021279881,30.692429330722614,76.71374463710772,1.7189825745879221,193,E,152.130529296875,0.161471,0
-1.323230862617493,2.1439690589904785,0.1706257027957084,0.6701691302214827,-2.667997360229492,2.945564746856689,0.2565429878692764,0.9211863190832055,8.595019340515137,11.341979026794434,9.87592680255572,0.5273161387922438,8.652471231891075,11.375179815716844,9.945157003408601,0.5463360045515668,30.692452654925503,76.71372575521522,1.475746440083391,192,E,154.130529296875,0.04772795,0
-1.2658032178878784,2.00518536567688,0.2183171696345674,0.5513286188517259,-1.31365966796875,3.012563705444336,0.8959323032783257,0.9619051870796869,7.836493968963623,12.30389404296875,9.848052133550299,0.7765733945348711,7.850435559555635,12.647575295173452,9.94969128337968,0.8187932224762424,30.692478303080957,76.71370298959026,2.2333233987505663,193,E,156.130529296875,0.9176684,1
-1.2251251935958862,1.797009825706482,0.2300209238548604,0.5434946506900686,-1.1676974296569824,3.091526746749878,0.8321071747386433,1.1875429408762976,6.372086524963379,12.569497108459473,9.830050167024444,1.0113284490808268,6.43690577371065,12.728451975158737,9.950592796841482,1.0437102840349608,30.69252659245218,76.71367026052638,3.4391354036847894,193,E,158.130529296875,0.9998418,1
-1.466800332069397,2.3976082801818848,0.20853511388341225,0.6145610558405034,-1.5002998113632202,3.067598581314087,0.9325809260212619,1.0652398885291563,6.733402729034424,12.100503921508787,9.821941869864192,0.8134523696516838,6.836855639446494,12.103052148881883,9.943232140230231,0.8306604883742881,30.692582268926515,76.71362902937352,4.2277426640902265,193,E,160.130529296875,0.99912184,1
-1.2131611108779907,1.3663017749786377,0.1131321587804898,0.44509663502401164,-1.825723648071289,2.7517459392547607,0.3923361244046858,0.7197301174061647,8.097311973571777,11.868400573730469,9.911021776149928,0.6160817006082631,8.134618835309393,11.965254560250948,9.955043221909358,0.6227942961631768,30.692650808948418,76.71357156023387,4.892245897855845,193,E,162.130529296875,0.037700843,0
-1.129412293434143,1.454836130142212,0.2589331657524399,0.5060140435375033,-3.034099102020264,1.383051514625549,-0.516837295797446,0.8106170059453028,8.061419486999512,13.198809623718262,9.904264845378659,0.8090138507603354,8.177601049757149,13.210049715009603,9.966819769985637,0.811656656467367,30.692715266708767,76.71351579308045,3.955685640527034,193,E,164.130529296875,0.15402308,0
-1.308874011039734,2.0027925968170166,0.2465475180326271,0.5574831839689881,-3.945764541625977,2.368894338607788,0.25445747181020406,0.9020019653472927,3.177668571472168,17.52742576599121,9.82483060372308,1.870560016920691,3.3173300483722064,17.59713502246746,9.89100358019479,1.855874099942256,30.692755773774884,76.71348162810887,2.4544160174340206,193,E,166.130529296875,0.9955473,1
-0.9667003750801086,2.943171739578247,0.5932843380898103,0.6497684936636733,-1.9980069398880005,2.3736801147460938,0.509942574436133,0.8813618531385297,7.946564197540283,12.169896125793455,9.863227281373801,0.7327674967283824,7.9733940289317315,12.27898235474837,9.953866130646666,0.742815729527926,30.692789826201246,76.71345890597706,2.289918816684836,194,E,168.130529296875,0.9909656,1
-1.832902193069458,8.281558990478516,1.3105601179968431,1.294425733354192,-2.3856441974639893,1.7180466651916504,-0.19455011636790834,0.9023054037116924,5.747560024261475,14.744573593139648,9.914815621054853,1.524869881372532,5.7564241658386965,15.16605107760947,10.116564699815342,1.590291237629148,30.692831254575527,76.71345409911797,2.2889601337306718,193,E,170.130529296875,1.0,1
-1.1748759746551514,2.344966173171997,0.23872435190039326,0.6704225060440369,-1.7563318014144895,3.912265062332153,0.8510389875323835,0.9306099676038457,6.362515449523926,12.19382381439209,9.789620144997237,0.8839084481472181,6.37098053625211,12.350449573740836,9.893027542262253,0.9179982020606772,30.692859927462724,76.71348645048388,2.298054064320374,193,E,172.130529296875,0.7102247,1
-1.1150553226470947,0.7704889178276062,-0.22054881760078468,0.3544264453889123,-1.679761528968811,1.648654818534851,0.11561176625268602,0.4891655881641438,8.812766075134277,11.152946472167969,9.90766193706137,0.5129819190025257,8.82899510394403,11.180569106991706,9.92914100820931,0.5137930387719485,30.69289196817442,76.71352752329373,2.7195051345686423,193,E,174.130529296875,0.058653783,0
-1.5026925802230835,1.3878371715545654,-0.33537950935300653,0.3962008760046488,-2.311466693878174,2.541177749633789,0.13789105476869434,0.4791684652304103,7.786244869232178,12.394821166992188,9.920134378838416,0.4922939544494884,7.857676147747858,12.728521836085289,9.945673775193184,0.5030541717659378,30.692930754508314,76.71354528387756,2.251554721592776,193,E,176.130529296875,0.005246466,0
-1.4069796800613403,1.459621787071228,0.17589106103236463,0.5665573575392979,-1.5050854682922363,3.6634113788604736,0.8869933222584581,1.069497288030581,7.661818027496338,12.0933256149292,9.822214551540236,0.8883037706537864,7.7046116486111975,12.230425534441492,9.933520103009046,0.9341665569535794,30.692965976431605,76.713529979668,2.2873443810712524,193,E,178.130529296875,0.9229148,1
-0.9355936646461488,1.710868239402771,0.2510459332761028,0.4624084480234208,-0.9044869542121888,4.199403762817383,1.5686518398859581,1.0703074766496692,6.616154670715332,14.237295150756836,9.82831229214893,1.3297336990079536,6.78478864726253,14.548789855479146,10.017873119837482,1.374483430197846,30.693010950052265,76.7134940827804,3.6380997930108583,191,E,180.130529296875,0.99993455,1
-1.584048628807068,2.2947168350219727,0.20407181731159824,0.7242676092101522,-1.521835207939148,4.005585193634033,1.7127155025002252,0.9084683663341743,2.1774685382843018,16.412370681762695,9.752760754965747,2.721866567764949,2.237551402946036,16.71176369285693,9.970842582218266,2.726190785408444,30.693084628502977,76.71343499500139,6.251492984274525,193,E,182.130529296875,1.0,1
-1.6582261323928833,2.1272194385528564,0.29768945268051306,0.5949703634069741,-1.947757601737976,3.1417760848999023,0.3209109896808438,0.902838409865847,2.5986053943634038,17.249858856201172,9.898859313114936,1.5040613907548883,2.661961157948038,17.358285131404386,9.96746285088185,1.5033331252550064,30.693188518875054,76.7133487550096,7.241221645483855,193,E,184.130529296875,0.99997795,1
-0.7058826684951782,1.4333007335662842,0.3426323647856944,0.3850670927914706,-1.5074782371520996,2.9766714572906494,0.8982383468588863,1.0369563694820265,8.02074146270752,11.746366500854492,9.81732973286525,0.7780846198333097,8.111772481980955,11.802243143813039,9.925044343610946,0.7916171929059136,30.693294688477106,76.71325963122504,7.463350012944007,193,E,186.130529296875,0.06244399,0
-0.7417750358581543,2.043470621109009,0.42853841733264647,0.48240787530347917,-1.6390835046768188,3.35713005065918,0.5304875406122964,0.7677454283309876,7.719245910644531,12.294322967529297,9.847506626899996,0.8268866759813557,7.865126566332695,12.366217458192143,9.912150137050327,0.8328388854279114,30.693409549731438,76.71316240175052,8.08721613970704,193,E,188.130529296875,0.051344912,0
-2.3976082801818848,2.9288148880004883,0.2959576258951913,0.7720615693272842,-8.554341316223145,3.613162279129028,-0.09223468085635722,1.3038996657541304,-15.316457748413086,51.78786087036133,9.674169607885355,5.236188628924753,0.0638932954997337,51.90937934227494,10.02140383956361,4.792809781543322,30.69352847730225,76.71306430094467,7.597826833741493,194,E,190.130529296875,1.0,1
-1.1413763761520386,1.373480200767517,0.15105777649797614,0.4440675067853477,-2.1774685382843018,2.2157537937164307,0.027945192458368646,0.7866087533745939,6.558726787567139,13.402199745178224,9.896454131665008,0.8589508035189221,6.745720475515239,13.495507517949983,9.938618177334723,0.8608241720916016,30.693628976493134,76.71297987518648,6.729376248584995,193,E,192.130529296875,0.36467758,0
-0.8709874153137207,1.4476577043533323,0.2681449137222736,0.4323008719183519,-1.5361921787261963,2.864208698272705,0.8121215273611673,1.1839749773343722,8.252845764160156,11.789437294006348,9.811316732297907,0.659776774474225,8.294403579600537,12.05803480396941,9.926388371444183,0.6958298453185342,30.69371974639906,76.71290245284669,6.412234479955612,193,E,194.130529296875,0.45151958,0
-2.014756679534912,2.2995026111602783,0.06535009427087797,0.6118420039681631,-1.964507341384888,2.500499725341797,0.2137050996606909,0.7145393421256064,1.9621145725250244,22.59781646728516,9.84120841100426,2.1406693490426347,2.1959138275297363,22.68904364722208,9.891882672462145,2.125408915644715,30.693815401176757,76.71281921023403,6.650295755114176,193,E,196.130529296875,1.0,1
-1.820937991142273,1.8616160154342647,0.08283902260033453,0.625142548666075,-2.124826431274414,2.517249345779419,0.20107187574224858,0.9615897169434207,6.977470874786377,12.976277351379396,9.919334093729654,1.1264750844296574,7.1237101785995876,13.050443006469825,9.987934673727109,1.1251871510962073,30.69390330982204,76.71274263303904,6.103755123631414,192,E,198.130529296875,0.26666164,0
-1.4093725681304932,2.3162522315979004,0.06702382982602352,0.6743554200647447,-1.6917256116867063,2.289931297302246,0.026581407779190748,0.6931246553536267,6.008377552032471,13.110275268554688,9.866475611770708,0.9429402253615736,6.045382365533248,13.224676376770201,9.914142608466273,0.9416099992558047,30.69398779737533,76.71267136839428,5.084055303412781,193,E,200.130529296875,0.5517879,1
-1.007378339767456,1.3280165195465088,0.23023714301303147,0.44682213670126725,-1.2538390159606934,1.6630117893218994,0.21599295858479062,0.5323271229469446,7.8795647621154785,11.964113235473633,9.870030056119589,0.6649513483968084,7.916379313172323,12.001845974387539,9.899507536100804,0.6648973116011807,30.69406004874741,76.71261481042121,4.684239561873049,191,E,202.130529296875,0.7962619,1
-1.4524433612823486,1.6103696823120115,0.21284963278379773,0.5523255887917475,-1.0528420209884644,3.259024381637573,1.0383982360845556,0.9391124766485806,6.453442573547363,12.370893478393556,9.811812623177168,1.014321892613737,6.746295478565747,12.47848675349681,9.929506777229838,1.0079596608158146,30.694126212215686,76.71256406203045,4.599440154103889,193,E,204.130529296875,0.9998317,1
-0.9547362327575684,1.6773686408996582,0.255188957223466,0.457430979004212,-1.2275179624557495,2.4047868251800537,0.7352660469049732,0.7750505143499461,6.936792850494385,12.23210906982422,9.845299738058772,1.0120976303960116,7.001084213069696,12.305355383202379,9.916449720963799,1.0168468130634403,30.69420539556407,76.71250241103712,5.388458070423258,193,E,206.130529296875,0.9509809,1
-1.4452649354934692,2.048256158828736,0.2641403436904455,0.6019156014170175,-2.0410776138305664,2.9838497638702397,0.6951831709460833,0.8461994987427293,5.548955917358398,14.009976387023926,9.821036813172652,1.3646676393414456,5.736627186796329,14.034084126917174,9.905488638770063,1.351955037709685,30.694289993761934,76.71243816118067,6.08313177561157,193,E,208.130529296875,0.9998073,1
-1.1174482107162476,1.6055840253829956,0.09332008331584614,0.5014258655977205,-1.902294039726257,1.428515076637268,0.02570114645098428,0.6394001137132498,8.410771369934082,11.820544242858888,9.85570171336436,0.6821671421891479,8.411540577897059,11.870660630908908,9.889837394792307,0.678936056082817,30.694379632771557,76.71236497206539,6.0628765642915905,193,E,210.130529296875,0.72232294,1
-0.6101697683334351,1.9932212829589844,0.7727577359864363,0.5252352245105288,-1.1341979503631592,2.837887763977051,0.7005267236647172,0.7763680257421064,6.951149940490723,12.524033546447754,9.83999336074671,1.2725486368916843,7.003037037253141,12.637118873595734,9.941367631232488,1.2572074431189861,30.69445980979931,76.71229192068671,5.532871537877833,193,E,212.130529296875,0.7445597,1
-1.6510475873947144,2.4335005283355717,0.22682478506905362,0.6489182288181007,-1.0456634759902954,3.9314076900482178,0.8890199514091515,0.8256786397169337,7.066005229949951,12.579068183898926,9.813767379092187,1.2832785880228328,7.165144256425138,12.643291508749474,9.910749984980086,1.295575116128516,30.694548666573684,76.71222065307934,6.305689456418576,194,E,214.130529296875,0.9934581,1
-0.851844847202301,2.0099709033966064,0.674466031443067,0.5364283417837142,-2.0961127281188965,2.5986053943634038,0.5618297948388605,0.781066575786942,7.267002582550049,13.270594596862791,9.781301098166352,1.0561394821930283,7.486714984414337,13.386223647498241,9.866323068502973,1.0551437790097256,30.69464696532108,76.71213323930357,7.207225469350132,193,E,216.130529296875,0.25353447,0
-0.8231309652328491,1.8735800981521609,0.5794598152716234,0.45716462739498553,-1.8783657550811768,2.411965131759644,-0.3345240443375521,0.7795148260873003,8.0350980758667,11.899506568908691,9.889263251902525,0.6356138729121878,8.143427600652936,12.157298688001429,9.953414246180628,0.6288086983990945,30.694748652383854,76.71204490518656,6.892060413598605,193,E,218.130529296875,0.09711525,0
-0.5886343717575073,1.584048628807068,0.6394043648181184,0.4198052325812828,-1.950150489807129,1.0671988725662231,-0.059671789524748615,0.607528284639721,8.606983184814453,11.081161499023438,9.895301087532637,0.5272342995912883,8.661594065346911,11.088476543834078,9.944049974054225,0.5182233565323818,30.69483095710941,76.71197793868104,4.823661562967748,193,E,220.130529296875,0.6263258,1
-0.6939185857772827,1.4500504732131958,0.4630610325111775,0.38211655655572696,-1.069591760635376,1.2251251935958862,0.1753739583703767,0.40328408351054457,8.427521705627441,11.282158851623535,9.866629660129547,0.5283846713637003,8.49390869709158,11.283138267735206,9.894866225187826,0.5244294582011985,30.69490308749378,76.71192107358675,4.5259929545232875,192,E,222.130529296875,0.74262613,1
-0.3038884699344635,1.7084753513336182,0.6834918113541186,0.38703113772636427,-1.0265209674835205,1.7730815410614014,0.22499971638477065,0.4568394415288861,8.319844245910645,11.75115203857422,9.874559155399936,0.6032634730002332,8.36611479812272,11.884206326521381,9.918803962147368,0.6037007514540462,30.69496219438907,76.71187364982254,3.888178681541769,193,E,224.130529296875,0.5025689,1
-1.2945170402526855,1.545763373374939,0.2412783496113195,0.48457225024318,-2.2229323387146,4.031906127929688,1.3003689332676984,1.2415590027666854,7.781459331512451,12.148360252380373,9.819883769040281,0.8624951015553425,7.906055928254169,12.191062150840086,9.99493834557741,0.8948050812493692,30.69502276152552,76.71183273968141,4.179412064109003,193,E,226.130529296875,0.6365587,1
-1.399801254272461,1.698904037475586,0.1979562231063028,0.5497946129148764,-0.9308080077171326,2.9527430534362797,1.0609800498544548,0.8367621779384716,6.159125328063965,14.4861478805542,9.830749832093716,1.5851373251719219,6.232189892376055,14.7343800964551,9.936722915642632,1.6078403807221122,30.69509764678351,76.71177036494802,5.912919050693712,192,E,228.130529296875,0.9999999,1
-0.8279166221618652,2.2061824798583984,0.5392157629909177,0.5413413428977311,-2.0745773315429688,2.359323024749756,0.17594065403787737,0.9160479844780998,7.379465103149414,12.492926597595217,9.860822084654181,0.9654233629533907,7.619833215473705,12.654635267385405,9.935032402261683,0.9575430711712979,30.695186793242637,76.7116893758037,6.138730333558517,193,E,230.130529296875,0.5510165,1
-1.1820544004440308,2.258824586868286,0.48151526546921253,0.5160068721126975,-2.1822543144226074,3.2709884643554688,0.6552242649673277,0.9184959892273761,6.245266914367676,13.02652645111084,9.83912551958944,1.3167312664657354,6.294988676787436,13.16813105534382,9.92803348555375,1.3218914821664651,30.695271233556102,76.71161480986551,5.90660725516627,193,E,232.130529296875,0.60040766,1
-1.4069796800613403,2.170290231704712,0.39888229612936627,0.6893209874605144,-1.485942840576172,3.464807271957397,1.078133974731007,1.0413827159477673,6.642475605010986,13.217952728271484,9.814205518040632,1.6088888022782055,6.710263953261155,13.716590097278578,9.957332403203402,1.6247479432250282,30.695363736712913,76.71153888533117,6.641587460151284,193,E,234.130529296875,0.9999993,1
-1.5792629718780518,2.541177749633789,0.5361658428732904,0.6987315340283394,-1.8544375896453855,2.761317253112793,0.19399220553357058,0.8638151571397127,6.534798622131348,13.292129516601562,9.862198342931086,1.0758400647377238,6.6425915825419315,13.423140820087205,9.94170342530269,1.0688452520145197,30.69546836514297,76.71145273049342,7.278342820979936,193,E,236.130529296875,0.9723861,1
-1.2993026971817017,1.739582061767578,0.3228213790151262,0.5306925533962665,-1.107876896858215,2.321038007736206,0.5871049376617464,0.6301103510480357,7.312466144561768,12.658031463623049,9.84366532699349,1.0046658790761147,7.360892447156621,12.80420918564341,9.900118166727461,1.0111084880321728,30.69557111441231,76.71137117464296,6.728134582898256,194,E,238.130529296875,0.9782673,1
-1.8711873292922971,2.1343977451324463,0.17072107773177672,0.7016188884468897,-1.5960127115249634,2.4358935356140137,0.5428979822598552,0.8453308958133322,7.374679565429687,12.378071784973145,9.862954606663996,1.0302236624846566,7.5739606882172055,12.386933574069236,9.941011040137289,1.0228739713630977,30.695677951485894,76.71128803931609,7.340000152587891,193,E,240.130529296875,0.9827,1
-0.7776673436164856,1.5314065217971802,0.1894173296096064,0.3715367216534201,-2.2779672145843506,1.526620864868164,-0.6020614538399667,0.6830135749939529,8.310273170471191,11.375478744506836,9.874001241100885,0.6447195764648272,8.507501252015626,11.42804193868903,9.925775916732233,0.6272481888985472,30.695779893655644,76.71119910875564,6.667772856218,193,E,242.130529296875,0.025691431,0
-0.9858429431915284,1.5553346872329712,0.4457964954338003,0.41099742130057193,-1.8065811395645144,2.823530673980713,0.686169788255863,1.0028017195771766,7.319644451141357,12.335000991821287,9.829517068022891,0.9496088377458773,7.407172181764196,12.480646405439106,9.922603675979929,0.9524666332564065,30.695857985759908,76.7111309228111,4.75686678407386,193,E,244.130529296875,0.337078,0
-1.0121639966964722,2.495713949203491,0.6211792357167026,0.6223265564203311,-0.5575276613235474,3.1968109607696533,1.3078821444017765,0.795627188102931,5.484349727630615,13.66301727294922,9.773453094798667,1.5852554345935044,5.653575293410508,13.921797649469106,9.931491029348734,1.5860764278270552,30.69593934225004,76.71106259677573,6.447395275421941,193,E,246.130529296875,0.9999958,1
-1.3878371715545654,1.5792629718780518,0.15729399486034723,0.5691631360755909,-1.6917256116867063,2.1822543144226074,0.45361966045496144,0.687521941934675,7.022934436798096,12.373286247253418,9.888444925219284,0.8857999742230133,7.198965083089692,12.604001202682003,9.93995923462677,0.8890108776983215,30.696049699202838,76.71097862552797,7.317928315993013,193,E,248.130529296875,0.88781875,1
-1.1940184831619265,1.4141582250595093,-0.005752692180034256,0.4635284790524694,-1.6845471858978271,3.067598581314087,0.9041398113829909,1.1720787175776664,6.235695838928223,13.921442031860352,9.809333013129358,1.2293912332996106,6.29277647824772,13.97015304127285,9.93147296916531,1.2273510878344542,30.696157671800265,76.7108901446615,7.3126043773894,193,E,250.130529296875,0.9999666,1
-2.0745773315429688,4.74018144607544,0.2375837319694614,0.8604301066322552,-1.1653046607971191,5.764309883117676,1.1706605836980701,1.2160922090695006,-4.436293125152588,27.30449867248535,9.773725842892969,3.922499648252099,0.08892161969640991,27.85170040651523,9.982946485727178,3.859872053185013,30.69627472162827,76.71079080199263,8.594271281885218,193,E,252.130529296875,1.0,1
-2.6703901290893555,5.472385406494141,0.15379774513403485,1.085235992961318,-3.0795626640319824,3.3092737197875977,0.41344999902220586,1.0751730222525768,-1.6941183805465698,23.60041046142578,9.802179362335353,2.6022043671109985,0.4619635279758885,23.832352087905306,9.952836680056448,2.5146687010470887,30.696413231918278,76.71067728634671,9.299297208258302,193,E,254.130529296875,1.0,1
-3.562912940979004,3.376272678375244,-0.010873086707077805,0.9614916542378801,-5.941378593444824,6.0777692794799805,0.3375739643550502,1.3231987535853698,-4.697110652923584,48.20819854736328,10.11416378096132,5.106139980216635,0.09995585324770435,48.59401052511733,10.285629804915489,5.036287278342509,30.696544584536337,76.71056699919724,9.537866828220313,193,E,256.130529296875,1.0,1
-0.9260223507881165,1.797009825706482,0.44296974157962776,0.5280970356109437,-2.66560435295105,2.715853691101074,0.17807311863382708,1.1365125779162557,7.025327205657959,12.69153118133545,9.90050822341998,0.9656118776555989,7.267895305041841,12.711412489679471,9.991552193004583,0.959079611429384,30.69667307860736,76.71044961179908,8.661982783919864,193,E,258.130529296875,0.34063068,0
-1.337587833404541,1.454836130142212,0.243044175793292,0.5105042696377102,-1.8448662757873533,3.3475589752197266,0.6246993887627056,0.9577986149579577,7.013363361358643,12.629318237304688,9.827951664777146,1.2922218405482722,7.187240426596165,12.809013201106058,9.910644971801776,1.2903100585236247,30.696797085011536,76.71034473945193,8.584208609648362,194,E,260.130529296875,0.93606895,1
-0.7417750358581543,1.921436548233032,0.42722422482296246,0.4832563175698395,-2.304288148880005,2.282752752304077,0.40503172683553684,0.8288209124844995,6.606583118438721,13.07199001312256,9.859979076089019,1.2058396998941148,6.7071247899522515,13.184079634180694,9.92505576005066,1.1973123794987548,30.69691872682405,76.71023605659362,8.765451775162356,193,E,262.130529296875,0.6869788,1
-1.1126625537872314,2.117648124694824,0.5490032466283689,0.7084332741729213,-2.170290231704712,2.6153552532196045,0.6137714715538701,1.0153022907761267,6.2189459800720215,14.562718391418455,9.780674996475378,1.676208668154306,6.292300043800859,14.726473191729875,9.89511894313233,1.6639520476415606,30.697047771359202,76.71012483636528,8.59726106843408,192,E,264.130529296875,0.9999827,1
-1.5553346872329712,2.117648124694824,0.47944479065204104,0.6851493596740816,-3.634697675704956,3.4193434715271,0.6901743614206506,1.2304288360266784,5.3694939613342285,13.148560523986816,9.889064835760877,1.7802689431122116,5.3699908435696075,13.518792825160432,10.022173892432958,1.7912520837562043,30.697176545689146,76.71001656639139,8.997396089588054,193,E,266.130529296875,0.96512467,1
-1.7324036359786987,1.8687944412231443,0.2853162033734312,0.6623583614666807,-1.8089739084243772,2.8187451362609863,0.44288295549412926,0.999818973533265,6.340980052947998,13.148560523986816,9.865111857498247,1.3789180785807833,6.408597812077285,13.367616814060051,9.950826318954121,1.3852111122193624,30.697310949142704,76.70990594725595,9.1440716428582,193,E,268.130529296875,0.999,1
-1.4117653369903564,2.234896421432495,0.5235198382143452,0.6558588012719537,-1.306481122970581,3.28773832321167,1.0897509421504203,1.0203379234870769,3.75433874130249,13.92862033843994,9.843105311220791,1.9544218571507572,3.802640904129797,14.11783051304293,9.988580770536393,1.9666244014034973,30.697449411641095,76.70978580138308,9.601701189346866,193,E,270.130529296875,0.9999999,1
-1.107876896858215,2.617748022079468,0.4350473920626498,0.779946334764172,-1.923829436302185,3.2039895057678223,0.9564719608179029,1.0394899899391206,4.254438877105713,13.875978469848633,9.815928822354332,1.853673709114063,4.461202039207003,13.996203782836325,9.95589932330163,1.860535970933213,30.697597042088635,76.70966288422466,10.848369511726595,193,E,272.130529296875,0.99999976,1
-1.6582261323928833,2.3186452388763428,0.4925475858253776,0.6418809330207192,-1.6199408769607544,3.4121651649475098,0.8415008890272778,0.8686364683028741,5.831308841705322,12.471391677856444,9.781497565408548,1.1803253769155293,6.2048830908702834,12.73994981717639,9.888548481556287,1.1852167996498906,30.697764007228937,76.7095218431961,11.805835210198664,192,E,274.130529296875,0.9984692,1
-0.8231309652328491,1.765903115272522,0.5409266937697799,0.48322026166708426,-1.3423734903335571,1.9812572002410889,0.3621592848064677,0.7395043417341997,7.159325122833252,12.820743560791016,9.79440579389661,1.0027883110749711,7.340862994090037,12.824934558165454,9.85657994833528,0.9939469315574947,30.69794258172832,76.70937098383517,12.514448886553582,193,E,276.130529296875,0.09358608,0
-0.7704889178276062,2.4047868251800537,0.5015752989258327,0.530706213942216,-3.06999135017395,0.8925228714942932,-0.7979381621376144,0.6854064892167594,7.499105930328369,11.98325538635254,9.889399577916596,0.8391528337026231,7.727248450215855,12.000289728219657,9.97335323099461,0.8223995694811997,30.698119467730358,76.70922723575971,11.341501621349417,193,E,278.130529296875,0.14683814,0
-1.6845471858978271,1.794616937637329,0.14051943906785563,0.5790892696462128,-3.608376502990722,2.7038896083831787,-0.3453847312228513,0.8921778341965776,7.558926582336426,12.224930763244627,9.899689985680457,0.9471528834090651,7.625335461741704,12.27471709534714,9.965148888699908,0.9311981628761417,30.69826921526692,76.70910817470975,9.320325638983713,193,E,280.130529296875,0.027437748,0
-1.323230862617493,1.8951154947280884,0.48658606413886957,0.570160526218144,-1.545763373374939,3.2350962162017822,0.42261215359686727,0.9399872536045563,6.455835342407227,13.351950645446776,9.861900744660531,1.324623173998002,6.597927032525435,13.385834486961421,9.944127495743258,1.3229010892011892,30.6983981906585,76.70900212228037,8.595621395083624,193,E,282.130529296875,0.9453152,1
-4.505684852600098,1.983649969100952,-0.4359747516423387,0.9726659942007674,-3.438486099243164,2.7565317153930664,0.2838208347117317,0.9191222728936601,6.144768714904785,16.9124698638916,9.854630357211398,1.7137150060963957,6.216955405026056,17.836928534438883,9.954478139908867,1.7379346076762314,30.69853207044698,76.70890179916066,9.002608074577084,194,E,284.130529296875,1.0,1
-24.58625221252441,10.796415328979492,0.127427099260545,2.5373548521185274,-4.304687976837158,2.7828526496887207,-0.47976713777046864,0.957526952812891,5.087141036987305,21.011375427246094,9.838195719249509,1.39861586839008,5.57727781875784,26.494934617257233,10.10923595771446,2.0374030999946675,30.698651065838437,76.70879383068382,7.516351321979683,193,E,286.130529296875,1.0,1
-0.3110669553279876,1.9357935190200808,0.6995968695674477,0.4404301757719399,-1.959721803665161,2.3976082801818848,-0.44138279442863604,0.7414377167551524,7.685746192932129,11.696117401123049,9.915051168728368,0.709688922303273,7.8431750081901175,11.723851883060092,9.98770387052138,0.6968734593868655,30.698745612398127,76.70870215458491,6.42242885912976,193,E,288.130529296875,0.06624375,0
-0.7441678643226624,2.337787628173828,0.8900308407157891,0.5513912111412081,-1.8161523342132568,1.062413215637207,-0.15253314709681728,0.6955406140501463,7.661818027496338,11.81336498260498,9.908405800557507,0.7196971808385525,7.68323122049963,11.93750265928561,9.989000447471277,0.71942329191705,30.69882084058673,76.70864223830436,4.261893873772899,193,E,290.130529296875,0.905063,1
-0.7704889178276062,4.161118507385254,1.507837808049173,1.1004805743515422,-1.0360921621322632,3.046063184738159,0.4614304306270275,0.7764764807773661,7.936992645263672,12.780065536499023,9.825338904721749,0.8056558457264478,7.9392502484573235,13.352725546712735,10.037216826863908,0.8608777046298146,30.69888988918282,76.70862479236,3.89401297450513,193,E,292.130529296875,0.99999964,1
-0.028713870793581,2.541177749633789,1.2444413523997995,0.5817535871361792,-0.3445664644241333,2.567498683929444,0.787375028815767,0.7414650092856861,8.22413158416748,11.452049255371094,9.787710851955907,0.5725695733151291,8.332222964189008,11.736983207874399,9.941998826793302,0.5835925612346649,30.69895911514201,76.70865790952708,4.255169361168651,193,E,294.130529296875,0.7983065,1
-2.1583259105682373,1.7539390325546265,0.5950069692386363,0.5402447333128192,-0.382851630449295,2.199003934860229,0.7620706189703679,0.5651250052395275,7.685746192932129,11.578868865966797,9.814490624660037,0.8518792702326472,7.718434216472325,11.726775905348093,9.892469902168882,0.8573093446558984,30.699023394525764,76.70873412173539,5.601386001934619,193,E,296.130529296875,0.99998367,1
-8.504091262817383,3.873979806900024,-0.1015151880531924,0.9814597136396342,-9.382257461547852,3.4887354373931885,0.12455075841826517,1.3014046015072303,-0.9571290612220764,30.721450805664062,10.020397365633688,4.02865617691632,0.48340347829090735,32.06653186888764,10.16685518857792,3.994524360000904,30.699080917564256,76.70882914739944,5.410877078402113,193,E,298.130529296875,1.0,1
-1.7922241687774658,1.0815558433532717,-0.3712115379748866,0.4145187009399584,-1.842473387718201,0.7106683254241943,-0.830670870981218,0.5213330742762212,8.597412109375,11.6123685836792,9.947736402352652,0.5061430507145978,8.641326422200907,11.619133867869163,10.01181429990076,0.4986389198277831,30.699138415314593,76.70890498508344,4.11974750692385,192,E,300.130529296875,0.0015242428,0
-3.1250264644622803,4.161118507385254,-0.4622982940226407,0.8287948351305477,-2.0650060176849365,2.3234307765960693,0.053311592119943754,0.6270869035685419,7.616354465484619,12.485748291015623,9.91812588390291,0.7948527902338898,7.650222963424222,12.521091939242732,9.981826364641645,0.8129299693757847,30.699189756067636,76.70892855877841,2.471080124199423,193,E,302.130529296875,0.2644759,0
-1.765903115272522,1.5050854682922363,0.12517066253107909,0.6382898973176593,-0.698704183101654,3.802195072174072,0.9572282427200478,0.9921837215092077,7.374679565429687,13.115060806274414,9.826256381415332,0.9584618444006257,7.566366436857776,13.34664274052835,9.938403637736524,1.0128636865678635,30.699232158366726,76.70890723104647,2.8857508979194764,193,E,304.130529296875,0.9997079,1
-0.8255237936973572,1.435693621635437,0.41144215480842117,0.41968985698094746,-0.7704889178276062,3.5605201721191406,1.419067170912611,1.1920552846333756,5.649454116821289,14.014761924743652,9.808796742527756,1.4251188323405546,5.867818679346019,14.097468393826682,10.00174294105751,1.4102365133237265,30.699285773159282,76.70885910515435,4.333166518844292,194,E,306.130529296875,0.99998736,1
-2.227717876434326,2.871387243270874,0.5011041703117635,0.7990415121539045,-3.38105845451355,4.874179840087891,1.4463311021790448,1.0899911502661204,-0.4474578201770782,23.48076820373535,9.83054607180116,3.902629330475679,1.3925673192922712,24.084576630865932,10.06446036735454,3.8400932758569732,30.699364348606995,76.70879129520534,6.399475703688583,193,E,308.130529296875,1.0,1
-3.4241292476654053,12.703495025634766,0.46446795230779625,1.4023785273407423,-21.94936180114746,10.459028244018556,0.2929162119908519,2.293392692361817,-19.348363876342773,35.62673568725586,9.31334925080056,6.017430307159198,0.14366902418256866,36.10981406653645,10.230193670058046,5.081232646051812,30.699466562448194,76.70870551221172,7.425813910492181,193,E,310.130529296875,0.98960656,1
-0.7752745151519775,1.940579175949097,0.48096974953946325,0.46189390329263885,-4.055834293365479,3.620340585708618,0.5111341916369708,1.0802569546605068,1.552941918373108,17.941383361816406,9.712640693768318,1.6570434013153297,1.6677029858938497,18.30643374437222,9.806239115386227,1.6708523632505303,30.699577489680873,76.70861994964655,6.892754475535106,193,E,312.130529296875,0.0004899517,0
-0.5599204897880554,1.4811571836471558,0.5056046644138857,0.38658723876209555,-1.4524433612823486,2.940778970718384,0.5519981500391071,0.8964709912162446,7.133004188537598,13.634303092956545,9.860165007991494,1.079753466255651,7.296024154998957,13.981140541089045,9.937599425219025,1.07064801040636,30.699685838945406,76.70853826662949,7.198003201359995,193,E,314.130529296875,0.25374547,0
-1.0911271572113037,1.8448662757873533,0.5072783993839387,0.5928170033153984,-1.1485549211502075,3.1657042503356934,1.202957494957662,0.9887702976286159,4.9435715675354,14.940784454345703,9.814515410309628,2.0890508480496517,5.247715439157078,15.032817631247177,9.971764499601544,2.0703371125199035,30.69979953818519,76.70844525457899,8.214239584412812,193,E,316.130529296875,0.9999999,1
-1.6845471858978271,1.9334007501602173,0.5356451259453062,0.5882583792084732,-0.7848458290100098,2.981456995010376,0.8452614983109458,0.7914255338074848,5.070391178131104,14.55793285369873,9.810238099468805,2.0404178064394265,5.2293911321229025,14.64261074783528,9.907640013763709,2.053419282202231,30.699928823054098,76.70832666952404,9.376843009882965,193,E,318.130529296875,0.9999999,1
-0.8949156403541565,1.5744773149490356,0.42004575741168476,0.5438965748841036,-2.6943182945251465,2.8809585571289062,0.8510017901697616,0.8866884783532266,4.957928657531738,14.54357624053955,9.788169579184736,1.782472543270347,4.987993762411437,14.608438977277826,9.888986708711101,1.7821605933057927,30.70006432854449,76.70821424630262,9.809359103082135,193,E,320.130529296875,0.97915363,1
-7.920242786407471,7.312466144561768,0.4442095533966381,1.3279332902154606,-9.133403778076172,13.505090713500977,0.43011296844023034,2.0782409465616034,-12.461820602416992,49.10311508178711,9.49816691180585,6.986998422735419,0.14009766946007796,49.25210023166586,10.075068412840169,6.632580920621927,30.70021598564918,76.7080883690034,10.590979496819307,193,E,322.130529296875,1.0,1
-0.9954141974449158,1.9286150932312007,0.40252732073434583,0.5221316333557517,-3.3786656856536865,1.9669002294540403,-0.16976642880801093,0.8249135764937033,7.482356548309326,12.215359687805176,9.85554053499291,0.8866125098308659,7.572108852178852,12.216711874029093,9.914607493498854,0.8730818775209312,30.700367226766424,76.7079631979302,9.968229620691634,193,E,324.130529296875,0.3113683,0
-4.218546390533447,4.986642360687256,0.5303883548883885,0.9017341744720114,-11.834900856018066,3.893122434616089,0.05716738784251436,1.6654667395708407,-5.347958564758301,44.66682052612305,10.016553966830354,6.420862815733529,0.13077602339592728,45.255728204247205,10.324767905389788,6.23133085849153,30.700503774361387,76.70785170329339,8.712067263943611,193,E,326.130529296875,1.0,1
-1.3304094076156616,1.5672988891601562,0.33278831781655394,0.4447810950896792,-1.5696916580200195,2.799602508544922,0.8460177810997774,0.9397496330207399,5.321637630462647,13.919049263000488,9.844741836113016,2.072933821754941,5.382675212604957,13.99030682889491,9.939124782270909,2.082606241530454,30.700628527536505,76.7077463137701,8.82174486716085,193,E,328.130529296875,0.9999906,1
-1.3926228284835815,2.359323024749756,0.42593476407412323,0.6494987416290435,-1.8448662757873533,3.684946775436402,0.7567486602599377,0.9966214163869085,1.8640087842941284,15.850057601928713,9.797190305498457,2.1032397908507643,2.3144359474321745,16.319728815143584,9.907574862705678,2.1018343561956376,30.700762269159036,76.70763527702545,9.558636011199049,194,E,330.130529296875,0.99999714,1
-0.969093143939972,1.8640087842941284,0.6600719053332014,0.528765302724267,-2.0961127281188965,2.2612173557281494,0.3343752699040378,0.8854301080529523,7.472784996032715,12.363714218139648,9.890441029800652,1.014244972360721,7.5181205026229225,12.409831636687121,9.9725680679185,1.0042329020704346,30.70090470957272,76.70751677372589,9.644271640615338,193,E,332.130529296875,0.8708906,1
-0.8757730722427368,2.007578134536743,0.43655995270623366,0.5692096281970105,-3.280559778213501,2.0889341831207275,-0.10284177671123894,1.0224058592388017,6.10169792175293,12.55274772644043,9.854672693835639,1.0874309276976424,6.166261421005028,12.601551325837699,9.935991104733262,1.0694087417758764,30.7010444922322,76.70740527769334,9.095248097516617,193,E,334.130529296875,0.270794,0
-0.9427721500396729,1.277767300605774,0.1284065494745719,0.40616207283061784,-1.6271194219589231,1.94297194480896,0.2120313612464333,0.7195885851147354,7.556533813476562,12.531211853027344,9.878910835542827,0.7912521086760667,7.584264073675059,12.622941542703446,9.91633480800014,0.7934003233350106,30.701168907747313,76.70730484203135,8.06643353958628,193,E,336.130529296875,0.6112525,1
-0.8997012972831726,1.8999011516571045,0.34775275668404376,0.5828495918437655,-2.3856441974639893,1.557727575302124,-0.4617527778853947,0.7090057093702232,8.34855842590332,12.229716300964355,9.905641027065139,0.7816943968848302,8.52904876181247,12.243840733035702,9.966022943270909,0.7666207221914392,30.701272972823514,76.70720441183883,6.842843659645766,193,E,338.130529296875,0.16898845,0
-1.7539390325546265,3.1345977783203125,0.44807773615219126,0.5463706089054353,-1.584048628807068,3.1417760848999023,0.9887440704156698,1.0506901471197785,1.4428720474243164,18.635303497314453,9.797517712252128,1.8096131012994372,1.623430977687241,18.69053324992701,9.928449930914509,1.8090865069310826,30.70136466294193,76.70712461184861,6.312482828620482,193,E,340.130529296875,1.0,1
-1.275374412536621,2.7900311946868896,0.45483467061497235,0.6348017645299129,-2.1367905139923096,4.06540584564209,1.2041601025972304,1.0122545422419496,-3.45045018196106,18.530017852783203,9.799055081266197,2.68989314701921,0.8477146145805908,18.53557405991795,9.993782487057048,2.542798831658089,30.70146821429294,76.70703706427943,7.69642872988586,193,E,342.130529296875,0.99997735,1
-0.7657032608985901,1.4476577043533323,0.508456214662844,0.445237158628779,-0.9954141974449158,2.644068956375122,0.7870526791024239,0.7856007222269367,5.355136871337891,13.356736183166504,9.758401853432927,1.8668107729389265,5.519638473729475,13.416416128206807,9.84449799293212,1.868323506863411,30.701589738857955,76.70693229269048,8.72973047484416,193,E,344.130529296875,0.13638867,0
-1.0408778190612793,1.5553346872329712,0.4392255341556946,0.45962342381330623,-1.5601203441619873,2.8043880462646484,0.23447182313707982,0.757388445572036,6.97986364364624,13.418949127197266,9.895077932683915,1.0303321682538242,7.037616820901154,13.53756322513739,9.947189239336714,1.029740240329651,30.70172061473611,76.70682136748111,9.096068396325041,193,E,346.130529296875,0.37827423,0
-1.0600204467773438,2.00518536567688,0.37589631913895744,0.4753052144159162,-2.407179594039917,1.6223337650299072,-0.7444653943062813,0.8318963198062246,7.932207107543945,11.870793342590332,9.924882834439451,0.6913088488952759,8.032632246361734,11.985114982520527,10.006092408076185,0.6876156068413813,30.701846083558234,76.70671675693114,8.181681922864257,193,E,348.130529296875,0.017814616,0
-0.349352091550827,1.8903298377990725,0.7109175754485477,0.48133312370373205,-1.5194423198699951,1.153340458869934,-0.09941430401158868,0.6144832466773791,8.922835350036621,10.987841606140137,9.836844056844711,0.38203640351423784,8.942250697238926,11.040242295513965,9.893676900017129,0.38622331584717684,30.70194543690978,76.70664073361483,5.471313401843441,192,E,350.130529296875,0.16977932,0
-5.759523868560791,1.1988041400909424,-0.1453701411301904,0.7847746744489884,-1.7826528549194336,3.675375461578369,0.3638940539472669,0.9298411602430915,5.371886730194092,14.400006294250488,9.823585350488878,1.5992987534770144,5.416290186607049,15.696949372881793,9.907752003454009,1.5909315235531156,30.702025692082668,76.70658742646403,5.175683348337148,194,E,352.130529296875,1.0,1
-2.421536445617676,2.0410776138305664,-0.08406035744216449,0.8228104463217016,-0.1555334776639938,3.6705899238586426,1.7310825612318392,0.821970889544911,4.400400638580322,14.940784454345703,9.788339537878832,2.2304664827104688,4.5286731504118904,15.405259062892474,10.00006440649889,2.2675205967091974,30.70210330419685,76.70652184656646,6.01822494969903,192,E,354.130529296875,1.0,1
-1.4739787578582764,1.8975083827972408,0.5121880266911935,0.607319062799977,-1.3806586265563965,4.144368648529053,0.9981665880590619,1.0016112185662385,5.745167255401611,12.294322967529297,9.808576796338967,0.9845919372137782,5.846266186311254,12.333248101461535,9.940668504987189,0.9957129686122371,30.70220841634552,76.70641916988926,8.757844344003972,193,E,356.130529296875,0.9774563,1
-0.849452018737793,2.763710260391236,0.6453554260211519,0.4926087166321956,-2.0673987865448,2.9240293502807617,0.7551897016312888,0.9566414452479093,4.443471431732178,17.142181396484375,9.79020284247522,2.426362687164676,4.790673962670486,17.153753654022786,9.905011137074627,2.402224651175523,30.702324883755427,76.70631047989838,8.616364795349387,193,E,358.130529296875,0.99859434,1
-1.8640087842941284,2.7326035499572754,0.491706457505379,0.6630730121169001,-2.9551360607147217,3.5605201721191406,0.5244248959626713,1.1695493731194249,5.525027275085449,14.876178741455078,9.863190137042901,1.724203490582637,5.579477818247065,14.944517616300466,9.979903617335172,1.7266237032190392,30.702461772967478,76.70619586707527,9.3656358294657,193,E,360.130529296875,0.9996088,1
-0.7800601720809937,1.648654818534851,0.4150245499898501,0.5618196258479845,-1.9142581224441528,2.651247501373291,0.7034030695966991,0.9708857370302236,6.235695838928223,14.103296279907228,9.84487823377619,1.5087331836776963,6.5979089811088585,14.311458472628411,9.941940216245422,1.5103011804873212,30.70259934387692,76.70608331832044,9.331465078834096,193,E,362.130529296875,0.9982243,1
-1.6175481081008911,2.297109842300415,0.4532601198572376,0.6638494562883123,-1.804188251495361,3.242274761199951,0.5814063098629059,0.9935702953472585,5.824130535125732,13.418949127197266,9.806878198613775,1.4028121541990497,5.910342371355121,13.662476851467968,9.907000361574944,1.401942168557898,30.702742868852727,76.70596559592707,9.987094900174224,193,E,364.130529296875,0.9998172,1
-3.907479286193848,4.756931304931641,0.11443395238282844,1.096859453169164,-13.574482917785645,5.443671703338623,-0.08211224663693825,1.945148685232101,-2.6297121047973637,41.74518203735352,9.84614281684469,4.916356592111533,0.9886557293478424,41.99516074924546,10.137547619577322,4.832572854026666,30.702891171236637,76.70584230609342,9.545690929350089,193,E,366.130529296875,1.0,1
-1.6151553392410278,1.919043779373169,0.3343008818066259,0.5692830127131797,-2.407179594039917,2.579462766647339,-0.03637586021072043,0.8184690833047268,6.295516490936279,13.373485565185549,9.852019502708949,0.9490728447141314,6.337640577041537,13.62694011285914,9.908669396130623,0.942525021518189,30.703016987417325,76.70573783502988,8.46066723078325,193,E,368.130529296875,0.21927507,0
-1.7060825824737549,0.9978070259094238,-0.17086985309902636,0.5200042254004591,-2.167897224426269,1.734796404838562,-0.11794259933841661,0.6807536705610312,7.537391185760498,12.495320320129396,9.887787893028458,0.8246416502088872,7.551034638967861,12.511325758394854,9.9273070646663,0.8209108541488398,30.703131101041397,76.70564188819252,7.292056468143384,193,E,370.130529296875,0.21819957,0
-3.15613317489624,4.677968502044678,0.6753215014070775,0.954544213102671,-5.905486106872559,3.206382274627685,0.013823821638841086,1.5419041726581628,1.3758729696273804,22.554746627807617,9.92689127872645,2.64350124742732,2.48144825061345,22.71079630184603,10.121061359349833,2.615389000859454,30.7032206384983,76.70555110301451,6.092017138028886,193,E,372.130529296875,1.0,1
-2.4430718421936035,2.651247501373291,0.5005586606925692,0.8778299290961418,-4.6372904777526855,4.811966419219971,1.1720367629090662,1.66845000304172,2.124826431274414,22.188644409179688,9.91864660737428,2.1840746758981866,2.3732421558519814,22.707653707674407,10.17297810889269,2.1997247671785614,30.70330653939995,76.70547629410434,6.426825432191975,193,E,374.130529296875,1.0,1
-19.53500366210937,7.946564197540283,0.2908019603580505,1.781782862625551,-4.273581027984619,10.289137840270996,1.1681784844978895,1.480883973076573,-7.5708909034729,53.84568786621094,9.806366863938951,6.111288019071625,0.42006816410720244,54.814390937540686,10.378364206736507,5.711322349298084,30.70341600225012,76.70538519126671,7.88418876789837,194,E,376.130529296875,1.0,1
-1.466800332069397,2.227717876434326,0.19741406557367333,0.6916581477129409,-2.084148406982422,3.014956474304199,0.829280421359783,1.0766323009150915,4.091726779937744,13.801800727844238,9.812395362656352,1.7779529504907885,4.104471451995219,13.948544478003324,9.931208747776726,1.783120492431796,30.70354196977546,76.70528077288614,8.93937838587962,193,E,378.130529296875,1.0,1
-3.5270206928253174,2.1104695796966557,0.2851426310769712,0.6600298554913987,-2.225325107574463,2.9694929122924805,0.715379579840807,0.9841723516082775,6.197410583496094,13.660624504089355,9.835964017581446,1.5392566640000314,6.372656278926793,13.949544082422397,9.935615326878821,1.5480168604498397,30.703677430105802,76.70516369787087,9.704685194506386,193,E,380.130529296875,0.9999999,1
-0.7465606927871704,1.892722725868225,0.4158304229359398,0.48698237773561126,-1.7252250909805298,1.916650891304016,0.08358761752651608,0.7460386917577261,6.841079711914063,11.66022491455078,9.86889324039993,0.8250530660839656,6.91900481695453,11.727542274316509,9.918274360606514,0.8229383064779849,30.703818941388462,76.70504359367487,9.574539213207153,193,E,382.130529296875,0.34228918,0
-1.3208380937576294,1.7802600860595703,-0.006422187528606755,0.5642947495031956,-2.09850549697876,1.5553346872329712,-0.16386495986615593,0.6790889040250903,7.707281589508057,12.76331615447998,9.875005479921331,0.878417010280993,7.784506550177588,12.779781870021797,9.915800964718477,0.8779089781787804,30.70395179196443,76.70493596816695,8.583913476038418,193,E,384.130529296875,0.70196915,1
-2.170290231704712,1.4093725681304932,-0.12658281052669432,0.5199171028736584,-3.050848960876465,2.6392834186553955,0.10329017853170323,1.0553918521375865,-1.6271194219589231,35.1051025390625,9.848895423182208,3.1426702144001633,1.6918948059432826,35.11795970936005,9.960892445164522,3.0114110734741395,30.70406565001382,76.70484261427386,7.233483094599367,192,E,386.130529296875,1.0,1
-1.3399807214736938,1.0815558433532717,0.008616641933494127,0.4627553337492411,-1.3782658576965332,3.479164123535156,1.1481209362234555,1.0414522148903709,6.235695838928223,13.301701545715332,9.795794348642616,1.4038420728132395,6.280501752773953,13.549261453639337,9.922602137812673,1.4447655334000902,30.70416989206004,76.70475411959958,7.536150962995632,193,E,388.130529296875,0.9999988,1
-1.4763715267181396,1.6558332443237305,0.1287164998631635,0.6675893557119588,-0.9403793215751648,3.230310678482056,1.1053724819746042,1.038292595941666,5.19242525100708,14.560325622558594,9.815519631835462,2.26085571727633,5.229828083286299,14.798919221855188,9.941910031672675,2.3187200053705532,30.704291527988335,76.70465196535294,8.93038206553207,193,E,390.130529296875,1.0,1
-1.674975872039795,1.4787644147872925,-0.03281762276129517,0.5817202936020607,-2.7086751461029053,2.1511476039886475,-0.08579447188467713,1.034770193285519,7.319644451141357,14.251651763916016,9.951860939282827,1.0103374768844504,7.3731718661080246,14.256060889967623,10.024132986074324,0.9973271229578937,30.704426840871403,76.70453788786207,9.312906733543448,193,E,392.130529296875,0.07994753,0
-1.5337992906570437,1.7515461444854736,0.024535729797132352,0.46102973460109514,-3.259024381637573,0.7513462901115417,-1.6964368617905237,0.6807719328574908,8.209774017333984,12.5144624710083,9.948253157225297,0.7313781782318635,8.33195813270303,12.688883805283888,10.126959391322579,0.7084117977359808,30.704542364718446,76.70443913907951,6.493575924743811,193,E,394.130529296875,6.3900334e-05,0
-0.9236295223236084,0.882951557636261,-0.05534811786385692,0.3835259575270077,-2.557927370071411,0.9786644577980042,-0.15311559098431382,0.5370429622874971,8.23130989074707,12.000005722045898,9.951473750369088,0.5989023429083892,8.365645391546668,12.013502906687814,9.974902431274284,0.5948532667621442,30.704606401335926,76.70438503162116,3.2938294851470267,191,E,396.130529296875,0.096961446,0
-1.550549030303955,0.8183453679084778,-0.3904741209926871,0.5019913106044865,-2.352144718170166,2.1056840419769287,0.15338733182024672,0.5590394949490346,5.979663848876953,12.090932846069336,9.844701363868321,0.9015067163079731,6.015544292288975,12.117942331757533,9.882673453869913,0.8967401256982382,30.70464789751657,76.704350719564,2.344592120986479,194,E,398.130529296875,0.97156763,1
-0.3780659735202789,1.1940184831619265,0.4201870572011553,0.28708631540465035,-0.5790630578994751,2.342573404312134,0.828829361058618,0.5327113128753338,8.49452018737793,11.12183952331543,9.84539208461329,0.35718281739958485,8.536348893682362,11.194090946891412,9.907035234743828,0.3737551210431823,30.71036,76.713011,0.0,194,F,0.129484375,0.018771406,0
-0.9284151792526244,1.56251323223114,0.360770704094417,0.385615785072733,-0.9092726111412048,3.589233875274658,1.0575408220648226,0.8525925008680958,7.231110095977783,13.153346061706545,9.814230276512976,0.7612959536505829,7.305637537664544,13.285789549127443,9.921426704263386,0.7669036438159523,30.71037011054935,76.71300399241765,1.194443187351848,193,F,2.129484375,0.17156267,0
-0.9643075466156006,1.3567304611206057,0.36492404870814377,0.3419436863322469,-1.7156537771224976,3.6945180892944336,0.2777285993176421,0.9633554336092006,7.106683254241943,12.37567901611328,9.884192419793322,0.553300200285462,7.202081341539057,12.631714637822016,9.945931162446541,0.5806342457191171,30.71039241268347,76.71298582220007,1.3018817695633147,193,F,4.1294843750000005,0.0070544397,0
-1.6366907358169556,1.9286150932312007,0.4114291156482897,0.5729166980780721,-1.399801254272461,4.0079779624938965,1.301782305926625,1.180232715885804,4.807180881500244,13.785051345825195,9.818978709878081,1.4879916629266647,4.892541982585502,14.36683105025687,9.992398120211575,1.5373795227532745,30.71041225448465,76.71296821423401,1.9017047091784436,193,F,6.1294843750000005,0.9999999,1
-0.8925228714942932,1.97407865524292,0.3120835833878792,0.5663516145397173,-0.6197410821914673,4.225724697113037,1.5780727346584567,1.220687935659652,3.778266906738281,16.386049270629883,9.823999943510856,1.8260742121123161,4.041171388470862,16.469768694083292,10.039228070786589,1.8595603156184228,30.710456301162864,76.7129305043224,4.071389453060399,193,F,8.129484375,1.0,1
-2.4191436767578125,2.65842604637146,0.39874591603103077,0.8027968781781292,-0.2153540402650833,4.386044025421143,1.9180643200449685,0.9758746831219962,3.589233875274658,16.206586837768555,9.748842978106879,2.6798631792965586,3.614749574825075,16.61062748976173,10.01740438527686,2.703331041423007,30.710532339181192,76.71286453697772,6.482287335144765,193,F,10.129484375,1.0,1
-2.057827472686768,2.486142635345459,0.29946237351803273,0.8192378511500252,-1.940579175949097,3.9864425659179688,1.3478286422214862,1.1851591646859698,-0.366101861000061,16.11087417602539,9.82046646466527,2.235314166007323,0.7364842244379964,16.46700510175731,10.020654346486245,2.2375768449276205,30.710650253057814,76.71277176832119,9.258517164507495,193,F,12.129484375,1.0,1
-1.576870083808899,2.091326951980591,0.30122289548077924,0.7623845239196395,-2.251646041870117,3.170490026473999,0.19395501225935827,1.2105743101860766,3.974478483200073,14.687145233154297,9.869624741954507,1.4779351330772048,4.101939507174901,14.70069850428595,9.981506245701835,1.4623241685538761,30.710790667559454,76.71266095035051,9.522243708166515,193,F,14.129484375,0.99880266,1
-1.495514154434204,2.8283164501190186,0.45480987814935453,0.7942426897612035,-2.0195422172546387,3.584448337554932,1.1096869996203582,1.15065804829886,3.404986619949341,14.41197109222412,9.862061946503239,2.0886463736698864,3.517704832711733,14.662460501452063,10.030015629728865,2.101092248105498,30.710931288739992,76.71254829905524,9.500797166629557,193,F,16.129484375,1.0,1
-1.612762451171875,2.4741785526275635,0.3386773894241784,0.7029507979181063,-1.770688772201538,2.7254250049591064,0.6094506891067936,0.8209535296287513,6.364908218383789,13.57209014892578,9.899888377115516,1.2689298667739983,6.569567209215561,13.574096394149164,9.98303106691208,1.269370175271888,30.71108042404964,76.71243071900524,10.516546286742647,193,F,18.129484375,0.999666,1
-1.6510475873947144,2.5196423530578613,0.29574794557963296,0.699956878444304,-2.4502503871917725,2.589034080505371,0.5046142261840173,0.8389202707712846,6.453442573547363,13.15813159942627,9.8259411767586,1.236319848375773,6.471396152937812,13.356016982682617,9.903444265554548,1.2390430471283593,30.71123982187684,76.71229979858755,10.863454972461573,194,F,20.129484375,0.99905914,1
-1.6510475873947144,2.199003934860229,0.5921926103626411,0.6874951707423682,-1.4117653369903564,2.8522446155548096,0.5773025604502968,0.8470298969309826,6.836294174194336,13.581661224365234,9.887874657625979,1.2311115011013092,6.865710678419394,13.65101344833801,9.983476750632915,1.2206442285930785,30.71140012804142,76.71216642184845,11.017095434206238,193,F,22.129484375,0.9999459,1
-2.0243279933929443,2.170290231704712,0.30867412206692707,0.802993556505882,-1.7324036359786987,3.4815568923950195,0.7974918299581412,1.2869053721208612,4.371686935424805,16.31665802001953,9.83812132771151,2.3428179386204735,4.420404828572266,16.56025052814515,9.98359840522397,2.374318229844232,30.7115618064567,76.71203377911924,11.156900052445954,193,F,24.129484375,1.0,1
-1.404586911201477,2.368894338607788,0.45818214369045057,0.7236611593575065,-1.545763373374939,3.6394832134246826,0.8144523550133785,1.1953843094731962,4.252045631408691,14.971891403198242,9.810944749901331,2.636282048589541,4.460786648652484,15.350065726540038,9.949128174311356,2.654309916482427,30.711731954327647,76.71189175994766,12.197153453443672,193,F,26.129484375,1.0,1
-1.22033953666687,2.287538528442383,0.5960484027761214,0.7585418307491266,-1.8400806188583372,2.9623143672943115,0.6040327387869145,1.0289288936185064,5.493920803070068,13.808979034423828,9.817280164036726,1.924107395014948,5.823715965927461,14.021639306233903,9.937660357201322,1.9178882492854223,30.711916708833687,76.71173551398132,12.60696145369924,193,F,28.129484375,0.99998057,1
-1.308874011039734,2.2061824798583984,0.6239068078774708,0.5658910972108245,-2.163111686706543,2.364108800888061,0.19188453992973492,0.8156989069301205,6.400800704956055,13.02652645111084,9.86495067665614,1.121835714071884,6.5134259817168045,13.040931901934325,9.937508454679698,1.1105718156177486,30.712099318807855,76.71158099958346,12.57627448443046,193,F,30.129484375,0.6559522,1
-1.28255295753479,2.390429735183716,0.4679765993140522,0.6539559636586266,-2.280359983444214,3.4983067512512207,0.4088751155776913,1.1242783980026838,4.426722049713135,13.15095329284668,9.849998622360625,1.4926279593468756,4.789230916572587,13.2021825201887,9.957346477730974,1.4763141549863819,30.712283161979006,76.71142878775102,12.346708650042771,193,F,32.129484375000004,0.8255586,1
-1.1509476900100708,1.9070796966552732,0.5004842722875312,0.631666810633544,-1.97407865524292,2.679961442947388,0.16189366922149231,0.9005223647570232,5.319244861602783,14.289937019348145,9.86358689767709,1.2578735906454195,5.437035003704495,14.300667837878333,9.940007322737376,1.2471906181584316,30.712460099408542,76.71128115554862,12.219715840008305,193,F,34.129484375000004,0.90097916,1
-0.8590233325958252,1.710868239402771,0.6016399180359772,0.4994509100858421,-2.038684844970703,2.256431818008423,0.3070747726621019,0.8078692008772261,7.106683254241943,13.509876251220703,9.893181029996724,1.1269092029616914,7.179125529508039,13.626927290313128,9.962442441021244,1.1194039564147023,30.712637626147945,76.71113312821005,11.646416901092275,193,F,36.129484375000004,0.89397585,1
-1.244267821311951,2.289931297302246,0.5197508318936018,0.6309853101668997,-2.311466693878174,3.0412776470184326,0.3709494990822642,1.1654937931428433,3.82373046875,14.699109077453612,9.879815919411614,1.612740658135189,3.9565948964570627,14.8437301586305,9.990149886338612,1.6040146451870425,30.71280591449334,76.71099227588446,11.569755043611359,193,F,38.129484375000004,0.9980452,1
-1.5194423198699951,1.8352949619293213,0.45414293756871726,0.5410409562506682,-3.1202406883239746,3.751945972442627,0.4315097977085634,1.1929435009375353,3.5988051891326904,16.75693702697754,9.869665682930307,1.8837695239686676,3.804675979549753,17.03678804816386,9.975473660221068,1.8860274633506142,30.71297586184263,76.7108508882742,11.62341637345958,194,F,40.129484375000004,0.9863452,1
-0.9595218896865844,2.201396942138672,0.3374003920272244,0.6200139529207451,-4.7234320640563965,3.1752755641937256,-0.3786734773154935,1.4909307568758434,-1.8951154947280884,16.838293075561523,9.71231835430073,2.7099772691618473,0.18519273062781072,17.206321666906714,9.873725341468594,2.6546519445077434,30.713140328571097,76.71071452053008,10.965884772595409,193,F,42.129484375000004,0.00016577127,0
-3.684946775436402,2.739781856536865,0.1378414610574514,0.8818631988813681,-8.693124771118164,4.778466701507568,-0.4111067661484752,1.5336915151520423,-0.2895315289497375,46.02355194091797,10.18058007791484,4.543240257070336,0.04627498901056696,46.63574568807197,10.317713324307693,4.5986885000459345,30.71329454521772,76.71058600746859,9.756409469548121,193,F,44.129484375000004,1.0,1
-1.947757601737976,2.203789710998535,0.23190542685900636,0.819162026287574,-2.720639228820801,3.029313564300537,0.16031911889081482,1.2156437210064466,6.321837425231934,13.328022003173828,9.91248474714052,1.3671182159951027,6.400024092187434,13.461884189294622,10.024481661438607,1.365442026196167,30.71342653460376,76.71047567547986,8.696218557228367,193,F,46.129484375000004,0.7201301,1
-3.893122434616089,4.110869407653809,0.17727964118103753,1.103232236634697,-5.54177713394165,5.326423168182373,0.20267083401275424,1.697313996794869,-3.4983067512512207,35.621952056884766,9.721294526300282,4.856963511649453,0.09089577257873105,36.260049151044825,9.998172351035917,4.72236287988899,30.713548186649426,76.71037235957262,7.7518268207141245,193,F,48.129484375000004,1.0,1
-0.9858429431915284,2.366501569747925,0.5472744918438013,0.5989943798681668,-3.053241729736328,4.658825874328613,0.7966115725241176,1.532527438508354,2.124826431274414,16.587045669555664,9.92282475214548,2.2207692999283153,2.2529730163220107,16.976921265583425,10.102510340420386,2.2304901144795877,30.713656545876912,76.71027943396562,7.630139464231689,193,F,50.129484375000004,0.9968051,1
-1.284945726394653,1.9980069398880005,0.6715276974007256,0.49971477174522844,-1.698904037475586,3.649054527282715,0.9159799438534507,1.3952326583954577,5.9916276931762695,13.950156211853027,9.812531745495574,1.5956236898970337,6.279621725690015,14.035478711543547,9.985911877837024,1.6123634560061961,30.71377859154584,76.7101768237118,8.60746577492289,193,F,52.129484375000004,0.9997631,1
-0.9212366938591005,1.954936146736145,0.4855942200963419,0.5632717503973841,-1.3519448041915894,3.1896326541900635,1.0172843731881887,1.3167287574184505,5.460421085357666,14.96949863433838,9.797530095194288,1.8627455225192644,5.58940866721058,15.027127937431432,9.964888716479361,1.8665820753500184,30.713915121542936,76.7100648005986,9.861083497701353,193,F,54.129484375000004,0.9999999,1
-1.0121639966964722,2.09850549697876,0.6128105551397689,0.5758016074503244,-1.464407444000244,3.3930225372314453,0.9638735942851385,1.268746806992054,3.615555047988892,17.450855255126953,9.793599908216011,2.899592319057995,3.8819659164257225,17.801630334552513,9.959131126239622,2.8954787208611443,30.71407023392224,76.70993635421524,11.100973519030505,193,F,56.129484375000004,1.0,1
-0.8709874153137207,2.500499725341797,0.6649443373721035,0.6764982295898462,-1.730010747909546,3.438486099243164,0.6903355331136001,1.2916334280582982,3.9792640209198,16.64208221435547,9.889337615027946,3.1027491855420903,4.310036850039638,16.761519243874176,10.040255024452934,3.1086992301499117,30.714241331270724,76.70979168821115,12.414338275233346,193,F,58.129484375000004,0.99999976,1
-1.2705888748168943,2.550748825073242,0.6326549041634617,0.6939524265491281,-2.557927370071411,2.383251428604126,-0.13557683789176078,0.8813859982228477,5.931807518005371,13.612768173217772,9.842345510561442,1.2834870720409188,6.055704829444574,13.767446413977217,9.929939984044745,1.2619194433663785,30.714426385050086,76.7096349723359,12.282660340075436,194,F,60.129484375000004,0.26581872,0
-2.438286304473877,3.6705899238586426,0.6730154644157448,0.8963086984819313,-3.046063184738159,2.9240293502807617,0.3458806544052524,1.2794482073643954,-1.3280165195465088,19.582860946655277,9.84784135546709,2.471986775865498,1.6294928632161778,19.771377443615787,10.02136801332166,2.382398238081152,30.714602095601442,76.709487586782,11.950097360890998,193,F,62.129484375000004,1.0,1
-0.9403793215751648,2.0889341831207275,0.556300271640247,0.6948507931306503,-1.940579175949097,3.0723843574523926,0.5425384378137906,1.171892128673902,5.680561065673828,15.388242721557615,9.889350011558731,2.162958679902204,6.0090352528837565,15.398688752787457,10.016900590164667,2.1445986112870323,30.714779616881767,76.7093395689416,12.273669767322946,193,F,64.129484375,0.9999435,1
-1.2538390159606934,2.3018953800201416,0.6003753161998804,0.6546585345420733,-1.940579175949097,2.514856576919556,0.108978814874906,0.9608877679860748,5.525027275085449,15.35952854156494,9.825413323436994,1.5664437308320929,5.757416489709357,15.381311488193587,9.917261049815451,1.537737367029036,30.71495835502348,76.70918899733725,12.600000381469728,193,F,66.129484375,0.9909574,1
-1.2131611108779907,3.0077781677246094,0.769521843977369,0.6151295839940302,-2.651247501373291,2.033899307250977,0.06115955467470994,0.8581167336949488,6.975078105926514,13.581661224365234,9.905281509142466,1.1568339511939385,7.162480240737992,13.604451486483285,9.994488650207927,1.1285903951823302,30.71514156066656,76.7090341932648,12.113189341535078,193,F,68.129484375,0.987128,1
-0.916451096534729,2.230110645294189,0.6324118673946187,0.5835045311578808,-2.0003998279571533,1.97407865524292,-0.05747733630331648,0.7480466728129406,7.276573657989502,12.839886665344238,9.869810717093513,0.9030672330634611,7.3741386068004475,12.847515478682444,9.937433375693017,0.8828429640359038,30.715312123645035,76.70889122911625,11.522819777441748,193,F,70.129484375,0.6295591,1
-0.6628118753433228,2.084148406982422,0.5853612863716857,0.5371232542151949,-2.3162522315979004,3.108276605606079,0.057365752853105724,0.8670729324234905,6.446264266967773,12.990633964538574,9.824272664717443,1.086381667500394,6.966616358661949,13.011600630666909,9.895057418477736,1.081967064548333,30.715475071132527,76.70875478454221,10.909608465460245,193,F,72.129484375,0.038375333,0
-1.0289137363433838,2.9766714572906494,0.7017541296401307,0.7115539091423653,-3.924229145050049,1.923829436302185,-0.4315883373827167,1.1006886454426907,4.876572608947754,17.795421600341797,9.95778721231253,1.59113103928251,5.230343094466074,17.862120768278654,10.079359506545325,1.5786981658732588,30.715628466665617,76.7086248146524,10.325912609212002,193,F,74.129484375,0.9921239,1
-1.2921242713928225,3.493520975112915,0.5957880402780066,0.6947862283974097,-3.445664644241333,1.5553346872329712,-0.802128703518013,0.9476213433782666,6.340980052947998,14.045868873596191,9.851436765700424,1.1816908362227694,6.548273010157625,14.140511651994021,9.975820208821679,1.1442459096778135,30.7157686287738,76.70850872298317,8.505141583612986,193,F,76.129484375,0.23577426,0
-0.5048855543136597,1.6175481081008911,0.4657945426837227,0.3750417502436683,-2.282752752304077,0.246460735797882,-0.9674814239499,0.5126214362004183,8.50169849395752,11.423335075378418,9.908690951648772,0.6100938819756598,8.56676220025999,11.484601518212317,9.98739111151569,0.6023384585827589,30.715873924282292,76.70842205214001,6.38543871301471,193,F,78.129484375,0.04191073,0
-0.4043870270252228,1.373480200767517,0.5078115173774757,0.30641297198810463,-2.3712873458862305,0.0885344371199607,-1.2935500055783153,0.4477685262550093,8.764909744262695,11.117053985595703,9.914865226943258,0.5292851112357247,8.942158541218907,11.257910364868126,10.02705169965282,0.5181304146003987,30.715944303538087,76.70836280207905,3.5109856484003217,193,F,80.129484375,0.004701997,0
-0.1268195956945419,1.06480610370636,0.4863350352982885,0.26351687822295117,-1.1820544004440308,0.5623133182525635,-0.036879070667242726,0.4082183319847783,9.087940216064451,11.01416301727295,9.871429448275222,0.3205725655506716,9.131519236282223,11.035386600161356,9.895465516229146,0.31876876143611504,30.715975014526673,76.70833605399143,1.5426782072490555,194,F,82.129484375,0.106880985,0
-0.0717846825718879,1.06480610370636,0.47915027047808206,0.2648813804689739,-0.4331009089946747,0.5886343717575073,0.18439689473962062,0.18229765413942142,9.169296264648438,10.767702102661133,9.87288590768973,0.3295240284073348,9.173753936395011,10.823586353141854,9.891408476899876,0.3308811744149972,30.715994211276797,76.70832022426005,1.163164832662793,192,F,84.129484375,0.23711805,0
-1.902294039726257,3.0388846397399902,0.4746715420087404,0.6878830985220523,-1.6582261323928833,2.7972097396850586,0.7573841592306609,0.7799247465131527,3.579662561416626,17.170894622802734,9.835244945911546,1.6097401815250505,3.936382224983672,17.27622207535178,9.932812913114603,1.594661041118494,30.716010444634176,76.70830712429266,1.220463938054523,193,F,86.129484375,1.0,1
-0.3158525824546814,1.2969099283218384,0.52382979079251,0.29666634746913306,-1.2562319040298462,2.517249345779419,0.39027805157232587,0.7021732516250547,8.695517539978027,11.272587776184082,9.851808701154482,0.4650010728710302,8.699807298834262,11.469475179170914,9.901878094290504,0.48470990499824274,30.71603561973478,76.70828735085354,2.02354832977681,193,F,88.129484375,0.008678566,0
-0.2512463629245758,1.2921242713928225,0.5292725317479338,0.28697739077423806,-1.301695466041565,0.6125625967979431,-0.28322093418215455,0.4397957319802987,8.891729354858398,11.01416301727295,9.891036137398043,0.35112000012176353,8.9101426211144,11.019730393906327,9.923168674386678,0.3503204312854179,30.716061588786754,76.70826628075552,1.4758924858228215,193,F,90.129484375,0.12956245,0
-0.1363908946514129,1.0097711086273191,0.5046128210831202,0.2491227984121967,-1.210768222808838,1.038485050201416,-0.07789691639919355,0.6071639080511783,9.190832138061523,10.53799057006836,9.87220354030787,0.22008638007162018,9.201791098500603,10.548939761315674,9.907049092641802,0.22501386770636128,30.71607253632281,76.7082569643178,0.19209483124455035,193,F,92.129484375,0.014483536,0
0.0550349205732345,0.945164918899536,0.49129732014910543,0.24629005614976862,0.1579262912273407,0.4977070987224579,0.3370036527591666,0.06780843577720487,9.492327690124512,10.246066093444824,9.861690007343194,0.13708399565935506,9.499550157290129,10.286915510838922,9.882890600093504,0.14281632911371783,30.7160728,76.7082568,0.0,193,F,94.129484375,0.10972624,0
-0.0741775035858154,0.9332008361816406,0.49018149694712554,0.25001186207736625,0.1268195956945419,0.6245267391204834,0.33418929754452387,0.07631556796694636,9.226723670959473,10.506884574890137,9.864281150343505,0.18653938247871313,9.235677518549707,10.529151668423335,9.885489921034473,0.19031279252768812,30.7160728,76.7082568,0.0,193,F,96.129484375,0.25740442,0
-1.2921242713928225,2.651247501373291,0.4841808405236722,0.37294645588430914,-0.4737788736820221,1.5337992906570437,0.4488836108788925,0.2661811207714167,9.308079719543455,10.557133674621582,9.860822109360768,0.1808007214520978,9.313215797876829,10.646460584518163,9.893369049837766,0.18873115139168128,30.7160728,76.7082568,0.0,193,F,98.129484375,0.9412174,1
-0.6628118753433228,1.648654818534851,0.4583433181604786,0.4287998468144882,-1.521835207939148,3.1920254230499268,1.0486018354883853,0.871991892593384,6.6352972984313965,12.940384864807127,9.83498456441059,0.9674112968311149,7.111285932801802,13.037661488375505,9.949502579742184,0.9612949553614256,30.71607834503513,76.7082529901705,0.6880240755280518,193,F,100.129484375,0.42126682,0
-0.8805587291717529,1.4117653369903564,0.439860005066106,0.3569127284468391,-0.9308080077171326,2.754138946533203,0.7448215528640935,0.7230514874451275,8.219346046447754,11.440085411071776,9.841358887780572,0.5629970980853604,8.22809104474515,11.611611518694799,9.911344640303579,0.5770476848297165,30.716099069887623,76.70823643701424,1.8679958816878564,194,F,102.129484375,0.07745981,0
-1.069591760635376,1.423729419708252,0.40898670024875494,0.45924510569173765,-2.0793628692626958,4.1491546630859375,0.621216430019954,1.1809660909393078,8.264809608459473,12.090932846069336,9.866140923969485,0.734877063068418,8.457404073165904,12.605113757886048,9.969706939006233,0.8028022974169284,30.716127641981927,76.7082133659392,2.0237821346040423,193,F,104.129484375,0.010329108,0
-0.9810572862625122,1.301695466041565,0.3674160588165948,0.3037378461242862,-1.9357935190200808,3.570091485977173,-0.3207746121279625,0.9542312196685365,7.814958572387695,12.0933256149292,9.888469750399416,0.6262177050358732,7.923694030236492,12.123054245074606,9.950384341281632,0.6360337186521476,30.71615872758216,76.70818757626651,1.8882681222597717,193,F,106.129484375,0.0014306859,0
-1.6103696823120115,2.830709218978882,0.36736646566269776,0.5855383659613567,-2.8139593601226807,4.826323509216309,0.7993887315366726,1.2805851083790158,4.1347975730896,15.091532707214355,9.844320334301093,1.2090738836430845,4.589507485074446,15.550565813002043,9.97716851186692,1.259104780496487,30.716177754147967,76.70817094819367,1.13054641922406,193,F,108.129484375,0.98779684,1
-1.0049854516983032,1.5409778356552124,0.30650562627367134,0.45346679816903707,-0.7968099117279053,4.273581027984619,1.1788888772753126,1.2348024572626315,6.405586242675781,12.78485107421875,9.81909728050232,1.08183968315261,6.443317823245714,12.890468427175506,9.973253798184116,1.1547082360589107,30.716204044416223,76.7081479276791,2.3516285391716805,192,F,110.129484375,0.9922139,1
-0.976271629333496,2.335394859313965,0.3353919073000763,0.552553227577643,-2.24686050415039,4.455435752868652,0.7520282043776249,1.4243620323114783,7.970492362976074,12.581461906433104,9.878514131733791,0.8552731936553369,8.22241108956248,13.28925350455904,10.022156609176138,0.9407799997105959,30.716250419089334,76.70810688455394,3.6608501033183907,193,F,112.129484375,0.031911295,0
-0.6843472719192505,2.366501569747925,0.7495981877225746,0.5516976524308956,-2.2923240661621094,3.3092737197875977,0.25992501015084857,0.8662189761187978,7.534998416900635,11.576476097106934,9.792310489891724,0.7197187675574503,7.738296970478359,12.040195077363116,9.878382869730927,0.7134814517907436,30.716307839139212,76.70805861049418,4.08669182053953,193,F,114.129484375,0.009455988,0
-0.914058268070221,2.964707374572754,0.8653792653446241,0.6379885925643031,-2.868994235992432,3.3475589752197266,0.1911516397134013,0.9968434894930284,7.336394309997559,13.294522285461426,9.887442280848822,0.9807727958274683,7.460531588785549,13.714263498710569,9.998585452215536,0.9684346637416209,30.71637143147909,76.70802026893973,3.7395031247245365,192,F,116.129484375,0.54299563,1
-0.7417750358581543,4.036691665649414,1.3718808473647606,0.7829300811506018,-1.703689694404602,4.230510234832764,0.7657156423520818,1.1432544110615808,6.364908218383789,12.447463035583496,9.80116274690381,1.2139469041660782,6.73638775028617,12.916995225059955,10.028424111372802,1.1642833781160236,30.716442342570392,76.70800255785723,4.568655019517449,193,F,118.129484375,0.9306086,1
-1.6558332443237305,4.72582483291626,1.2931780624758318,1.1128092535002585,-4.40757942199707,2.5746772289276123,0.3209729803764681,1.0724718226357028,4.455435752868652,17.532211303710938,9.68211667401803,1.9250852036886898,5.298758146829865,18.124386253280004,9.898640689499626,1.9052879654701274,30.716523998912557,76.70801990839901,4.739999771118164,193,F,120.129484375,0.99999166,1
-2.730210542678833,11.440085411071776,1.36093337324308,1.7833204442455262,-6.477370738983154,4.235296249389648,0.5105266914934576,1.4917278304009796,-6.874579429626465,29.127830505371094,9.862136316765582,3.8197578635689413,1.5578745632519473,29.185163003854708,10.3134521364804,3.6060017708373513,30.716592423033784,76.70806922735389,4.489506202958185,193,F,122.129484375,1.0,1
-1.5361921787261963,3.218346357345581,0.7513711046381646,0.7053236406461941,-1.9621145725250244,5.31685209274292,1.1658501369164476,1.3480507311191894,4.8502516746521,14.82832145690918,9.727505968024694,1.6617447135829368,5.046024008341571,14.938394755133146,9.941178923244635,1.6724881935224958,30.716648398613685,76.7081442313752,4.9273460762459065,193,F,124.129484375,0.9868634,1
-1.2610175609588623,2.163111686706543,0.6068966894861736,0.7651849299613733,-0.882951557636261,4.6301116943359375,1.6834561160664252,1.0220963322573748,5.103890895843506,15.012569427490234,9.779825714585694,1.8196055215110212,5.421558667013755,15.361776196009888,10.020397052464693,1.8385143862441151,30.716711143421254,76.70824392588595,6.818838504272557,193,F,126.129484375,1.0,1
-1.7180466651916504,3.050848960876465,0.3687798422218392,0.7625703682526,-2.3617160320281982,3.814159393310547,0.9093965846234499,1.3882919716453213,3.359523057937622,19.20479393005371,9.835567300183785,2.0278444340213273,3.3640508607858126,19.254467075531608,10.013366213131675,2.013679004204624,30.71679531716676,76.70838242529283,8.77499245487785,193,F,128.129484375,1.0,1
-1.6965112686157229,2.155933141708374,0.550758343119985,0.7423818217439908,-2.6703901290893555,3.1130621433258057,0.6135916406954662,1.3006466582849692,3.873979806900024,15.113067626953123,9.771642975238938,2.1737360674021313,3.897180129511555,15.235995997145196,9.919124134740605,2.178015904184182,30.716888286653464,76.7085308559675,9.148110569719965,193,F,130.129484375,0.99999976,1
-3.1800613403320312,4.254438877105713,0.5761123472810217,0.8716943725316388,-4.247260093688965,3.747160196304321,0.5031250550030427,1.2693375721045093,-2.344966173171997,28.12523651123047,9.960923926200273,3.1008755449996745,1.3520062289601251,28.445305661040894,10.134144814614077,3.0150709269066467,30.716989385935747,76.70868978499854,9.309856691004933,193,F,132.129484375,1.0,1
-1.4261223077774048,2.218146562576294,0.35984085164747054,0.6908563264852496,-2.478964328765869,3.4983067512512207,0.7349560979097464,1.1842804089620291,5.163711071014404,14.033905029296877,9.861491608496157,1.7728691737787565,5.53406476242328,14.397112378529222,9.987762571790075,1.7849731416997445,30.717088614101375,76.70885104931246,9.76393903559292,193,F,134.129484375,0.999972,1
-1.31365966796875,2.8666014671325684,0.4859413628833166,0.9103400167489891,-2.108076810836792,2.754138946533203,0.5744138107939087,1.140343947457169,2.550748825073242,15.835700035095217,9.799104655962534,2.1576378807792467,3.0484907214033345,15.978852481541413,9.93887287355324,2.142860887975732,30.71719497577922,76.70901825514193,10.370610367342206,193,F,136.129484375,1.0,1
-1.4572290182113647,2.957528829574585,0.7757756542609469,0.7603828850855704,-3.689732551574707,2.8977081775665283,0.04137954464382175,1.2007690933486324,3.7734813690185542,14.081761360168455,9.889323022353087,1.9086822649817758,3.8587187126451337,14.097675109873917,10.024246423132984,1.8920439099914292,30.717307429723157,76.70919240616716,10.142226669238244,191,F,138.129484375,0.19029132,0
-1.368694543838501,2.9838497638702397,0.5551100578738154,0.761069247186166,-2.4717857837677,3.1106693744659424,0.3923485263641634,1.052364192632994,6.156732559204102,13.440485000610352,9.855490941457798,1.3838660006556736,6.189570710213212,13.486862893025771,9.966353325479712,1.3661513576717366,30.71741288326992,76.70936135827922,9.592959366521827,193,F,140.129484375,0.9951114,1
-1.25144624710083,2.218146562576294,0.6666304691672962,0.7488033378571393,-1.8951154947280884,2.864208698272705,0.4201573403938215,1.0175940809257245,6.455835342407227,13.840085983276367,9.897247524459127,1.4864283061192871,6.70478454347016,13.975293517823616,10.010458015441891,1.474055804964736,30.71751536970938,76.70952234271634,9.730361279819231,193,F,142.129484375,0.99954647,1
-0.9858429431915284,2.5986053943634038,0.8542376857289334,0.5970847736975986,-2.122433662414551,1.902294039726257,-0.001726779097825596,0.7826332196795102,7.070790767669678,13.062418937683104,9.842468888489242,1.041845744781378,7.326811060514599,13.122031369056824,9.930342191489778,1.0230788462912899,30.717618189532594,76.70968239953021,9.205549984494606,194,F,144.129484375,0.6048202,1
-1.4093725681304932,2.416750907897949,0.5038317468299631,0.7394048439353669,-2.5124638080596924,3.476771354675293,0.7184666920805572,1.1277468229328727,4.527220249176025,14.000405311584473,9.837910521215726,1.9349571768065879,4.681467264864428,14.075250008359498,9.97242986946779,1.9151392729204295,30.717708248255157,76.70982966744079,8.693546165922319,193,F,146.129484375,0.9999175,1
-0.8638089895248413,2.737389087677002,0.7951610008667228,0.7236156785699561,-1.5649060010910034,3.627519130706787,1.0502259750498237,1.1881325034625878,2.967100143432617,15.45045566558838,9.798769861922981,2.174288035707666,3.0332781819801813,15.875144856597798,9.986889993589614,2.162401821382075,30.71780847075729,76.70998742874201,9.574460903819457,193,F,148.129484375,0.9999778,1
-1.1174482107162476,3.060420274734497,0.6845084526938015,0.7490076972437073,-2.739781856536865,3.326023578643799,0.7223720798736988,1.1915769339755948,3.6538400650024414,16.898113250732422,9.798856685816315,1.7473642532696436,3.742583331553787,16.92324732070976,9.949474093448611,1.7464480554170365,30.71791181391258,76.71015785733755,10.293496368960255,193,F,150.129484375,0.9999893,1
-2.438286304473877,3.402593851089477,0.5047739967028249,0.9442213035106624,-3.565305709838867,2.801995277404785,-0.5201847651416021,1.2894185305978496,1.4428720474243164,15.52224063873291,10.013466825139338,2.087227543255399,1.6368970576397799,15.73116127558675,10.173319718620492,2.051620231159457,30.71801870922091,76.71033426565339,10.064779478915165,193,F,152.129484375,0.53453404,1
-1.9860427379608157,2.5220351219177246,0.49216518399107795,0.8665857386463172,-3.3714871406555176,2.5292134284973145,-0.5479439911987497,1.3083026491148066,5.548955917358398,14.790037155151367,9.907178377240433,1.6267554821677919,5.578743426714319,14.927103527676403,10.061255989782765,1.6045998115460296,30.718108713193022,76.71047966021915,7.5809608441153244,193,F,154.129484375,0.3371534,0
-1.7587246894836426,3.4432718753814697,0.574314628826657,0.7236340765991842,-2.4430718421936035,2.8737800121307373,0.2208339755708072,1.083358734111423,3.780659675598145,15.632309913635254,9.85875164288931,1.6399459186326124,3.795906650355354,15.733848166533011,9.960503254959825,1.657920034678668,30.718180969003594,76.71059711189773,6.282753091685534,193,F,156.129484375,0.9999683,1
-2.227717876434326,3.8500516414642334,0.7910324512435596,0.7235639691341449,-3.2709884643554688,3.060420274734497,0.48993353357471026,1.3352385122728063,2.2229323387146,27.99602508544922,9.939041367466587,2.409753504754831,2.7370911329578322,28.15343532135215,10.102765193002794,2.3869990827959144,30.71824337781269,76.71069716081891,5.7591925799209465,193,F,158.129484375,1.0,1
-0.9236295223236084,2.0865414142608643,0.51742000350912,0.4763032106746069,-1.770688772201538,2.4502503871917725,0.39206337098302463,0.7320883446324161,7.164111137390137,12.825529098510742,9.844022740971857,0.9498043912781796,7.331505626828151,12.99692709879341,9.90385090310344,0.9512647556296183,30.718307283837344,76.71080093351874,6.1930745496822635,193,F,160.129484375,0.594014,1
-0.882951557636261,2.242074728012085,0.7138794200021986,0.6050793550206184,-0.7752745151519775,3.414557933807373,0.9896491282267273,0.8725451489199569,6.405586242675781,12.729816436767578,9.774271391834002,1.1215348562585417,6.548596056525686,13.01353813159057,9.906652488216599,1.1264738961990326,30.71836953580678,76.71090131484682,6.167385909315906,193,F,162.129484375,0.9678076,1
-0.916451096534729,2.366501569747925,0.4973971597051702,0.6009225423192789,-2.139183521270752,3.38105845451355,0.8727479652004616,0.9557827309366991,6.211767673492432,14.033905029296877,9.849279571691325,1.3592696459312719,6.363750489186832,14.101594318660796,9.965016880146655,1.3557588671836212,30.71844082817765,76.7110245296107,7.5281772168408185,193,F,164.129484375,0.992295,1
-0.9834501147270204,2.5220351219177246,0.6316679862323048,0.574178165559902,-2.234896421432495,3.402593851089477,0.8958083255773825,1.1906382680231093,7.025327205657959,12.940384864807127,9.813845950704781,1.2015889235675077,7.0515719301154975,13.416347472131074,9.964125189657098,1.1917946728933642,30.718519061984665,76.71115529016195,7.74091554599949,193,F,166.129484375,0.96932554,1
-1.337587833404541,1.8903298377990725,0.3647752713745006,0.7157039277694528,-1.8783657550811768,3.8907296657562256,1.2087349808856922,1.1954336955559326,2.957528829574585,15.12503147125244,9.803555566412179,2.713122932543075,3.115999977552171,15.43433457505025,9.983521304848072,2.708400862462066,30.718606946404048,76.711297246276,8.968172648421904,193,F,168.129484375,1.0,1
-2.931207656860352,4.436293125152588,0.6012059871681575,0.9223252246072366,-2.3401806354522705,5.132604598999023,1.1143982548536877,1.1988392348779695,-8.46580696105957,33.7938346862793,9.855416590222424,4.377433092762324,0.9727169768152732,34.067023263108325,10.153354347820954,4.134221036239447,30.71870936587523,76.71145961343726,10.308511211033217,193,F,170.129484375,1.0,1
-0.5024927258491516,2.297109842300415,0.6918604929492341,0.5334779670278337,-1.6414763927459717,2.691925525665283,0.32263431988338037,0.9107677687550062,2.3712873458862305,17.67578125,9.8265167382097,1.622692339384237,2.6891931963538735,17.698358872904876,9.917396708316682,1.59237705348288,30.7188262957454,76.71164614089373,10.956419265864609,193,F,172.129484375,0.64628804,1
-1.0815558433532717,2.3234307765960693,0.7480732227719046,0.6289721337591891,-2.3784656524658203,3.280559778213501,0.1722584364433903,1.0895627308605602,1.4189438819885254,17.087146759033203,9.867405483759747,1.7167169979457735,1.432039936813422,17.160694854146886,9.977168903013608,1.7149193327344245,30.71893959863477,76.71182453732396,10.486030212836182,193,F,174.129484375,0.8473628,1
-0.969093143939972,2.4095723628997803,0.8443192485744047,0.6986396688976461,-3.2446675300598145,3.5461630821228027,0.4151113353020613,1.0681151556752235,6.233303070068359,15.247065544128418,9.83256696048796,1.2677813432951452,6.7941459983975125,15.271180861143884,9.961890416729341,1.2496166127708188,30.719048831792044,76.71199527347484,10.15999984741211,193,F,176.129484375,0.7909273,1
-0.9212366938591005,2.644068956375122,0.8052034150770445,0.7161149719437376,-3.1345977783203125,3.445664644241333,0.1600959497115483,1.4133813752363602,5.465207099914551,12.835101127624512,9.807547727397068,1.3493117984774898,5.593762934496965,12.939118835001182,9.969985977275522,1.3388297820425865,30.719155165520085,76.71216524178168,9.87911740362727,193,F,178.129484375,0.090440296,0
-1.3543375730514526,2.062613010406494,0.696473402378615,0.7249802234029948,-3.3475589752197266,3.15613317489624,0.03921985921018252,1.221062191272313,4.634897232055664,18.879369735717773,9.902833590904871,1.9341312821768588,4.838673530259679,18.882202849728994,10.029686147937415,1.927582765169583,30.71925912107681,76.71232885696517,9.212428429465923,192,F,180.129484375,0.99949014,1
-1.0241280794143677,2.366501569747925,0.6799831614827188,0.5199679204562101,-3.043670415878296,2.6464617252349854,-0.370800721636428,1.0700117453095557,7.5637125968933105,13.036097526550291,9.866512795186413,0.8430971250753059,7.640127415839338,13.052794867039497,9.969443949316155,0.827186127664778,30.719350967414023,76.71247442786243,8.375796778486022,193,F,182.129484375,0.21270712,0
-1.5553346872329712,2.364108800888061,0.6127599424960994,0.5133039880898127,-2.8211379051208496,1.710868239402771,-0.6183843091610319,1.1725133729081498,6.565905570983887,12.696316719055176,9.888573916916995,0.7025481571599006,7.0800518859417725,12.961108327797131,10.01008751644446,0.6868467306207662,30.719420779917044,76.71259050223551,5.58588561186109,194,F,184.129484375,0.10186476,0
-0.6269195079803467,2.0865414142608643,0.26887308695616874,0.47388764942967787,-1.308874011039734,1.4165509939193726,0.2479515480418831,0.4434837886475421,8.745766639709473,11.511869430541992,9.88997445930361,0.4143231100289508,8.76350986629994,11.516181026111225,9.917931977718531,0.4158170423045149,30.71946795521264,76.71267783339005,4.669377962628253,191,F,186.129484375,0.665406,1
-1.146162033081055,1.464407444000244,0.3040000587072069,0.42230349262816697,-0.6508477330207825,3.1920254230499268,1.237783595451535,0.7816110881993029,7.920242786407471,11.83011531829834,9.791157509996482,0.7939709873782599,7.971615466913976,12.04751074882909,9.912771334722061,0.8049224669597197,30.71951702523713,76.7127594262156,4.941573432623386,193,F,188.129484375,0.9065304,1
-1.4404792785644531,1.4476577043533323,0.4513756154549014,0.45100393386753873,-0.8374879360198975,2.4502503871917725,0.60430549820306,0.7127679831856149,6.527620315551758,12.717852592468262,9.837600577062894,0.9743125759992909,6.5764745690671855,12.862582030111346,9.902201749990345,0.9769536527752414,30.71957727124427,76.71285227438122,5.956815054445207,193,F,190.129484375,0.99739325,1
-0.9020941257476808,1.4739787578582764,0.39337756494156667,0.4052663073044709,-2.4502503871917725,1.3615161180496216,-0.7520653956999201,0.6401316913195192,8.142775535583496,12.004791259765623,9.922378396740848,0.6940084347828426,8.28189560035121,12.02133574199459,9.988666462674905,0.6753818795091009,30.71963776349111,76.71294636463796,5.037431781209213,193,F,192.129484375,0.031820837,0
-0.0598205663263797,1.1102696657180786,0.46519729352424516,0.2496585127912091,-2.328216314315796,0.1531406491994857,-1.106974876053017,0.649756432515463,8.958727836608887,10.971092224121094,9.927294970806981,0.3502689154430887,9.120909029308939,11.069274152316488,10.024016508011862,0.345371525114812,30.719671521254803,76.7129997318822,1.678279397980329,191,F,194.129484375,0.001959606,0
-0.0526420995593071,0.9236295223236084,0.44227545237689825,0.2491731185558013,-1.1700903177261353,1.2035897970199585,0.30838896507889496,0.5193096769859612,9.19561767578125,10.301101684570312,9.861107257981374,0.20779613275041897,9.209272403455499,10.364825739096252,9.892530834098329,0.21196791217658362,30.71967860304152,76.7130101038019,0.0,193,F,196.129484375,0.02559548,0
-0.0837487950921058,0.9475577473640442,0.44233744171414274,0.26185840519884995,0.3038884699344635,0.6867401003837585,0.4823335328868016,0.07835748419424438,9.463613510131836,10.459028244018556,9.854486707578669,0.20426052515265924,9.47457300793192,10.49643330812851,9.879897184291359,0.20803852721025082,30.7196791,76.7130106,0.0,193,F,198.129484375,0.24489175,0
-0.0622133873403072,1.0169496536254885,0.4454989437800422,0.2506300684150922,0.2919243574142456,0.672383189201355,0.4876646939954609,0.07707360359601574,9.269794464111328,10.43031406402588,9.849465523359072,0.25279019373548073,9.278923955031942,10.461223178492693,9.875010974197613,0.2550963966981025,30.7196791,76.7130106,0.0,193,F,200.129484375,0.053261545,0
-0.0669990330934524,0.9858429431915284,0.44885881407393885,0.2520854370498874,0.2512463629245758,0.6675975322723389,0.4844783963008248,0.08030632167272596,9.250652313232422,10.55474090576172,9.849180384621102,0.323434052191926,9.263580675805025,10.586430374744035,9.87479928055607,0.32479644083489606,30.7196791,76.7130106,0.0,193,F,202.129484375,0.073893726,0
-0.2153540402650833,1.0408778190612793,0.4465775722975558,0.2673023222471542,0.2273181527853012,0.97148597240448,0.4885325563849563,0.11161397941147867,7.343572616577148,10.87298583984375,9.850978026118304,0.32799757814012703,7.394332185932306,10.892253004269216,9.877425571391571,0.3283570656424265,30.7196791,76.7130106,0.0,193,F,204.129484375,0.03749548,0
