start_sec,end_sec,duration,latitude,longitude,speed,max_gyro,severity,route
4.925289154052734,4.935641765594482,0.010352611541748047,30.6488297,76.7392724,0.45,0.18200373649597168,0.0018842139979824424,A
4.997783184051514,5.008153438568115,0.010370254516601562,30.6488356,76.7392839,1.47,0.09800472855567932,0.001016333932057023,A
11.750475883483887,11.781546592712402,0.031070709228515625,30.6489251,76.7394701,4.11,0.07942178100347519,0.0024676909670233727,A
20.098142623901367,20.10849952697754,0.010356903076171875,30.6491937,76.7399264,6.95,0.1496671736240387,0.0015500884037464857,A
22.35594940185547,22.376663208007812,0.02071380615234375,30.6492686,76.7400562,7.93,0.24867349863052368,0.005150974728167057,A
22.656301498413086,22.770227432250977,0.11392593383789062,30.6492686,76.7400562,7.93,0.6538233160972595,0.07448743283748627,A
22.78058433532715,22.79094123840332,0.010356903076171875,30.6492686,76.7400562,7.93,0.19097571074962616,0.0019779170397669077,A
22.801298141479492,22.822011947631836,0.02071380615234375,30.6492686,76.7400562,7.93,0.229134663939476,0.004746250808238983,A
22.832368850708008,22.863439559936523,0.031070709228515625,30.6492686,76.7400562,7.93,0.31251832842826843,0.009710165672004223,A
22.89451026916504,22.90486717224121,0.010356903076171875,30.6492686,76.7400562,7.93,0.12813378870487213,0.0013270692434161901,A
23.039506912231445,23.06022071838379,0.02071380615234375,30.649305,76.740128,8.34,0.15191158652305603,0.003146667266264558,A
25.504453659057617,25.556238174438477,0.051784515380859375,30.6493824,76.740282,8.64,0.5818952322006226,0.030133161693811417,A
25.57695198059082,25.608022689819336,0.031070709228515625,30.6493824,76.740282,8.64,0.29379338026046753,0.009128368459641933,A
25.8048038482666,25.887659072875977,0.082855224609375,30.6493824,76.740282,8.64,0.5103902816772461,0.04228850081562996,A
25.89801597595215,25.90837287902832,0.010356903076171875,30.6493824,76.740282,8.64,0.14080552756786346,0.0014583092415705323,A
25.929086685180664,25.939443588256836,0.010356903076171875,30.6493824,76.740282,8.64,0.17963838577270508,0.001860497402958572,A
26.45728874206543,26.4676456451416,0.010356903076171875,30.6494201,76.7403528,8.21,0.18343882262706757,0.0018998581217601895,A
26.747282028198242,26.778352737426758,0.031070709228515625,30.6494201,76.7403528,8.21,0.30425864458084106,0.00945353228598833,A
28.9222354888916,28.96366310119629,0.0414276123046875,30.6494926,76.7404933,7.94,0.1449957638978958,0.006006828509271145,A
29.036161422729492,29.056875228881836,0.02071380615234375,30.6495289,76.7405649,8.06,0.1473037749528885,0.003051221836358309,A
29.222585678100586,29.264013290405273,0.0414276123046875,30.6495289,76.7405649,8.06,0.4786246418952942,0.019828276708722115,A
29.274370193481445,29.30544090270996,0.031070709228515625,30.6495289,76.7405649,8.06,0.26573115587234497,0.008256455883383751,A
29.336511611938477,29.34686851501465,0.010356903076171875,30.6495289,76.7405649,8.06,0.15276244282722473,0.0015821458073332906,A
29.35722541809082,29.377939224243164,0.02071380615234375,30.6495289,76.7405649,8.06,0.22186242043972015,0.004595614969730377,A
29.41936683654785,29.429723739624023,0.010356903076171875,30.6495289,76.7405649,8.06,0.1934269368648529,0.002003303961828351,A
29.46079444885254,29.52293586730957,0.06214141845703125,30.6495289,76.7405649,8.06,0.20364560186862946,0.01265482697635889,A
29.533292770385742,29.543649673461914,0.010356903076171875,30.6495289,76.7405649,8.06,0.274038165807724,0.002838186686858535,A
29.595434188842773,29.605791091918945,0.010356903076171875,30.6495289,76.7405649,8.06,0.12021274864673615,0.0012450318317860365,A
29.67828941345215,29.719717025756836,0.0414276123046875,30.6495289,76.7405649,8.06,0.32678383588790894,0.013537874445319176,A
29.730073928833008,29.74043083190918,0.010356903076171875,30.6495289,76.7405649,8.06,0.2804633677005768,0.0029047320131212473,A
29.761144638061523,29.771501541137695,0.010356903076171875,30.6495289,76.7405649,8.06,0.14780130982398987,0.00153076380956918,A
29.781858444213867,29.80257225036621,0.02071380615234375,30.6495289,76.7405649,8.06,0.2595236003398895,0.005375721491873264,A
29.8439998626709,29.85435676574707,0.010356903076171875,30.6495289,76.7405649,8.06,0.28897786140441895,0.002992915688082576,A
29.864713668823242,29.875070571899414,0.010356903076171875,30.6495289,76.7405649,8.06,0.2342754304409027,0.00242636795155704,A
29.885427474975586,29.9164981842041,0.031070709228515625,30.6495289,76.7405649,8.06,0.29513829946517944,0.009170155972242355,A
30.310062408447266,30.320419311523438,0.010356903076171875,30.6495624,76.7406338,7.63,0.23825819790363312,0.0024676171597093344,A
30.33077621459961,30.34113311767578,0.010356903076171875,30.6495624,76.7406338,7.63,0.15182159841060638,0.0015724016120657325,A
30.351490020751953,30.372203826904297,0.02071380615234375,30.6495624,76.7406338,7.63,0.15573842823505402,0.003225935623049736,A
30.38256072998047,30.39291763305664,0.010356903076171875,30.6495624,76.7406338,7.63,0.12825675308704376,0.001328342710621655,A
30.537914276123047,30.54827117919922,0.010356903076171875,30.6495624,76.7406338,7.63,0.1955478936433792,0.002025270601734519,A
30.55862808227539,30.600055694580078,0.0414276123046875,30.6495624,76.7406338,7.63,0.18297724425792694,0.007580310106277466,A
33.44820785522461,33.45856475830078,0.010356903076171875,30.6496583,76.7408415,7.94,0.10262907296419144,0.0010629193857312202,A
33.479278564453125,33.4896354675293,0.010356903076171875,30.6496583,76.7408415,7.94,0.10107114166021347,0.0010467839892953634,A
33.644989013671875,33.696773529052734,0.051784515380859375,30.6496583,76.7408415,7.94,0.09817306697368622,0.005083844531327486,A
33.71748733520508,33.76927185058594,0.051784515380859375,30.6496583,76.7408415,7.94,0.11708000302314758,0.006062931381165981,A
33.9660530090332,33.98676681518555,0.02071380615234375,30.6496583,76.7408415,7.94,0.07420022785663605,0.0015369690954685211,A
36.151363372802734,36.161720275878906,0.010356903076171875,30.6497709,76.7410657,8.69,0.0847003161907196,0.0008772329892963171,A
36.17207717895508,36.19279098510742,0.02071380615234375,30.6497709,76.7410657,8.69,0.09265055507421494,0.0019191456958651543,A
36.203147888183594,36.23421859741211,0.031070709228515625,30.6497709,76.7410657,8.69,0.0839441791176796,0.0026082051917910576,A
36.24457550048828,36.265289306640625,0.02071380615234375,30.6497709,76.7410657,8.69,0.0915103480219841,0.0018955275882035494,A
36.94884490966797,37.042057037353516,0.09321212768554688,30.6497709,76.7410657,8.69,0.3244459927082062,0.030242301523685455,A
37.05241394042969,37.07312774658203,0.02071380615234375,30.6498142,76.7411449,8.94,0.09913893789052963,0.002053544856607914,A
37.16633987426758,37.17669677734375,0.010356903076171875,30.6498142,76.7411449,8.94,0.15939831733703613,0.0016508728731423616,A
37.18705368041992,37.321693420410156,0.13463973999023438,30.6498142,76.7411449,8.94,0.4773588478565216,0.0642714723944664,A
37.33205032348633,37.373477935791016,0.0414276123046875,30.6498142,76.7411449,8.94,0.18597109615802765,0.007704338524490595,A
37.52883529663086,37.539188385009766,0.01035308837890625,30.6498142,76.7411449,8.94,0.07684413343667984,0.0007955741020850837,A
37.55990219116211,37.57026290893555,0.0103607177734375,30.6498142,76.7411449,8.94,0.09812743961811066,0.0010166707215830684,A
37.60133361816406,37.61168670654297,0.01035308837890625,30.6498142,76.7411449,8.94,0.08194397389888763,0.0008483732235617936,A
41.868385314941406,41.87874221801758,0.010356903076171875,30.6500037,76.7414665,9.36,0.14255362749099731,0.0014764141524210572,A
54.0688362121582,54.079193115234375,0.010356903076171875,30.6507182,76.7425958,8.72,0.09286476671695709,0.000961791374720633,A
70.61927032470703,71.023193359375,0.40392303466796875,30.6512535,76.7434202,4.84,0.3366397023200989,0.13597652316093445,A
71.03355407714844,71.37533569335938,0.3417816162109375,30.6512977,76.7434374,4.85,0.32385173439979553,0.11068657040596008,A
71.6239013671875,71.9449691772461,0.32106781005859375,30.6512977,76.7434374,4.85,1.6613616943359375,0.5334097743034363,A
71.96568298339844,71.98639678955078,0.02071380615234375,30.6512977,76.7434374,4.85,0.26427119970321655,0.005474062170833349,A
71.99675750732422,72.02782440185547,0.03106689453125,30.6513382,76.7434461,4.57,0.3017110824584961,0.009373226203024387,A
72.0381851196289,72.11067962646484,0.0724945068359375,30.6513382,76.7434461,4.57,0.21995481848716736,0.015945516526699066,A
72.14175415039062,72.16246795654297,0.02071380615234375,30.6513382,76.7434461,4.57,0.6534952521324158,0.01353637408465147,A
72.17282104492188,72.33853912353516,0.16571807861328125,30.6513382,76.7434461,4.57,0.7804363965988159,0.12933242321014404,A
72.34889221191406,72.3592529296875,0.0103607177734375,30.6513382,76.7434461,4.57,0.23919501900672913,0.002478232141584158,A
72.37996673583984,72.40068054199219,0.02071380615234375,30.6513382,76.7434461,4.57,0.3659563660621643,0.0075803492218256,A
72.5456771850586,72.5560302734375,0.01035308837890625,30.6513382,76.7434461,4.57,0.11470794677734375,0.0011875815689563751,A
72.57674407958984,72.690673828125,0.11392974853515625,30.6513382,76.7434461,4.57,0.19691672921180725,0.022434674203395844,A
72.85638427734375,72.94960021972656,0.0932159423828125,30.6513382,76.7434461,4.57,0.13469555974006653,0.012555773369967937,A
73.57103729248047,73.59175872802734,0.020721435546875,30.6513758,76.7434515,4.33,0.11230947077274323,0.002327213529497385,A
74.38922882080078,74.39958953857422,0.0103607177734375,30.6514195,76.7434546,4.73,0.14662396907806396,0.0015191296115517616,A
75.04171752929688,75.05209350585938,0.0103759765625,30.6514689,76.7434581,5.51,0.1469302922487259,0.0015245452523231506,A
75.46635437011719,75.48706817626953,0.02071380615234375,30.6514689,76.7434581,5.51,0.16060428321361542,0.0033267259132117033,A
75.50778198242188,75.51814270019531,0.0103607177734375,30.6514689,76.7434581,5.51,0.18654604256153107,0.0019327509216964245,A
77.88990020751953,77.90025329589844,0.01035308837890625,30.6515793,76.7434572,6.53,0.20518621802330017,0.002124310936778784,A
77.92096710205078,77.93132781982422,0.0103607177734375,30.6515793,76.7434572,6.53,0.19852273166179657,0.0020568380132317543,A
77.95204162597656,77.96240234375,0.0103607177734375,30.6515793,76.7434572,6.53,0.1991371065378189,0.0020632033701986074,A
78.02454376220703,78.03489685058594,0.01035308837890625,30.6516324,76.7434473,6.23,0.21840818226337433,0.002261199289932847,A
80.57237243652344,80.58272552490234,0.01035308837890625,30.6517373,76.7434018,5.94,0.1968695968389511,0.0020382083021104336,A
80.59308624267578,80.60343933105469,0.01035308837890625,30.6517373,76.7434018,5.94,0.16850800812244415,0.0017445782432332635,A
80.71736907958984,80.72772216796875,0.01035308837890625,30.6517373,76.7434018,5.94,0.18716035783290863,0.0019376877462491393,A
80.90379333496094,80.91415405273438,0.0103607177734375,30.6517373,76.7434018,5.94,0.17296575009822845,0.0017920492682605982,A
81.39057159423828,81.40093231201172,0.0103607177734375,30.6517813,76.7433714,6.12,0.2002682089805603,0.0020749224349856377,A
81.54592895507812,81.55628967285156,0.0103607177734375,30.6517813,76.7433714,6.12,0.19883377850055695,0.0020600606221705675,A
81.5770034790039,81.58735656738281,0.01035308837890625,30.6517813,76.7433714,6.12,0.19075381755828857,0.001974891172721982,A
81.9498519897461,81.96021270751953,0.0103607177734375,30.6517813,76.7433714,6.12,0.22356796264648438,0.002316324505954981,A
82.02235412597656,82.03270721435547,0.01035308837890625,30.6518303,76.7433299,6.37,0.18491169810295105,0.0019144071266055107,A
83.39984130859375,83.41019439697266,0.01035308837890625,30.6518717,76.7432861,6.74,0.17146478593349457,0.0017751901177689433,A
83.4205551147461,83.430908203125,0.01035308837890625,30.6518717,76.7432861,6.74,0.20553508400917053,0.0021279228385537863,A
83.45162200927734,83.46198272705078,0.0103607177734375,30.6518717,76.7432861,6.74,0.19504661858081818,0.002020823070779443,A
83.48269653320312,83.49304962158203,0.01035308837890625,30.6518717,76.7432861,6.74,0.2034270018339157,0.00210609775967896,A
83.87625885009766,83.8866195678711,0.0103607177734375,30.6518717,76.7432861,6.74,0.17825356125831604,0.001846834784373641,A
84.15589904785156,84.166259765625,0.0103607177734375,30.651915,76.7432351,6.9,0.16403290629386902,0.0016994986217468977,A
84.18697357177734,84.19732666015625,0.01035308837890625,30.651915,76.7432351,6.9,0.18663878738880157,0.001932287821546197,A
84.20768737792969,84.2180404663086,0.01035308837890625,30.651915,76.7432351,6.9,0.14842136204242706,0.0015366195002570748,A
86.23766326904297,86.24801635742188,0.01035308837890625,30.6520031,76.7431256,7.31,0.15407094359397888,0.0015951100504025817,A
86.54837036132812,86.55873107910156,0.0103607177734375,30.6520031,76.7431256,7.31,0.18789978325366974,0.0019467766396701336,A
87.697998046875,87.70835876464844,0.0103607177734375,30.6520497,76.7430664,7.17,0.14612816274166107,0.0015139926690608263,A
92.3793716430664,92.41043853759766,0.03106689453125,30.6522617,76.7427913,7.01,0.3781508207321167,0.01174797210842371,A
92.4207992553711,92.43115234375,0.01035308837890625,30.6522617,76.7427913,7.01,0.29920417070388794,0.0030976871494203806,A
92.44151306152344,92.50365447998047,0.06214141845703125,30.6522617,76.7427913,7.01,0.3618738651275635,0.022487355396151543,A
92.51400756835938,92.53472137451172,0.02071380615234375,30.6522617,76.7427913,7.01,0.23393790423870087,0.004845744464546442,A
96.94680786132812,96.95716094970703,0.01035308837890625,30.6524213,76.7425874,6.72,0.16780903935432434,0.0017373418668285012,A
96.97787475585938,96.98823547363281,0.0103607177734375,30.6524213,76.7425874,6.72,0.19395790994167328,0.0020095431245863438,A
97.0296630859375,97.0400161743164,0.01035308837890625,30.6524632,76.7425394,7.15,0.1390998661518097,0.001440113177523017,A
97.0814437866211,97.09180450439453,0.0103607177734375,30.6524632,76.7425394,7.15,0.15611831843852997,0.0016174978809431195,A
97.11251831054688,97.12287139892578,0.01035308837890625,30.6524632,76.7425394,7.15,0.13877590000629425,0.0014367591356858611,A
97.23680114746094,97.24716186523438,0.0103607177734375,30.6524632,76.7425394,7.15,0.17539238929748535,0.001817191019654274,A
97.28858947753906,97.29894256591797,0.01035308837890625,30.6524632,76.7425394,7.15,0.1647127866744995,0.001705286093056202,A
97.67179870605469,97.6821517944336,0.01035308837890625,30.6524632,76.7425394,7.15,0.1375453919172287,0.001424019574187696,A
97.84786224365234,97.85822296142578,0.0103607177734375,30.6524632,76.7425394,7.15,0.16761380434036255,0.001736599369905889,A
97.86857604980469,97.87893676757812,0.0103607177734375,30.6524632,76.7425394,7.15,0.15383584797382355,0.0015938498545438051,A
98.12750244140625,98.13786315917969,0.0103607177734375,30.6525145,76.742481,7.59,0.1649114489555359,0.001708601019345224,A
98.15857696533203,98.16893005371094,0.01035308837890625,30.6525145,76.742481,7.59,0.15700788795948029,0.0016255165683105588,A
98.47964477539062,98.48999786376953,0.01035308837890625,30.6525145,76.742481,7.59,0.14182408154010773,0.0014683172339573503,A
98.51071166992188,98.52107238769531,0.0103607177734375,30.6525145,76.742481,7.59,0.1508844643831253,0.0015632713912054896,A
98.54178619384766,98.55213928222656,0.01035308837890625,30.6525145,76.742481,7.59,0.15937285125255585,0.0016500012716278434,A
99.3082046508789,99.31855773925781,0.01035308837890625,30.6525611,76.7424287,7.77,0.1887020766735077,0.0019536493346095085,A
99.33927154541016,99.3496322631836,0.0103607177734375,30.6525611,76.7424287,7.77,0.17278578877449036,0.001790184760466218,A
99.3599853515625,99.37034606933594,0.0103607177734375,30.6525611,76.7424287,7.77,0.1354600489139557,0.0014034633059054613,A
101.53495788574219,101.5453109741211,0.01035308837890625,30.6526652,76.7423183,7.59,0.1652524769306183,0.0017108734464272857,A
101.58673858642578,101.59709930419922,0.0103607177734375,30.6526652,76.7423183,7.59,0.17113995552062988,0.0017731328262016177,A
101.60745239257812,101.61781311035156,0.0103607177734375,30.6526652,76.7423183,7.59,0.16938041150569916,0.001754902652464807,A
103.29564666748047,103.30599975585938,0.01035308837890625,30.6527697,76.7422141,7.66,0.15081119537353516,0.0015613615978509188,A
106.12310028076172,106.13345336914062,0.01035308837890625,30.6529287,76.7421046,6.27,0.17651288211345673,0.0018274534959346056,A
106.14381408691406,106.15416717529297,0.01035308837890625,30.6529287,76.7421046,6.27,0.15599459409713745,0.0016150258015841246,A
106.17488861083984,106.18524169921875,0.01035308837890625,30.6529287,76.7421046,6.27,0.13096506893634796,0.0013558929786086082,A
106.2059555053711,106.21631622314453,0.0103607177734375,30.6529287,76.7421046,6.27,0.15906555950641632,0.0016480333870276809,A
106.37166595458984,106.38202667236328,0.0103607177734375,30.6529287,76.7421046,6.27,0.21915008127689362,0.002270552096888423,A
106.44416809082031,106.45452117919922,0.01035308837890625,30.6529287,76.7421046,6.27,0.16914397478103638,0.001751162577420473,A
106.73416137695312,106.91023254394531,0.1760711669921875,30.6529287,76.7421046,6.27,0.17944303154945374,0.03159474581480026,A
107.26236724853516,107.2727279663086,0.0103607177734375,30.6529843,76.7420794,6.65,0.19196155667304993,0.0019888596143573523,A
107.29344177246094,107.30379486083984,0.01035308837890625,30.6529843,76.7420794,6.65,0.14705562591552734,0.001522479928098619,A
107.33486938476562,107.34522247314453,0.01035308837890625,30.6529843,76.7420794,6.65,0.11410947889089584,0.0011813854798674583,A
107.36593627929688,107.37629699707031,0.0103607177734375,30.6529843,76.7420794,6.65,0.07148727774620056,0.0007406594813801348,A
107.40736389160156,107.417724609375,0.0103607177734375,30.6529843,76.7420794,6.65,0.10637638717889786,0.0011021357495337725,A
107.8837890625,107.8941421508789,0.01035308837890625,30.6529843,76.7420794,6.65,0.1858561933040619,0.001924185547977686,A
107.91485595703125,107.92521667480469,0.0103607177734375,30.6529843,76.7420794,6.65,0.13360941410064697,0.0013842894695699215,A
107.94593048095703,107.95628356933594,0.01035308837890625,30.6529843,76.7420794,6.65,0.16978828608989716,0.0017578331753611565,A
107.96664428710938,107.98735809326172,0.02071380615234375,30.6529843,76.7420794,6.65,0.14538896083831787,0.003011558670550585,A
108.00807189941406,108.01842498779297,0.01035308837890625,30.6530388,76.7420566,7.0,0.15381857752799988,0.0015924973413348198,A
108.08056640625,108.09092712402344,0.0103607177734375,30.6530388,76.7420566,7.0,0.1387564092874527,0.0014376159524545074,A
108.14270782470703,108.15306854248047,0.0103607177734375,30.6530388,76.7420566,7.0,0.1373567283153534,0.0014231143286451697,A
108.19449615478516,108.20484924316406,0.01035308837890625,30.6530388,76.7420566,7.0,0.14420484006404877,0.0014929655008018017,A
108.2152099609375,108.2255630493164,0.01035308837890625,30.6530388,76.7420566,7.0,0.1371728926897049,0.0014201630838215351,A
108.3602066040039,108.37056732177734,0.0103607177734375,30.6530388,76.7420566,7.0,0.20006944239139557,0.002072863047942519,A
108.39128112792969,108.4016342163086,0.01035308837890625,30.6530388,76.7420566,7.0,0.1663838028907776,0.0017225862247869372,A
108.41199493408203,108.42234802246094,0.01035308837890625,30.6530388,76.7420566,7.0,0.15482954680919647,0.0016029640100896358,A
108.58805847167969,108.59841918945312,0.0103607177734375,30.6530388,76.7420566,7.0,0.20825184881687164,0.0021576385479420424,A
108.75376892089844,108.76412963867188,0.0103607177734375,30.6530388,76.7420566,7.0,0.1538725346326828,0.00159422995056957,A
108.78484344482422,108.79520416259766,0.0103607177734375,30.6530388,76.7420566,7.0,0.18623976409435272,0.001929577672854066,A
108.8262710571289,108.84698486328125,0.02071380615234375,30.6530388,76.7420566,7.0,0.1382398158311844,0.002863472793251276,A
108.9609146118164,108.97126770019531,0.01035308837890625,30.6530388,76.7420566,7.0,0.15029039978981018,0.0015559698222205043,A
109.13697814941406,109.1473388671875,0.0103607177734375,30.6531052,76.7420291,7.4,0.14898094534873962,0.0015435494715347886,A
109.38555145263672,109.39590454101562,0.01035308837890625,30.6531052,76.7420291,7.4,0.1656527817249298,0.0017150178318843246,A
109.74803924560547,109.7583999633789,0.0103607177734375,30.6531052,76.7420291,7.4,0.18692120909690857,0.001936637912876904,A
115.07152557373047,115.21652221679688,0.14499664306640625,30.653451,76.7418563,5.53,0.41695523262023926,0.06045711040496826,A
115.22688293457031,115.29937744140625,0.0724945068359375,30.653451,76.7418563,5.53,0.2641099989414215,0.019146524369716644,A
115.30973815917969,115.39259338378906,0.082855224609375,30.653451,76.7418563,5.53,0.3392956554889679,0.028112417086958885,A
115.49616241455078,115.52722930908203,0.03106689453125,30.653451,76.7418563,5.53,0.15771923959255219,0.004899846855551004,A
115.53759002685547,115.68258666992188,0.14499664306640625,30.653451,76.7418563,5.53,0.3362504541873932,0.048755187541246414,A
115.75508117675781,115.7965087890625,0.0414276123046875,30.653451,76.7418563,5.53,0.23681241273880005,0.009810572490096092,A
115.80686950683594,115.85865783691406,0.051788330078125,30.653451,76.7418563,5.53,0.23095940053462982,0.01196100190281868,A
115.86901092529297,115.8793716430664,0.0103607177734375,30.653451,76.7418563,5.53,0.14685122668743134,0.0015214841114357114,A
115.88972473144531,115.98294067382812,0.0932159423828125,30.653451,76.7418563,5.53,0.29688745737075806,0.027674643322825432,A
116.01400756835938,116.0657958984375,0.051788330078125,30.6534912,76.7418246,5.22,0.24072512984275818,0.012466752901673317,A
116.0761489868164,116.10722351074219,0.03107452392578125,30.6534912,76.7418246,5.22,0.23480717837810516,0.007296521216630936,A
116.12793731689453,116.17971801757812,0.05178070068359375,30.6534912,76.7418246,5.22,0.26920971274375916,0.013939867727458477,A
116.19007873535156,116.20043182373047,0.01035308837890625,30.6534912,76.7418246,5.22,0.1639401912689209,0.001697287312708795,A
116.2107925415039,116.22114562988281,0.01035308837890625,30.6534912,76.7418246,5.22,0.11055230349302292,0.0011445577256381512,A
116.29364776611328,116.30400085449219,0.01035308837890625,30.6534912,76.7418246,5.22,0.1287550926208496,0.0013330128276720643,A
116.32471466064453,116.35578918457031,0.03107452392578125,30.6534912,76.7418246,5.22,0.1671942174434662,0.0051954807713627815,A
116.37650299072266,116.79077911376953,0.414276123046875,30.6534912,76.7418246,5.22,0.5375139117240906,0.22267918288707733,A
117.4743423461914,117.50540924072266,0.03106689453125,30.6535284,76.7417897,4.96,0.0957091674208641,0.00297338655218482,A
117.82647705078125,117.8471908569336,0.02071380615234375,30.6535284,76.7417897,4.96,0.17820829153060913,0.0036913719959557056,A
117.85755157470703,117.86790466308594,0.01035308837890625,30.6535284,76.7417897,4.96,0.17501701414585114,0.0018119666492566466,A
117.91969299316406,117.96112060546875,0.0414276123046875,30.6535284,76.7417897,4.96,0.2674197554588318,0.011078561656177044,A
117.97147369384766,117.9818344116211,0.0103607177734375,30.6535284,76.7417897,4.96,0.16946713626384735,0.0017558011459186673,A
118.01290130615234,118.02326202392578,0.0103607177734375,30.6535604,76.7417547,5.26,0.15147405862808228,0.0015693799359723926,A
118.03361511230469,118.04397583007812,0.0103607177734375,30.6535604,76.7417547,5.26,0.18385381996631622,0.0019048575777560472,A
118.05432891845703,118.06468963623047,0.0103607177734375,30.6535604,76.7417547,5.26,0.12761329114437103,0.0013221652479842305,A
118.07504272460938,118.11647033691406,0.0414276123046875,30.6535604,76.7417547,5.26,0.22938042879104614,0.009502683766186237,A
118.1268310546875,118.1371841430664,0.01035308837890625,30.6535604,76.7417547,5.26,0.11845508217811584,0.0012263759272173047,A
118.14754486083984,118.15789794921875,0.01035308837890625,30.6535604,76.7417547,5.26,0.25953853130340576,0.002687025349587202,A
118.16825866699219,118.1786117553711,0.01035308837890625,30.6535604,76.7417547,5.26,0.2144654244184494,0.0022203794214874506,A
118.18897247314453,118.3132553100586,0.1242828369140625,30.6535604,76.7417547,5.26,0.3642018735408783,0.04526404291391373,A
118.3236083984375,118.33396911621094,0.0103607177734375,30.6535604,76.7417547,5.26,0.31751129031181335,0.0032896448392421007,A
118.34432220458984,118.35468292236328,0.0103607177734375,30.6535604,76.7417547,5.26,0.30904054641723633,0.0032018818892538548,A
118.36503601074219,118.53074645996094,0.16571044921875,30.6535604,76.7417547,5.26,0.42371150851249695,0.0702134221792221,A
118.54110717773438,118.5928955078125,0.051788330078125,30.6535604,76.7417547,5.26,0.3796907067298889,0.019663548097014427,A
118.6032485961914,118.63432312011719,0.03107452392578125,30.6535604,76.7417547,5.26,0.38599029183387756,0.011994464322924614,A
118.6446762084961,118.67575073242188,0.03107452392578125,30.6535604,76.7417547,5.26,0.45023679733276367,0.013990893959999084,A
118.68610382080078,118.69646453857422,0.0103607177734375,30.6535604,76.7417547,5.26,0.19813774526119232,0.002052849158644676,A
118.70681762695312,118.71717834472656,0.0103607177734375,30.6535604,76.7417547,5.26,0.41452017426490784,0.0042947265319526196,A
118.72753143310547,118.7378921508789,0.0103607177734375,30.6535604,76.7417547,5.26,0.41724374890327454,0.004322944674640894,A
118.74824523925781,118.75860595703125,0.0103607177734375,30.6535604,76.7417547,5.26,0.25809141993522644,0.0026740124449133873,A
118.76895904541016,118.7793197631836,0.0103607177734375,30.6535604,76.7417547,5.26,0.24472740292549133,0.002535551553592086,A
118.7896728515625,118.80003356933594,0.0103607177734375,30.6535604,76.7417547,5.26,0.3561185300350189,0.003689643694087863,A
118.81038665771484,118.84146118164062,0.03107452392578125,30.6535604,76.7417547,5.26,0.41721245646476746,0.01296467799693346,A
118.85181427001953,118.88288879394531,0.03107452392578125,30.6535604,76.7417547,5.26,0.4234584867954254,0.013158771209418774,A
118.89324188232422,118.90360260009766,0.0103607177734375,30.6535604,76.7417547,5.26,0.366518497467041,0.0037973946891725063,A
118.91395568847656,118.92431640625,0.0103607177734375,30.6535604,76.7417547,5.26,0.4866771996021271,0.005042325239628553,A
118.9346694946289,118.94503021240234,0.0103607177734375,30.6535604,76.7417547,5.26,0.30663174390792847,0.00317692500539124,A
118.95538330078125,118.98645782470703,0.03107452392578125,30.6535604,76.7417547,5.26,0.4318754971027374,0.013420325703918934,A
118.99681091308594,119.00717163085938,0.0103607177734375,30.6535985,76.74171,5.85,0.44236117601394653,0.004583179485052824,A
119.01752471923828,119.14180755615234,0.1242828369140625,30.6535985,76.74171,5.85,0.4013627767562866,0.04988250508904457,A
119.15216827392578,119.16252136230469,0.01035308837890625,30.6535985,76.74171,5.85,0.20692621171474457,0.0021423252765089273,A
119.17288208007812,119.18323516845703,0.01035308837890625,30.6535985,76.74171,5.85,0.15023702383041382,0.0015554171986877918,A
119.19359588623047,119.2039566040039,0.0103607177734375,30.6535985,76.74171,5.85,0.18978971242904663,0.001966357696801424,A
119.21430969238281,119.22466278076172,0.01035308837890625,30.6535985,76.74171,5.85,0.37142035365104675,0.0038453477900475264,A
119.23502349853516,119.24537658691406,0.01035308837890625,30.6535985,76.74171,5.85,0.3198619484901428,0.0033115590922534466,A
119.26609802246094,119.27645111083984,0.01035308837890625,30.6535985,76.74171,5.85,0.20022465288639069,0.0020729436073452234,A
119.28681182861328,119.31787872314453,0.03106689453125,30.6535985,76.74171,5.85,0.2888026833534241,0.00897220242768526,A
119.32823944091797,119.33859252929688,0.01035308837890625,30.6535985,76.74171,5.85,0.2541786730289459,0.002631534356623888,A
119.34895324707031,119.35930633544922,0.01035308837890625,30.6535985,76.74171,5.85,0.2965738773345947,0.0030704555101692677,A
119.4007339477539,119.43180847167969,0.03107452392578125,30.6535985,76.74171,5.85,0.2456129789352417,0.007632306311279535,A
119.4421615600586,119.45252227783203,0.0103607177734375,30.6535985,76.74171,5.85,0.16249077022075653,0.0016835209680721164,A
119.46287536621094,119.47323608398438,0.0103607177734375,30.6535985,76.74171,5.85,0.23181307315826416,0.002401749836280942,A
119.5353775024414,119.54573059082031,0.01035308837890625,30.6535985,76.74171,5.85,0.19873148202896118,0.002057484583929181,A
119.55609130859375,119.56644439697266,0.01035308837890625,30.6535985,76.74171,5.85,0.1561165302991867,0.0016162882093340158,A
119.5768051147461,119.587158203125,0.01035308837890625,30.6535985,76.74171,5.85,0.1559201180934906,0.0016142547829076648,A
119.60787200927734,119.61823272705078,0.0103607177734375,30.6535985,76.74171,5.85,0.1443600356578827,0.0014956735540181398,A
119.62858581542969,119.63894653320312,0.0103607177734375,30.6535985,76.74171,5.85,0.14014945924282074,0.001452049007639289,A
119.64929962158203,119.65966033935547,0.0103607177734375,30.6535985,76.74171,5.85,0.22133201360702515,0.002293158555403352,A
119.67001342773438,119.68037414550781,0.0103607177734375,30.6535985,76.74171,5.85,0.1697976440191269,0.0017592255026102066,A
119.69072723388672,119.70108795166016,0.0103607177734375,30.6535985,76.74171,5.85,0.2103319764137268,0.002179190283641219,A
119.79429626464844,119.80465698242188,0.0103607177734375,30.6535985,76.74171,5.85,0.15480244159698486,0.0016038643661886454,A
119.8667984008789,119.87715148925781,0.01035308837890625,30.6535985,76.74171,5.85,0.17579638957977295,0.0018200355116277933,A
119.88751220703125,119.89786529541016,0.01035308837890625,30.6535985,76.74171,5.85,0.16356021165847778,0.0016933532897382975,A
120.26036071777344,120.27072143554688,0.0103607177734375,30.6536388,76.7416617,6.6,0.15853658318519592,0.0016425527865067124,A
120.3328628540039,120.34321594238281,0.01035308837890625,30.6536388,76.7416617,6.6,0.15726108849048615,0.0016281378921121359,A
120.41571807861328,120.42607116699219,0.01035308837890625,30.6536388,76.7416617,6.6,0.14489376544952393,0.0015000979183241725,A
120.91284942626953,120.92321014404297,0.0103607177734375,30.6536388,76.7416617,6.6,0.17780137062072754,0.0018421497661620378,A
121.05784606933594,121.06820678710938,0.0103607177734375,30.6536802,76.7416109,7.45,0.17349185049533844,0.001797500066459179,A
122.45603942871094,122.46639251708984,0.01035308837890625,30.6537329,76.7415445,8.4,0.15325628221035004,0.001586675876751542,A
126.37096405029297,126.43310546875,0.06214141845703125,30.6539699,76.7412439,10.32,0.09382115304470062,0.005830179434269667,A
126.45381927490234,126.47453308105469,0.02071380615234375,30.6539699,76.7412439,10.32,0.07745534181594849,0.0016043949872255325,A
126.59881591796875,126.86809539794922,0.26927947998046875,30.6539699,76.7412439,10.32,0.36178454756736755,0.09742115437984467,A
126.87845611572266,127.01309204101562,0.13463592529296875,30.6539699,76.7412439,10.32,0.2861494719982147,0.03852599859237671,A
127.02345275878906,127.03380584716797,0.01035308837890625,30.6540368,76.7411607,10.18,0.07836411893367767,0.0008113106596283615,A
128.54592895507812,128.56663513183594,0.0207061767578125,30.6540968,76.7410878,9.68,0.19040262699127197,0.003942510578781366,A
128.63914489746094,128.6494903564453,0.010345458984375,30.6540968,76.7410878,9.68,0.07896533608436584,0.0008169326465576887,A
128.74270629882812,128.81520080566406,0.0724945068359375,30.6540968,76.7410878,9.68,0.3276746869087219,0.02375461533665657,A
128.8255615234375,128.83592224121094,0.0103607177734375,30.6540968,76.7410878,9.68,0.3260658383369446,0.003378276014700532,A
128.84628295898438,128.87734985351562,0.03106689453125,30.6540968,76.7410878,9.68,0.3341480791568756,0.010380943305790424,A
129.5194854736328,129.5298309326172,0.010345458984375,30.6541513,76.7410206,9.32,0.12386907637119293,0.0012814824003726244,A
129.74732971191406,129.7991180419922,0.051788330078125,30.6541513,76.7410206,9.32,0.11709752678871155,0.006064285524189472,A
130.15126037597656,130.16160583496094,0.010345458984375,30.6542099,76.7409474,8.91,0.0828772559762001,0.0008574032690376043,A
130.45159912109375,130.56553649902344,0.1139373779296875,30.6542099,76.7409474,8.91,0.5763904452323914,0.06567241251468658,A
130.5758819580078,130.58624267578125,0.0103607177734375,30.6542099,76.7409474,8.91,0.17429973185062408,0.0018058703280985355,A
130.60696411132812,130.6483917236328,0.0414276123046875,30.6542099,76.7409474,8.91,0.18212361633777618,0.007544946391135454,A
130.65875244140625,130.66909790039062,0.010345458984375,30.6542099,76.7409474,8.91,0.13631916046142578,0.001410284312441945,A
130.7830352783203,130.8865966796875,0.1035614013671875,30.6542099,76.7409474,8.91,0.8440935611724854,0.08741550892591476,A
130.89695739746094,130.93838500976562,0.0414276123046875,30.6542099,76.7409474,8.91,0.3451082408428192,0.014297010377049446,A
131.49766540527344,131.5080108642578,0.010345458984375,30.6542602,76.7408872,8.4,0.07315441966056824,0.0007568160654045641,A
131.55979919433594,131.57015991210938,0.0103607177734375,30.6542602,76.7408872,8.4,0.08239127695560455,0.0008536327513866127,A
132.81298828125,132.86477661132812,0.051788330078125,30.6543084,76.7408283,7.47,0.5014351606369019,0.025968490168452263,A
132.91656494140625,132.95799255371094,0.0414276123046875,30.6543084,76.7408283,7.47,0.16835737228393555,0.006974644027650356,A
133.1237030029297,133.19619750976562,0.0724945068359375,30.6543556,76.7407715,6.99,0.5462554097175598,0.039600517600774765,A
133.2169189453125,133.29977416992188,0.082855224609375,30.6543556,76.7407715,6.99,0.5788779854774475,0.047963064163923264,A
133.31011962890625,133.3204803466797,0.0103607177734375,30.6543556,76.7407715,6.99,0.2150021493434906,0.002227576682344079,A
134.0351104736328,134.04547119140625,0.0103607177734375,30.6543984,76.740723,7.09,0.12002558261156082,0.0012435511453077197,A
134.1697540283203,134.18011474609375,0.0103607177734375,30.6543984,76.740723,7.09,0.12410644441843033,0.0012858317932114005,A
134.42868041992188,134.4390411376953,0.0103607177734375,30.6543984,76.740723,7.09,0.0780247151851654,0.0008083920693024993,A
134.67724609375,134.7393798828125,0.0621337890625,30.6543984,76.740723,7.09,0.09262638539075851,0.005755228456109762,A
134.74974060058594,134.76010131835938,0.0103607177734375,30.6543984,76.740723,7.09,0.07748604565858841,0.0008028110605664551,A
134.7704620361328,134.79116821289062,0.0207061767578125,30.6543984,76.740723,7.09,0.07385242730379105,0.0015292013995349407,A
135.48509216308594,135.5161590576172,0.03106689453125,30.6544453,76.7406684,6.93,0.23963920772075653,0.007444845978170633,A
135.536865234375,135.5679473876953,0.0310821533203125,30.6544453,76.7406684,6.93,0.18985237181186676,0.005901020485907793,A
135.5782928466797,135.61972045898438,0.0414276123046875,30.6544453,76.7406684,6.93,0.29243603348731995,0.012114926241338253,A
135.6300811767578,135.64044189453125,0.0103607177734375,30.6544453,76.7406684,6.93,0.26102498173713684,0.0027044061571359634,A
135.66114807128906,135.6715087890625,0.0103607177734375,30.6544453,76.7406684,6.93,0.1372782588005066,0.0014223012840375304,A
135.69223022460938,135.70257568359375,0.010345458984375,30.6544453,76.7406684,6.93,0.1695958822965622,0.0017545472364872694,A
135.7129364013672,135.72329711914062,0.0103607177734375,30.6544453,76.7406684,6.93,0.10687113553285599,0.0011072616325691342,A
135.77508544921875,135.78543090820312,0.010345458984375,30.6544453,76.7406684,6.93,0.14716850221157074,0.001522525679320097,A
135.79579162597656,135.8268585205078,0.03106689453125,30.6544453,76.7406684,6.93,0.5176396369934082,0.01608145609498024,A
135.83721923828125,135.97186279296875,0.1346435546875,30.6544453,76.7406684,6.93,0.8256309032440186,0.11116588115692139,A
135.9822235107422,136.0340118408203,0.051788330078125,30.6544891,76.7406177,6.76,0.328510046005249,0.017012987285852432,A
0.6414382457733154,0.6517951488494873,0.010356903076171875,30.6584947,76.7373216,2.44,0.024248622357845306,0.0002511406200937927,B
1.1178686618804932,1.1282260417938232,0.010357379913330078,30.6585173,76.7373056,3.45,0.04248717427253723,0.00044005579547956586,B
1.1385833024978638,1.1489404439926147,0.010357141494750977,30.6585173,76.7373056,3.45,0.039213720709085464,0.00040614206227473915,B
1.4596562385559082,1.5735851526260376,0.1139289140701294,30.6585173,76.7373056,3.45,0.041911326348781586,0.004774911794811487,B
1.5839424133300781,1.594299554824829,0.010357141494750977,30.6585173,76.7373056,3.45,0.027042174711823463,0.0002800796355586499,B
1.9568015336990356,2.184659719467163,0.22785818576812744,30.6585505,76.7372826,4.22,0.08058631420135498,0.018362252041697502,B
3.08573579788208,3.096092939376831,0.010357141494750977,30.6585828,76.73726,4.2,0.04325742647051811,0.00044802328920923173,B
3.8832406997680664,3.8935978412628174,0.010357141494750977,30.6585828,76.73726,4.2,0.027135154232382774,0.0002810426231008023,B
3.9039549827575684,3.9246697425842285,0.020714759826660156,30.6585828,76.73726,4.2,0.027605485171079636,0.0005718409665860236,B
3.9350266456604004,4.121456623077393,0.1864299774169922,30.6586134,76.7372385,4.44,0.0769457295536995,0.014344990253448486,B
4.173242568969727,4.2250285148620605,0.051785945892333984,30.6586134,76.7372385,4.44,0.048887163400650024,0.0025316679384559393,B
4.235385894775391,4.2664570808410645,0.031071186065673828,30.6586134,76.7372385,4.44,0.05034426227211952,0.00156425591558218,B
4.3286004066467285,4.338957786560059,0.010357379913330078,30.6586134,76.7372385,4.44,0.040198106318712234,0.0004163470584899187,B
4.349315166473389,4.525387763977051,0.1760725975036621,30.6586134,76.7372385,4.44,0.14147719740867615,0.024910258129239082,B
4.566816329956055,4.628959655761719,0.06214332580566406,30.6586134,76.7372385,4.44,0.1142224371433258,0.007098162081092596,B
4.649673938751221,4.660031318664551,0.010357379913330078,30.6586134,76.7372385,4.44,0.02510298602283001,0.0002600011648610234,B
4.680745601654053,4.691102981567383,0.010357379913330078,30.6586134,76.7372385,4.44,0.022300763055682182,0.00023097747180145234,B
4.742888927459717,4.753246307373047,0.010357379913330078,30.6586134,76.7372385,4.44,0.0468885563313961,0.0004856425803154707,B
4.763603210449219,4.805032253265381,0.04142904281616211,30.6586134,76.7372385,4.44,0.07395435124635696,0.0030638580210506916,B
4.877532958984375,4.898247241973877,0.020714282989501953,30.6586134,76.7372385,4.44,0.06498658657073975,0.0013461505295708776,B
4.908604145050049,5.043248176574707,0.1346440315246582,30.6586548,76.7372079,5.42,0.19974806904792786,0.026894886046648026,B
5.074319839477539,5.084677219390869,0.010357379913330078,30.6586548,76.7372079,5.42,0.02999582327902317,0.0003106781514361501,B
5.095034599304199,5.115748882293701,0.020714282989501953,30.6586548,76.7372079,5.42,0.023662570863962173,0.0004901532083749771,B
5.126105785369873,5.136463165283203,0.010357379913330078,30.6586548,76.7372079,5.42,0.025306541472673416,0.00026210947544313967,B
5.157177448272705,5.167534828186035,0.010357379913330078,30.6586548,76.7372079,5.42,0.03304976224899292,0.00034230895107612014,B
5.188249111175537,5.198606491088867,0.010357379913330078,30.6586548,76.7372079,5.42,0.03012770414352417,0.00031204408151097596,B
5.281464576721191,5.291821479797363,0.010356903076171875,30.6586548,76.7372079,5.42,0.03350667655467987,0.0003470254014246166,B
5.364322185516357,5.385036468505859,0.020714282989501953,30.6586548,76.7372079,5.42,0.04779983311891556,0.0009901393204927444,B
5.69575309753418,5.706110000610352,0.010356903076171875,30.6586548,76.7372079,5.42,0.049856431782245636,0.0005163582391105592,B
5.716467380523682,5.726824760437012,0.010357379913330078,30.6586548,76.7372079,5.42,0.049149781465530396,0.0005090629565529525,B
5.788967609405518,5.882183074951172,0.0932154655456543,30.6586548,76.7372079,5.42,0.26866158843040466,0.025043414905667305,B
5.99611234664917,6.006469249725342,0.010356903076171875,30.6587005,76.7371757,6.76,0.02983367070555687,0.00030898442491889,B
6.078970432281494,6.089327812194824,0.010357379913330078,30.6587005,76.7371757,6.76,0.05385538563132286,0.0005578006966970861,B
6.099684715270996,6.110041618347168,0.010356903076171875,30.6587005,76.7371757,6.76,0.05909005180001259,0.0006119899335317314,B
6.306829452514648,6.31718635559082,0.010356903076171875,30.6587005,76.7371757,6.76,0.03273496404290199,0.00033903284929692745,B
6.348258018493652,6.358615398406982,0.010357379913330078,30.6587005,76.7371757,6.76,0.03607919439673424,0.00037368593621067703,B
7.363266468048096,7.61184024810791,0.24857378005981445,30.6587606,76.7371342,7.79,0.08241024613380432,0.020485026761889458,B
7.673983573913574,7.8707709312438965,0.19678735733032227,30.6587606,76.7371342,7.79,0.04918677732348442,0.009679336100816727,B
8.036486625671387,8.046843528747559,0.010356903076171875,30.6588189,76.7370926,7.77,0.026660023257136345,0.00027611528639681637,B
8.057201385498047,8.07791519165039,0.02071380615234375,30.6588189,76.7370926,7.77,0.03548611328005791,0.0007350524538196623,B
8.09862995147705,8.108986854553223,0.010356903076171875,30.6588189,76.7370926,7.77,0.03563563898205757,0.0003690748708322644,B
8.378275871276855,8.409347534179688,0.03107166290283203,30.6588189,76.7370926,7.77,0.02698865532875061,0.0008385824039578438,B
8.41970443725586,8.430061340332031,0.010356903076171875,30.6588189,76.7370926,7.77,0.023806029930710793,0.00024655673769302666,B
9.072210311889648,9.092925071716309,0.020714759826660156,30.6588733,76.7370527,7.57,0.028135985136032104,0.0005828301655128598,B
9.413999557495117,9.424356460571289,0.010356903076171875,30.6588733,76.7370527,7.57,0.04463817551732063,0.000462313269963488,B
9.434714317321777,9.455428123474121,0.02071380615234375,30.6588733,76.7370527,7.57,0.04779593273997307,0.0009900357108563185,B
9.46578598022461,9.683287620544434,0.21750164031982422,30.6588733,76.7370527,7.57,0.046358346939086914,0.010083016939461231,B
9.693644523620605,9.714359283447266,0.020714759826660156,30.6588733,76.7370527,7.57,0.034960418939590454,0.0007241966668516397,B
9.735074043273926,9.745430946350098,0.010356903076171875,30.6588733,76.7370527,7.57,0.03333921357989311,0.00034529101685620844,B
9.766145706176758,9.869717597961426,0.10357189178466797,30.6588733,76.7370527,7.57,0.27827396988868713,0.028821362182497978,B
10.087220191955566,10.097577095031738,0.010356903076171875,30.6589238,76.7370179,5.52,0.028786582872271538,0.00029813984292559326,B
10.170077323913574,10.377223014831543,0.20714569091796875,30.6589238,76.7370179,5.52,0.10973948985338211,0.02273206226527691,B
10.760440826416016,10.926156044006348,0.16571521759033203,30.6589238,76.7370179,5.52,0.0342528373003006,0.005676216445863247,B
10.936513900756836,10.946870803833008,0.010356903076171875,30.6589467,76.7370027,2.54,0.021831514313817024,0.0002261068730149418,B
10.967585563659668,10.97794246673584,0.010356903076171875,30.6589467,76.7370027,2.54,0.023466620594263077,0.00024304151884280145,B
15.825133323669434,15.959789276123047,0.13465595245361328,30.6589782,76.7369796,0.66,0.026424549520015717,0.0035582229029387236,B
15.970135688781738,16.021930694580078,0.051795005798339844,30.6589837,76.7369751,0.78,0.024417301639914513,0.001264694263227284,B
16.04263687133789,16.591569900512695,0.5489330291748047,30.6589837,76.7369751,0.78,0.02927340567111969,0.016069138422608376,B
17.49266815185547,17.523723602294922,0.031055450439453125,30.6589909,76.7369696,1.16,0.16605113446712494,0.00515679270029068,B
17.53408432006836,17.85516357421875,0.3210792541503906,30.6589909,76.7369696,1.16,0.3869587182998657,0.12424441426992416,B
17.875886917114258,17.94837188720703,0.07248497009277344,30.6589909,76.7369696,1.16,0.04835186526179314,0.0035047836136072874,B
17.958728790283203,17.979442596435547,0.02071380615234375,30.6590034,76.7369614,1.69,0.027517488226294518,0.0005699919420294464,B
17.98980140686035,18.041587829589844,0.05178642272949219,30.6590034,76.7369614,1.69,0.03268933668732643,0.0016928637633100152,B
18.051944732666016,18.341947555541992,0.29000282287597656,30.6590034,76.7369614,1.69,0.07515861839056015,0.02179621160030365,B
18.445520401000977,18.46623420715332,0.02071380615234375,30.6590034,76.7369614,1.69,0.03656332194805145,0.0007573655457235873,B
18.49730682373047,18.953025817871094,0.455718994140625,30.6590034,76.7369614,1.69,0.13429415225982666,0.06120039522647858,B
19.294816970825195,19.31553077697754,0.02071380615234375,30.65902,76.7369493,2.3,0.035554397851228714,0.0007364668999798596,B
19.35696029663086,19.39838981628418,0.04142951965332031,30.65902,76.7369493,2.3,0.09212779253721237,0.003816810203716159,B
19.419103622436523,19.439817428588867,0.02071380615234375,30.65902,76.7369493,2.3,0.04591758921742439,0.0009511280222795904,B
20.838050842285156,20.848407745361328,0.010356903076171875,30.6590399,76.7369345,2.98,0.06175021827220917,0.0006395410164259374,B
20.858766555786133,20.869123458862305,0.010356903076171875,30.6590399,76.7369345,2.98,0.0882316529750824,0.000913806667085737,B
20.879480361938477,20.88983726501465,0.010356903076171875,30.6590399,76.7369345,2.98,0.11129341274499893,0.0011526551097631454,B
20.90019416809082,21.138412475585938,0.2382183074951172,30.65907,76.7369143,3.91,0.18715475499629974,0.04458368942141533,B
21.14876937866211,21.15912628173828,0.010356903076171875,30.65907,76.7369143,3.91,0.10066445171833038,0.001042571966536343,B
21.169485092163086,21.179841995239258,0.010356903076171875,30.65907,76.7369143,3.91,0.13446977734565735,0.0013926904648542404,B
21.19019889831543,21.2005558013916,0.010356903076171875,30.65907,76.7369143,3.91,0.061070457100868225,0.0006325007998384535,B
21.210914611816406,21.2627010345459,0.05178642272949219,30.65907,76.7369143,3.91,0.0875321552157402,0.004532977007329464,B
22.215572357177734,22.225929260253906,0.010356903076171875,30.659104,76.7368908,5.04,0.02591661736369133,0.00026841589715331793,B
22.24664306640625,22.257001876831055,0.010358810424804688,30.659104,76.7368908,5.04,0.030109120532870293,0.0003118946624454111,B
22.2777156829834,22.28807258605957,0.010356903076171875,30.659104,76.7368908,5.04,0.03030521608889103,0.0003138681931886822,B
22.671293258666992,22.681650161743164,0.010356903076171875,30.659104,76.7368908,5.04,0.048264000564813614,0.0004998655640520155,B
22.712722778320312,22.723079681396484,0.010356903076171875,30.659104,76.7368908,5.04,0.04849537834525108,0.0005022619152441621,B
22.764509201049805,22.774866104125977,0.010356903076171875,30.659104,76.7368908,5.04,0.06462890654802322,0.0006693553295917809,B
22.78522300720215,22.795581817626953,0.010358810424804688,30.659104,76.7368908,5.04,0.03331682085990906,0.0003451226220931858,B
22.816295623779297,22.82665252685547,0.010356903076171875,30.659104,76.7368908,5.04,0.05560246482491493,0.0005758693441748619,B
22.83700942993164,22.847368240356445,0.010358810424804688,30.659104,76.7368908,5.04,0.03983093425631523,0.0004126011044718325,B
22.86808204650879,22.87843894958496,0.010356903076171875,30.659104,76.7368908,5.04,0.053597550839185715,0.0005551046342588961,B
22.91986846923828,22.930225372314453,0.010356903076171875,30.659104,76.7368908,5.04,0.05370708927512169,0.0005562391015700996,B
22.940584182739258,22.95094108581543,0.010356903076171875,30.6591505,76.7368589,6.46,0.058518968522548676,0.0006060752784833312,B
23.033798217773438,23.064870834350586,0.031072616577148438,30.6591505,76.7368589,6.46,0.07442335784435272,0.002312528435140848,B
23.106300354003906,23.127016067504883,0.020715713500976562,30.6591505,76.7368589,6.46,0.07190395891666412,0.0014895418426021934,B
23.16844367980957,23.19951629638672,0.031072616577148438,30.6591505,76.7368589,6.46,0.04802665114402771,0.0014923136914148927,B
23.25130271911621,23.28237533569336,0.031072616577148438,30.6591505,76.7368589,6.46,0.06457475572824478,0.00200650654733181,B
23.29273223876953,23.303089141845703,0.010356903076171875,30.6591505,76.7368589,6.46,0.042083464562892914,0.0004358543665148318,B
23.33416175842285,23.344518661499023,0.010356903076171875,30.6591505,76.7368589,6.46,0.05639621615409851,0.0005840901285409927,B
23.448091506958008,23.458452224731445,0.0103607177734375,30.6591505,76.7368589,6.46,0.033449552953243256,0.0003465613699518144,B
23.468807220458984,23.479177474975586,0.010370254516601562,30.6591505,76.7368589,6.46,0.040464092046022415,0.00041962292743846774,B
23.489521026611328,23.686309814453125,0.19678878784179688,30.6591505,76.7368589,6.46,0.05883929878473282,0.01157891470938921,B
23.965957641601562,24.069530487060547,0.10357284545898438,30.6592034,76.7368224,6.66,0.0475238673388958,0.00492218229919672,B
24.224889755249023,24.235246658325195,0.010356903076171875,30.6592034,76.7368224,6.66,0.024529743939638138,0.0002540521672926843,B
24.50453758239746,24.556324005126953,0.05178642272949219,30.6592034,76.7368224,6.66,0.04326604679226875,0.0022405937779694796,B
24.566680908203125,24.5873966217041,0.020715713500976562,30.6592034,76.7368224,6.66,0.040243327617645264,0.0008336692699231207,B
24.618467330932617,24.628826141357422,0.010358810424804688,30.6592034,76.7368224,6.66,0.031280677765607834,0.00032403061049990356,B
24.639183044433594,24.649539947509766,0.010356903076171875,30.6592034,76.7368224,6.66,0.0333755686879158,0.0003456675331108272,B
24.659896850585938,24.670255661010742,0.010358810424804688,30.6592034,76.7368224,6.66,0.03575976565480232,0.0003704286355059594,B
24.680612564086914,24.690969467163086,0.010356903076171875,30.6592034,76.7368224,6.66,0.03050616756081581,0.0003159494081046432,B
24.82561492919922,24.856685638427734,0.031070709228515625,30.6592034,76.7368224,6.66,0.03797622397542,0.001179948216304183,B
24.887758255004883,24.898115158081055,0.010356903076171875,30.6592034,76.7368224,6.66,0.033162470906972885,0.0003434605023358017,B
24.96026039123535,24.970617294311523,0.010356903076171875,30.6592517,76.7367878,6.77,0.026740379631519318,0.0002769475104287267,B
24.980974197387695,25.519554138183594,0.5385799407958984,30.6592517,76.7367878,6.77,0.053001612424850464,0.028545605018734932,B
25.5299129486084,25.560983657836914,0.031070709228515625,30.6592517,76.7367878,6.77,0.03274066001176834,0.0010172754991799593,B
25.57134246826172,25.58169937133789,0.010356903076171875,30.6592517,76.7367878,6.77,0.023303065448999405,0.00024134758859872818,B
25.592056274414062,25.654199600219727,0.06214332580566406,30.6592517,76.7367878,6.77,0.036986928433179855,0.0022984908428043127,B
25.685272216796875,25.695629119873047,0.010356903076171875,30.6592517,76.7367878,6.77,0.04467159882187843,0.0004626594309229404,B
25.70598602294922,25.716344833374023,0.010358810424804688,30.6592517,76.7367878,6.77,0.05478444695472717,0.0005675017018802464,B
25.726701736450195,25.737058639526367,0.010356903076171875,30.6592517,76.7367878,6.77,0.02920481376349926,0.00030247142422012985,B
25.757774353027344,25.768131256103516,0.010356903076171875,30.6592517,76.7367878,6.77,0.03537817299365997,0.00036640831967815757,B
25.78884506225586,25.79920196533203,0.010356903076171875,30.6592517,76.7367878,6.77,0.0291504617780447,0.0003019084979314357,B
25.933847427368164,26.358497619628906,0.4246501922607422,30.6593065,76.7367489,6.76,0.0646202489733696,0.027441000565886497,B
26.368854522705078,26.91779327392578,0.5489387512207031,30.6593065,76.7367489,6.76,0.08252957463264465,0.04530368000268936,B
29.890344619750977,29.90070152282715,0.010356903076171875,30.6594199,76.7366688,3.33,0.02394668012857437,0.0002480134426150471,B
29.921417236328125,29.952489852905273,0.031072616577148438,30.6594404,76.7366533,2.77,0.0301029235124588,0.0009353766217827797,B
35.49367141723633,35.50402069091797,0.010349273681640625,30.6595043,76.7366079,1.31,0.06563717126846313,0.0006792970234528184,B
35.51439666748047,35.524742126464844,0.010345458984375,30.6595043,76.7366079,1.31,0.05651518329977989,0.0005846755229867995,B
35.55581283569336,35.66973114013672,0.11391830444335938,30.6595043,76.7366079,1.31,0.29275286197662354,0.033349908888339996,B
35.7008171081543,35.75259017944336,0.0517730712890625,30.6595043,76.7366079,1.31,0.24373175203800201,0.012618741020560265,B
35.79401779174805,35.825096130371094,0.031078338623046875,30.6595043,76.7366079,1.31,0.10838551074266434,0.00336844171397388,B
35.87689208984375,35.9079475402832,0.031055450439453125,30.6595043,76.7366079,1.31,0.08898700028657913,0.0027635314036160707,B
35.91830825805664,35.93903350830078,0.020725250244140625,30.6595043,76.7366079,1.31,0.12369254231452942,0.0025635589845478535,B
35.949378967285156,36.07368850708008,0.12430953979492188,30.6595175,76.7365988,2.02,0.18561498820781708,0.0230737142264843,B
36.08403778076172,36.104759216308594,0.020721435546875,30.6595175,76.7365988,2.02,0.19724060595035553,0.00408710865303874,B
36.115108489990234,36.18759536743164,0.07248687744140625,30.6595175,76.7365988,2.02,0.22309796512126923,0.01617167517542839,B
36.19797134399414,36.21866989135742,0.02069854736328125,30.6595175,76.7365988,2.02,0.09578540176153183,0.0019826185889542103,B
37.057621002197266,37.078346252441406,0.020725250244140625,30.6595381,76.7365854,2.71,0.08445464074611664,0.0017503435956314206,B
37.08868408203125,37.09906768798828,0.01038360595703125,30.6595381,76.7365854,2.71,0.06378699094057083,0.0006623389781452715,B
37.109397888183594,37.16120910644531,0.05181121826171875,30.6595381,76.7365854,2.71,0.11402831226587296,0.005907945800572634,B
37.22332763671875,37.23369598388672,0.01036834716796875,30.6595381,76.7365854,2.71,0.048533834517002106,0.0005032156477682292,B
37.337284088134766,37.347618103027344,0.010334014892578125,30.6595381,76.7365854,2.71,0.03718940541148186,0.00038431587745435536,B
37.378700256347656,37.409759521484375,0.03105926513671875,30.6595381,76.7365854,2.71,0.04294251278042793,0.0013337628915905952,B
37.45119094848633,37.4822883605957,0.031097412109375,30.6595381,76.7365854,2.71,0.02481144107878208,0.0007715715910308063,B
37.544429779052734,37.55476379394531,0.010334014892578125,30.6595381,76.7365854,2.71,0.0321701318025589,0.00033244662336073816,B
39.678016662597656,39.719444274902344,0.0414276123046875,30.6595904,76.7365518,3.76,0.037441886961460114,0.0015511279925704002,B
39.729801177978516,40.63088607788086,0.9010848999023438,30.6596218,76.7365293,3.88,0.05687715485692024,0.05125114694237709,B
43.510223388671875,43.68629837036133,0.17607498168945312,30.6596714,76.7364922,0.26,0.04080728814005852,0.007185142487287521,B
62.79556655883789,62.80594253540039,0.0103759765625,30.6596827,76.7364833,0.0,0.022519299760460854,0.0002336597244720906,B
64.54596710205078,64.56665802001953,0.02069091796875,30.6596918,76.7364778,1.23,0.02774536795914173,0.0005740771302953362,B
64.60808563232422,64.6495132446289,0.0414276123046875,30.6596918,76.7364778,1.23,0.02947980910539627,0.0012212781002745032,B
64.67023468017578,64.9913101196289,0.321075439453125,30.6596918,76.7364778,1.23,0.04026186838746071,0.012927097268402576,B
65.1363296508789,65.250244140625,0.11391448974609375,30.6597053,76.7364695,2.11,0.0364227294921875,0.0041490765288472176,B
65.28133392333984,65.30205535888672,0.020721435546875,30.6597053,76.7364695,2.11,0.03250332176685333,0.0006735154893249273,B
66.26526641845703,66.3895492553711,0.1242828369140625,30.6597241,76.7364565,2.42,0.03596784546971321,0.0044701858423650265,B
66.54492950439453,66.7520523071289,0.207122802734375,30.6597241,76.7364565,2.42,0.03365806117653847,0.006971351802349091,B
89.19641876220703,89.2067642211914,0.010345458984375,30.6597812,76.7364185,0.87,0.029544604942202568,0.0003056525019928813,B
89.25856018066406,89.26891326904297,0.01035308837890625,30.6597812,76.7364185,0.87,0.03171014040708542,0.00032829787232913077,B
93.55686950683594,93.70187377929688,0.1450042724609375,30.6598042,76.7364033,0.23,0.036101166158914566,0.005234823562204838,B
112.38654327392578,112.39692687988281,0.01038360595703125,30.6598076,76.7363998,0.0,0.04849153012037277,0.0005035169306211174,B
112.45906829833984,112.46940612792969,0.01033782958984375,30.6598076,76.7363998,0.0,0.04536883905529976,0.0004690153291448951,B
112.50048065185547,112.51083374023438,0.01035308837890625,30.6598076,76.7363998,0.0,0.053273722529411316,0.0005515475641004741,B
112.54193115234375,112.55226135253906,0.0103302001953125,30.6598076,76.7363998,0.0,0.05349301919341087,0.00055259361397475,B
116.01162719726562,116.02200317382812,0.0103759765625,30.6598762,76.7363495,4.25,0.03175423666834831,0.0003294812049716711,B
116.70558166503906,116.72628784179688,0.0207061767578125,30.6598762,76.7363495,4.25,0.03292675316333771,0.0006817871471866965,B
117.02664947509766,117.04737091064453,0.020721435546875,30.6599117,76.736323,4.42,0.02466815896332264,0.0005111596547067165,B
117.2545166015625,117.26487731933594,0.0103607177734375,30.6599117,76.736323,4.42,0.026044081896543503,0.0002698353782761842,B
117.53416442871094,117.67919921875,0.1450347900390625,30.6599117,76.736323,4.42,0.04601803794503212,0.006674216594547033,B
117.78275299072266,117.90702819824219,0.12427520751953125,30.6599117,76.736323,4.42,0.049570273607969284,0.006160356104373932,B
117.91741180419922,117.92774200439453,0.0103302001953125,30.6599117,76.736323,4.42,0.023140376433730125,0.00023904471891000867,B
118.05203247070312,118.06241607666016,0.01038360595703125,30.6599425,76.7363009,4.24,0.027304790914058685,0.00028352218214422464,B
118.97383880615234,118.98420715332031,0.01036834716796875,30.6599742,76.7362782,4.07,0.028317749500274658,0.000293608260108158,B
118.99455261230469,119.00492858886719,0.0103759765625,30.6599742,76.7362782,4.07,0.02680135890841484,0.0002780902723316103,B
119.25348663330078,119.26387023925781,0.01038360595703125,30.6599742,76.7362782,4.07,0.02777896821498871,0.000288445851765573,B
119.50208282470703,119.51242065429688,0.01033782958984375,30.6599742,76.7362782,4.07,0.02556874230504036,0.0002643252955749631,B
119.5228042602539,119.69888305664062,0.17607879638671875,30.6599742,76.7362782,4.07,0.052872978150844574,0.00930981058627367,B
120.18566131591797,120.19603729248047,0.0103759765625,30.6600114,76.7362524,4.71,0.022421739995479584,0.00023264744959305972,B
120.21672821044922,120.2374496459961,0.020721435546875,30.6600114,76.7362524,4.71,0.032023362815380096,0.0006635700701735914,B
120.52745056152344,120.53781127929688,0.0103607177734375,30.6600114,76.7362524,4.71,0.030386677011847496,0.00031482777558267117,B
120.55853271484375,120.56887817382812,0.010345458984375,30.6600114,76.7362524,4.71,0.03459428250789642,0.000357893732143566,B
120.57925415039062,120.5999755859375,0.020721435546875,30.6600114,76.7362524,4.71,0.03302152454853058,0.0006842534057796001,B
120.62067413330078,120.63101959228516,0.010345458984375,30.6600114,76.7362524,4.71,0.025141973048448563,0.0002601052401587367,B
120.64139556884766,120.6517333984375,0.01033782958984375,30.6600114,76.7362524,4.71,0.02886424958705902,0.0002983936865348369,B
121.09712982177734,121.10746002197266,0.0103302001953125,30.6600516,76.7362253,5.64,0.028891706839203835,0.0002984571037814021,B
121.128173828125,121.1385498046875,0.0103759765625,30.6600516,76.7362253,5.64,0.02701110951602459,0.0002802666276693344,B
121.14888763427734,121.15927124023438,0.01038360595703125,30.6600516,76.7362253,5.64,0.024862146005034447,0.00025815871777012944,B
121.17996978759766,121.19032287597656,0.01035308837890625,30.6600516,76.7362253,5.64,0.02502855472266674,0.00025912284036166966,B
121.22138977050781,121.469970703125,0.2485809326171875,30.6600516,76.7362253,5.64,0.0454222671687603,0.011291109956800938,B
121.48035430908203,121.50103759765625,0.02068328857421875,30.6600516,76.7362253,5.64,0.03106878511607647,0.0006426046602427959,B
122.28820037841797,122.30891418457031,0.02071380615234375,30.6600957,76.7361952,5.35,0.02724558115005493,0.0005643597105517983,B
124.43217468261719,124.44253540039062,0.0103607177734375,30.6601661,76.7361468,4.44,0.023558612912893295,0.00024408413446508348,B
124.45289611816406,124.46324920654297,0.01035308837890625,30.6601661,76.7361468,4.44,0.029486730694770813,0.00030527872149832547,B
124.56682586669922,124.57717895507812,0.01035308837890625,30.6601661,76.7361468,4.44,0.024909701198339462,0.00025789233040995896,B
124.59789276123047,124.66004180908203,0.0621490478515625,30.6601661,76.7361468,4.44,0.03310387209057808,0.002057374222204089,B
124.72218322753906,124.7428970336914,0.02071380615234375,30.6601661,76.7361468,4.44,0.05290858447551727,0.001095938147045672,B
124.75325775146484,124.76361083984375,0.01035308837890625,30.6601661,76.7361468,4.44,0.05082683265209198,0.0005262147169560194,B
124.93968963623047,124.95004272460938,0.01035308837890625,30.6602006,76.7361227,4.08,0.026845481246709824,0.0002779336355160922,B
124.96040344238281,125.0018310546875,0.0414276123046875,30.6602006,76.7361227,4.08,0.0301978699862957,0.0012510257074609399,B
125.01219177246094,125.02254486083984,0.01035308837890625,30.6602006,76.7361227,4.08,0.024260880425572395,0.000251175049925223,B
125.03290557861328,125.04325866699219,0.01035308837890625,30.6602006,76.7361227,4.08,0.027735909447073936,0.0002871523320209235,B
125.2607650756836,125.27112579345703,0.0103607177734375,30.6602006,76.7361227,4.08,0.023261750116944313,0.00024100842711050063,B
125.28147888183594,125.31255340576172,0.03107452392578125,30.6602006,76.7361227,4.08,0.028675176203250885,0.0008910674368962646,B
125.50934600830078,125.62328338623047,0.1139373779296875,30.6602006,76.7361227,4.08,0.04765850305557251,0.005430084653198719,B
125.67506408691406,125.85113525390625,0.1760711669921875,30.6602006,76.7361227,4.08,0.06708738952875137,0.01181215513497591,B
125.93399810791016,125.9443588256836,0.0103607177734375,30.6602293,76.7361031,3.85,0.037343814969062805,0.00038690873770974576,B
126.13078308105469,126.20330047607422,0.07251739501953125,30.6602293,76.7361031,3.85,0.03977629914879799,0.0028844736516475677,B
126.54510498046875,126.55543518066406,0.0103302001953125,30.6602293,76.7361031,3.85,0.04355333372950554,0.0004499146598391235,B
126.61759185791016,126.70045471191406,0.08286285400390625,30.6602293,76.7361031,3.85,0.0451507531106472,0.0037413202226161957,B
127.1251220703125,127.14581298828125,0.02069091796875,30.6602593,76.7360818,3.62,0.046458225697278976,0.000961263314820826,B
129.13442993164062,129.2483673095703,0.1139373779296875,30.6603105,76.7360483,3.38,0.04599611833691597,0.005240676924586296,B
129.3105010986328,129.3208770751953,0.0103759765625,30.6603105,76.7360483,3.38,0.02710139937698841,0.00028120347997173667,B
129.33120727539062,129.40374755859375,0.072540283203125,30.6603105,76.7360483,3.38,0.0465935617685318,0.0033799102529883385,B
129.43478393554688,129.44515991210938,0.0103759765625,30.6603105,76.7360483,3.38,0.031237967312335968,0.0003241244121454656,B
129.47621154785156,129.486572265625,0.0103607177734375,30.6603105,76.7360483,3.38,0.028587207198143005,0.0002961839782074094,B
130.61553955078125,130.62588500976562,0.010345458984375,30.6603424,76.7360266,3.97,0.0239337719976902,0.00024760584346950054,B
132.1070098876953,132.1173553466797,0.010345458984375,30.6604133,76.7359781,5.07,0.023663310334086418,0.00024480780120939016,B
132.1277313232422,132.14842224121094,0.02069091796875,30.6604133,76.7359781,5.07,0.030518969520926476,0.0006314655183814466,B
132.20021057128906,132.24166870117188,0.0414581298828125,30.6604133,76.7359781,5.07,0.028480958193540573,0.0011807673145085573,B
132.55235290527344,132.6663055419922,0.11395263671875,30.6604133,76.7359781,5.07,0.032655611634254456,0.0037211929447948933,B
133.3188018798828,133.32916259765625,0.0103607177734375,30.6604462,76.7359549,3.66,0.026191189885139465,0.0002713595167733729,B
133.34986877441406,133.36024475097656,0.0103759765625,30.6604462,76.7359549,3.66,0.024490496143698692,0.00025411281967535615,B
133.37059020996094,133.5466766357422,0.17608642578125,30.6604462,76.7359549,3.66,0.03980560228228569,0.0070092263631522655,B
135.76315307617188,135.77349853515625,0.010345458984375,30.660496,76.7359211,3.04,0.027008304372429848,0.000279413303360343,B
135.79421997070312,135.82530212402344,0.0310821533203125,30.660496,76.7359211,3.04,0.03259127214550972,0.001013006898574531,B
135.8356475830078,135.8667449951172,0.031097412109375,30.660496,76.7359211,3.04,0.03333694115281105,0.0010366926435381174,B
135.88743591308594,135.9081573486328,0.020721435546875,30.660496,76.7359211,3.04,0.025408396497368813,0.0005264984793029726,B
136.084228515625,136.09457397460938,0.010345458984375,30.6605231,76.7359027,3.42,0.02968536503612995,0.00030710871214978397,B
136.30172729492188,136.3120880126953,0.0103607177734375,30.6605231,76.7359027,3.42,0.03025650419294834,0.0003134791040793061,B
136.32244873046875,136.33279418945312,0.010345458984375,30.6605231,76.7359027,3.42,0.05767146125435829,0.0005966377211734653,B
136.34317016601562,136.353515625,0.010345458984375,30.6605231,76.7359027,3.42,0.06325491517782211,0.0006544011412188411,B
136.3638916015625,136.3742218017578,0.0103302001953125,30.6605231,76.7359027,3.42,0.09710822999477386,0.0010031474521383643,B
136.3845977783203,136.42604064941406,0.04144287109375,30.6605231,76.7359027,3.42,0.18432706594467163,0.007639043033123016,B
136.43637084960938,136.55030822753906,0.1139373779296875,30.6605231,76.7359027,3.42,0.31215858459472656,0.035566531121730804,B
136.5606689453125,136.59173583984375,0.03106689453125,30.6605231,76.7359027,3.42,0.3255690634250641,0.01011442020535469,B
136.60211181640625,136.76780700683594,0.1656951904296875,30.6605231,76.7359027,3.42,0.2769046723842621,0.04588177427649498,B
136.77818298339844,136.7885284423828,0.010345458984375,30.6605231,76.7359027,3.42,0.18101179599761963,0.0018726501148194075,B
136.7988739013672,136.80923461914062,0.0103607177734375,30.6605231,76.7359027,3.42,0.19398817420005798,0.0020098567474633455,B
136.81961059570312,136.84033203125,0.020721435546875,30.6605231,76.7359027,3.42,0.08450288325548172,0.0017510210163891315,B
136.95423889160156,136.96461486816406,0.0103759765625,30.6605532,76.7358821,4.35,0.043217916041612625,0.00044842809438705444,B
137.10960388183594,137.11996459960938,0.0103607177734375,30.6605532,76.7358821,4.35,0.05568325147032738,0.0005769184790551662,B
137.16140747070312,137.17173767089844,0.0103302001953125,30.6605532,76.7358821,4.35,0.05740639194846153,0.0005930195329710841,B
137.1924591064453,137.20281982421875,0.0103607177734375,30.6605532,76.7358821,4.35,0.0836847797036171,0.0008670343668200076,B
137.2131805419922,137.22352600097656,0.010345458984375,30.6605532,76.7358821,4.35,0.06477983295917511,0.0006701771053485572,B
137.45138549804688,137.46176147460938,0.0103759765625,30.6605532,76.7358821,4.35,0.04279276728630066,0.00044401673949323595,B
137.5446319580078,137.55496215820312,0.0103302001953125,30.6605532,76.7358821,4.35,0.031245430931448936,0.0003227715496905148,B
137.6274871826172,137.63783264160156,0.010345458984375,30.6605532,76.7358821,4.35,0.041882798075675964,0.00043329678010195494,B
137.91748046875,137.92784118652344,0.0103607177734375,30.6605532,76.7358821,4.35,0.026335040107369423,0.0002728499239310622,B
137.9485626220703,137.95892333984375,0.0103607177734375,30.6605939,76.7358546,5.11,0.027767840772867203,0.0002876947692129761,B
137.96926879882812,137.98997497558594,0.0207061767578125,30.6605939,76.7358546,5.11,0.026347436010837555,0.0005455546779558063,B
138.2385711669922,138.24891662597656,0.010345458984375,30.6605939,76.7358546,5.11,0.03044552356004715,0.0003149729163851589,B
138.26962280273438,138.34213256835938,0.072509765625,30.6605939,76.7358546,5.11,0.03408818691968918,0.0024717263877391815,B
138.6321258544922,138.64248657226562,0.0103607177734375,30.6605939,76.7358546,5.11,0.03480983525514603,0.00036065487074665725,B
138.6632080078125,138.67356872558594,0.0103607177734375,30.6605939,76.7358546,5.11,0.031191645190119743,0.0003231678274460137,B
138.82891845703125,138.83929443359375,0.0103759765625,30.6605939,76.7358546,5.11,0.030015060678124428,0.00031143557862378657,B
138.86001586914062,138.9117889404297,0.0517730712890625,30.6605939,76.7358546,5.11,0.0489371083676815,0.0025336244143545628,B
140.5275421142578,140.53790283203125,0.0103607177734375,30.6606473,76.7358157,2.78,0.025983793660998344,0.0002692107518669218,B
141.23182678222656,141.2421875,0.0103607177734375,30.6606663,76.7358017,2.24,0.02410852536559105,0.0002497816167306155,B
141.3457794189453,141.42864990234375,0.0828704833984375,30.6606663,76.7358017,2.24,0.041467584669589996,0.003436438739299774,B
142.51614379882812,142.52650451660156,0.0103607177734375,30.660673,76.735797,0.66,0.023883048444986343,0.0002474455104675144,B
142.536865234375,142.57830810546875,0.04144287109375,30.660673,76.735797,0.66,0.02406979911029339,0.0009975215652957559,B
143.24118041992188,143.25152587890625,0.010345458984375,30.6606772,76.7357938,0.4,0.034951575100421906,0.00036159009323455393,B
143.28260803222656,143.29295349121094,0.010345458984375,30.6606772,76.7357938,0.4,0.026066232472658157,0.0002696671290323138,B
143.30332946777344,143.31365966796875,0.0103302001953125,30.6606772,76.7357938,0.4,0.04594538360834122,0.00047462500515393913,B
143.3240509033203,143.33438110351562,0.0103302001953125,30.6606772,76.7357938,0.4,0.032302338629961014,0.0003336896188557148,B
143.35508728027344,143.36546325683594,0.0103759765625,30.6606772,76.7357938,0.4,0.033964820206165314,0.0003524181665852666,B
143.3758087158203,143.40689086914062,0.0310821533203125,30.6606772,76.7357938,0.4,0.21437165141105652,0.006663132458925247,B
143.417236328125,143.45867919921875,0.04144287109375,30.6606772,76.7357938,0.4,0.12921249866485596,0.005354936700314283,B
143.63473510742188,143.64512634277344,0.0103912353515625,30.6606772,76.7357938,0.4,0.047752365469932556,0.0004962060484103858,B
143.6968994140625,143.707275390625,0.0103759765625,30.6606772,76.7357938,0.4,0.07490397989749908,0.0007772019598633051,B
144.50477600097656,144.51512145996094,0.010345458984375,30.6606864,76.735787,1.31,0.044998642057180405,0.00046553160063922405,B
144.54620361328125,144.55654907226562,0.010345458984375,30.6606864,76.735787,1.31,0.04968904331326485,0.0005140559514984488,B
144.6704864501953,144.6808624267578,0.0103759765625,30.6606864,76.735787,1.31,0.030945438891649246,0.0003210891445633024,B
146.13087463378906,146.14125061035156,0.0103759765625,30.6607245,76.7357598,3.07,0.029840510338544846,0.00030962444725446403,B
146.15158081054688,146.16197204589844,0.0103912353515625,30.6607245,76.7357598,3.07,0.03246940299868584,0.000337397214025259,B
147.3323211669922,147.3426971435547,0.0103759765625,30.6607468,76.7357441,2.94,0.04667357727885246,0.00048428395530208945,B
147.35304260253906,147.40484619140625,0.0518035888671875,30.6607468,76.7357441,2.94,0.056737884879112244,0.0029392261058092117,B
147.51876831054688,147.56019592285156,0.0414276123046875,30.6607468,76.7357441,2.94,0.051300887018442154,0.0021252732258290052,B
147.98486328125,147.9951934814453,0.0103302001953125,30.6607673,76.7357303,2.75,0.051983680576086044,0.0005370018188841641,B
148.00558471679688,148.0469970703125,0.041412353515625,30.6607673,76.7357303,2.75,0.055915623903274536,0.0023155976086854935,B
148.19198608398438,148.2023468017578,0.0103607177734375,30.6607673,76.7357303,2.75,0.044425949454307556,0.00046028473298065364,B
148.2126922607422,148.22305297851562,0.0103607177734375,30.6607673,76.7357303,2.75,0.05101917311549187,0.0005285952356643975,B
148.23341369628906,148.25413513183594,0.020721435546875,30.6607673,76.7357303,2.75,0.05199175700545311,0.0010773438261821866,B
148.5027313232422,148.5130615234375,0.0103302001953125,30.6607673,76.7357303,2.75,0.025789199396967888,0.000266407587332651,B
148.9273681640625,148.96878051757812,0.041412353515625,30.6607908,76.7357134,2.95,0.028704438358545303,0.0011887183645740151,B
149.24844360351562,149.45558166503906,0.2071380615234375,30.6607908,76.7357134,2.95,0.041092462837696075,0.00851181335747242,B
149.62132263183594,150.33599853515625,0.7146759033203125,30.6608135,76.7356958,3.33,0.059815239161252975,0.04274851083755493,B
151.46493530273438,151.52706909179688,0.0621337890625,30.660843,76.735674,3.79,0.04142594709992409,0.0025739511474967003,B
151.56849670410156,152.38671875,0.8182220458984375,30.6608731,76.735655,3.71,0.08785254508256912,0.07188288867473602,B
152.51100158691406,152.52137756347656,0.0103759765625,30.6608731,76.735655,3.71,0.04525702819228172,0.00046958585153333843,B
152.53172302246094,152.54209899902344,0.0103759765625,30.6608731,76.735655,3.71,0.055591873824596405,0.0005768199916929007,B
152.5524444580078,152.56280517578125,0.0103607177734375,30.6608731,76.735655,3.71,0.05822281911969185,0.0006032302044332027,B
152.57315063476562,152.58352661132812,0.0103759765625,30.6608731,76.735655,3.71,0.04718245565891266,0.000489564030431211,B
152.71815490722656,152.73887634277344,0.020721435546875,30.6608731,76.735655,3.71,0.027053168043494225,0.0005605804617516696,B
152.81137084960938,152.84246826171875,0.031097412109375,30.6608731,76.735655,3.71,0.0508103109896183,0.0015800691908225417,B
152.85279846191406,152.86318969726562,0.0103912353515625,30.6608731,76.735655,3.71,0.0471537783741951,0.0004899860359728336,B
153.04959106445312,153.0703125,0.020721435546875,30.660892,76.7356416,2.34,0.026553748175501823,0.0005502317799255252,B
153.27748107910156,153.28782653808594,0.010345458984375,30.660892,76.7356416,2.34,0.057933710515499115,0.0005993508384563029,B
153.29820251464844,153.3085479736328,0.010345458984375,30.660892,76.7356416,2.34,0.05379679054021835,0.0005565524916164577,B
153.3188934326172,153.4328155517578,0.113922119140625,30.660892,76.7356416,2.34,0.06473661214113235,0.007374932058155537,B
153.55709838867188,153.60888671875,0.051788330078125,30.660892,76.7356416,2.34,0.03470516949892044,0.0017973227659240365,B
153.61924743652344,153.62960815429688,0.0103607177734375,30.660892,76.7356416,2.34,0.026225002482533455,0.0002717098395805806,B
153.6606903076172,153.73318481445312,0.0724945068359375,30.660892,76.7356416,2.34,0.03778336942195892,0.0027390867471694946,B
153.9196319580078,153.92996215820312,0.0103302001953125,30.660892,76.7356416,2.34,0.044565364718437195,0.00046036913408897817,B
154.1371307373047,154.37533569335938,0.2382049560546875,30.660902,76.735635,0.79,0.058579813688993454,0.013954002410173416,B
181.76031494140625,181.77064514160156,0.0103302001953125,30.6609065,76.7356329,0.0,0.022023750469088554,0.00022750975040253252,B
182.41281127929688,182.42318725585938,0.0103759765625,30.6609065,76.7356329,0.0,0.047936614602804184,0.000497389177326113,B
182.4956817626953,182.5060577392578,0.0103759765625,30.6609065,76.7356329,0.0,0.049207042902708054,0.0005105711170472205,B
182.52674865722656,182.54747009277344,0.020721435546875,30.6609065,76.7356329,0.0,0.061460528522729874,0.0012735503260046244,B
182.5681915283203,182.59927368164062,0.0310821533203125,30.6609065,76.7356329,0.0,0.08435593545436859,0.0026219640858471394,B
182.60960388183594,182.68212890625,0.0725250244140625,30.6609065,76.7356329,0.0,0.29868194460868835,0.021661914885044098,B
182.6924591064453,182.7131805419922,0.020721435546875,30.6609065,76.7356329,0.0,0.23200151324272156,0.004807404242455959,B
182.72352600097656,182.92034912109375,0.1968231201171875,30.6609065,76.7356329,0.0,0.4687519967556,0.09226123243570328,B
182.93067932128906,183.0342559814453,0.10357666015625,30.6609135,76.7356253,1.51,0.43147894740104675,0.04469114914536476,B
183.0446319580078,183.24142456054688,0.1967926025390625,30.6609135,76.7356253,1.51,0.3618820011615753,0.07121570408344269,B
183.2517547607422,183.39675903320312,0.1450042724609375,30.6609135,76.7356253,1.51,0.5098333954811096,0.07392802089452744,B
183.40711975097656,183.45892333984375,0.0518035888671875,30.6609135,76.7356253,1.51,0.2971010208129883,0.015390899032354355,B
183.46926879882812,183.48997497558594,0.0207061767578125,30.6609135,76.7356253,1.51,0.09909887611865997,0.002051958814263344,B
183.5106964111328,183.53140258789062,0.0207061767578125,30.6609135,76.7356253,1.51,0.12992022931575775,0.002690151333808899,B
183.54177856445312,183.61427307128906,0.0724945068359375,30.6609135,76.7356253,1.51,0.11958834528923035,0.00866949837654829,B
183.70750427246094,183.7178497314453,0.010345458984375,30.6609135,76.7356253,1.51,0.04176346957683563,0.0004320622538216412,B
183.7281951904297,183.73858642578125,0.0103912353515625,30.6609135,76.7356253,1.51,0.05791196599602699,0.0006017768755555153,B
183.76963806152344,183.77999877929688,0.0103607177734375,30.6609135,76.7356253,1.51,0.07918822020292282,0.0008204468176700175,B
183.79034423828125,183.80072021484375,0.0103759765625,30.6609135,76.7356253,1.51,0.10377379506826401,0.0010767544154077768,B
183.82144165039062,183.8524932861328,0.0310516357421875,30.6609135,76.7356253,1.51,0.0699051171541214,0.0021706682164222,B
183.8939208984375,183.9457244873047,0.0518035888671875,30.6609135,76.7356253,1.51,0.044341880828142166,0.002297068480402231,B
183.96644592285156,183.9871368408203,0.02069091796875,30.6609294,76.7356142,2.22,0.0448116809129715,0.0009271948365494609,B
183.9975128173828,184.0078582763672,0.010345458984375,30.6609294,76.7356142,2.22,0.04481480270624161,0.00046362969442270696,B
184.24607849121094,184.2564239501953,0.010345458984375,30.6609294,76.7356142,2.22,0.05707556754350662,0.0005904729478061199,B
184.2771453857422,184.29786682128906,0.020721435546875,30.6609294,76.7356142,2.22,0.05178501084446907,0.0010730597423389554,B
184.30821228027344,184.318603515625,0.0103912353515625,30.6609294,76.7356142,2.22,0.06475894153118134,0.0006729253800585866,B
184.3289337158203,184.46360778808594,0.134674072265625,30.6609294,76.7356142,2.22,0.07680094242095947,0.010343095287680626,B
184.47393798828125,184.4842987060547,0.0103607177734375,30.6609294,76.7356142,2.22,0.05881660431623459,0.000609382230322808,B
184.52574157714844,184.5464630126953,0.020721435546875,30.6609294,76.7356142,2.22,0.07804317027330399,0.0016171665629372,B
184.60861206054688,184.61895751953125,0.010345458984375,30.6609294,76.7356142,2.22,0.060746822506189346,0.000628453737590462,B
184.65000915527344,184.66036987304688,0.0103607177734375,30.6609294,76.7356142,2.22,0.04760366678237915,0.0004932081792503595,B
184.69143676757812,184.70181274414062,0.0103759765625,30.6609294,76.7356142,2.22,0.0452456921339035,0.00046946824295446277,B
184.72251892089844,184.7328643798828,0.010345458984375,30.6609294,76.7356142,2.22,0.06394865363836288,0.0006615781458094716,B
184.7432403564453,184.7639617919922,0.020721435546875,30.6609294,76.7356142,2.22,0.0948406457901001,0.001965234288945794,B
184.77430725097656,184.78468322753906,0.0103759765625,30.6609294,76.7356142,2.22,0.06279830634593964,0.0006515937275253236,B
184.85716247558594,184.95037841796875,0.0932159423828125,30.6609294,76.7356142,2.22,0.04161915183067322,0.003879568539559841,B
184.96075439453125,184.9814453125,0.02069091796875,30.6609451,76.7356031,2.22,0.03789430856704712,0.0007840680191293359,B
185.31288146972656,185.3232421875,0.0103607177734375,30.6609451,76.7356031,2.22,0.04141918942332268,0.00042913254583254457,B
185.58218383789062,185.592529296875,0.010345458984375,30.6609451,76.7356031,2.22,0.04752914980053902,0.0004917108453810215,B
185.6236114501953,185.63397216796875,0.0103607177734375,30.6609451,76.7356031,2.22,0.0399039089679718,0.0004134331247769296,B
185.64431762695312,185.65467834472656,0.0103607177734375,30.6609451,76.7356031,2.22,0.041433826088905334,0.00042928417678922415,B
185.6650390625,185.67539978027344,0.0103607177734375,30.6609451,76.7356031,2.22,0.035753730684518814,0.00037043431075289845,B
185.72718811035156,185.73753356933594,0.010345458984375,30.6609451,76.7356031,2.22,0.0481269434094429,0.0004978952929377556,B
207.75743103027344,207.9231719970703,0.165740966796875,30.6609787,76.7355869,0.62,0.031229006126523018,0.00517592579126358,B
207.93350219726562,207.9438934326172,0.0103912353515625,30.6609859,76.7355824,0.93,0.03127378225326538,0.00032497322536073625,B
208.06817626953125,208.2028350830078,0.1346588134765625,30.6609859,76.7355824,0.93,0.03732382506132126,0.005025981925427914,B
224.53646850585938,224.5468292236328,0.0103607177734375,30.660998,76.7355738,0.0,0.022551119327545166,0.00023364578373730183,B
235.59823608398438,235.60858154296875,0.010345458984375,30.6610027,76.7355715,0.77,0.025454245507717133,0.0002633358526509255,B
235.64999389648438,235.67071533203125,0.020721435546875,30.6610027,76.7355715,0.77,0.030440928414463997,0.0006307797157205641,B
235.89859008789062,235.908935546875,0.010345458984375,30.6610027,76.7355715,0.77,0.041465334594249725,0.00042897791718132794,B
235.94000244140625,235.9503631591797,0.0103607177734375,30.6610148,76.735564,1.9,0.04705178737640381,0.00048749029519967735,B
236.0021514892578,236.03321838378906,0.03106689453125,30.6610148,76.735564,1.9,0.07897471636533737,0.0024534992408007383,B
236.04359436035156,236.06431579589844,0.020721435546875,30.6610148,76.735564,1.9,0.1115635558962822,0.002311757067218423,B
236.0850067138672,236.16787719726562,0.0828704833984375,30.6610148,76.735564,1.9,0.17369656264781952,0.014394317753612995,B
236.17825317382812,236.1885986328125,0.010345458984375,30.6610148,76.735564,1.9,0.027744315564632416,0.0002870276803150773,B
236.66502380371094,236.67547607421875,0.0104522705078125,30.6610148,76.735564,1.9,0.04400399327278137,0.0004599416279233992,B
236.89288330078125,236.9032745361328,0.0103912353515625,30.6610148,76.735564,1.9,0.06560403108596802,0.0006817069370299578,B
236.92396545410156,236.934326171875,0.0103607177734375,30.6610148,76.735564,1.9,0.0493934229016304,0.0005117513355799019,B
236.9964599609375,237.0068359375,0.0103759765625,30.661038,76.7355483,3.12,0.04480647295713425,0.0004649109032470733,B
237.21397399902344,237.23468017578125,0.0207061767578125,30.661038,76.7355483,3.12,0.053137291222810745,0.0011002701940014958,B
237.3175506591797,237.3486328125,0.0310821533203125,30.661038,76.7355483,3.12,0.06829799711704254,0.0021228487603366375,B
237.3693389892578,237.39004516601562,0.0207061767578125,30.661038,76.7355483,3.12,0.056496512144804,0.0011698267189785838,B
237.4314727783203,237.472900390625,0.0414276123046875,30.661038,76.7355483,3.12,0.08033029735088348,0.003327892394736409,B
237.51434326171875,237.5247039794922,0.0103607177734375,30.661038,76.7355483,3.12,0.06373605877161026,0.0006603513029403985,B
237.65936279296875,237.8561248779297,0.1967620849609375,30.661038,76.7355483,3.12,0.07623406499624252,0.014999973587691784,B
237.86651611328125,237.87684631347656,0.0103302001953125,30.661038,76.7355483,3.12,0.03162379190325737,0.00032668010680936277,B
237.99078369140625,238.0011444091797,0.0103607177734375,30.6610621,76.7355317,3.41,0.0565921925008297,0.0005863357218913734,B
238.6122283935547,238.6329345703125,0.0207061767578125,30.6610621,76.7355317,3.41,0.10867404192686081,0.0022502238862216473,B
238.65365600585938,238.68475341796875,0.031097412109375,30.6610621,76.7355317,3.41,0.1846989095211029,0.005743658170104027,B
238.69508361816406,238.70547485351562,0.0103912353515625,30.6610621,76.7355317,3.41,0.07578057795763016,0.0007874538423493505,B
238.9954833984375,239.00582885742188,0.010345458984375,30.6610894,76.7355129,3.55,0.049493417143821716,0.0005120321293361485,B
239.13009643554688,239.28549194335938,0.1553955078125,30.6610894,76.7355129,3.55,0.052112724632024765,0.008098083548247814,B
239.47189331054688,239.4822540283203,0.0103607177734375,30.6610894,76.7355129,3.55,0.04898378625512123,0.0005075071821920574,B
239.55474853515625,239.56512451171875,0.0103759765625,30.6610894,76.7355129,3.55,0.0603315569460392,0.0006259988294914365,B
239.95870971679688,239.9794464111328,0.0207366943359375,30.6611249,76.735489,4.51,0.03134230896830559,0.0006499358569271863,B
240.00013732910156,240.01048278808594,0.010345458984375,30.6611249,76.735489,4.51,0.03633345663547516,0.00037588627310469747,B
240.0312042236328,240.05191040039062,0.0207061767578125,30.6611249,76.735489,4.51,0.03127079829573631,0.0006474987021647394,B
240.46621704101562,240.4765625,0.010345458984375,30.6611249,76.735489,4.51,0.025196408852934837,0.00026066842838190496,B
241.01515197753906,241.08767700195312,0.0725250244140625,30.6611613,76.7354637,5.07,0.03862816467881203,0.002801508642733097,B
241.0980224609375,241.11875915527344,0.0207366943359375,30.6611613,76.7354637,5.07,0.03656889870762825,0.0007583180558867753,B
241.12908935546875,241.1394805908203,0.0103912353515625,30.6611613,76.7354637,5.07,0.03055562637746334,0.00031751071219332516,B
241.29481506347656,241.30517578125,0.0103607177734375,30.6611613,76.7354637,5.07,0.05529659986495972,0.0005729124532081187,B
242.3927001953125,242.40306091308594,0.0103607177734375,30.6611996,76.7354368,4.9,0.02935514785349369,0.0003041404124815017,B
243.28343200683594,243.29379272460938,0.0103607177734375,30.6612371,76.7354105,4.46,0.04306114464998245,0.00044614437501877546,B
245.3549346923828,245.36529541015625,0.0103607177734375,30.6612954,76.7353702,3.41,0.027173586189746857,0.0002815378538798541,B
246.11102294921875,246.1213836669922,0.0103607177734375,30.661319,76.7353538,3.21,0.0502425916492939,0.0005205493071116507,B
246.2560272216797,246.26638793945312,0.0103607177734375,30.661319,76.7353538,3.21,0.0324823260307312,0.00033654022263363004,B
246.27674865722656,246.287109375,0.0103607177734375,30.661319,76.7353538,3.21,0.040251877158880234,0.00041703833267092705,B
246.29745483398438,246.3078155517578,0.0103607177734375,30.661319,76.7353538,3.21,0.03857621178030968,0.00039967725751921535,B
247.16748046875,247.22962951660156,0.0621490478515625,30.6613439,76.7353367,3.23,0.04784701392054558,0.002973646391183138,B
247.923583984375,247.93394470214844,0.0103607177734375,30.6613439,76.7353367,3.23,0.04721308872103691,0.0004891614662483335,B
248.02716064453125,248.03750610351562,0.010345458984375,30.6613726,76.7353168,3.45,0.02721989154815674,0.00028160226065665483,B
248.0582275390625,248.06858825683594,0.0103607177734375,30.6613726,76.7353168,3.45,0.027156416326761246,0.0002813599712681025,B
248.20323181152344,248.21359252929688,0.0103607177734375,30.6613726,76.7353168,3.45,0.034874092787504196,0.00036132062086835504,B
248.41038513183594,248.45181274414062,0.0414276123046875,30.6613726,76.7353168,3.45,0.06035628914833069,0.0025004169438034296,B
248.46217346191406,248.47251892089844,0.010345458984375,30.6613726,76.7353168,3.45,0.042170241475105286,0.00043627049308270216,B
248.5139617919922,248.52430725097656,0.010345458984375,30.6613726,76.7353168,3.45,0.04496753588318825,0.00046520979958586395,B
248.53466796875,248.54502868652344,0.0103607177734375,30.6613726,76.7353168,3.45,0.046067047864198685,0.00047728768549859524,B
248.5760955810547,248.58645629882812,0.0103607177734375,30.6613726,76.7353168,3.45,0.044867854565382004,0.00046486317296512425,B
248.75218200683594,248.7625274658203,0.010345458984375,30.6613726,76.7353168,3.45,0.04925062879920006,0.0005095203523524106,B
248.77288818359375,248.7832489013672,0.0103607177734375,30.6613726,76.7353168,3.45,0.047000207006931305,0.0004869558906648308,B
248.80397033691406,248.81431579589844,0.010345458984375,30.6613726,76.7353168,3.45,0.043704066425561905,0.0004521386290434748,B
248.82467651367188,248.8350372314453,0.0103607177734375,30.6613726,76.7353168,3.45,0.04526527225971222,0.000468980724690482,B
249.23898315429688,249.24932861328125,0.010345458984375,30.6613919,76.7353032,2.5,0.043753135949373245,0.0004526462871581316,B
249.77757263183594,249.91221618652344,0.1346435546875,30.6613919,76.7353032,2.5,0.04048987478017807,0.005451700650155544,B
251.26904296875,251.2897491455078,0.0207061767578125,30.6614212,76.7352834,1.68,0.05425778776407242,0.0011234713019803166,B
251.30010986328125,251.37261962890625,0.072509765625,30.6614212,76.7352834,1.68,0.23405130207538605,0.016971005126833916,B
251.4036865234375,251.41404724121094,0.0103607177734375,30.6614212,76.7352834,1.68,0.02769046649336815,0.00028689310420304537,B
252.7708740234375,252.78123474121094,0.0103607177734375,30.661437,76.7352733,2.08,0.04915013909339905,0.0005092307110317051,B
252.96766662597656,252.97802734375,0.0103607177734375,30.6614585,76.7352585,2.83,0.046472273766994476,0.00048148611676879227,B
253.0194549560547,253.02980041503906,0.010345458984375,30.6614585,76.7352585,2.83,0.0527726486325264,0.0005459573003463447,B
253.05052185058594,253.0712432861328,0.020721435546875,30.6614585,76.7352585,2.83,0.05121626332402229,0.0010612745536491275,B
253.09194946289062,253.10231018066406,0.0103607177734375,30.6614585,76.7352585,2.83,0.05365440994501114,0.0005558981793001294,B
253.1126708984375,253.1333770751953,0.0207061767578125,30.6614585,76.7352585,2.83,0.07823418080806732,0.0016199307283386588,B
253.1540985107422,253.1748046875,0.0207061767578125,30.6614585,76.7352585,2.83,0.11096242070198059,0.00229760748334229,B
253.18516540527344,253.21624755859375,0.0310821533203125,30.6614585,76.7352585,2.83,0.07981830090284348,0.0024809245951473713,B
253.23695373535156,253.247314453125,0.0103607177734375,30.6614585,76.7352585,2.83,0.08964518457651138,0.0009287884458899498,B
253.2887420654297,253.30946350097656,0.020721435546875,30.6614585,76.7352585,2.83,0.09117583185434341,0.0018892941297963262,B
253.39231872558594,253.4130401611328,0.020721435546875,30.6614585,76.7352585,2.83,0.09428922086954117,0.0019538081251084805,B
253.44410705566406,253.4544677734375,0.0103607177734375,30.6614585,76.7352585,2.83,0.05383578687906265,0.0005577774136327207,B
253.46481323242188,253.50625610351562,0.04144287109375,30.6614585,76.7352585,2.83,0.06343604624271393,0.0026289718225598335,B
253.5166015625,253.56838989257812,0.051788330078125,30.6614585,76.7352585,2.83,0.09781650453805923,0.00506575359031558,B
253.589111328125,253.59947204589844,0.0103607177734375,30.6614585,76.7352585,2.83,0.10220685601234436,0.0010589363519102335,B
253.62017822265625,253.65126037597656,0.0310821533203125,30.6614585,76.7352585,2.83,0.0986214131116867,0.003065365832298994,B
253.66160583496094,253.67196655273438,0.0103607177734375,30.6614585,76.7352585,2.83,0.0993625596165657,0.0010294674430042505,B
253.6823272705078,253.69268798828125,0.0103607177734375,30.6614585,76.7352585,2.83,0.05625741183757782,0.0005828671855852008,B
253.7030487060547,253.80661010742188,0.1035614013671875,30.6614585,76.7352585,2.83,0.1164732500910759,0.0120621332898736,B
253.8169708251953,253.84805297851562,0.0310821533203125,30.6614585,76.7352585,2.83,0.09768815338611603,0.0030363581608980894,B
253.8583984375,253.86875915527344,0.0103607177734375,30.6614585,76.7352585,2.83,0.11860378086566925,0.0012288202997297049,B
253.87911987304688,254.1380615234375,0.258941650390625,30.6614852,76.7352402,3.91,0.1916281282901764,0.049620505422353745,B
254.14840698242188,254.1587677001953,0.0103607177734375,30.6614852,76.7352402,3.91,0.09842637926340103,0.001019767951220274,B
254.18984985351562,254.21055603027344,0.0207061767578125,30.6614852,76.7352402,3.91,0.05001929774880409,0.0010357084684073925,B
254.22091674804688,254.2312774658203,0.0103607177734375,30.6614852,76.7352402,3.91,0.04986894130706787,0.0005166780319996178,B
254.81129455566406,254.8216552734375,0.0103607177734375,30.6614852,76.7352402,3.91,0.037127114832401276,0.0003846635518129915,B
254.8423614501953,254.85272216796875,0.0103607177734375,30.6614852,76.7352402,3.91,0.034037522971630096,0.0003526531800162047,B
254.8630828857422,254.87342834472656,0.010345458984375,30.6614852,76.7352402,3.91,0.05029270052909851,0.0005203010514378548,B
254.8837890625,254.89414978027344,0.0103607177734375,30.6614852,76.7352402,3.91,0.03118267096579075,0.0003230748407077044,B
254.94593811035156,254.956298828125,0.0103607177734375,30.6615209,76.7352154,4.92,0.03167242556810379,0.0003281490644440055,B
255.1841583251953,255.41201782226562,0.2278594970703125,30.6615209,76.7352154,4.92,0.06788083910942078,0.015467293560504913,B
255.42237854003906,255.4327392578125,0.0103607177734375,30.6615209,76.7352154,4.92,0.03388645872473717,0.0003510880342219025,B
255.44309997558594,255.45346069335938,0.0103607177734375,30.6615209,76.7352154,4.92,0.07117071747779846,0.0007373797125183046,B
255.4741668701172,255.5259552001953,0.051788330078125,30.6615209,76.7352154,4.92,0.07782292366027832,0.004030319396406412,B
255.55702209472656,255.5673828125,0.0103607177734375,30.6615209,76.7352154,4.92,0.0242628026753664,0.0002513800573069602,B
255.92990112304688,256.0956115722656,0.16571044921875,30.6615564,76.7351903,4.25,0.04687301442027092,0.00776734808459878,B
256.178466796875,256.1888427734375,0.0103759765625,30.6615564,76.7351903,4.25,0.03158394619822502,0.00032771428232081234,B
256.3442077636719,256.35455322265625,0.010345458984375,30.6615564,76.7351903,4.25,0.025560304522514343,0.00026443309616297483,B
256.41668701171875,256.42706298828125,0.0103759765625,30.6615564,76.7351903,4.25,0.03145372122526169,0.00032636307878419757,B
256.4477844238281,256.4581298828125,0.010345458984375,30.6615564,76.7351903,4.25,0.03713088110089302,0.00038413601578213274,B
256.8724365234375,256.8827819824219,0.010345458984375,30.6615564,76.7351903,4.25,0.03668096661567688,0.0003794814401771873,B
257.007080078125,257.0174255371094,0.010345458984375,30.661583,76.7351731,3.39,0.048418737947940826,0.0005009140586480498,B
257.10028076171875,257.11065673828125,0.0103759765625,30.661583,76.7351731,3.39,0.027692150324583054,0.00028733309591189027,B
257.1210021972656,258.0946044921875,0.973602294921875,30.661583,76.7351731,3.39,0.08432330191135406,0.0820973590016365,B
258.3017578125,258.3121032714844,0.010345458984375,30.6616093,76.7351568,3.04,0.04201732948422432,0.0004346885543782264,B
258.3638916015625,259.6171569824219,1.253265380859375,30.6616328,76.7351404,3.04,0.08686695247888565,0.108867347240448,B
259.62750244140625,259.6482238769531,0.020721435546875,30.6616328,76.7351404,3.04,0.047552693635225296,0.0009853601222857833,B
259.741455078125,259.7518005371094,0.010345458984375,30.6616328,76.7351404,3.04,0.047914229333400726,0.000495694694109261,B
259.76214599609375,259.77252197265625,0.0103759765625,30.6616328,76.7351404,3.04,0.04948116093873978,0.0005134153761900961,B
259.7828674316406,259.7932434082031,0.0103759765625,30.6616328,76.7351404,3.04,0.06951705366373062,0.0007213072967715561,B
259.8553771972656,259.86572265625,0.010345458984375,30.6616328,76.7351404,3.04,0.05615285038948059,0.0005809270078316331,B
259.9175109863281,259.9278869628906,0.0103759765625,30.6616328,76.7351404,3.04,0.028575783595442772,0.00029650164651684463,B
259.9486083984375,260.0107421875,0.0621337890625,30.661659,76.735121,3.83,0.08151761442422867,0.005064998287707567,B
260.0314636230469,260.04180908203125,0.010345458984375,30.661659,76.735121,3.83,0.0357106551527977,0.0003694431215990335,B
260.0521545410156,260.0625305175781,0.0103759765625,30.661659,76.735121,3.83,0.06273886561393738,0.0006509770173579454,B
260.0935974121094,260.24896240234375,0.155364990234375,30.661659,76.735121,3.83,0.06897415220737457,0.010716168209910393,B
260.2696838378906,260.3628845214844,0.09320068359375,30.661659,76.735121,3.83,0.052483730018138885,0.00489151943475008,B
260.38360595703125,260.3939514160156,0.010345458984375,30.661659,76.735121,3.83,0.05094507336616516,0.0005270501715131104,B
260.4043273925781,260.52862548828125,0.124298095703125,30.661659,76.735121,3.83,0.06924546509981155,0.008607079274952412,B
260.54931640625,260.5596923828125,0.0103759765625,30.661659,76.735121,3.83,0.045946404337882996,0.0004767388163600117,B
260.5700378417969,260.6011047363281,0.03106689453125,30.661659,76.735121,3.83,0.05631459131836891,0.0017495194915682077,B
260.621826171875,260.6322021484375,0.0103759765625,30.661659,76.735121,3.83,0.052570752799510956,0.0005454728961922228,B
260.6425476074219,260.65289306640625,0.010345458984375,30.661659,76.735121,3.83,0.04782361537218094,0.0004947572597302496,B
260.6839599609375,260.7461242675781,0.062164306640625,30.661659,76.735121,3.83,0.061178334057331085,0.0038031088188290596,B
260.7564697265625,260.766845703125,0.0103759765625,30.661659,76.735121,3.83,0.0478021502494812,0.0004959939979016781,B
260.7771911621094,260.78753662109375,0.010345458984375,30.661659,76.735121,3.83,0.04781678691506386,0.0004946865956299007,B
260.79791259765625,260.8082580566406,0.010345458984375,30.661659,76.735121,3.83,0.039789196103811264,0.0004116375057492405,B
260.8289794921875,260.9014892578125,0.072509765625,30.661659,76.735121,3.83,0.07367466390132904,0.0053421324118971825,B
260.9222106933594,261.0257568359375,0.103546142578125,30.6616945,76.7350946,4.52,0.05466800183057785,0.005660660564899445,B
261.0361328125,261.0464782714844,0.010345458984375,30.6616945,76.7350946,4.52,0.06319958716630936,0.000653828727081418,B
261.0568542480469,261.06719970703125,0.010345458984375,30.6616945,76.7350946,4.52,0.05160004273056984,0.0005338261253200471,B
261.0775451660156,261.0982666015625,0.020721435546875,30.6616945,76.7350946,4.52,0.046360742300748825,0.0009606611565686762,B
261.108642578125,261.12933349609375,0.02069091796875,30.6616945,76.7350946,4.52,0.042070578783750534,0.0008704789215698838,B
261.1811218261719,261.3675537109375,0.186431884765625,30.6616945,76.7350946,4.52,0.11275125294923782,0.021020429208874702,B
261.5954284667969,261.6058044433594,0.0103759765625,30.6616945,76.7350946,4.52,0.057537052780389786,0.0005970030906610191,B
261.61614990234375,261.6264953613281,0.010345458984375,30.6616945,76.7350946,4.52,0.04601537808775902,0.0004760502197314054,B
261.75079345703125,261.7611389160156,0.010345458984375,30.6616945,76.7350946,4.52,0.053769901394844055,0.0005562743172049522,B
261.8543701171875,261.8647155761719,0.010345458984375,30.6616945,76.7350946,4.52,0.03318830206990242,0.00034334821975789964,B
261.89581298828125,261.9061584472656,0.010345458984375,30.6616945,76.7350946,4.52,0.03962945193052292,0.00040998487384058535,B
262.1443786621094,262.15472412109375,0.010345458984375,30.6617255,76.7350713,4.37,0.0454288087785244,0.0004699818673543632,B
262.16510009765625,262.1754455566406,0.010345458984375,30.6617255,76.7350713,4.37,0.043015625327825546,0.00044501639786176383,B
262.4033203125,262.4136657714844,0.010345458984375,30.6617255,76.7350713,4.37,0.03908669203519821,0.0004043697554152459,B
262.4551086425781,262.4654541015625,0.010345458984375,30.6617255,76.7350713,4.37,0.05604559928178787,0.0005798174533993006,B
262.5483093261719,262.5586853027344,0.0103759765625,30.6617255,76.7350713,4.37,0.05500991269946098,0.0005707815871573985,B
262.6311950683594,262.9315490722656,0.30035400390625,30.6617255,76.7350713,4.37,0.06675703078508377,0.020050741732120514,B
262.94189453125,263.3458557128906,0.403961181640625,30.6617575,76.7350488,4.07,0.05613125115633011,0.02267484739422798,B
263.356201171875,263.3665466308594,0.010345458984375,30.6617575,76.7350488,4.07,0.030692700296640396,0.0003175300662405789,B
263.3769226074219,263.501220703125,0.124298095703125,30.6617575,76.7350488,4.07,0.048920903354883194,0.0060807750560343266,B
263.5115661621094,263.5530090332031,0.04144287109375,30.6617575,76.7350488,4.07,0.031223030760884285,0.001293972018174827,B
263.80157470703125,263.8119201660156,0.010345458984375,30.6617575,76.7350488,4.07,0.04914729297161102,0.0005084513104520738,B
263.8222961425781,263.8326416015625,0.010345458984375,30.6617575,76.7350488,4.07,0.055397722870111465,0.0005731148412451148,B
263.8533630371094,263.8844299316406,0.03106689453125,30.6617575,76.7350488,4.07,0.05170118063688278,0.0016061951173469424,B
263.8948059082031,263.9051513671875,0.010345458984375,30.6617575,76.7350488,4.07,0.04804546386003494,0.0004970523878000677,B
264.1123046875,264.1226501464844,0.010345458984375,30.6617827,76.7350311,2.72,0.04474605992436409,0.0004629185132216662,B
264.1330261230469,264.14337158203125,0.010345458984375,30.6617827,76.7350311,2.72,0.04520443454384804,0.0004676606331486255,B
264.2366027832031,264.2469482421875,0.010345458984375,30.6617827,76.7350311,2.72,0.030307332053780556,0.00031354324892163277,B
264.2572937011719,264.2676696777344,0.0103759765625,30.6617827,76.7350311,2.72,0.022791821509599686,0.00023648740898352116,B
264.27801513671875,264.2987365722656,0.020721435546875,30.6617827,76.7350311,2.72,0.025424912571907043,0.0005268406821414828,B
264.30908203125,264.3298034667969,0.020721435546875,30.6617827,76.7350311,2.72,0.029429728165268898,0.000609826238360256,B
264.35052490234375,264.3608703613281,0.010345458984375,30.6617827,76.7350311,2.72,0.03171657398343086,0.00032812252175062895,B
266.1838073730469,266.2252197265625,0.041412353515625,30.6618246,76.7350014,2.81,0.054438017308712006,0.0022544064559042454,B
266.235595703125,266.3080749511719,0.072479248046875,30.6618246,76.7350014,2.81,0.040670327842235565,0.002947754692286253,B
266.3184509277344,266.32879638671875,0.010345458984375,30.6618246,76.7350014,2.81,0.037875838577747345,0.0003918429429177195,B
266.40130615234375,266.4116516113281,0.010345458984375,30.6618246,76.7350014,2.81,0.04462289437651634,0.00046164431842043996,B
266.7845458984375,266.80523681640625,0.02069091796875,30.6618246,76.7350014,2.81,0.048320382833480835,0.000999793061055243,B
266.919189453125,266.9295349121094,0.010345458984375,30.6618246,76.7350014,2.81,0.04417115077376366,0.00045697082532569766,B
266.93988037109375,266.95025634765625,0.0103759765625,30.6618484,76.7349845,3.47,0.043967947363853455,0.0004562104004435241,B
267.260986328125,267.2713317871094,0.010345458984375,30.6618484,76.7349845,3.47,0.04397006332874298,0.00045489048352465034,B
267.3231201171875,267.3334655761719,0.010345458984375,30.6618484,76.7349845,3.47,0.04265740141272545,0.00044131040340289474,B
267.457763671875,267.48883056640625,0.03106689453125,30.6618484,76.7349845,3.47,0.09274308383464813,0.0028812396340072155,B
267.49920654296875,267.5095520019531,0.010345458984375,30.6618484,76.7349845,3.47,0.04566434398293495,0.00047241858555935323,B
267.5820617675781,267.5924072265625,0.010345458984375,30.6618484,76.7349845,3.47,0.052633702754974365,0.0005445198039524257,B
267.62347412109375,267.63385009765625,0.0103759765625,30.6618484,76.7349845,3.47,0.04892471432685852,0.0005076417000964284,B
267.84100341796875,267.8513488769531,0.010345458984375,30.6618484,76.7349845,3.47,0.02347332425415516,0.00024284231767524034,B
268.4002990722656,268.41064453125,0.010345458984375,30.6618792,76.7349621,4.26,0.04690484330058098,0.00048525212332606316,B
268.4624328613281,268.4728088378906,0.0103759765625,30.6618792,76.7349621,4.26,0.04504422843456268,0.00046737786033190787,B
268.824951171875,268.8353271484375,0.0103759765625,30.6618792,76.7349621,4.26,0.023988276720046997,0.00024890180793590844,B
269.6328430175781,269.6431884765625,0.010345458984375,30.6619186,76.734934,5.08,0.030344245955348015,0.000313925149384886,B
269.653564453125,269.6639099121094,0.010345458984375,30.6619186,76.734934,5.08,0.043443962931632996,0.0004494477470871061,B
269.67425537109375,269.68463134765625,0.0103759765625,30.6619186,76.734934,5.08,0.041126497089862823,0.00042672757990658283,B
269.6949768066406,269.7156982421875,0.020721435546875,30.6619186,76.734934,5.08,0.03182961046695709,0.000659555196762085,B
269.7260437011719,269.7364196777344,0.0103759765625,30.6619186,76.734934,5.08,0.04242056608200073,0.00044015480671077967,B
269.74676513671875,269.75714111328125,0.0103759765625,30.6619186,76.734934,5.08,0.04236115515232086,0.0004395383584778756,B
269.7674865722656,269.77783203125,0.010345458984375,30.6619186,76.734934,5.08,0.03794596716761589,0.00039256844320334494,B
270.1714172363281,270.1817932128906,0.0103759765625,30.6619563,76.7349068,5.25,0.048567820340394974,0.0005039385869167745,B
270.192138671875,270.2025146484375,0.0103759765625,30.6619563,76.7349068,5.25,0.051289062947034836,0.000532174133695662,B
270.63751220703125,270.64788818359375,0.0103759765625,30.6619563,76.7349068,5.25,0.028090154752135277,0.0002914627839345485,B
270.678955078125,270.71002197265625,0.03106689453125,30.6619563,76.7349068,5.25,0.029093405231833458,0.000903841748367995,B
270.91717529296875,270.9689636230469,0.051788330078125,30.6619958,76.7348786,5.14,0.03543267771601677,0.001834999187849462,B
270.97930908203125,271.0621643066406,0.082855224609375,30.6619958,76.7348786,5.14,0.044581059366464615,0.0036937736440449953,B
271.2693176269531,271.2796936035156,0.0103759765625,30.6619958,76.7348786,5.14,0.037868451327085495,0.0003929221711587161,B
271.4454040527344,271.45574951171875,0.010345458984375,30.6619958,76.7348786,5.14,0.04759093001484871,0.0004923500237055123,B
271.4764709472656,271.48681640625,0.010345458984375,30.6619958,76.7348786,5.14,0.05408386141061783,0.0005595223628915846,B
271.4971923828125,271.5075378417969,0.010345458984375,30.6619958,76.7348786,5.14,0.05340171977877617,0.0005524653242900968,B
271.5179138183594,271.52825927734375,0.010345458984375,30.6619958,76.7348786,5.14,0.045628584921360016,0.0004720486467704177,B
271.60076904296875,271.7561340332031,0.155364990234375,30.6619958,76.7348786,5.14,0.04263333976268768,0.006623728200793266,B
271.8493347167969,271.93218994140625,0.082855224609375,30.6619958,76.7348786,5.14,0.05278237164020538,0.004373295232653618,B
271.9529113769531,271.9632873535156,0.0103759765625,30.6620367,76.7348501,4.98,0.02729005366563797,0.00028316094540059566,B
272.2221984863281,272.242919921875,0.020721435546875,30.6620367,76.7348501,4.98,0.03249237686395645,0.0006732887122780085,B
272.2532958984375,272.4811706542969,0.227874755859375,30.6620367,76.7348501,4.98,0.04828948155045509,0.011003953404724598,B
273.2994079589844,273.3097839355469,0.0103759765625,30.6620776,76.7348218,5.85,0.024988221004605293,0.0002592772070784122,B
273.32012939453125,273.3304748535156,0.010345458984375,30.6620776,76.7348218,5.85,0.02983894757926464,0.0003086976066697389,B
273.38226318359375,273.4236755371094,0.041412353515625,30.6620776,76.7348218,5.85,0.04772109538316727,0.0019762429874390364,B
273.4340515136719,273.5790710449219,0.14501953125,30.6620776,76.7348218,5.85,0.045160047709941864,0.006549088750034571,B
273.58941650390625,273.59979248046875,0.0103759765625,30.6620776,76.7348218,5.85,0.03353919833898544,0.00034800192224793136,B
273.65155029296875,273.66192626953125,0.0103759765625,30.6620776,76.7348218,5.85,0.031508542597293854,0.00032693191315047443,B
274.780517578125,274.8944396972656,0.113922119140625,30.6621212,76.7347925,5.31,0.03761386498808861,0.004285051021724939,B
275.90948486328125,275.91986083984375,0.0103759765625,30.6621613,76.7347647,5.0,0.04372327774763107,0.0004536717024166137,B
276.0544738769531,276.0751953125,0.020721435546875,30.6621958,76.7347416,4.62,0.02738729864358902,0.0005675041466020048,B
276.1477355957031,276.1580810546875,0.010345458984375,30.6621958,76.7347416,4.62,0.027798060327768326,0.00028758367989212275,B
276.3548583984375,276.3755798339844,0.020721435546875,30.6621958,76.7347416,4.62,0.033168625086545944,0.0006873015081509948,B
276.3859558105469,276.489501953125,0.103546142578125,30.6621958,76.7347416,4.62,0.04087509587407112,0.004232458304613829,B
277.028076171875,277.0384521484375,0.0103759765625,30.6622306,76.7347177,3.95,0.039187993854284286,0.00040661371895112097,B
277.5977478027344,277.60809326171875,0.010345458984375,30.6622306,76.7347177,3.95,0.025415737181901932,0.00026293747941963375,B
277.61846923828125,277.6288146972656,0.010345458984375,30.6622306,76.7347177,3.95,0.04347401112318039,0.0004497586051002145,B
277.6391906738281,277.6495361328125,0.010345458984375,30.6622306,76.7347177,3.95,0.03591902181506157,0.00037159875500947237,B
277.6598815917969,277.6702575683594,0.0103759765625,30.6622306,76.7347177,3.95,0.028735296800732613,0.0002981567522510886,B
278.36419677734375,278.37457275390625,0.0103759765625,30.6622534,76.734702,2.75,0.031231993809342384,0.0003240624500904232,B
278.38494873046875,278.4988708496094,0.113922119140625,30.6622534,76.734702,2.75,0.0310972947627306,0.003542669815942645,B
280.66357421875,280.6739196777344,0.010345458984375,30.6622993,76.7346703,2.92,0.042510632425546646,0.000439791998360306,B
280.6842956542969,280.70501708984375,0.020721435546875,30.6622993,76.7346703,2.92,0.04155634716153145,0.000861107197124511,B
280.7153625488281,280.7257080078125,0.010345458984375,30.6622993,76.7346703,2.92,0.03462982550263405,0.0003582614299375564,B
280.7464599609375,280.7568054199219,0.010345458984375,30.6622993,76.7346703,2.92,0.02930425852537155,0.00030316601623781025,B
281.0260925292969,281.17108154296875,0.144989013671875,30.6623183,76.7346567,2.51,0.037456054240465164,0.005430716555565596,B
281.18145751953125,281.1918029785156,0.010345458984375,30.6623183,76.7346567,2.51,0.0328805074095726,0.00034016394056379795,B
281.51287841796875,281.6475524902344,0.134674072265625,30.6623183,76.7346567,2.51,0.044716861099004745,0.006022201851010323,B
281.65789794921875,281.6682434082031,0.010345458984375,30.6623183,76.7346567,2.51,0.02554752677679062,0.0002643008774612099,B
282.54864501953125,282.7454528808594,0.196807861328125,30.6623265,76.7346501,0.5,0.05711967870593071,0.011241601780056953,B
3.637314796447754,3.647672414779663,0.01035761833190918,30.6624618,76.7345499,3.43,0.19201134145259857,0.0019887802191078663,C
3.678746223449707,3.6891040802001953,0.010357856750488281,30.6624618,76.7345499,3.43,0.23001578450202942,0.002382470527663827,C
3.72017765045166,3.7305357456207275,0.010358095169067383,30.6624618,76.7345499,3.43,0.2651256024837494,0.0027461962308734655,C
17.64113998413086,17.744718551635742,0.10357856750488281,30.6628372,76.73429,4.35,0.4689616560935974,0.04857437685132027,C
31.013097763061523,31.023454666137695,0.010356903076171875,30.6630441,76.7341305,2.4,0.3083902597427368,0.0031939679756760597,C
31.0338134765625,31.044170379638672,0.010356903076171875,30.6630441,76.7341305,2.4,0.24427354335784912,0.0025299175176769495,C
38.36711883544922,38.377479553222656,0.0103607177734375,30.6632857,76.7339527,7.2,0.22367766499519348,0.002317461185157299,C
38.53284454345703,38.584632873535156,0.051788330078125,30.6632857,76.7339527,7.2,0.37461695075035095,0.019400786608457565,C
39.21645736694336,39.2371711730957,0.02071380615234375,30.6633459,76.7339071,8.42,0.1732233166694641,0.0035881141666322947,C
39.599693298339844,39.62041091918945,0.020717620849609375,30.6633459,76.7339071,8.42,0.46083709597587585,0.00954744778573513,C
39.734344482421875,39.765419006347656,0.03107452392578125,30.6633459,76.7339071,8.42,0.23283082246780396,0.007235107012093067,C
39.79648971557617,39.81720733642578,0.020717620849609375,30.6633459,76.7339071,8.42,0.15889695286750793,0.0032919668592512608,C
40.04507827758789,40.086509704589844,0.041431427001953125,30.6633459,76.7339071,8.42,0.24631913006305695,0.010205352678894997,C
40.64582824707031,40.687259674072266,0.041431427001953125,30.6634208,76.7338495,9.74,0.248997762799263,0.010316332802176476,C
40.69761657714844,40.759761810302734,0.062145233154296875,30.6634208,76.7338495,9.74,0.12739083170890808,0.00791673269122839,C
42.64487075805664,42.65523147583008,0.0103607177734375,30.6635667,76.7337349,10.23,0.28852200508117676,0.002989295171573758,C
42.66558837890625,42.686302185058594,0.02071380615234375,30.6635667,76.7337349,10.23,0.23183800280094147,0.004802247509360313,C
42.69666290283203,42.72773361206055,0.031070709228515625,30.6635667,76.7337349,10.23,0.5988038182258606,0.01860526017844677,C
42.73809051513672,42.789878845214844,0.051788330078125,30.6635667,76.7337349,10.23,0.41503414511680603,0.021493924781680107,C
42.80023956298828,42.820953369140625,0.02071380615234375,30.6635667,76.7337349,10.23,0.30375200510025024,0.006291860248893499,C
42.841670989990234,42.86238479614258,0.02071380615234375,30.6635667,76.7337349,10.23,0.22379732131958008,0.004635694436728954,C
42.89345932006836,42.90381622314453,0.010356903076171875,30.6635667,76.7337349,10.23,0.3454110026359558,0.003577388357371092,C
42.93489074707031,42.955604553222656,0.02071380615234375,30.6635667,76.7337349,10.23,0.3797735869884491,0.007866556756198406,C
42.98667907714844,43.00739288330078,0.02071380615234375,30.6635667,76.7337349,10.23,0.6658889651298523,0.013793095014989376,C
43.01774978637695,43.02811050415039,0.0103607177734375,30.6635667,76.7337349,10.23,0.1404811590909958,0.00145548558793962,C
43.048824310302734,43.059181213378906,0.010356903076171875,30.6635667,76.7337349,10.23,0.29203125834465027,0.0030245394445955753,C
44.59212875366211,44.60248565673828,0.010356903076171875,30.6637296,76.7336081,11.39,0.24257898330688477,0.0025123669765889645,C
44.68534851074219,44.69570541381836,0.010356903076171875,30.6637296,76.7336081,11.39,0.24365948140621185,0.002523557748645544,C
44.747493743896484,44.778568267822266,0.03107452392578125,30.6637296,76.7336081,11.39,0.49703702330589294,0.015445188619196415,C
47.2126350402832,47.222991943359375,0.010356903076171875,30.6640095,76.7333924,13.17,0.21930217742919922,0.002271291334182024,C
63.2774543762207,63.308528900146484,0.03107452392578125,30.665445,76.732192,8.3,0.27999648451805115,0.008700757287442684,C
66.0533218383789,66.14653778076172,0.0932159423828125,30.66559,76.7320552,6.51,0.7166098952293396,0.06679946929216385,C
66.15689849853516,66.25011444091797,0.0932159423828125,30.66559,76.7320552,6.51,0.47420957684516907,0.04420389235019684,C
70.97322845458984,70.98358917236328,0.0103607177734375,30.6658214,76.7318785,8.17,0.24332597851753235,0.0025210317689925432,C
70.99394226074219,71.00430297851562,0.0103607177734375,30.6658214,76.7318785,8.17,0.24553146958351135,0.0025438822340220213,C
71.04573059082031,71.05609130859375,0.0103607177734375,30.6658214,76.7318785,8.17,0.2820385992527008,0.0029221223667263985,C
71.06645202636719,71.09751892089844,0.03106689453125,30.6658861,76.7318299,8.63,0.3107750713825226,0.00965481624007225,C
71.17002868652344,71.18038177490234,0.01035308837890625,30.6658861,76.7318299,8.63,0.22199226915836334,0.0022983055096119642,C
71.22181701660156,71.23217010498047,0.01035308837890625,30.6658861,76.7318299,8.63,0.21733839809894562,0.0022501235362142324,C
71.27360534667969,71.2839584350586,0.01035308837890625,30.6658861,76.7318299,8.63,0.23392494022846222,0.002421845681965351,C
71.29431915283203,71.30467987060547,0.0103607177734375,30.6658861,76.7318299,8.63,0.2923300862312317,0.0030287494882941246,C
71.34610748291016,71.3564682006836,0.0103607177734375,30.6658861,76.7318299,8.63,0.2478114515542984,0.002567504532635212,C
71.71898651123047,71.72933959960938,0.01035308837890625,30.6658861,76.7318299,8.63,0.23530995845794678,0.0024361847899854183,C
71.92613983154297,71.93649291992188,0.01035308837890625,30.6658861,76.7318299,8.63,0.22970855236053467,0.002378192963078618,C
72.02971649169922,72.04006958007812,0.01035308837890625,30.6658861,76.7318299,8.63,0.23503388464450836,0.0024333265610039234,C
72.060791015625,72.0711441040039,0.01035308837890625,30.6658861,76.7318299,8.63,0.21478049457073212,0.0022236413788050413,C
72.08150482177734,72.09185791015625,0.01035308837890625,30.6659568,76.7317747,9.07,0.22009149193763733,0.002278626663610339,C
73.31407165527344,73.32442474365234,0.01035308837890625,30.6660216,76.731724,9.31,0.2635628283023834,0.0027286892291158438,C
73.62480163574219,73.6351547241211,0.01035308837890625,30.6660216,76.731724,9.31,0.2780567407608032,0.0028787460178136826,C
74.27733612060547,74.28768920898438,0.01035308837890625,30.6660971,76.7316675,9.41,0.24661888182163239,0.0025532671716064215,C
75.29238891601562,75.30274963378906,0.0103607177734375,30.6661548,76.7316227,7.78,0.36915871500968933,0.0038247492630034685,C
75.31310272216797,75.50990295410156,0.19680023193359375,30.6661548,76.7316227,7.78,0.7080546021461487,0.13934530317783356,C
75.59275817871094,75.62383270263672,0.03107452392578125,30.6661548,76.7316227,7.78,0.6485259532928467,0.020152635872364044,C
75.63419342041016,75.6549072265625,0.02071380615234375,30.6661548,76.7316227,7.78,0.2797574996948242,0.005794842727482319,C
75.68598175048828,75.69634246826172,0.0103607177734375,30.6661548,76.7316227,7.78,0.3498106896877289,0.0036242897622287273,C
77.76787567138672,77.77823638916016,0.0103607177734375,30.6662608,76.7315403,6.53,0.2526713013648987,0.0026178560219705105,C
77.78858947753906,77.7989501953125,0.0103607177734375,30.6662608,76.7315403,6.53,0.3136444687843323,0.003249581903219223,C
77.80931091308594,77.81966400146484,0.01035308837890625,30.6662608,76.7315403,6.53,0.2792065739631653,0.0028906504157930613,C
77.93360137939453,77.94396209716797,0.0103607177734375,30.6662608,76.7315403,6.53,0.24507665634155273,0.0025391699746251106,C
82.49099731445312,82.50135040283203,0.01035308837890625,30.6665243,76.7313412,8.6,0.37544775009155273,0.0038870438002049923,C
82.51171112060547,82.53242492675781,0.02071380615234375,30.6665243,76.7313412,8.6,0.3487827777862549,0.007224618922919035,C
82.853515625,82.86387634277344,0.0103607177734375,30.6665243,76.7313412,8.6,0.26528459787368774,0.002748538739979267,C
82.88459014892578,82.89495086669922,0.0103607177734375,30.6665243,76.7313412,8.6,0.23176676034927368,0.0024012699723243713,C
83.09174346923828,83.10210418701172,0.0103607177734375,30.6665983,76.7312848,9.53,0.2234640121459961,0.0023152476642280817,C
83.11245727539062,83.12281799316406,0.0103607177734375,30.6665983,76.7312848,9.53,0.21600158512592316,0.0022379313595592976,C
83.16424560546875,83.17460632324219,0.0103607177734375,30.6665983,76.7312848,9.53,0.35517874360084534,0.003679906716570258,C
83.23675537109375,83.24710845947266,0.01035308837890625,30.6665983,76.7312848,9.53,0.3343319892883301,0.003461368614807725,C
83.34033203125,83.3506851196289,0.01035308837890625,30.6665983,76.7312848,9.53,0.26646554470062256,0.0027587413787841797,C
83.39212036132812,83.40247344970703,0.01035308837890625,30.6665983,76.7312848,9.53,0.23031871020793915,0.002384509891271591,C
83.47498321533203,83.48533630371094,0.01035308837890625,30.6665983,76.7312848,9.53,0.4137858748435974,0.0042839618399739265,C
83.49569702148438,83.50605010986328,0.01035308837890625,30.6665983,76.7312848,9.53,0.34029507637023926,0.0035231050569564104,C
83.5474853515625,83.55784606933594,0.0103607177734375,30.6665983,76.7312848,9.53,0.3556341528892517,0.003684625029563904,C
83.61998748779297,83.64070129394531,0.02071380615234375,30.6665983,76.7312848,9.53,0.4897948205471039,0.010145515203475952,C
83.68213653564453,83.69248962402344,0.01035308837890625,30.6665983,76.7312848,9.53,0.23376376926898956,0.002420176984742284,C
83.70285034179688,83.71321105957031,0.0103607177734375,30.6665983,76.7312848,9.53,0.5755420923233032,0.0059630293399095535,C
83.74427795410156,83.76499938964844,0.020721435546875,30.6665983,76.7312848,9.53,0.2747233510017395,0.005692662205547094,C
83.79607391357422,83.80642700195312,0.01035308837890625,30.6665983,76.7312848,9.53,0.28993675112724304,0.003001740900799632,C
83.88928985595703,83.89965057373047,0.0103607177734375,30.6665983,76.7312848,9.53,0.22238251566886902,0.0023040424566715956,C
83.94107818603516,83.9514389038086,0.0103607177734375,30.6665983,76.7312848,9.53,0.23032274842262268,0.0023863089736551046,C
83.9617919921875,83.98251342773438,0.020721435546875,30.6665983,76.7312848,9.53,0.32188910245895386,0.0066700042225420475,C
84.01358032226562,84.07572937011719,0.0621490478515625,30.6665983,76.7312848,9.53,1.0598728656768799,0.06587009131908417,C
84.08609008789062,84.50039672851562,0.414306640625,30.6666694,76.7312306,10.22,2.410837173461914,0.9988258481025696,C
84.54182434082031,84.8629150390625,0.3210906982421875,30.6666694,76.7312306,10.22,1.2500722408294678,0.401386559009552,C
84.87327575683594,84.90435028076172,0.03107452392578125,30.6666694,76.7312306,10.22,0.2975708246231079,0.009246871806681156,C
85.142578125,85.1529312133789,0.01035308837890625,30.6667572,76.7311615,11.27,0.21783508360385895,0.002255265833809972,C
85.18400573730469,85.19436645507812,0.0103607177734375,30.6667572,76.7311615,11.27,0.1713390350341797,0.0017751953564584255,C
85.31865692138672,85.33937072753906,0.02071380615234375,30.6667572,76.7311615,11.27,0.3212222754955292,0.006653735879808664,C
85.3497314453125,85.36009216308594,0.0103607177734375,30.6667572,76.7311615,11.27,0.27236315608024597,0.002821877831593156,C
86.55123138427734,86.56159210205078,0.0103607177734375,30.6668338,76.7311001,11.06,0.16619892418384552,0.0017219401197507977,C
87.56629180908203,87.57664489746094,0.01035308837890625,30.6669158,76.7310361,11.07,0.17336539924144745,0.0017948673339560628,C
87.65950775146484,87.66986846923828,0.0103607177734375,30.6669158,76.7310361,11.07,0.22675573825836182,0.0023493522312492132,C
87.68022155761719,87.69058227539062,0.0103607177734375,30.6669158,76.7310361,11.07,0.34966757893562317,0.0036228070966899395,C
87.87702178955078,88.35347747802734,0.4764556884765625,30.6670052,76.7309689,11.19,0.5338088274002075,0.25433623790740967,C
88.36383819580078,88.37419128417969,0.01035308837890625,30.6670052,76.7309689,11.19,0.24981218576431274,0.002586327726021409,C
88.4156265258789,88.44670104980469,0.03107452392578125,30.6670052,76.7309689,11.19,0.24222993850708008,0.007527180016040802,C
88.4570541381836,88.46741485595703,0.0103607177734375,30.6670052,76.7309689,11.19,0.2598951756954193,0.002692700596526265,C
88.47777557373047,88.48812866210938,0.01035308837890625,30.6670052,76.7309689,11.19,0.1408856213092804,0.001458601327612996,C
88.51920318603516,88.89208221435547,0.3728790283203125,30.6670052,76.7309689,11.19,1.577444076538086,0.58819580078125,C
88.91279602050781,89.34782409667969,0.435028076171875,30.667086,76.7309079,11.48,0.7995373010635376,0.3478211760520935,C
89.49283599853516,89.77249145507812,0.27965545654296875,30.667086,76.7309079,11.48,2.064239978790283,0.5772759914398193,C
93.77059173583984,93.78094482421875,0.01035308837890625,30.6674653,76.7306294,12.94,0.2179209142923355,0.0022561545483767986,C
96.51539611816406,96.5257568359375,0.0103607177734375,30.667782,76.7304119,14.12,0.2711185812950134,0.0028089832048863173,C
96.71219635009766,96.72254943847656,0.01035308837890625,30.667782,76.7304119,14.12,0.23240505158901215,0.002406110055744648,C
96.87792205810547,96.88827514648438,0.01035308837890625,30.667782,76.7304119,14.12,0.4291563630104065,0.004443093668669462,C
96.89863586425781,96.90898895263672,0.01035308837890625,30.667782,76.7304119,14.12,0.19656060636043549,0.002035009441897273,C
97.10578918457031,97.11614990234375,0.0103607177734375,30.6678861,76.7303372,14.57,0.24981947243213654,0.0025883091147989035,C
97.69618225097656,97.70654296875,0.0103607177734375,30.6678861,76.7303372,14.57,0.2646177411079407,0.002741629723459482,C
97.94477081298828,97.96548461914062,0.02071380615234375,30.6678861,76.7303372,14.57,0.29582270979881287,0.006127614062279463,C
100.27526092529297,100.2856216430664,0.0103607177734375,30.6682273,76.7300858,14.79,0.2718160152435303,0.002816209103912115,C
100.30633544921875,100.31669616699219,0.0103607177734375,30.6682273,76.7300858,14.79,0.27670007944107056,0.002866811351850629,C
100.3995590209961,100.46170043945312,0.06214141845703125,30.6682273,76.7300858,14.79,0.756571888923645,0.047014448791742325,C
100.47206115722656,100.482421875,0.0103607177734375,30.6682273,76.7300858,14.79,0.6746919751167297,0.00699029304087162,C
100.51349639892578,100.52384948730469,0.01035308837890625,30.6682273,76.7300858,14.79,0.16500696539878845,0.0017083317507058382,C
100.5652847290039,100.57563781738281,0.01035308837890625,30.6682273,76.7300858,14.79,0.28073495626449585,0.002906473819166422,C
100.58599853515625,100.6067123413086,0.02071380615234375,30.6682273,76.7300858,14.79,0.2583049237728119,0.005350477993488312,C
101.12460327148438,101.13495635986328,0.01035308837890625,30.6683488,76.7299954,15.13,0.23054461181163788,0.0023868486750870943,C
101.1867446899414,101.19710540771484,0.0103607177734375,30.6683488,76.7299954,15.13,0.23611114919185638,0.002446281025186181,C
101.2592544555664,101.29032135009766,0.03106689453125,30.6683488,76.7299954,15.13,0.3243320882320404,0.010075991041958332,C
101.35247039794922,101.36283111572266,0.0103607177734375,30.6683488,76.7299954,15.13,0.3291096091270447,0.0034098117612302303,C
102.09822845458984,102.11894226074219,0.02071380615234375,30.6684572,76.7299127,15.21,0.356395423412323,0.007382305804640055,C
102.18109130859375,102.21216583251953,0.03107452392578125,30.6684572,76.7299127,15.21,0.19145937263965607,0.005949508864432573,C
102.28466796875,102.29502868652344,0.0103607177734375,30.6684572,76.7299127,15.21,0.34256711602211,0.003549241228029132,C
102.30538177490234,102.31574249267578,0.0103607177734375,30.6684572,76.7299127,15.21,0.22065743803977966,0.00228616944514215,C
102.35717010498047,102.3675308227539,0.0103607177734375,30.6684572,76.7299127,15.21,0.19174103438854218,0.001986574847251177,C
104.94660949707031,104.95697021484375,0.0103607177734375,30.6686926,76.7297294,15.35,0.22059021890163422,0.002285473048686981,C
106.68671417236328,106.69707489013672,0.0103607177734375,30.6689203,76.7295538,15.85,0.25141480565071106,0.0026048377621918917,C
107.38068389892578,107.39104461669922,0.0103607177734375,30.6690439,76.7294637,16.4,0.2647964060306549,0.0027434807270765305,C
108.64433288574219,108.6546859741211,0.01035308837890625,30.6691717,76.7293691,16.92,0.22455506026744843,0.002324838424101472,C
108.87220001220703,108.88256072998047,0.0103607177734375,30.6691717,76.7293691,16.92,0.24866841733455658,0.0025763832964003086,C
108.97577667236328,108.98613739013672,0.0103607177734375,30.6691717,76.7293691,16.92,0.2846894860267639,0.0029495873022824526,C
109.05863952636719,109.06900024414062,0.0103607177734375,30.6691717,76.7293691,16.92,0.29338058829307556,0.0030396333895623684,C
109.638671875,109.64903259277344,0.0103607177734375,30.669312,76.7292661,17.35,0.3260497748851776,0.003378109773620963,C
109.75260925292969,109.76296997070312,0.0103607177734375,30.669312,76.7292661,17.35,0.31976696848869324,0.003313015215098858,C
109.77332305908203,109.78368377685547,0.0103607177734375,30.669312,76.7292661,17.35,0.3556092083454132,0.003684366587549448,C
109.8458251953125,109.85618591308594,0.0103607177734375,30.669312,76.7292661,17.35,0.17851918935775757,0.0018495869589969516,C
113.76105499267578,113.77140808105469,0.01035308837890625,30.669837,76.7288694,17.27,0.2276458889245987,0.0023568379692733288,C
113.8128433227539,113.83355712890625,0.02071380615234375,30.669837,76.7288694,17.27,0.25345316529273987,0.00524997990578413,C
115.7393798828125,115.78081512451172,0.04143524169921875,30.6700966,76.7286668,16.56,0.40851327776908875,0.016926845535635948,C
115.79116821289062,115.80152893066406,0.0103607177734375,30.6700966,76.7286668,16.56,0.5469630360603333,0.005666929762810469,C
115.81188201904297,115.84295654296875,0.03107452392578125,30.6700966,76.7286668,16.56,0.4969922602176666,0.015443798154592514,C
115.85331726074219,115.88439178466797,0.03107452392578125,30.6700966,76.7286668,16.56,0.3295019567012787,0.010239116847515106,C
115.90510559082031,115.92581939697266,0.02071380615234375,30.6700966,76.7286668,16.56,0.4894331991672516,0.01013802457600832,C
115.9361801147461,115.99832153320312,0.06214141845703125,30.6700966,76.7286668,16.56,0.3800984025001526,0.02361985296010971,C
116.00868225097656,116.10189819335938,0.0932159423828125,30.6700966,76.7286668,16.56,0.1931496411561966,0.018004626035690308,C
118.29773712158203,118.30809783935547,0.0103607177734375,30.6704526,76.7283962,15.86,0.1229381114244461,0.0012737270444631577,C
118.32881164550781,118.33917236328125,0.0103607177734375,30.6704526,76.7283962,15.86,0.2799619734287262,0.0029006069526076317,C
118.3598861694336,118.40131378173828,0.0414276123046875,30.6704526,76.7283962,15.86,0.150362029671669,0.006229139864444733,C
118.5256118774414,118.54632568359375,0.02071380615234375,30.6704526,76.7283962,15.86,0.29043468832969666,0.006016007624566555,C
121.0736083984375,121.08396911621094,0.0103607177734375,30.6708084,76.7281226,15.44,0.24044302105903625,0.0024911623913794756,C
121.09432220458984,121.10468292236328,0.0103607177734375,30.6708084,76.7281226,15.44,0.14546363055706024,0.0015071076340973377,C
121.29112243652344,121.31183624267578,0.02071380615234375,30.6708084,76.7281226,15.44,0.4829498529434204,0.010003729723393917,C
121.33255004882812,121.34291076660156,0.0103607177734375,30.6708084,76.7281226,15.44,0.1770605593919754,0.001834474503993988,C
121.38433837890625,121.39469909667969,0.0103607177734375,30.6708084,76.7281226,15.44,0.2739773690700531,0.002838602289557457,C
122.24403381347656,122.25438690185547,0.01035308837890625,30.6709235,76.7280331,15.17,0.3150348961353302,0.0032615840900689363,C
122.2647476196289,122.27510833740234,0.0103607177734375,30.6709235,76.7280331,15.17,0.11312457174062729,0.001172051765024662,C
122.71012878417969,122.72048950195312,0.0103607177734375,30.6709235,76.7280331,15.17,0.26369214057922363,0.0027320398949086666,C
122.77227783203125,122.7929916381836,0.02071380615234375,30.6709235,76.7280331,15.17,0.3451443016529083,0.007149252109229565,C
122.80335235595703,122.81370544433594,0.01035308837890625,30.6709235,76.7280331,15.17,0.21771769225597382,0.0022540504578500986,C
123.02085876464844,123.03121948242188,0.0103607177734375,30.6709235,76.7280331,15.17,0.2875910997390747,0.0029796501621603966,C
0.6935539841651917,0.7039118409156799,0.010357856750488281,30.672904,76.7265061,2.64,0.1482609659433365,0.0015356658259406686,D
0.7867739200592041,0.7971315979957581,0.010357677936553955,30.672904,76.7265061,2.64,0.10111349821090698,0.0010473011061549187,D
0.8385627269744873,0.8489204049110413,0.010357677936553955,30.672904,76.7265061,2.64,0.10616035759449005,0.0010995748452842236,D
0.8903512954711914,0.9628556966781616,0.07250440120697021,30.672904,76.7265061,2.64,0.18859820067882538,0.01367419958114624,D
0.9732136130332947,1.0975066423416138,0.12429302930831909,30.6729269,76.7264862,3.61,0.22871531546115875,0.028427720069885254,D
1.1182221174240112,1.12857985496521,0.01035773754119873,30.6729269,76.7264862,3.61,0.1164199560880661,0.0012058473657816648,D
1.1596530675888062,1.170011043548584,0.010357975959777832,30.6729269,76.7264862,3.61,0.13514317572116852,0.0013998097274452448,D
1.2010842561721802,1.2114418745040894,0.01035761833190918,30.6729269,76.7264862,3.61,0.12990009784698486,0.0013454556465148926,D
1.2217998504638672,1.2321574687957764,0.01035761833190918,30.6729269,76.7264862,3.61,0.09625821560621262,0.0009970058454200625,D
1.2425153255462646,1.387523889541626,0.14500856399536133,30.6729269,76.7264862,3.61,0.3323752284049988,0.04819725453853607,D
1.3978816270828247,1.470386028289795,0.07250440120697021,30.6729269,76.7264862,3.61,0.32267895340919495,0.02339564450085163,D
1.480743646621704,1.6153944730758667,0.1346508264541626,30.6729269,76.7264862,3.61,0.3279552459716797,0.04415944591164589,D
2.3197226524353027,2.330080270767212,0.01035761833190918,30.672958,76.7264581,4.7,0.12892445921897888,0.0013353503309190273,D
2.381869077682495,2.754748582839966,0.3728795051574707,30.672958,76.7264581,4.7,0.6106037497520447,0.22768162190914154,D
2.9204726219177246,2.930830240249634,0.01035761833190918,30.672958,76.7264581,4.7,0.09402168542146683,0.0009738407097756863,D
3.0447661876678467,3.0758392810821533,0.03107309341430664,30.6730003,76.7264199,5.94,0.12147094309329987,0.003774477867409587,D
3.2519211769104004,3.282994270324707,0.03107309341430664,30.6730003,76.7264199,5.94,0.17419956624507904,0.005412919446825981,D
3.355498790740967,3.3762142658233643,0.02071547508239746,30.6730003,76.7264199,5.94,0.1349559873342514,0.002795677399262786,D
3.4590766429901123,3.5212230682373047,0.06214642524719238,30.6730003,76.7264199,5.94,0.20223256945610046,0.012568031437695026,D
3.5419387817382812,3.6040852069854736,0.06214642524719238,30.6730003,76.7264199,5.94,0.26666149497032166,0.01657205820083618,D
3.6455163955688477,3.6765894889831543,0.03107309341430664,30.6730003,76.7264199,5.94,0.21329432725906372,0.006627714727073908,D
3.8526718616485596,3.8630294799804688,0.01035761833190918,30.6730003,76.7264199,5.94,0.10409777611494064,0.0010782050667330623,D
3.9458916187286377,3.956249475479126,0.010357856750488281,30.6730003,76.7264199,5.94,0.10548999160528183,0.0010926502291113138,D
4.391275405883789,4.639862060546875,0.24858665466308594,30.673044,76.7263833,6.64,1.3581607341766357,0.33762064576148987,D
4.722723960876465,4.75379753112793,0.031073570251464844,30.673044,76.7263833,6.64,0.11043023318052292,0.0034314615186303854,D
4.764155387878418,4.867733001708984,0.1035776138305664,30.673044,76.7263833,6.64,0.38554245233535767,0.03993356600403786,D
4.898806571960449,5.313117027282715,0.4143104553222656,30.6730996,76.7263407,7.22,1.237665057182312,0.51277756690979,D
5.530630111694336,5.540987968444824,0.010357856750488281,30.6730996,76.7263407,7.22,0.07050636410713196,0.0007302947924472392,D
5.561703205108643,5.623850345611572,0.06214714050292969,30.6730996,76.7263407,7.22,0.22341203689575195,0.013884419575333595,D
5.644566059112549,5.654923439025879,0.010357379913330078,30.6730996,76.7263407,7.22,0.08275043219327927,0.0008570776553824544,D
5.79993200302124,5.8102898597717285,0.010357856750488281,30.6730996,76.7263407,7.22,0.0774606466293335,0.0008023263071663678,D
5.882794380187988,5.986371994018555,0.1035776138305664,30.6730996,76.7263407,7.22,0.24094374477863312,0.02495637722313404,D
6.027803421020508,6.048518657684326,0.02071523666381836,30.673162,76.7262961,8.39,0.12461719661951065,0.0025814746040850878,D
6.0692338943481445,6.079592227935791,0.010358333587646484,30.673162,76.7262961,8.39,0.15155310928821564,0.001569837681017816,D
6.089949607849121,6.121023178100586,0.031073570251464844,30.673162,76.7262961,8.39,0.4393875002861023,0.013653337955474854,D
6.183169841766357,6.203885555267334,0.020715713500976562,30.673162,76.7262961,8.39,0.10055426508188248,0.002083053346723318,D
6.224600791931152,6.286747455596924,0.062146663665771484,30.673162,76.7262961,8.39,0.41563594341278076,0.025830388069152832,D
6.4006829261779785,6.638911724090576,0.23822879791259766,30.673162,76.7262961,8.39,0.48457080125808716,0.11543872207403183,D
6.6596269607543945,6.794277667999268,0.13465070724487305,30.673162,76.7262961,8.39,0.37328875064849854,0.05026359483599663,D
6.814993381500244,6.8667826652526855,0.051789283752441406,30.673162,76.7262961,8.39,0.3302838206291199,0.017105162143707275,D
6.877140522003174,6.9082136154174805,0.03107309341430664,30.673162,76.7262961,8.39,0.21347355842590332,0.006633284036070108,D
6.928929328918457,7.239662170410156,0.3107328414916992,30.6732264,76.726248,9.24,0.6237748861312866,0.19382734596729279,D
8.151145935058594,8.161503791809082,0.010357856750488281,30.673301,76.7261928,9.16,0.12994498014450073,0.0013459514593705535,D
9.000482559204102,9.01084041595459,0.010357856750488281,30.6733653,76.7261428,9.27,0.0523199588060379,0.0005419226363301277,D
9.041913986206055,9.052271842956543,0.010357856750488281,30.6733653,76.7261428,9.27,0.20824575424194336,0.002156979637220502,D
9.062628746032715,9.072986602783203,0.010357856750488281,30.6733653,76.7261428,9.27,0.13926269114017487,0.0014424630207940936,D
9.083344459533691,9.104060173034668,0.020715713500976562,30.6733653,76.7261428,9.27,0.2157704383134842,0.004469838459044695,D
9.114418029785156,9.135133743286133,0.020715713500976562,30.6733653,76.7261428,9.27,0.15554331243038177,0.003222190774977207,D
9.145491600036621,9.15584945678711,0.010357856750488281,30.6733653,76.7261428,9.27,0.22116921842098236,0.002290839096531272,D
9.2387113571167,9.249069213867188,0.010357856750488281,30.6733653,76.7261428,9.27,0.15607255697250366,0.0016165771521627903,D
9.259427070617676,9.269784927368164,0.010357856750488281,30.6733653,76.7261428,9.27,0.11804796010255814,0.001222723862156272,D
9.280142784118652,9.300857543945312,0.020714759826660156,30.6733653,76.7261428,9.27,0.18473628163337708,0.003826767671853304,D
9.37336254119873,9.383720397949219,0.010357856750488281,30.6733653,76.7261428,9.27,0.24921175837516785,0.0025812997482717037,D
9.394078254699707,9.414793014526367,0.020714759826660156,30.6733653,76.7261428,9.27,0.2510510981082916,0.005200463347136974,D
9.425150871276855,9.45622444152832,0.031073570251464844,30.6733653,76.7261428,9.27,0.25484588742256165,0.007918971590697765,D
9.466582298278809,9.497654914855957,0.031072616577148438,30.6733653,76.7261428,9.27,0.2296019047498703,0.007134331855922937,D
9.508012771606445,9.518370628356934,0.010357856750488281,30.6733653,76.7261428,9.27,0.12475074082612991,0.0012921503512188792,D
9.53908634185791,9.632306098937988,0.09321975708007812,30.6733653,76.7261428,9.27,0.359914094209671,0.03355110436677933,D
9.642663955688477,9.663379669189453,0.020715713500976562,30.6733653,76.7261428,9.27,0.26113125681877136,0.005409520119428635,D
9.673737525939941,9.694453239440918,0.020715713500976562,30.6733653,76.7261428,9.27,0.344946026802063,0.007145802956074476,D
9.735883712768555,9.798030853271484,0.06214714050292969,30.6733653,76.7261428,9.27,0.30779150128364563,0.019128361716866493,D
9.808388710021973,9.922324180603027,0.11393547058105469,30.6733653,76.7261428,9.27,0.22623349726200104,0.02577601931989193,D
9.932682037353516,9.953396797180176,0.020714759826660156,30.6733653,76.7261428,9.27,0.271868497133255,0.0056316908448934555,D
9.963754653930664,9.994828224182129,0.031073570251464844,30.6734377,76.7260866,9.72,0.4287278354167938,0.013322104699909687,D
10.005186080932617,10.222699165344238,0.2175130844116211,30.6734377,76.7260866,9.72,0.34876540303230286,0.07586103677749634,D
10.233057022094727,10.274487495422363,0.04143047332763672,30.6734377,76.7260866,9.72,0.30201372504234314,0.012512571178376675,D
10.284845352172852,10.305561065673828,0.020715713500976562,30.6734377,76.7260866,9.72,0.31904590129852295,0.006609263364225626,D
10.357349395751953,10.37806510925293,0.020715713500976562,30.6734377,76.7260866,9.72,0.15683366358280182,0.0032489211298525333,D
10.388422966003418,10.398780822753906,0.010357856750488281,30.6734377,76.7260866,9.72,0.17450694739818573,0.0018075179541483521,D
10.419496536254883,10.429854393005371,0.010357856750488281,30.6734377,76.7260866,9.72,0.31666135787963867,0.0032799330074340105,D
10.450570106506348,10.492000579833984,0.04143047332763672,30.6734377,76.7260866,9.72,0.24336890876293182,0.010082889348268509,D
10.52307415008545,10.533432006835938,0.010357856750488281,30.6734377,76.7260866,9.72,0.2432142049074173,0.002519177971407771,D
10.543789863586426,10.554147720336914,0.010357856750488281,30.6734377,76.7260866,9.72,0.12517735362052917,0.0012965691275894642,D
10.647367477416992,10.65772533416748,0.010357856750488281,30.6734377,76.7260866,9.72,0.2020188868045807,0.002092482754960656,D
10.668083190917969,10.678441047668457,0.010357856750488281,30.6734377,76.7260866,9.72,0.18784166872501373,0.0019456370500847697,D
10.699155807495117,10.719871520996094,0.020715713500976562,30.6734377,76.7260866,9.72,0.22088836133480072,0.004575860220938921,D
10.730229377746582,10.74058723449707,0.010357856750488281,30.6734377,76.7260866,9.72,0.20180128514766693,0.002090228721499443,D
10.750945091247559,10.782018661499023,0.031073570251464844,30.6734377,76.7260866,9.72,0.21501532196998596,0.006681293714791536,D
10.792376518249512,10.802733421325684,0.010356903076171875,30.6734377,76.7260866,9.72,0.1959267258644104,0.0020291940309107304,D
10.82344913482666,10.833806991577148,0.010357856750488281,30.6734377,76.7260866,9.72,0.14529746770858765,0.001504970365203917,D
11.061677932739258,11.072035789489746,0.010357856750488281,30.6735167,76.7260225,10.28,0.2128085345029831,0.0022042402997612953,D
11.092751502990723,11.1134672164917,0.020715713500976562,30.6735167,76.7260225,10.28,0.11357022076845169,0.002352688228711486,D
11.123824119567871,11.13418197631836,0.010357856750488281,30.6735167,76.7260225,10.28,0.16358040273189545,0.001694342354312539,D
11.237759590148926,11.248117446899414,0.010357856750488281,30.6735167,76.7260225,10.28,0.15697219967842102,0.0016258955001831055,D
11.299906730651855,11.310264587402344,0.010357856750488281,30.6735167,76.7260225,10.28,0.12085656076669693,0.0012518148869276047,D
11.403484344482422,11.41384220123291,0.010357856750488281,30.6735167,76.7260225,10.28,0.16720950603485107,0.0017319321632385254,D
11.424200057983398,11.434557914733887,0.010357856750488281,30.6735167,76.7260225,10.28,0.13842585682868958,0.0014337952015921474,D
11.652070999145508,11.66242790222168,0.010356903076171875,30.6735167,76.7260225,10.28,0.1273871660232544,0.0013193365884944797,D
11.683143615722656,11.693501472473145,0.010357856750488281,30.6735167,76.7260225,10.28,0.08863269537687302,0.0009180447668768466,D
11.859225273132324,11.869583129882812,0.010357856750488281,30.6735167,76.7260225,10.28,0.1034163162112236,0.0010711713694036007,D
12.201031684875488,12.211389541625977,0.010357856750488281,30.6735891,76.725961,10.7,0.1083611398935318,0.0011223892215639353,D
13.122872352600098,13.133230209350586,0.010357856750488281,30.6736675,76.7258966,10.59,0.1054638996720314,0.0010923799127340317,D
13.143588066101074,13.153945922851562,0.010357856750488281,30.6736675,76.7258966,10.59,0.11618775129318237,0.0012034560786560178,D
13.298954963684082,13.350743293762207,0.051788330078125,30.6736675,76.7258966,10.59,0.2056582272052765,0.010650696232914925,D
13.371459007263184,13.433605194091797,0.06214618682861328,30.6736675,76.7258966,10.59,0.2827300429344177,0.01757059432566166,D
13.443963050842285,13.516467094421387,0.07250404357910156,30.6736675,76.7258966,10.59,0.17067241668701172,0.01237444020807743,D
13.526824951171875,13.537182807922363,0.010357856750488281,30.6736675,76.7258966,10.59,0.14341962337493896,0.0014855199260637164,D
14.666179656982422,14.707610130310059,0.04143047332763672,30.6737426,76.7258351,10.05,0.13774965703487396,0.005707033444195986,D
15.505158424377441,15.515515327453613,0.010356903076171875,30.6738122,76.7257804,8.96,0.06984966993331909,0.00072342628845945,D
16.354494094848633,16.364852905273438,0.010358810424804688,30.6738785,76.7257284,8.12,0.17139971256256104,0.001775497104972601,D
16.50986099243164,16.530576705932617,0.020715713500976562,30.6738785,76.7257284,8.12,0.14725589752197266,0.0030505110044032335,D
16.54093360900879,16.561649322509766,0.020715713500976562,30.6738785,76.7257284,8.12,0.07686347514390945,0.0015922817401587963,D
18.291397094726562,18.301753997802734,0.010356903076171875,30.6739885,76.7256408,7.33,0.0655222237110138,0.0006786073208786547,D
18.902503967285156,18.933578491210938,0.03107452392578125,30.6739885,76.7256408,7.33,0.2797574996948242,0.0086933309212327,D
18.964651107788086,18.975008010864258,0.010356903076171875,30.6739885,76.7256408,7.33,0.20224985480308533,0.0020946820732206106,D
19.140731811523438,19.254667282104492,0.11393547058105469,30.6740463,76.7255942,7.27,0.4134499132633209,0.047106608748435974,D
19.265026092529297,19.285741806030273,0.020715713500976562,30.6740463,76.7255942,7.27,0.12443553656339645,0.0025777709670364857,D
19.316814422607422,19.389318466186523,0.07250404357910156,30.6740463,76.7255942,7.27,0.3930757939815521,0.028499584645032883,D
19.399677276611328,19.4100341796875,0.010356903076171875,30.6740463,76.7255942,7.27,0.356080561876297,0.0036878918763250113,D
19.420392990112305,19.430749893188477,0.010356903076171875,30.6740463,76.7255942,7.27,0.428479939699173,0.004437725059688091,D
19.44110679626465,19.451465606689453,0.010358810424804688,30.6740463,76.7255942,7.27,0.2064579427242279,0.002138658659532666,D
19.47218132019043,19.492897033691406,0.020715713500976562,30.6740463,76.7255942,7.27,0.16322989761829376,0.0033814238850027323,D
19.503253936767578,19.513612747192383,0.010358810424804688,30.6740463,76.7255942,7.27,0.18396714329719543,0.0019056807504966855,D
19.54468536376953,19.555042266845703,0.010356903076171875,30.6740463,76.7255942,7.27,0.22885824739933014,0.0023702627513557673,D
19.565401077270508,19.57575798034668,0.010356903076171875,30.6740463,76.7255942,7.27,0.227918803691864,0.0023605329915881157,D
19.586116790771484,19.617189407348633,0.031072616577148438,30.6740463,76.7255942,7.27,0.3521197736263275,0.010941282846033573,D
19.627548217773438,19.63790512084961,0.010356903076171875,30.6740463,76.7255942,7.27,0.3734838366508484,0.003868135856464505,D
19.64826202392578,19.658620834350586,0.010358810424804688,30.6740463,76.7255942,7.27,0.21043238043785095,0.0021798291709274054,D
19.668977737426758,19.689693450927734,0.020715713500976562,30.6740463,76.7255942,7.27,0.1663893610239029,0.0034468744415789843,D
19.71040916442871,19.720767974853516,0.010358810424804688,30.6740463,76.7255942,7.27,0.17260156571865082,0.0017879469087347388,D
19.731124877929688,19.762197494506836,0.031072616577148438,30.6740463,76.7255942,7.27,0.2202008217573166,0.006842215545475483,D
19.77255630493164,19.782913208007812,0.010356903076171875,30.6740463,76.7255942,7.27,0.1414152979850769,0.0014646245399489999,D
19.793272018432617,19.80362892150879,0.010356903076171875,30.6740463,76.7255942,7.27,0.10101338475942612,0.0010461858473718166,D
19.813987731933594,19.886491775512695,0.07250404357910156,30.6740463,76.7255942,7.27,0.2363688200712204,0.017137695103883743,D
19.896848678588867,19.96935272216797,0.07250404357910156,30.6740463,76.7255942,7.27,0.3284614384174347,0.02381478250026703,D
19.979711532592773,19.990068435668945,0.010356903076171875,30.6740968,76.7255524,7.41,0.2035878449678421,0.0021085396874696016,D
20.00042724609375,20.052215576171875,0.051788330078125,30.6740968,76.7255524,7.41,0.34400784969329834,0.017815591767430305,D
20.06257438659668,20.07293128967285,0.010356903076171875,30.6740968,76.7255524,7.41,0.1919267624616623,0.0019877669401466846,D
20.083288192749023,20.114362716674805,0.03107452392578125,30.6740968,76.7255524,7.41,0.2835834324359894,0.008812219835817814,D
20.124719619750977,20.39402198791504,0.2693023681640625,30.6740968,76.7255524,7.41,0.4200267493724823,0.11311420053243637,D
20.40437889099121,20.425094604492188,0.020715713500976562,30.6740968,76.7255524,7.41,0.15170662105083466,0.0031427110079675913,D
20.46652603149414,20.487241744995117,0.020715713500976562,30.6740968,76.7255524,7.41,0.09033448994159698,0.001871343469247222,D
20.507957458496094,20.818689346313477,0.3107318878173828,30.6740968,76.7255524,7.41,0.38806381821632385,0.12058380246162415,D
20.849763870239258,21.05691909790039,0.2071552276611328,30.6740968,76.7255524,7.41,0.39164334535598755,0.0811309665441513,D
21.067276000976562,21.09834861755371,0.031072616577148438,30.6741525,76.7255056,7.64,0.14388976991176605,0.004471031483262777,D
21.108707427978516,21.119064331054688,0.010356903076171875,30.6741525,76.7255056,7.64,0.2603549063205719,0.0026964705903083086,D
21.129423141479492,21.139780044555664,0.010356903076171875,30.6741525,76.7255056,7.64,0.28835898637771606,0.0029865060932934284,D
21.15013885498047,21.16049575805664,0.010356903076171875,30.6741525,76.7255056,7.64,0.1353515088558197,0.0014018224319443107,D
21.212284088134766,21.22264289855957,0.010358810424804688,30.6741525,76.7255056,7.64,0.0988670140504837,0.0010241447016596794,D
21.232999801635742,21.243358612060547,0.010358810424804688,30.6741525,76.7255056,7.64,0.21217353641986847,0.0021978653967380524,D
21.25371551513672,21.26407241821289,0.010356903076171875,30.6741525,76.7255056,7.64,0.15658453106880188,0.0016217308584600687,D
22.31020736694336,22.341279983520508,0.031072616577148438,30.6742093,76.7254576,7.35,0.08669223636388779,0.002693754620850086,D
22.361995697021484,22.403427124023438,0.041431427001953125,30.6742093,76.7254576,7.35,0.41311824321746826,0.017116079106926918,D
22.465572357177734,22.47593116760254,0.010358810424804688,30.6742093,76.7254576,7.35,0.18056288361549377,0.0018704166868701577,D
22.84881019592285,23.01453399658203,0.1657238006591797,30.6742093,76.7254576,7.35,2.0488061904907227,0.3395359516143799,D
23.024890899658203,23.04560661315918,0.020715713500976562,30.6742587,76.7254157,7.33,0.2505415380001068,0.005190146621316671,D
23.159542083740234,23.169898986816406,0.010356903076171875,30.6742587,76.7254157,7.33,0.09326260536909103,0.0009659117786213756,D
23.18025779724121,23.40812873840332,0.22787094116210938,30.6742587,76.7254157,7.33,1.8853024244308472,0.429605633020401,D
25.013578414916992,25.044652938842773,0.03107452392578125,30.6743766,76.7253204,8.47,0.27932900190353394,0.008680015802383423,D
25.055009841918945,25.0964412689209,0.041431427001953125,30.6743766,76.7253204,8.47,0.28806576132774353,0.011934975162148476,D
25.10679817199707,25.179302215576172,0.07250404357910156,30.6743766,76.7253204,8.47,0.212250217795372,0.01538899913430214,D
25.220733642578125,25.2414493560791,0.020715713500976562,30.6743766,76.7253204,8.47,0.09827127307653427,0.002035759622231126,D
25.251806259155273,25.262165069580078,0.010358810424804688,30.6743766,76.7253204,8.47,0.10779966413974762,0.0011166762560606003,D
25.282880783081055,25.40717315673828,0.12429237365722656,30.6743766,76.7253204,8.47,0.6859897375106812,0.08526328951120377,D
25.417530059814453,25.458961486816406,0.041431427001953125,30.6743766,76.7253204,8.47,0.4508426785469055,0.01867905631661415,D
25.46932029724121,25.479677200317383,0.010356903076171875,30.6743766,76.7253204,8.47,0.20419840514659882,0.002114863134920597,D
25.50039291381836,25.531465530395508,0.031072616577148438,30.6743766,76.7253204,8.47,0.26819077134132385,0.008333388715982437,D
25.56254005432129,25.593612670898438,0.031072616577148438,30.6743766,76.7253204,8.47,0.19913730025291443,0.006187716964632273,D
25.63504409790039,25.645401000976562,0.010356903076171875,30.6743766,76.7253204,8.47,0.09749077260494232,0.0010097024496644735,D
26.94011878967285,27.064411163330078,0.12429237365722656,30.6745098,76.7252048,9.23,0.6055297255516052,0.07526272535324097,D
27.074769973754883,27.085126876831055,0.010356903076171875,30.6745098,76.7252048,9.23,0.09267261624336243,0.0009598013130016625,D
27.10584259033203,27.126558303833008,0.020715713500976562,30.6745098,76.7252048,9.23,0.18360422551631927,0.003803492523729801,D
27.19906234741211,27.406217575073242,0.2071552276611328,30.6745098,76.7252048,9.23,1.8122327327728271,0.3754134774208069,D
27.416574478149414,27.43729019165039,0.020715713500976562,30.6745098,76.7252048,9.23,0.13692200183868408,0.002836436964571476,D
28.348772048950195,28.359128952026367,0.010356903076171875,30.6745741,76.7251499,9.47,0.08693189918994904,0.000900345272384584,D
28.379844665527344,28.39020347595215,0.010358810424804688,30.6745741,76.7251499,9.47,0.07791217416524887,0.0008070774492807686,D
28.79415512084961,28.80451202392578,0.010356903076171875,30.6745741,76.7251499,9.47,0.314347505569458,0.0032556666992604733,D
28.825227737426758,28.845943450927734,0.020715713500976562,30.6745741,76.7251499,9.47,0.15940499305725098,0.0033021881245076656,D
28.856300354003906,29.12560272216797,0.2693023681640625,30.6746471,76.7250866,9.55,0.4781219959259033,0.12875938415527344,D
29.13595962524414,29.384546279907227,0.24858665466308594,30.6746471,76.7250866,9.55,0.27438902854919434,0.0682094469666481,D
31.1971492767334,31.207508087158203,0.010358810424804688,30.674781,76.7249677,9.53,0.06276409327983856,0.000650161353405565,D
31.362873077392578,31.538955688476562,0.17608261108398438,30.674781,76.7249677,9.53,0.10464032739400864,0.018425341695547104,D
31.66324806213379,31.787540435791016,0.12429237365722656,30.674781,76.7249677,9.53,0.07458881288766861,0.009270820766687393,D
32.50222396850586,32.5125846862793,0.0103607177734375,30.6748524,76.7249044,9.3,0.11300991475582123,0.00117086386308074,D
32.52294158935547,32.554012298583984,0.031070709228515625,30.6748524,76.7249044,9.3,0.12673595547676086,0.0039377762004733086,D
32.56437301635742,32.61616134643555,0.051788330078125,30.6748524,76.7249044,9.3,0.3426506817340851,0.017745306715369225,D
32.62651824951172,32.6575927734375,0.03107452392578125,30.6748524,76.7249044,9.3,0.20372872054576874,0.006330772768706083,D
32.678306579589844,32.73009490966797,0.051788330078125,30.6748524,76.7249044,9.3,0.3176230490207672,0.01644916646182537,D
32.74045181274414,32.75081253051758,0.0103607177734375,30.6748524,76.7249044,9.3,0.1951403021812439,0.002021793508902192,D
32.82331466674805,32.83367156982422,0.010356903076171875,30.6748524,76.7249044,9.3,0.09814778715372086,0.0010165071580559015,D
32.88546371459961,32.89582061767578,0.010356903076171875,30.6748524,76.7249044,9.3,0.10630041360855103,0.0011009430745616555,D
32.916534423828125,32.9268913269043,0.010356903076171875,30.6748524,76.7249044,9.3,0.0891469195485115,0.0009232860174961388,D
32.947608947753906,32.96832275390625,0.02071380615234375,30.6748524,76.7249044,9.3,0.12662145495414734,0.0026228122878819704,D
32.97868347167969,33.071903228759766,0.09321975708007812,30.6749162,76.7248486,9.47,0.1207813173532486,0.01125920470803976,D
33.08226013183594,33.10297393798828,0.02071380615234375,30.6749162,76.7248486,9.47,0.10165730118751526,0.002105709630995989,D
33.33084487915039,33.34120178222656,0.010356903076171875,30.6749162,76.7248486,9.47,0.0699910894036293,0.0007248909096233547,D
35.95135498046875,35.96171188354492,0.010356903076171875,30.675061,76.7247276,9.56,0.14092932641506195,0.0014595913235098124,D
36.41745376586914,36.42781066894531,0.010356903076171875,30.6751238,76.7246748,9.13,0.11983494460582733,0.0012411188799887896,D
40.3533935546875,40.36375045776367,0.010356903076171875,30.6753464,76.7244866,6.63,0.06242958456277847,0.0006465771584771574,D
40.38446807861328,40.39482498168945,0.010356903076171875,30.6753464,76.7244866,6.63,0.056015633046627045,0.0005801484803669155,D
41.67918395996094,41.68954086303711,0.010356903076171875,30.675394,76.7244462,7.1,0.09819719940423965,0.0010170189198106527,D
43.906097412109375,43.92681121826172,0.02071380615234375,30.6755072,76.724348,7.69,0.1050371453166008,0.0021757190115749836,D
43.937171936035156,43.94752883911133,0.010356903076171875,30.6755072,76.724348,7.69,0.16440607607364655,0.0017027377616614103,D
44.07181930541992,44.09253692626953,0.020717620849609375,30.6755538,76.7243027,7.03,0.1142062395811081,0.002366081578657031,D
44.113250732421875,44.18575668334961,0.07250595092773438,30.6755538,76.7243027,7.03,0.10044241696596146,0.007282672915607691,D
45.30438995361328,45.33546447753906,0.03107452392578125,30.675599,76.7242563,6.63,0.19098201394081116,0.005934675224125385,D
45.54261779785156,45.552978515625,0.0103607177734375,30.675599,76.7242563,6.63,0.16861753165721893,0.0017469986341893673,D
45.56333541870117,45.604766845703125,0.041431427001953125,30.675599,76.7242563,6.63,0.2584397494792938,0.01070752739906311,D
45.6151237487793,45.62548065185547,0.010356903076171875,30.675599,76.7242563,6.63,0.1651279181241989,0.0017102138372138143,D
45.842994689941406,45.85335159301758,0.010356903076171875,30.675599,76.7242563,6.63,0.12788668274879456,0.0013245099689811468,D
46.08122253417969,46.1122932434082,0.031070709228515625,30.6756478,76.7242077,7.24,0.1538148820400238,0.004779137670993805,D
46.12265396118164,46.143367767333984,0.02071380615234375,30.6756478,76.7242077,7.24,0.1709727644920349,0.003541496815159917,D
46.153724670410156,46.164085388183594,0.0103607177734375,30.6756478,76.7242077,7.24,0.1291489452123642,0.0013380757300183177,D
46.18479919433594,46.19515609741211,0.010356903076171875,30.6756478,76.7242077,7.24,0.10370636731386185,0.0010740767465904355,D
47.43808364868164,47.45880126953125,0.020717620849609375,30.6757025,76.7241569,8.1,0.07743294537067413,0.0016042264178395271,D
47.52094650268555,47.54166030883789,0.02071380615234375,30.6757025,76.7241569,8.1,0.11939861625432968,0.002473199740052223,D
47.5623779296875,47.57273483276367,0.010356903076171875,30.6757025,76.7241569,8.1,0.12469913065433502,0.0012914967956021428,D
47.748817443847656,47.75917434692383,0.010356903076171875,30.6757025,76.7241569,8.1,0.13447856903076172,0.001392781501635909,D
47.83168029785156,47.842037200927734,0.010356903076171875,30.6757025,76.7241569,8.1,0.13098782300949097,0.0013566281413659453,D
47.98704528808594,47.99740219116211,0.010356903076171875,30.6757694,76.7240968,9.07,0.14748027920722961,0.0015274389879778028,D
49.66499710083008,49.67535400390625,0.010356903076171875,30.6758344,76.7240391,10.03,0.11763355135917664,0.0012183192884549499,D
50.37968063354492,50.390037536621094,0.010356903076171875,30.6759119,76.7239719,10.98,0.059070613235235214,0.0006117885932326317,D
50.4107551574707,50.421112060546875,0.010356903076171875,30.6759119,76.7239719,10.98,0.0607445202767849,0.0006291251047514379,D
50.46254348754883,50.472900390625,0.010356903076171875,30.6759119,76.7239719,10.98,0.0710592120885849,0.000735953391995281,D
50.48325729370117,50.493614196777344,0.010356903076171875,30.6759119,76.7239719,10.98,0.06453383713960648,0.0006683706887997687,D
50.60755157470703,50.659339904785156,0.051788330078125,30.6759119,76.7239719,10.98,0.1917354166507721,0.009929656982421875,D
50.66969680786133,50.6800537109375,0.010356903076171875,30.6759119,76.7239719,10.98,0.15506698191165924,0.001606013742275536,D
50.70077133178711,50.752559661865234,0.051788330078125,30.6759119,76.7239719,10.98,0.2610537111759186,0.013519535772502422,D
50.80434799194336,50.81470489501953,0.010356903076171875,30.6759119,76.7239719,10.98,0.11052563786506653,0.0011447033612057567,D
51.10472106933594,51.11507797241211,0.010356903076171875,30.6760017,76.7238958,11.92,0.12257028371095657,0.0012694485485553741,D
51.26008605957031,51.27044677734375,0.0103607177734375,30.6760017,76.7238958,11.92,0.2602834105491638,0.0026967229787260294,D
51.301517486572266,51.31187438964844,0.010356903076171875,30.6760017,76.7238958,11.92,0.11437967419624329,0.0011846191482618451,D
51.85047912597656,52.00584411621094,0.155364990234375,30.6760017,76.7238958,11.92,0.3165203630924225,0.049176182597875595,D
52.078346252441406,52.14049530029297,0.0621490478515625,30.6760863,76.7238254,12.28,0.19394488632678986,0.012053489685058594,D
52.15085220336914,52.26478576660156,0.11393356323242188,30.6760863,76.7238254,12.28,0.13366800546646118,0.015229271724820137,D
52.36836242675781,52.44086837768555,0.07250595092773438,30.6760863,76.7238254,12.28,0.06802424043416977,0.0049321623519063,D
52.565162658691406,52.57551956176758,0.010356903076171875,30.6760863,76.7238254,12.28,0.09054697304964066,0.0009377862443216145,D
52.58587646484375,52.637664794921875,0.051788330078125,30.6760863,76.7238254,12.28,0.22830118238925934,0.011823336593806744,D
52.65837860107422,52.668739318847656,0.0103607177734375,30.6760863,76.7238254,12.28,0.07362522929906845,0.0007628102321177721,D
52.67909622192383,52.73088455200195,0.051788330078125,30.6760863,76.7238254,12.28,0.3110446333885193,0.016108481213450432,D
52.761959075927734,52.78267288208008,0.02071380615234375,30.6760863,76.7238254,12.28,0.25991347432136536,0.0053837974555790424,D
52.79302978515625,52.85517883300781,0.0621490478515625,30.6760863,76.7238254,12.28,0.20426416397094727,0.012694823555648327,D
52.865535736083984,52.875892639160156,0.010356903076171875,30.6760863,76.7238254,12.28,0.20713727176189423,0.00214530061930418,D
52.92768096923828,52.93803787231445,0.010356903076171875,30.6760863,76.7238254,12.28,0.11506270617246628,0.0011916932417079806,D
52.95875549316406,52.969112396240234,0.010356903076171875,30.6760863,76.7238254,12.28,0.07086527347564697,0.000733944762032479,D
52.98982620239258,53.01054382324219,0.020717620849609375,30.6761827,76.7237481,12.18,0.09250788390636444,0.0019165432313457131,D
53.06233215332031,53.072689056396484,0.010356903076171875,30.6761827,76.7237481,12.18,0.09392937272787094,0.0009728174190968275,D
57.19506072998047,57.21577835083008,0.020717620849609375,30.6765272,76.7234809,11.48,0.15982811152935028,0.0033112582750618458,D
57.412574768066406,57.42293167114258,0.010356903076171875,30.6765272,76.7234809,11.48,0.12277901917695999,0.0012716103810817003,D
57.48508071899414,57.516151428222656,0.031070709228515625,30.6765272,76.7234809,11.48,0.23737893998622894,0.007375531829893589,D
57.609371185302734,57.619728088378906,0.010356903076171875,30.6765272,76.7234809,11.48,0.12747758626937866,0.0013202730333432555,D
57.80616760253906,57.816524505615234,0.010356903076171875,30.6765272,76.7234809,11.48,0.1418815702199936,0.0014694536803290248,D
57.93046188354492,57.940818786621094,0.010356903076171875,30.6765272,76.7234809,11.48,0.19549395143985748,0.0020247118081897497,D
58.01332473754883,58.023681640625,0.010356903076171875,30.6766126,76.7234105,11.82,0.13519184291362762,0.0014001688687130809,D
58.03403854370117,58.044395446777344,0.010356903076171875,30.6766126,76.7234105,11.82,0.13412851095199585,0.0013891559792682528,D
58.075469970703125,58.0858268737793,0.010356903076171875,30.6766126,76.7234105,11.82,0.16459603607654572,0.0017047051806002855,D
58.09618377685547,58.106544494628906,0.0103607177734375,30.6766126,76.7234105,11.82,0.23176132142543793,0.002401213627308607,D
58.15833282470703,58.1686897277832,0.010356903076171875,30.6766126,76.7234105,11.82,0.10717440396547318,0.0011099949479103088,D
58.18940353393555,58.19976043701172,0.010356903076171875,30.6766126,76.7234105,11.82,0.09425309300422668,0.0009761701221577823,D
58.36548614501953,58.386199951171875,0.02071380615234375,30.6766126,76.7234105,11.82,0.1458178609609604,0.0030204427894204855,D
58.39656066894531,58.406917572021484,0.010356903076171875,30.6766126,76.7234105,11.82,0.09403759241104126,0.0009739382076077163,D
58.510494232177734,58.520851135253906,0.010356903076171875,30.6766126,76.7234105,11.82,0.18497571349143982,0.0019157755887135863,D
58.56228256225586,58.57263946533203,0.010356903076171875,30.6766126,76.7234105,11.82,0.12760518491268158,0.0013215945800766349,D
58.614070892333984,58.624427795410156,0.010356903076171875,30.6766126,76.7234105,11.82,0.12791694700717926,0.0013248234754428267,D
58.66585922241211,58.68657684326172,0.020717620849609375,30.6766126,76.7234105,11.82,0.1863543689250946,0.0038608191534876823,D
58.748722076416016,58.79015350341797,0.041431427001953125,30.6766126,76.7234105,11.82,0.3928576409816742,0.016276651993393898,D
58.80051040649414,58.81086730957031,0.010356903076171875,30.6766126,76.7234105,11.82,0.08241438120603561,0.0008535577799193561,D
58.83158493041992,58.852298736572266,0.02071380615234375,30.6766126,76.7234105,11.82,0.09961432218551636,0.0020633917301893234,D
58.86265563964844,59.01802444458008,0.15536880493164062,30.6766126,76.7234105,11.82,0.495327889919281,0.07695849984884262,D
59.02838134765625,59.03873825073242,0.010356903076171875,30.6767063,76.7233318,12.08,0.260696679353714,0.0027000103145837784,D
59.049095153808594,59.0698127746582,0.020717620849609375,30.6767063,76.7233318,12.08,0.12661738693714142,0.0026232111267745495,D
59.080169677734375,59.10088348388672,0.02071380615234375,30.6767063,76.7233318,12.08,0.12020102888345718,0.002489820821210742,D
59.111244201660156,59.12160110473633,0.010356903076171875,30.6767063,76.7233318,12.08,0.26788777112960815,0.002774487715214491,D
59.1319580078125,59.14231491088867,0.010356903076171875,30.6767063,76.7233318,12.08,0.08784826099872589,0.000909835915081203,D
59.339111328125,59.34947204589844,0.0103607177734375,30.6767063,76.7233318,12.08,0.0732308104634285,0.0007587237632833421,D
59.390899658203125,59.40126037597656,0.0103607177734375,30.6767063,76.7233318,12.08,0.07186657190322876,0.0007445892551913857,D
59.47376251220703,59.49448013305664,0.020717620849609375,30.6767063,76.7233318,12.08,0.21435770392417908,0.004440981429070234,D
59.50483703613281,59.535911560058594,0.03107452392578125,30.6767063,76.7233318,12.08,0.21314294636249542,0.006623315624892712,D
59.546268463134766,59.55662536621094,0.010356903076171875,30.6767063,76.7233318,12.08,0.1818421632051468,0.001883321674540639,D
59.68091583251953,59.69127655029297,0.0103607177734375,30.6767063,76.7233318,12.08,0.10606192797422409,0.0010988777503371239,D
59.70163345336914,59.83628463745117,0.13465118408203125,30.6767063,76.7233318,12.08,0.44371888041496277,0.05974727123975754,D
59.846641540527344,59.856998443603516,0.010356903076171875,30.6767063,76.7233318,12.08,0.4336550831794739,0.004491323605179787,D
59.86735534667969,59.877716064453125,0.0103607177734375,30.6767063,76.7233318,12.08,0.26283061504364014,0.002723113866522908,D
59.8880729675293,60.053794860839844,0.16572189331054688,30.6767872,76.7232631,11.91,0.43650439381599426,0.07233833521604538,D
60.06415557861328,60.07451248168945,0.010356903076171875,30.6767872,76.7232631,11.91,0.14106525480747223,0.0014609991339966655,D
60.0952262878418,60.10558319091797,0.010356903076171875,30.6767872,76.7232631,11.91,0.1286376267671585,0.0013322874438017607,D
60.16773223876953,60.1780891418457,0.010356903076171875,30.6767872,76.7232631,11.91,0.08294413238763809,0.0008590443176217377,D
60.19880294799805,60.25059127807617,0.051788330078125,30.6767872,76.7232631,11.91,0.08025942742824554,0.0041565014980733395,D
60.26095199584961,60.28166580200195,0.02071380615234375,30.6767872,76.7232631,11.91,0.06492511183023453,0.0013448462123051286,D
60.3852424621582,60.40596008300781,0.020717620849609375,30.6767872,76.7232631,11.91,0.11887048184871674,0.0024627135135233402,D
60.416316986083984,60.45774841308594,0.041431427001953125,30.6767872,76.7232631,11.91,0.099713034927845,0.004131253343075514,D
65.45018005371094,65.54339599609375,0.0932159423828125,30.6771957,76.7229159,10.43,0.3505314290523529,0.0326751172542572,D
65.55375671386719,65.60554504394531,0.051788330078125,30.6771957,76.7229159,10.43,0.17962691187858582,0.009302577935159206,D
65.69876098632812,65.7298355102539,0.03107452392578125,30.6771957,76.7229159,10.43,0.2210918366909027,0.006870323792099953,D
65.75054931640625,65.76091003417969,0.0103607177734375,30.6771957,76.7229159,10.43,0.19424645602703094,0.0020125326700508595,D
65.7712631225586,65.80233764648438,0.03107452392578125,30.6771957,76.7229159,10.43,0.1183360368013382,0.0036772359162569046,D
65.89556121826172,66.06128692626953,0.1657257080078125,30.6772676,76.722857,9.44,0.30069318413734436,0.04983258992433548,D
66.07164001464844,66.10271453857422,0.03107452392578125,30.6772676,76.722857,9.44,0.2825169861316681,0.008779080584645271,D
66.11307525634766,66.20629119873047,0.0932159423828125,30.6772676,76.722857,9.44,0.24925294518470764,0.023234348744153976,D
66.22700500488281,66.27879333496094,0.051788330078125,30.6772676,76.722857,9.44,0.21648088097572327,0.011211182922124863,D
66.29951477050781,66.30986785888672,0.01035308837890625,30.6772676,76.722857,9.44,0.1495705097913742,0.0015485166804865003,D
66.33058166503906,66.36165618896484,0.03107452392578125,30.6772676,76.722857,9.44,0.222258523106575,0.006906577851623297,D
66.37201690673828,66.5377426147461,0.1657257080078125,30.6772676,76.722857,9.44,0.28668421506881714,0.04751094430685043,D
66.6309585571289,66.65167236328125,0.02071380615234375,30.6772676,76.722857,9.44,0.10955798625946045,0.002269362797960639,D
66.69310760498047,66.72418212890625,0.03107452392578125,30.6772676,76.722857,9.44,0.2794356942176819,0.008683331310749054,D
66.73453521728516,66.78632354736328,0.051788330078125,30.6772676,76.722857,9.44,0.23412004113197327,0.012124685570597649,D
66.81739807128906,66.8277587890625,0.0103607177734375,30.6772676,76.722857,9.44,0.11229901015758514,0.0011634983820840716,D
66.8381118774414,66.87954711914062,0.04143524169921875,30.6772676,76.722857,9.44,0.24050897359848022,0.009965547360479832,D
66.96240997314453,66.99347686767578,0.03106689453125,30.6773396,76.7227991,9.03,0.07086202502250671,0.002201463095843792,D
67.00383758544922,67.02455139160156,0.02071380615234375,30.6773396,76.7227991,9.03,0.12549889087677002,0.002599559724330902,D
67.05562591552734,67.09706115722656,0.04143524169921875,30.6773396,76.7227991,9.03,0.08052688837051392,0.0033366510178893805,D
139.11485290527344,139.12518310546875,0.0103302001953125,30.6777753,76.7224113,0.39,0.12176689505577087,0.0012578763999044895,D
139.1355438232422,139.15626525878906,0.020721435546875,30.6777753,76.7224113,0.39,0.21974344551563263,0.0045533995144069195,D
141.3624725341797,141.39356994628906,0.031097412109375,30.6777863,76.7224029,1.4,0.2480834424495697,0.0077147530391812325,D
141.42462158203125,141.4349822998047,0.0103607177734375,30.6777863,76.7224029,1.4,0.056804947555065155,0.0005885400460101664,D
141.69395446777344,141.70428466796875,0.0103302001953125,30.6777863,76.7224029,1.4,0.11848441511392593,0.0012239677598699927,D
143.41334533691406,143.51690673828125,0.1035614013671875,30.6778327,76.7223662,4.34,0.0749199315905571,0.007758812978863716,D
155.23162841796875,155.25234985351562,0.020721435546875,30.6781341,76.7221126,2.04,0.1304285228252411,0.002702666213735938,D
155.26268005371094,155.27304077148438,0.0103607177734375,30.6781341,76.7221126,2.04,0.14345429837703705,0.0014862895477563143,D
158.24574279785156,158.26644897460938,0.0207061767578125,30.6781846,76.722068,2.35,0.260946661233902,0.005403207615017891,D
159.58189392089844,159.59225463867188,0.0103607177734375,30.6782039,76.7220521,2.66,0.14270322024822235,0.0014785077655687928,D
343.7453918457031,343.7764892578125,0.031097412109375,30.6784324,76.7218692,1.81,0.19730889797210693,0.006135796196758747,D
347.2360534667969,347.26708984375,0.031036376953125,30.6784851,76.7218245,1.85,0.23479393124580383,0.007287153042852879,D
348.1993408203125,348.2096862792969,0.010345458984375,30.6785022,76.721811,2.67,0.18343152105808258,0.0018976832507178187,D
348.2407531738281,348.2511291503906,0.0103759765625,30.6785022,76.721811,2.67,0.11875172704458237,0.0012321651447564363,D
348.3340148925781,348.3443298339844,0.01031494140625,30.6785022,76.721811,2.67,0.12033230811357498,0.0012412207433953881,D
348.5307922363281,348.5411376953125,0.010345458984375,30.6785022,76.721811,2.67,0.1151905208826065,0.0011916988296434283,D
348.696533203125,348.7068786621094,0.010345458984375,30.6785022,76.721811,2.67,0.08298542350530624,0.0008585223113186657,D
348.7793884277344,348.8104553222656,0.03106689453125,30.6785022,76.721811,2.67,0.14429517090320587,0.00448280293494463,D
348.82080078125,348.86224365234375,0.04144287109375,30.6785022,76.721811,2.67,0.3113095760345459,0.01290156226605177,D
348.87261962890625,348.8829650878906,0.010345458984375,30.6785022,76.721811,2.67,0.19637411832809448,0.002031580312177539,D
348.8933410644531,348.9036560058594,0.01031494140625,30.6785022,76.721811,2.67,0.24667342007160187,0.002544421935454011,D
348.9140625,348.92437744140625,0.01031494140625,30.6785022,76.721811,2.67,0.3973141014575958,0.004098271485418081,D
348.9347839355469,348.9969177246094,0.0621337890625,30.6785022,76.721811,2.67,0.3835194408893585,0.023829516023397446,D
349.00726318359375,349.0176086425781,0.010345458984375,30.6785259,76.7217911,3.43,0.12554588913917542,0.0012988297967240214,D
349.0279541015625,349.038330078125,0.0103759765625,30.6785259,76.7217911,3.43,0.1710176318883896,0.0017744749784469604,D
349.0487060546875,349.0590515136719,0.010345458984375,30.6785259,76.7217911,3.43,0.12163077294826508,0.0012583262287080288,D
349.06939697265625,349.07977294921875,0.0103759765625,30.6785259,76.7217911,3.43,0.25722384452819824,0.0026689486112445593,D
349.0901184082031,349.1315612792969,0.04144287109375,30.6785259,76.7217911,3.43,0.17323043942451477,0.007179166655987501,D
349.1626281738281,349.1730041503906,0.0103759765625,30.6785259,76.7217911,3.43,0.1402949094772339,0.0014556966489180923,D
59.35664367675781,59.37733459472656,0.02069091796875,30.6902033,76.7119381,1.35,0.3041800558567047,0.006293764803558588,E
61.1589469909668,61.179683685302734,0.0207366943359375,30.690224,76.7119178,1.88,0.1631723791360855,0.0033836557995527983,E
61.770084381103516,61.78045654296875,0.010372161865234375,30.6902374,76.7119051,1.95,0.13237661123275757,0.0013730316422879696,E
61.801177978515625,61.821903228759766,0.020725250244140625,30.6902374,76.7119051,1.95,0.14777883887290955,0.0030627534724771976,E
61.84259033203125,61.85297393798828,0.01038360595703125,30.6902374,76.7119051,1.95,0.1588815450668335,0.0016497633187100291,E
61.86330795288086,61.88402557373047,0.020717620849609375,30.6902374,76.7119051,1.95,0.17702260613441467,0.003667487297207117,E
61.89439010620117,61.95655822753906,0.062168121337890625,30.6902374,76.7119051,1.95,0.16802676022052765,0.010445907711982727,E
61.96689224243164,61.97725296020508,0.0103607177734375,30.6902374,76.7119051,1.95,0.14875216782093048,0.0015411792555823922,E
62.35014343261719,62.360504150390625,0.0103607177734375,30.6902374,76.7119051,1.95,0.13615821301937103,0.001410696771927178,E
63.45847702026367,63.468833923339844,0.010356903076171875,30.690254,76.7118912,2.08,0.3806700110435486,0.0039425622671842575,E
63.479190826416016,63.48955154418945,0.0103607177734375,30.690254,76.7118912,2.08,0.365050733089447,0.0037821875885128975,E
63.499908447265625,63.5102653503418,0.010356903076171875,30.690254,76.7118912,2.08,0.313608318567276,0.0032480109948664904,E
63.520626068115234,63.530982971191406,0.010356903076171875,30.690254,76.7118912,2.08,0.30694490671157837,0.0031789985951036215,E
64.41143035888672,64.42179107666016,0.0103607177734375,30.6902685,76.7118795,2.16,0.37291496992111206,0.003863666672259569,E
64.4321517944336,64.4425048828125,0.01035308837890625,30.6902685,76.7118795,2.16,0.29985377192497253,0.0031044126953929663,E
64.46322631835938,64.47357940673828,0.01035308837890625,30.6902685,76.7118795,2.16,0.3077581524848938,0.0031862473115324974,E
65.29187774658203,65.30223846435547,0.0103607177734375,30.6902861,76.7118645,2.52,0.4230656921863556,0.004383264109492302,E
65.38510131835938,65.41617584228516,0.03107452392578125,30.6902861,76.7118645,2.52,0.3140874207019806,0.009760117158293724,E
65.4265365600586,65.56119537353516,0.1346588134765625,30.6902861,76.7118645,2.52,0.2999582886695862,0.04039202630519867,E
65.5715560913086,65.62334442138672,0.051788330078125,30.6903058,76.7118494,2.68,0.31862398982048035,0.01650100387632847,E
65.63370513916016,65.7372817993164,0.10357666015625,30.6903058,76.7118494,2.68,0.3964204490184784,0.04105990752577782,E
65.74764251708984,65.76835632324219,0.02071380615234375,30.6903058,76.7118494,2.68,0.28500503301620483,0.005903538782149553,E
65.79943084716797,65.8097915649414,0.0103607177734375,30.6903058,76.7118494,2.68,0.1994483470916748,0.0020664280746132135,E
65.86157989501953,65.8823013305664,0.020721435546875,30.6903058,76.7118494,2.68,0.39075303077697754,0.008096964098513126,E
66.03767395019531,66.04803466796875,0.0103607177734375,30.6903058,76.7118494,2.68,0.17518851161003113,0.001815078780055046,E
66.07910919189453,66.20340728759766,0.124298095703125,30.6903058,76.7118494,2.68,0.33706048130989075,0.041895974427461624,E
66.22412109375,66.25519561767578,0.03107452392578125,30.6903058,76.7118494,2.68,0.24134103953838348,0.0074995579198002815,E
66.27590942382812,66.3069839477539,0.03107452392578125,30.6903058,76.7118494,2.68,0.2443562150001526,0.007593253161758184,E
66.31734466552734,66.50379180908203,0.1864471435546875,30.6903058,76.7118494,2.68,0.6268341541290283,0.1168714389204979,E
66.51415252685547,66.54522705078125,0.03107452392578125,30.6903058,76.7118494,2.68,0.19109602272510529,0.0059382179751992226,E
66.57630157470703,66.58665466308594,0.01035308837890625,30.6903058,76.7118494,2.68,0.1355229616165161,0.0014030812308192253,E
66.61772918701172,66.6384506225586,0.020721435546875,30.6903273,76.7118328,2.96,0.15546560287475586,0.003221470396965742,E
66.66952514648438,66.69023895263672,0.02071380615234375,30.6903273,76.7118328,2.96,0.18668872117996216,0.0038670338690280914,E
66.92848205566406,66.93883514404297,0.01035308837890625,30.6903273,76.7118328,2.96,0.38437771797180176,0.003979496657848358,E
66.95955657958984,67.09420776367188,0.13465118408203125,30.6903273,76.7118328,2.96,0.41424086689949036,0.05577802285552025,E
67.11492919921875,67.12528228759766,0.01035308837890625,30.6903273,76.7118328,2.96,0.30158793926239014,0.00312236649915576,E
67.7778549194336,67.7882080078125,0.01035308837890625,30.6903511,76.7118155,3.11,0.23865211009979248,0.002470786450430751,E
71.99364471435547,72.0040054321289,0.0103607177734375,30.6903982,76.7117782,0.57,0.4308357536792755,0.004463767632842064,E
72.01436614990234,72.09722900390625,0.08286285400390625,30.6903982,76.7117782,0.57,1.4755778312683105,0.12227059155702591,E
72.1904525756836,72.30438995361328,0.1139373779296875,30.6903982,76.7117782,0.57,1.94240403175354,0.22131241858005524,E
73.58881378173828,73.59916687011719,0.01035308837890625,30.6904046,76.7117734,0.93,0.3320218324661255,0.003437451319769025,E
73.76490020751953,73.77526092529297,0.0103607177734375,30.6904151,76.7117653,1.6,0.31908535957336426,0.003305953461676836,E
74.85250854492188,74.86286926269531,0.0103607177734375,30.69043,76.7117519,2.32,0.47331973910331726,0.004903932102024555,E
74.87322998046875,74.88358306884766,0.01035308837890625,30.69043,76.7117519,2.32,0.22887291014194489,0.0023695414420217276,E
74.8939437866211,74.91465759277344,0.02071380615234375,30.69043,76.7117519,2.32,0.7271132469177246,0.01506128255277872,E
76.14728546142578,76.15764617919922,0.0103607177734375,30.6904448,76.7117367,2.19,0.2584608793258667,0.002677840180695057,E
76.16800689697266,76.17835998535156,0.01035308837890625,30.6904448,76.7117367,2.19,0.33314770460128784,0.0034491075202822685,E
76.19908142089844,76.20943450927734,0.01035308837890625,30.6904448,76.7117367,2.19,0.24274484813213348,0.0025131588336080313,E
81.84429931640625,82.10325622558594,0.2589569091796875,30.6905989,76.7116093,3.9,2.461787462234497,0.6374968886375427,E
82.21719360351562,82.22755432128906,0.0103607177734375,30.6905989,76.7116093,3.9,0.25185391306877136,0.0026093872729688883,E
82.52793884277344,82.60044860839844,0.072509765625,30.6905989,76.7116093,3.9,0.9841338396072388,0.0713593140244484,E
82.71438598632812,82.88011932373047,0.16573333740234375,30.6906305,76.7115944,3.66,0.7981373071670532,0.1322779655456543,E
84.17489624023438,84.19561767578125,0.020721435546875,30.6906594,76.7115827,3.35,0.2252659648656845,0.0046678343787789345,E
85.33502197265625,85.34538269042969,0.0103607177734375,30.6906872,76.7115726,3.21,0.2348671406507492,0.002433392219245434,E
85.49039459228516,85.5007553100586,0.0103607177734375,30.6906872,76.7115726,3.21,0.4281941056251526,0.0044363983906805515,E
85.61469268798828,85.62505340576172,0.0103607177734375,30.6907198,76.7115642,3.91,0.20446822047233582,0.0021184375509619713,E
85.6561279296875,85.66648864746094,0.0103607177734375,30.6907198,76.7115642,3.91,0.39360037446022034,0.004077982623130083,E
85.67684173583984,85.68720245361328,0.0103607177734375,30.6907198,76.7115642,3.91,0.2873415946960449,0.0029770652763545513,E
85.71827697753906,85.7286376953125,0.0103607177734375,30.6907198,76.7115642,3.91,0.2769375145435333,0.0028692714404314756,E
89.00183868408203,89.03291320800781,0.03107452392578125,30.6908352,76.7115603,4.74,0.18988916277885437,0.0059007154777646065,E
89.87193298339844,89.88228607177734,0.01035308837890625,30.6908758,76.7115701,4.42,0.13933399319648743,0.0014425371773540974,E
90.88703918457031,90.93882751464844,0.051788330078125,30.690902,76.7115822,2.79,0.9759930968284607,0.05054505169391632,E
90.95954895019531,91.0009765625,0.0414276123046875,30.690902,76.7115822,2.79,0.24358747899532318,0.010091247968375683,E
91.53961181640625,91.59140014648438,0.051788330078125,30.690902,76.7115822,2.79,0.9204395413398743,0.04766802862286568,E
95.49646759033203,95.50682067871094,0.01035308837890625,30.6909879,76.7116475,2.95,0.3629635274410248,0.0037577934563159943,E
95.51718139648438,95.53789520263672,0.02071380615234375,30.6909879,76.7116475,2.95,0.3064998388290405,0.006348778028041124,E
95.6414794921875,95.65184020996094,0.0103607177734375,30.6910128,76.7116693,3.9,0.2238660752773285,0.002319413237273693,E
118.41924285888672,118.42962646484375,0.01038360595703125,30.6915075,76.7124305,3.2,0.24079735577106476,0.002500344766303897,E
125.39032745361328,125.43177795410156,0.04145050048828125,30.6916161,76.7126089,1.93,0.450049489736557,0.018654776737093925,E
125.4421157836914,125.45249938964844,0.01038360595703125,30.6916161,76.7126089,1.93,0.3073326051235199,0.003191220574080944,E
129.66827392578125,129.67861938476562,0.010345458984375,30.6916794,76.71271,2.7,0.253988653421402,0.0026276290882378817,E
129.7200469970703,129.7304229736328,0.0103759765625,30.6916794,76.71271,2.7,0.2942672073841095,0.003053309628739953,E
129.7407684326172,129.7511444091797,0.0103759765625,30.6916794,76.71271,2.7,0.26102423667907715,0.002708381274715066,E
129.77186584472656,129.78219604492188,0.0103302001953125,30.6916794,76.71271,2.7,0.2789958715438843,0.0028820831794291735,E
130.22760009765625,130.23797607421875,0.0103759765625,30.6916794,76.71271,2.7,0.21285192668437958,0.0022085465025156736,E
130.33119201660156,130.34153747558594,0.010345458984375,30.6916794,76.71271,2.7,0.2438468039035797,0.0025227072183042765,E
132.40281677246094,132.41317749023438,0.0103607177734375,30.6917103,76.7127613,3.29,0.19071464240550995,0.00197594054043293,E
132.7239227294922,132.76536560058594,0.04144287109375,30.691731,76.7127954,4.23,0.2820439040660858,0.011688709259033203,E
156.39231872558594,156.40269470214844,0.0103759765625,30.6924628,76.7137159,1.64,0.2769831418991089,0.0028739706613123417,E
159.6551513671875,159.66549682617188,0.010345458984375,30.6925511,76.7136527,3.69,0.20876696705818176,0.0021597901359200478,E
159.71730041503906,159.7276611328125,0.0103607177734375,30.6925511,76.7136527,3.69,0.16332557797431946,0.0016921701608225703,E
159.7587432861328,159.7690887451172,0.010345458984375,30.6925511,76.7136527,3.69,0.187740296125412,0.0019422594923526049,E
159.883056640625,159.8933868408203,0.0103302001953125,30.6925511,76.7136527,3.69,0.28355613350868225,0.0029291915707290173,E
159.92446899414062,159.934814453125,0.010345458984375,30.6925511,76.7136527,3.69,0.24541975557804108,0.002538979984819889,E
159.9451904296875,159.95553588867188,0.010345458984375,30.6925511,76.7136527,3.69,0.325727641582489,0.0033698019105941057,E
159.96591186523438,159.9762420654297,0.0103302001953125,30.6925511,76.7136527,3.69,0.3218974769115448,0.0033252653665840626,E
160.1212615966797,160.13162231445312,0.0103607177734375,30.6925511,76.7136527,3.69,0.27875685691833496,0.0028881211765110493,E
160.3387908935547,160.3491668701172,0.0103759765625,30.6925511,76.7136527,3.69,0.20260539650917053,0.0021022288128733635,E
160.38023376464844,160.3905792236328,0.010345458984375,30.6925511,76.7136527,3.69,0.18749120831489563,0.0019396826392039657,E
161.8407440185547,161.88217163085938,0.0414276123046875,30.6926147,76.7136021,4.72,0.24001938104629517,0.009943430311977863,E
162.42079162597656,162.44151306152344,0.020721435546875,30.6926147,76.7136021,4.72,0.1547653079032898,0.0032069594599306583,E
162.48294067382812,162.503662109375,0.020721435546875,30.6926147,76.7136021,4.72,0.19569997489452362,0.0040551843121647835,E
165.35214233398438,165.36251831054688,0.0103759765625,30.6927145,76.7135165,4.0,0.11256202310323715,0.0011679409071803093,E
166.55368041992188,166.6469268798828,0.0932464599609375,30.6927552,76.713482,2.47,0.1826498806476593,0.017031455412507057,E
166.7090606689453,166.8540802001953,0.14501953125,30.6927552,76.713482,2.47,0.5346879959106445,0.07754020392894745,E
166.86444091796875,166.9473114013672,0.0828704833984375,30.6927552,76.713482,2.47,0.7567713856697083,0.06271401047706604,E
167.58950805664062,167.69308471679688,0.10357666015625,30.6927714,76.7134715,2.03,0.2001143991947174,0.020727181807160378,E
167.8173828125,167.99346923828125,0.17608642578125,30.6927714,76.7134715,2.03,0.20549464225769043,0.03618481755256653,E
169.7750701904297,169.7958221435547,0.020751953125,30.6928096,76.7134509,2.56,0.3444131314754486,0.007147245109081268,E
170.2515411376953,170.60372924804688,0.3521881103515625,30.6928096,76.7134509,2.56,0.4531095027923584,0.1595797836780548,E
170.6140899658203,171.10092163085938,0.4868316650390625,30.6928307,76.7134536,2.29,0.687469482421875,0.334681898355484,E
171.13198852539062,171.1527099609375,0.020721435546875,30.6928307,76.7134536,2.29,0.25904202461242676,0.005367722827941179,E
171.16307067871094,173.2450714111328,2.082000732421875,30.6928467,76.713468,2.26,0.7301531434059143,1.5201793909072876,E
175.74136352539062,175.82423400878906,0.0828704833984375,30.6929104,76.7135392,2.43,0.234125018119812,0.019402053207159042,E
175.8345947265625,177.02577209472656,1.1911773681640625,30.6929104,76.7135392,2.43,0.28423383831977844,0.3385729193687439,E
177.09829711914062,179.07669067382812,1.9783935546875,30.6929487,76.7135421,2.02,0.542526125907898,1.0733301639556885,E
180.73397827148438,180.7443389892578,0.0103607177734375,30.6930098,76.713495,3.6,0.18638966977596283,0.001931130769662559,E
182.17376708984375,182.21519470214844,0.0414276123046875,30.6930424,76.713469,4.68,0.14716656506061554,0.006096759345382452,E
183.116455078125,183.12673950195312,0.010284423828125,30.6930828,76.7134365,6.21,0.14576506614685059,0.0014991096686571836,E
183.5824737548828,183.60317993164062,0.0207061767578125,30.6930828,76.7134365,6.21,0.23674166202545166,0.004902014508843422,E
183.71713256835938,183.72747802734375,0.010345458984375,30.6931348,76.7133937,7.39,0.3226991891860962,0.0033384712878614664,E
183.92428588867188,183.94500732421875,0.020721435546875,30.6931348,76.7133937,7.39,0.17599549889564514,0.003646879456937313,E
184.3075408935547,184.31790161132812,0.0103607177734375,30.6931348,76.7133937,7.39,0.31136849522590637,0.0032260010484606028,E
184.33860778808594,184.34896850585938,0.0103607177734375,30.6931348,76.7133937,7.39,0.3096601963043213,0.0032083019614219666,E
184.79437255859375,184.8047332763672,0.0103607177734375,30.6931867,76.7133503,7.25,0.2688799500465393,0.0027857893146574497,E
184.8772430419922,184.91867065429688,0.0414276123046875,30.6931867,76.7133503,7.25,0.3411405086517334,0.014132636599242687,E
185.10511779785156,185.115478515625,0.0103607177734375,30.6931867,76.7133503,7.25,0.2487499862909317,0.002577228471636772,E
185.12583923339844,185.1569061279297,0.03106689453125,30.6931867,76.7133503,7.25,0.5727540850639343,0.017793690785765648,E
190.3981170654297,190.4499053955078,0.051788330078125,30.6934664,76.7131153,8.01,0.8061960339546204,0.041751544922590256,E
190.46026611328125,190.53277587890625,0.072509765625,30.6934664,76.7131153,8.01,0.8640961647033691,0.06265541166067123,E
190.58456420898438,190.5949249267578,0.0103607177734375,30.6934664,76.7131153,8.01,0.3821503221988678,0.003959351684898138,E
190.60528564453125,190.6156463623047,0.0103607177734375,30.6935267,76.7130658,7.61,0.3189024329185486,0.0033040582202374935,E
190.69850158691406,190.7088623046875,0.0103607177734375,30.6935267,76.7130658,7.61,0.2677500247955322,0.0027740823570638895,E
190.71922302246094,190.76065063476562,0.0414276123046875,30.6935267,76.7130658,7.61,0.7670860886573792,0.031778544187545776,E
190.77101135253906,190.80209350585938,0.0310821533203125,30.6935267,76.7130658,7.61,0.41174250841140747,0.012797843664884567,E
192.3143768310547,192.3350830078125,0.0207061767578125,30.6935778,76.7130227,7.26,0.29434671998023987,0.006094795186072588,E
192.37652587890625,192.3868865966797,0.0103607177734375,30.6935778,76.7130227,7.26,0.41319385170936584,0.004280984867364168,E
197.01695251464844,197.0791015625,0.0621490478515625,30.6938138,76.7128206,6.66,0.3407682776451111,0.02117842435836792,E
197.08946228027344,197.1101837158203,0.020721435546875,30.6938138,76.7128206,6.66,0.3522498309612274,0.007299122400581837,E
197.1930389404297,197.20339965820312,0.0103607177734375,30.6938138,76.7128206,6.66,0.1394052654504776,0.0014443385880440474,E
198.46710205078125,198.47744750976562,0.010345458984375,30.69386,76.7127805,6.38,0.29291966557502747,0.003030388383194804,E
208.7216339111328,208.8666534423828,0.14501953125,30.6942884,76.7124394,6.08,0.34057703614234924,0.04939032346010208,E
208.87701416015625,208.88735961914062,0.010345458984375,30.6942884,76.7124394,6.08,0.1374286413192749,0.0014217623975127935,E
253.9864501953125,253.99681091308594,0.0103607177734375,30.6963384,76.710736,9.26,0.4307495951652527,0.004462874960154295,E
254.00717163085938,254.0796661376953,0.0724945068359375,30.6963384,76.710736,9.26,1.1964031457901,0.0867326557636261,E
254.09002685546875,254.21432495117188,0.124298095703125,30.6963384,76.710736,9.26,1.57064950466156,0.19522874057292938,E
254.2246856689453,254.24539184570312,0.0207061767578125,30.6963384,76.710736,9.26,0.4505927860736847,0.009330053813755512,E
254.25575256347656,254.28683471679688,0.0310821533203125,30.6963384,76.710736,9.26,0.9740914702415466,0.030276861041784286,E
254.2971954345703,254.3075408935547,0.010345458984375,30.6963384,76.710736,9.26,0.3696804344654083,0.0038245138712227345,E
254.31790161132812,254.338623046875,0.020721435546875,30.6963384,76.710736,9.26,0.40718874335289,0.008437535725533962,E
255.76803588867188,255.88197326660156,0.1139373779296875,30.6964745,76.7106275,9.28,0.43723219633102417,0.04981708899140358,E
256.4723815917969,256.48272705078125,0.010345458984375,30.6964745,76.7106275,9.28,0.3499133288860321,0.0036200140602886677,E
257.0006408691406,257.05242919921875,0.051788330078125,30.6965423,76.7105691,9.55,0.42412787675857544,0.021964874118566513,E
257.0627746582031,257.12493896484375,0.062164306640625,30.6965423,76.7105691,9.55,0.8393582105636597,0.052178122103214264,E
257.1663513183594,257.19744873046875,0.031097412109375,30.6965423,76.7105691,9.55,0.600939929485321,0.018687676638364792,E
257.25958251953125,257.3217468261719,0.062164306640625,30.6965423,76.7105691,9.55,0.7900738716125488,0.049114394932985306,E
270.4764099121094,270.4867858886719,0.0103759765625,30.6973732,76.7098519,8.98,0.2838609218597412,0.0029453341849148273,E
271.4707946777344,271.48114013671875,0.010345458984375,30.697447,76.7097878,9.58,0.29299241304397583,0.0030311408918350935,E
271.6676025390625,271.6779479980469,0.010345458984375,30.6975159,76.7097307,10.2,0.29918918013572693,0.0030952494125813246,E
271.729736328125,271.7401123046875,0.0103759765625,30.6975159,76.7097307,10.2,0.17551755905151367,0.0018211661372333765,E
271.7815246582031,271.7919006347656,0.0103759765625,30.6975159,76.7097307,10.2,0.2859653830528259,0.0029671702068299055,E
272.9416198730469,272.9519958496094,0.0103759765625,30.6975942,76.7096653,10.83,0.2150658816099167,0.002231518505141139,E
273.1488037109375,273.1591491699219,0.010345458984375,30.6975942,76.7096653,10.83,0.2042737752199173,0.00211330596357584,E
285.6716613769531,285.7027282714844,0.03106689453125,30.6985943,76.7088497,8.8,0.21555456519126892,0.00669661071151495,E
285.71307373046875,285.7337951660156,0.020721435546875,30.6985943,76.7088497,8.8,0.20209921896457672,0.004187786020338535,E
285.744140625,285.85809326171875,0.11395263671875,30.6985943,76.7088497,8.8,0.4566623270511627,0.05203787609934807,E
285.8995361328125,285.9098815917969,0.010345458984375,30.6985943,76.7088497,8.8,0.29280945658683777,0.003029248211532831,E
285.9513244628906,286.0341796875,0.082855224609375,30.6985943,76.7088497,8.8,0.5479954481124878,0.045404285192489624,E
286.0549011230469,286.1170349121094,0.0621337890625,30.6985943,76.7088497,8.8,0.6788522005081177,0.0421796590089798,E
286.1584777832031,286.4070739746094,0.24859619140625,30.6985943,76.7088497,8.8,3.454479455947876,0.8587704300880432,E
287.9814758300781,288.0539855957031,0.072509765625,30.6986973,76.7087475,6.86,0.3234005868434906,0.023449700325727463,E
290.7574462890625,290.7781677246094,0.020721435546875,30.6988196,76.7086427,4.27,0.3053227961063385,0.006326726637780666,E
292.62188720703125,292.6322326660156,0.010345458984375,30.6988886,76.7086244,3.88,0.15780964493751526,0.0016326132463291287,E
292.97406005859375,293.04656982421875,0.072509765625,30.6988886,76.7086244,3.88,0.5439205765724182,0.03943955525755882,E
293.22265625,293.2640686035156,0.041412353515625,30.6988886,76.7086244,3.88,0.1868218183517456,0.007736731320619583,E
293.39874267578125,294.6520690917969,1.253326416015625,30.6989254,76.7086356,4.28,0.5402918457984924,0.6771620512008667,E
294.67279052734375,294.6935119628906,0.020721435546875,30.698958,76.7086567,4.23,0.35657063126564026,0.007388655561953783,E
298.2255859375,298.4327392578125,0.2071533203125,30.6990511,76.7087793,5.64,2.4021496772766113,0.4976132810115814,E
298.443115234375,298.46380615234375,0.02069091796875,30.6990511,76.7087793,5.64,0.757695734500885,0.015677420422434807,E
298.5052490234375,298.5155944824219,0.010345458984375,30.6990511,76.7087793,5.64,0.44789594411849976,0.004633689299225807,E
298.6606140136719,298.7020568847656,0.04144287109375,30.6990799,76.7088276,5.42,0.44537538290023804,0.01845763437449932,E
298.7331237792969,298.8367004394531,0.10357666015625,30.6990799,76.7088276,5.42,0.8097208738327026,0.08386818319559097,E
301.27081298828125,301.4986877441406,0.227874755859375,30.6991375,76.7089044,4.17,0.21303044259548187,0.0485442616045475,E
301.56085205078125,301.5711975097656,0.010345458984375,30.6991375,76.7089044,4.17,0.20604069530963898,0.0021315854974091053,E
301.5815734863281,301.5919189453125,0.010345458984375,30.6991375,76.7089044,4.17,0.20974412560462952,0.0021698991768062115,E
301.6126403808594,301.9233703613281,0.31072998046875,30.699163,76.7089207,2.77,0.2634206712245941,0.08185269683599472,E
302.0062561035156,302.0166015625,0.010345458984375,30.699163,76.7089207,2.77,0.21876534819602966,0.002263227943331003,E
302.0373229980469,302.7209777832031,0.68365478515625,30.699163,76.7089207,2.77,0.7846375107765198,0.5364211797714233,E
302.8452453613281,302.90740966796875,0.062164306640625,30.699189,76.7089288,2.47,0.29913488030433655,0.018595512956380844,E
303.05242919921875,304.80291748046875,1.75048828125,30.69921,76.7089221,2.5,0.4902845323085785,0.8582373261451721,E
304.9582824707031,304.9686584472656,0.0103759765625,30.6992313,76.708908,2.86,0.3050394356250763,0.003165082074701786,E
304.9893798828125,305.0307922363281,0.041412353515625,30.6992313,76.708908,2.86,0.3122246265411377,0.012929956428706646,E
305.14471435546875,305.17578125,0.03106689453125,30.6992313,76.708908,2.86,0.3671790063381195,0.011407111771404743,E
305.1965026855469,305.21722412109375,0.020721435546875,30.6992313,76.708908,2.86,0.3126192092895508,0.006477918941527605,E
305.49688720703125,305.50726318359375,0.0103759765625,30.6992313,76.708908,2.86,0.3763575851917267,0.003905077464878559,E
309.16363525390625,309.1739807128906,0.010345458984375,30.6993625,76.7087929,6.37,0.20423585176467896,0.0021129136439412832,E
309.1947021484375,309.23614501953125,0.04144287109375,30.6993625,76.7087929,6.37,0.1928330361843109,0.007991554215550423,E
309.2464904785156,309.2568359375,0.010345458984375,30.6993625,76.7087929,6.37,0.29469388723373413,0.003048743586987257,E
309.2879333496094,309.29827880859375,0.010345458984375,30.6993625,76.7087929,6.37,0.20315416157245636,0.0021017231047153473,E
309.329345703125,309.3397216796875,0.0103759765625,30.6993625,76.7087929,6.37,0.29188987612724304,0.0030286426190286875,E
309.37078857421875,309.3811340332031,0.010345458984375,30.6993625,76.7087929,6.37,0.1188795268535614,0.0012298632645979524,E
309.4122314453125,309.4225769042969,0.010345458984375,30.6993625,76.7087929,6.37,0.1917828470468521,0.0019840814638882875,E
309.44329833984375,309.4640197753906,0.020721435546875,30.6993625,76.7087929,6.37,0.1495586484670639,0.003099069930613041,E
309.4847106933594,309.51580810546875,0.031097412109375,30.6993625,76.7087929,6.37,0.4456462860107422,0.013858445920050144,E
309.5261535644531,309.546875,0.020721435546875,30.6993625,76.7087929,6.37,0.4848782420158386,0.010047373361885548,E
309.5572204589844,309.57794189453125,0.020721435546875,30.6993625,76.7087929,6.37,0.18445049226284027,0.0038220789283514023,E
309.619384765625,309.65045166015625,0.03106689453125,30.6994133,76.7087488,7.18,0.28853994607925415,0.00896404031664133,E
309.6607971191406,309.6711730957031,0.0103759765625,30.6994133,76.7087488,7.18,0.32316702604293823,0.00335317337885499,E
309.71258544921875,309.72296142578125,0.0103759765625,30.6994133,76.7087488,7.18,0.269187867641449,0.002793086925521493,E
309.78509521484375,309.79547119140625,0.0103759765625,30.6994133,76.7087488,7.18,0.1907789558172226,0.0019795179832726717,E
309.8472595214844,309.85760498046875,0.010345458984375,30.6994133,76.7087488,7.18,0.24977074563503265,0.002583992900326848,E
309.86798095703125,309.8783264160156,0.010345458984375,30.6994133,76.7087488,7.18,0.15203827619552612,0.001572905806824565,E
310.00262451171875,310.0233459472656,0.020721435546875,30.6994133,76.7087488,7.18,0.097089983522892,0.0020118437241762877,E
311.7013244628906,312.146728515625,0.445404052734375,30.6995212,76.7086608,7.05,7.273996353149414,3.2398674488067627,E
312.1570739746094,312.17779541015625,0.020721435546875,30.6995212,76.7086608,7.05,0.6160368919372559,0.012765169143676758,E
312.18817138671875,312.25030517578125,0.0621337890625,30.6995212,76.7086608,7.05,0.36492660641670227,0.02267427369952202,E
312.26068115234375,312.2710266113281,0.010345458984375,30.6995212,76.7086608,7.05,0.25686120986938477,0.0026573471259325743,E
312.2813720703125,312.291748046875,0.0103759765625,30.6995212,76.7086608,7.05,0.20252755284309387,0.0021014211233705282,E
312.4263916015625,312.436767578125,0.0103759765625,30.6995212,76.7086608,7.05,0.4129010736942291,0.004284251946955919,E
312.4471130371094,312.45745849609375,0.010345458984375,30.6995212,76.7086608,7.05,0.4109947383403778,0.004251929000020027,E
312.4781799316406,312.4885559082031,0.0103759765625,30.6995212,76.7086608,7.05,0.22382795810699463,0.0023224337492138147,E
323.1676330566406,323.5612487792969,0.39361572265625,30.7002132,76.7080907,10.6,6.182036876678467,2.43334698677063,E
323.5923156738281,323.6234130859375,0.031097412109375,30.7002904,76.7080261,10.35,0.2737712860107422,0.008513578213751316,E
323.6337585449219,323.6752014160156,0.04144287109375,30.7002904,76.7080261,10.35,0.8268634080886841,0.034267593175172806,E
323.685546875,323.6958923339844,0.010345458984375,30.7002904,76.7080261,10.35,0.6992717385292053,0.007234286982566118,E
323.71661376953125,323.7373352050781,0.020721435546875,30.7002904,76.7080261,10.35,0.29947134852409363,0.006205476354807615,E
323.7476806640625,323.758056640625,0.0103759765625,30.7002904,76.7080261,10.35,0.23632025718688965,0.002452053362503648,E
323.86163330078125,323.8927001953125,0.03106689453125,30.7002904,76.7080261,10.35,0.6438542604446411,0.02000255323946476,E
323.903076171875,323.99627685546875,0.09320068359375,30.7002904,76.7080261,10.35,0.85965496301651,0.08012042939662933,E
324.00665283203125,324.0169982910156,0.010345458984375,30.7002904,76.7080261,10.35,1.1036207675933838,0.011417463421821594,E
324.0273742675781,324.0480651855469,0.02069091796875,30.7002904,76.7080261,10.35,0.5554805994033813,0.01149340346455574,E
324.0584411621094,324.06878662109375,0.010345458984375,30.7002904,76.7080261,10.35,0.16605882346630096,0.0017179547576233745,E
327.1140441894531,327.1244201660156,0.0103759765625,30.7005016,76.7078536,8.72,0.15201498568058014,0.0015773039776831865,E
327.134765625,327.1554870605469,0.020721435546875,30.7005016,76.7078536,8.72,0.31881117820739746,0.00660622538998723,E
327.16583251953125,327.2176208496094,0.051788330078125,30.7005016,76.7078536,8.72,2.160534381866455,0.11189046502113342,E
327.2279968261719,327.23834228515625,0.010345458984375,30.7005016,76.7078536,8.72,0.31727996468544006,0.003282406833022833,E
327.24871826171875,327.2590637207031,0.010345458984375,30.7005016,76.7078536,8.72,0.3519632816314697,0.003641221672296524,E
327.27978515625,327.3315734863281,0.051788330078125,30.7005016,76.7078536,8.72,1.6723196506500244,0.08660664409399033,E
327.3419189453125,327.352294921875,0.0103759765625,30.7005016,76.7078536,8.72,0.3808712363243103,0.003951910883188248,E
327.3626403808594,327.3937072753906,0.03106689453125,30.7005016,76.7078536,8.72,0.40450769662857056,0.012566798366606236,E
327.4040832519531,327.51800537109375,0.113922119140625,30.7005016,76.7078536,8.72,0.7219788432121277,0.08224935829639435,E
327.52838134765625,327.5491027832031,0.020721435546875,30.7005016,76.7078536,8.72,0.3830462396144867,0.007937268353998661,E
327.5697937011719,327.5801696777344,0.0103759765625,30.7005016,76.7078536,8.72,0.29737451672554016,0.0030855510849505663,E
327.59051513671875,327.6112365722656,0.020721435546875,30.7005619,76.707801,8.5,0.4674474000930786,0.00968618132174015,E
327.62158203125,327.6423034667969,0.020721435546875,30.7005619,76.707801,8.5,0.36767178773880005,0.007618687115609646,E
327.66302490234375,327.6733703613281,0.010345458984375,30.7005619,76.707801,8.5,0.3376181125640869,0.0034928142558783293,E
327.6837463378906,327.694091796875,0.010345458984375,30.7005619,76.707801,8.5,0.43061333894729614,0.004454892594367266,E
327.7251892089844,327.7562561035156,0.03106689453125,30.7005619,76.707801,8.5,0.5386571288108826,0.016734404489398003,E
331.05010986328125,331.0604553222656,0.010345458984375,30.7007597,76.7076374,9.55,0.2083895206451416,0.0021558853331953287,E
331.12261962890625,331.1329650878906,0.010345458984375,30.7007597,76.7076374,9.55,0.20585227012634277,0.002129636239260435,E
341.0352478027344,341.0663146972656,0.03106689453125,30.7013629,76.7071261,6.29,0.32132840156555176,0.009982675313949585,E
341.1492004394531,341.1595458984375,0.010345458984375,30.7013629,76.7071261,6.29,0.23496481776237488,0.0024308189749717712,E
341.40814208984375,341.4184875488281,0.010345458984375,30.7013629,76.7071261,6.29,0.2224491983652115,0.0023013390600681305,E
342.5164489746094,342.52679443359375,0.010345458984375,30.7014123,76.7070844,6.92,0.14059098064899445,0.0014544782461598516,E
342.53717041015625,342.5475158691406,0.010345458984375,30.7014123,76.7070844,6.92,0.24812369048595428,0.0025669534225016832,E
352.5015869140625,352.6258850097656,0.124298095703125,30.7019837,76.706615,5.24,0.18489399552345276,0.022981971502304077,E
352.6465759277344,352.66729736328125,0.020721435546875,30.7020244,76.7065884,5.19,0.3039141297340393,0.006297537125647068,E
352.7915954589844,352.8019714355469,0.0103759765625,30.7020244,76.7065884,5.19,0.1399892270565033,0.0014525249134749174,E
352.81231689453125,353.050537109375,0.23822021484375,30.7020244,76.7065884,5.19,0.21414892375469208,0.051014602184295654,E
353.0816345214844,353.09197998046875,0.010345458984375,30.7020244,76.7065884,5.19,0.14142486453056335,0.0014631050871685147,E
353.26806640625,353.2784423828125,0.0103759765625,30.7020244,76.7065884,5.19,0.13457250595092773,0.0013963212259113789,E
353.2887878417969,353.38201904296875,0.093231201171875,30.7020244,76.7065884,5.19,0.1492292582988739,0.013912823051214218,E
353.8895568847656,353.89990234375,0.010345458984375,30.7020605,76.7065612,4.79,0.22982831299304962,0.0023776793386787176,E
353.9102783203125,353.93096923828125,0.02069091796875,30.7020605,76.7065612,4.79,0.40026119351387024,0.008281771093606949,E
353.9620666503906,354.0656433105469,0.10357666015625,30.7020605,76.7065612,4.79,0.47014111280441284,0.0486956462264061,E
354.1277770996094,354.14849853515625,0.020721435546875,30.7020605,76.7065612,4.79,0.40164652466773987,0.008322692476212978,E
358.416015625,358.5403137207031,0.124298095703125,30.7022652,76.7063647,8.7,0.8265710473060608,0.10274120420217514,E
358.5506591796875,358.56103515625,0.0103759765625,30.7022652,76.7063647,8.7,0.3977225124835968,0.004126759245991707,E
358.6438903808594,358.65423583984375,0.010345458984375,30.7023224,76.7063126,8.6,0.2836502194404602,0.002934491727501154,E
358.66461181640625,358.6749572753906,0.010345458984375,30.7023224,76.7063126,8.6,0.30613940954208374,0.0031671526376158,E
358.6956787109375,358.7060241699219,0.010345458984375,30.7023224,76.7063126,8.6,0.22196894884109497,0.0022963706869632006,E
360.85015869140625,360.870849609375,0.02069091796875,30.7024593,76.7061979,9.37,0.17976215481758118,0.0037194439209997654,E
360.8915710449219,360.9019470214844,0.0103759765625,30.7024593,76.7061979,9.37,0.15870295464992523,0.001646698103286326,E
361.11944580078125,361.1401672363281,0.020721435546875,30.7024593,76.7061979,9.37,0.24349689483642578,0.005045605357736349,E
366.41241455078125,366.4434814453125,0.03106689453125,30.7028137,76.7059071,9.91,0.6071540117263794,0.018862389028072357,E
366.47454833984375,366.5367126464844,0.062164306640625,30.7028137,76.7059071,9.91,1.4794955253601074,0.09197181463241577,E
366.54705810546875,366.5677795410156,0.020721435546875,30.7028137,76.7059071,9.91,0.2802219092845917,0.005806600209325552,E
366.6610107421875,366.7334899902344,0.072479248046875,30.7028889,76.7058442,9.57,0.4195910096168518,0.03041164018213749,E
366.76458740234375,366.795654296875,0.03106689453125,30.7028889,76.7058442,9.57,0.432668000459671,0.013441651128232479,E
366.8163757324219,366.82672119140625,0.010345458984375,30.7028889,76.7058442,9.57,0.4073617160320282,0.004214344080537558,E
366.83709716796875,366.8577880859375,0.02069091796875,30.7028889,76.7058442,9.57,0.37164968252182007,0.007689773105084896,E
366.9302978515625,366.940673828125,0.0103759765625,30.7028889,76.7058442,9.57,0.3145116865634918,0.0032633659429848194,E
367.4792785644531,367.4896545410156,0.0103759765625,30.7028889,76.7058442,9.57,0.16923050582408905,0.0017559317639097571,E
367.5932312011719,367.64501953125,0.051788330078125,30.7029515,76.705792,8.9,1.2721092700958252,0.0658804178237915,E
367.6553649902344,368.0697021484375,0.414337158203125,30.7029515,76.705792,8.9,1.9397262334823608,0.8037006258964539,E
368.0800476074219,368.10076904296875,0.020721435546875,30.7029515,76.705792,8.9,0.5400023460388184,0.011189623735845089,E
368.1111145019531,368.1318359375,0.020721435546875,30.7029515,76.705792,8.9,0.2510875165462494,0.005202893633395433,E
368.1421813964844,368.2146911621094,0.072509765625,30.7029515,76.705792,8.9,0.5174678564071655,0.037521474063396454,E
368.27685546875,368.3182678222656,0.041412353515625,30.7029515,76.705792,8.9,0.2634839117527008,0.01091148890554905,E
372.6997375488281,372.7308044433594,0.03106689453125,30.7032191,76.7055525,6.1,0.38387349247932434,0.011925756931304932,E
372.74114990234375,372.8758239746094,0.134674072265625,30.7032191,76.7055525,6.1,1.8503687381744385,0.24919669330120087,E
372.88616943359375,372.8965148925781,0.010345458984375,30.7032191,76.7055525,6.1,0.41413626074790955,0.004284429829567671,E
372.917236328125,372.9379577636719,0.020721435546875,30.7032191,76.7055525,6.1,0.5363693237304688,0.011114342138171196,E
373.0519104003906,373.2279968261719,0.17608642578125,30.7032191,76.7055525,6.1,2.2678236961364746,0.3993329703807831,E
373.23834228515625,373.27978515625,0.04144287109375,30.7032191,76.7055525,6.1,0.33035197854042053,0.013690734282135963,E
373.3211975097656,373.3315734863281,0.0103759765625,30.7032191,76.7055525,6.1,0.19505946338176727,0.00202393252402544,E
374.615966796875,374.6263122558594,0.010345458984375,30.7033046,76.7054779,6.4,0.26899459958076477,0.0027828726451843977,E
374.9681396484375,374.9784851074219,0.010345458984375,30.7033046,76.7054779,6.4,0.27375221252441406,0.0028320923447608948,E
375.14422607421875,375.17529296875,0.03106689453125,30.7033046,76.7054779,6.4,0.6957419514656067,0.021614542230963707,E
375.1856384277344,375.1960144042969,0.0103759765625,30.7033046,76.7054779,6.4,0.826508104801178,0.00857582874596119,E
375.20635986328125,375.247802734375,0.04144287109375,30.7033046,76.7054779,6.4,0.8858282566070557,0.03671126440167427,E
375.2581481933594,375.2685241699219,0.0103759765625,30.7033046,76.7054779,6.4,0.4366185665130615,0.004530344158411026,E
375.27886962890625,375.2892150878906,0.010345458984375,30.7033046,76.7054779,6.4,0.33472445607185364,0.003462878055870533,E
375.3099365234375,375.3824462890625,0.072509765625,30.7033046,76.7054779,6.4,0.8407745361328125,0.06096436455845833,E
375.3927917480469,375.4031677246094,0.0103759765625,30.7033046,76.7054779,6.4,0.34069719910621643,0.0035350662656128407,E
375.41351318359375,375.42388916015625,0.0103759765625,30.7033046,76.7054779,6.4,0.3975072503089905,0.004124525934457779,E
376.83258056640625,377.2676086425781,0.435028076171875,30.7034138,76.705387,7.86,4.24898624420166,1.8484283685684204,E
377.2986755371094,377.31939697265625,0.020721435546875,30.7034138,76.705387,7.86,0.4892463684082031,0.010137886740267277,E
377.3504638671875,377.3711853027344,0.020721435546875,30.7034138,76.705387,7.86,0.3866003155708313,0.008010913617908955,E
377.39190673828125,377.4022521972656,0.010345458984375,30.7034138,76.705387,7.86,0.20115678012371063,0.0020810591522604227,E
379.5567321777344,379.63958740234375,0.082855224609375,30.7036053,76.7052266,9.19,0.2447519600391388,0.02027897909283638,E
379.6603088378906,379.6810302734375,0.020721435546875,30.7036053,76.7052266,9.19,0.2675379812717438,0.0055437711998820305,E
379.84674072265625,379.85711669921875,0.0103759765625,30.7036053,76.7052266,9.19,0.15751203894615173,0.001634341198951006,E
379.8778076171875,379.88818359375,0.0103759765625,30.7036053,76.7052266,9.19,0.16256503760814667,0.0016867710510268807,E
379.9089050292969,379.92962646484375,0.020721435546875,30.7036053,76.7052266,9.19,0.1883559226989746,0.003903005039319396,E
381.3486633300781,381.3590087890625,0.010345458984375,30.7036749,76.7051659,9.7,0.1970585137605667,0.002038660692051053,E
381.7319030761719,381.74224853515625,0.010345458984375,30.7037451,76.7051048,9.83,0.2214430272579193,0.0022909296676516533,E
387.1802062988281,387.200927734375,0.020721435546875,30.7040638,76.7048442,7.24,0.3740139901638031,0.007750106975436211,E
387.2216491699219,387.23199462890625,0.010345458984375,30.7040638,76.7048442,7.24,0.3975851833820343,0.004113201051950455,E
387.2837829589844,387.2941589355469,0.0103759765625,30.7040638,76.7048442,7.24,0.4315972924232483,0.004478243179619312,E
387.44952392578125,387.5013122558594,0.051788330078125,30.7040638,76.7048442,7.24,0.5125688314437866,0.0265450831502676,E
387.52203369140625,387.5531005859375,0.03106689453125,30.7040638,76.7048442,7.24,0.17430877685546875,0.005415232386440039,E
387.64630126953125,387.65667724609375,0.0103759765625,30.7041149,76.7048004,7.06,0.305011123418808,0.003164788242429495,E
387.7705993652344,387.7809753417969,0.0103759765625,30.7041149,76.7048004,7.06,0.29975375533103943,0.0031102378852665424,E
398.2632141113281,398.3046569824219,0.04144287109375,30.7046279,76.7043671,2.86,0.36796826124191284,0.015249661169946194,E
400.0551452636719,400.0655212402344,0.0103759765625,30.7046612,76.7043352,2.2,0.25340530276298523,0.0026293275877833366,E
400.39697265625,400.5937805175781,0.196807861328125,30.7046612,76.7043352,2.2,0.2699260115623474,0.053123559802770615,E
3.462101697921753,3.482816696166992,0.020714998245239258,30.7103733,76.7130017,1.53,0.31750035285949707,0.006577019114047289,F
5.4611005783081055,5.471482753753662,0.01038217544555664,30.7103954,76.7129832,0.96,0.2082759141921997,0.0021623570937663317,F
5.481815338134766,5.492176055908203,0.0103607177734375,30.7103954,76.7129832,0.96,0.2972409427165985,0.0030796295031905174,F
5.502530574798584,5.523245811462402,0.02071523666381836,30.7103954,76.7129832,0.96,0.2081654816865921,0.004312197212129831,F
6.175781726837158,6.186125755310059,0.01034402847290039,30.7104033,76.7129763,1.18,0.30046752095222473,0.003108044620603323,F
6.786861419677734,6.7972187995910645,0.010357379913330078,30.7104033,76.7129763,1.18,0.23297323286533356,0.0024129922967404127,F
7.066514492034912,7.076878547668457,0.010364055633544922,30.7104167,76.7129642,2.26,0.233903706073761,0.0024241909850388765,F
7.957282543182373,7.9676289558410645,0.010346412658691406,30.7104374,76.7129464,3.31,0.14943218231201172,0.0015460869763046503,F
8.526923179626465,8.537301063537598,0.010377883911132812,30.7104374,76.7129464,3.31,0.20877449214458466,0.0021666374523192644,F
10.795231819152832,10.805575370788574,0.010343551635742188,30.7105012,76.7128916,5.5,0.23647014796733856,0.0024459410924464464,F
10.857372283935547,10.867749214172363,0.010376930236816406,30.7105012,76.7128916,5.5,0.10422570258378983,0.0010815428104251623,F
11.634176254272461,11.64453411102295,0.010357856750488281,30.7105478,76.7128511,6.97,0.11509986966848373,0.001192188006825745,F
12.265984535217285,12.276341438293457,0.010356903076171875,30.7106041,76.7128065,8.27,0.11424897611141205,0.0011832655873149633,F
12.410989761352539,12.4317045211792,0.020714759826660156,30.7106041,76.7128065,8.27,0.12598209083080292,0.00260968878865242,F
12.638854026794434,12.649211883544922,0.010357856750488281,30.7106041,76.7128065,8.27,0.10966848582029343,0.0011359304189682007,F
13.291377067565918,13.301734924316406,0.010357856750488281,30.7106732,76.7127545,9.75,0.11110971122980118,0.0011508584721013904,F
13.353522300720215,13.384594917297363,0.031072616577148438,30.7106732,76.7127545,9.75,0.20860172808170319,0.006481801625341177,F
13.457098007202148,13.508885383605957,0.051787376403808594,30.7106732,76.7127545,9.75,0.37514281272888184,0.01942766271531582,F
13.519242286682129,13.529600143432617,0.010357856750488281,30.7106732,76.7127545,9.75,0.26385071873664856,0.0027329279109835625,F
13.550314903259277,13.560672760009766,0.010357856750488281,30.7106732,76.7127545,9.75,0.12802326679229736,0.0013260466512292624,F
13.581387519836426,13.591745376586914,0.010357856750488281,30.7106732,76.7127545,9.75,0.1620137244462967,0.001678114989772439,F
14.606780052185059,14.648210525512695,0.04143047332763672,30.7107455,76.7126981,10.01,0.4461434483528137,0.018483934924006462,F
14.865717887878418,14.948577880859375,0.08285999298095703,30.7107455,76.7126981,10.01,0.5815925002098083,0.04819075018167496,F
14.958935737609863,14.969292640686035,0.010356903076171875,30.7108131,76.7126425,9.28,0.3310352861881256,0.0034285003785043955,F
14.990008354187012,15.000365257263184,0.010356903076171875,30.7108131,76.7126425,9.28,0.3032246530056,0.003140468383207917,F
16.605777740478516,16.616134643554688,0.010356903076171875,30.7108822,76.7125857,9.06,0.1629655659198761,0.0016878185560926795,F
16.647207260131836,16.65756607055664,0.010358810424804688,30.7108822,76.7125857,9.06,0.12190662324428558,0.0012628076365217566,F
16.667922973632812,16.678279876708984,0.010356903076171875,30.7108822,76.7125857,9.06,0.10594736784696579,0.0010972865857183933,F
17.71402931213379,17.724388122558594,0.010358810424804688,30.7109557,76.7125297,9.72,0.25926730036735535,0.002685700776055455,F
17.838319778442383,17.848676681518555,0.010356903076171875,30.7109557,76.7125297,9.72,0.2402391880750656,0.0024881339631974697,F
25.212852478027344,25.223209381103516,0.010356903076171875,30.7115906,76.7120101,11.22,0.2678454518318176,0.0027740492951124907,F
25.73072624206543,25.741085052490234,0.010358810424804688,30.7115906,76.7120101,11.22,0.2183019071817398,0.002261348068714142,F
25.968948364257812,25.979307174682617,0.010358810424804688,30.7116766,76.7119381,11.89,0.18866786360740662,0.0019543746020644903,F
36.08820724487305,36.10892105102539,0.02071380615234375,30.7125803,76.7111809,11.76,0.3059149980545044,0.0063366638496518135,F
38.387569427490234,38.40828323364258,0.02071380615234375,30.7127455,76.711043,11.67,0.18719136714935303,0.003877445589751005,F
38.41864013671875,38.43935775756836,0.020717620849609375,30.7127455,76.711043,11.67,0.21690869331359863,0.0044938321225345135,F
38.49114227294922,38.501502990722656,0.0103607177734375,30.7127455,76.711043,11.67,0.1815813034772873,0.0018813126953318715,F
38.51185989379883,38.53257369995117,0.02071380615234375,30.7127455,76.711043,11.67,0.274557888507843,0.005687138997018337,F
38.553287506103516,38.56364822387695,0.0103607177734375,30.7127455,76.711043,11.67,0.36174723505973816,0.0037479610182344913,F
38.90544509887695,38.915802001953125,0.010356903076171875,30.7127455,76.711043,11.67,0.13661223649978638,0.0014148796908557415,F
41.88840103149414,41.89876174926758,0.0103607177734375,30.7130062,76.7108259,11.65,0.175378680229187,0.0018170489929616451,F
41.90911865234375,41.91947555541992,0.010356903076171875,30.7130062,76.7108259,11.65,0.2874867618083954,0.002977472497150302,F
41.929832458496094,41.940189361572266,0.010356903076171875,30.7130062,76.7108259,11.65,0.31433749198913574,0.0032555628567934036,F
41.95054626464844,41.960906982421875,0.0103607177734375,30.7130062,76.7108259,11.65,0.21063145995140076,0.0021822932176291943,F
41.97126388549805,41.98162078857422,0.010356903076171875,30.7130899,76.7107566,11.38,0.40778082609176636,0.004223346710205078,F
41.99197769165039,42.023048400878906,0.031070709228515625,30.7130899,76.7107566,11.38,0.47042569518089294,0.014616459608078003,F
42.043766021728516,42.116268157958984,0.07250213623046875,30.7130899,76.7107566,11.38,0.4526713192462921,0.032819636166095734,F
42.126625061035156,42.13698196411133,0.010356903076171875,30.7130899,76.7107566,11.38,0.20497800409793854,0.002122937235981226,F
42.1473388671875,42.16805648803711,0.020717620849609375,30.7130899,76.7107566,11.38,0.32438769936561584,0.006720541510730982,F
42.2094841003418,42.21984100341797,0.010356903076171875,30.7130899,76.7107566,11.38,0.18478895723819733,0.0019138413481414318,F
42.230201721191406,42.24055862426758,0.010356903076171875,30.7130899,76.7107566,11.38,0.3095952272415161,0.003206447698175907,F
42.26127243041992,42.271629333496094,0.010356903076171875,30.7130899,76.7107566,11.38,0.1403571367263794,0.001453665317967534,F
42.281986236572266,42.2923469543457,0.0103607177734375,30.7130899,76.7107566,11.38,0.20033538341522217,0.002075618365779519,F
42.302703857421875,42.32341766357422,0.02071380615234375,30.7130899,76.7107566,11.38,0.2575411796569824,0.005334658082574606,F
42.34413146972656,42.354488372802734,0.010356903076171875,30.7130899,76.7107566,11.38,0.14775507152080536,0.0015302849933505058,F
43.71132278442383,44.0013313293457,0.290008544921875,30.7131654,76.7106936,10.76,0.8939351439476013,0.259248822927475,F
44.042762756347656,44.28098678588867,0.23822402954101562,30.7132451,76.7106269,9.87,0.42552080750465393,0.10136928409337997,F
44.33277130126953,44.59170913696289,0.2589378356933594,30.7132451,76.7106269,9.87,0.49746331572532654,0.12881207466125488,F
44.747074127197266,44.84029006958008,0.0932159423828125,30.7132451,76.7106269,9.87,0.1354416310787201,0.012625318951904774,F
45.006011962890625,45.3581657409668,0.3521537780761719,30.7133191,76.7105657,9.7,1.3962260484695435,0.49168628454208374,F
45.36852264404297,45.523887634277344,0.155364990234375,30.7133191,76.7105657,9.7,0.24241773784160614,0.03766322880983353,F
46.870361328125,46.891075134277344,0.02071380615234375,30.713382,76.7105136,8.99,0.26667457818984985,0.005523845553398132,F
47.3571662902832,47.367523193359375,0.010356903076171875,30.7134487,76.7104568,8.55,0.12318243086338043,0.001275788526982069,F
47.38823699951172,47.39859390258789,0.010356903076171875,30.7134487,76.7104568,8.55,0.12839287519454956,0.001329752616584301,F
47.42966842651367,47.440025329589844,0.010356903076171875,30.7134487,76.7104568,8.55,0.15465185046195984,0.0016017141751945019,F
47.59538650512695,47.605743408203125,0.010356903076171875,30.7134487,76.7104568,8.55,0.18664264678955078,0.0019330397481098771,F
47.626461029052734,47.636817932128906,0.010356903076171875,30.7134487,76.7104568,8.55,0.1040496826171875,0.0010776324197649956,F
47.885398864746094,47.895755767822266,0.010356903076171875,30.7134487,76.7104568,8.55,0.1167978048324585,0.0012096635764464736,F
48.227195739746094,49.00400924682617,0.7768135070800781,30.7135109,76.7104041,8.4,1.4588885307312012,1.133284330368042,F
49.0557975769043,49.07651138305664,0.02071380615234375,30.7135667,76.7103566,7.43,0.1723107248544693,0.0035692108795046806,F
49.128299713134766,49.3975944519043,0.26929473876953125,30.7135667,76.7103566,7.43,0.21542097628116608,0.0580117367208004,F
49.40795135498047,49.832611083984375,0.42465972900390625,30.7135667,76.7103566,7.43,0.8472195267677307,0.3597800135612488,F
49.85332489013672,50.02940368652344,0.17607879638671875,30.7135667,76.7103566,7.43,0.2301492840051651,0.04052440822124481,F
50.18476486206055,50.26762390136719,0.08285903930664062,30.7136224,76.7103079,7.57,0.14598524570465088,0.012096197344362736,F
50.2883415222168,50.29869842529297,0.010356903076171875,30.7136224,76.7103079,7.57,0.11816512793302536,0.0012238248018547893,F
50.42298889160156,50.433345794677734,0.010356903076171875,30.7136224,76.7103079,7.57,0.19602780044078827,0.002030240837484598,F
50.60942459106445,50.68192672729492,0.07250213623046875,30.7136224,76.7103079,7.57,0.42930030822753906,0.03112518973648548,F
50.692283630371094,50.73371124267578,0.0414276123046875,30.7136224,76.7103079,7.57,0.45933210849761963,0.019029032438993454,F
50.75442886352539,50.81657409667969,0.062145233154296875,30.7136224,76.7103079,7.57,0.6198564171791077,0.03852112218737602,F
50.86836242675781,50.878719329833984,0.010356903076171875,30.7136224,76.7103079,7.57,0.26547959446907043,0.002749546431005001,F
50.889076232910156,50.9719352722168,0.08285903930664062,30.7136224,76.7103079,7.57,0.34032613039016724,0.028199097141623497,F
50.98229217529297,50.99264907836914,0.010356903076171875,30.7136735,76.7102653,7.66,0.3100447356700897,0.00321110337972641,F
51.065155029296875,51.116939544677734,0.051784515380859375,30.7136735,76.7102653,7.66,0.3021092712879181,0.015644581988453865,F
51.127296447753906,51.220516204833984,0.09321975708007812,30.7136735,76.7102653,7.66,0.7401188611984253,0.0689937025308609,F
51.28266143798828,51.29301834106445,0.010356903076171875,30.7136735,76.7102653,7.66,0.22676759958267212,0.0023486099671572447,F
51.303375244140625,51.34480667114258,0.041431427001953125,30.7136735,76.7102653,7.66,0.6317615509033203,0.02617478184401989,F
51.35516357421875,51.36552047729492,0.010356903076171875,30.7136735,76.7102653,7.66,0.5899267792701721,0.006109814625233412,F
51.375877380371094,51.41730880737305,0.041431427001953125,30.7136735,76.7102653,7.66,0.5428842902183533,0.02249247021973133,F
51.42766571044922,51.44837951660156,0.02071380615234375,30.7136735,76.7102653,7.66,0.5212587118148804,0.01079725194722414,F
51.458740234375,51.50016784667969,0.0414276123046875,30.7136735,76.7102653,7.66,0.4156179428100586,0.017218058928847313,F
51.54159927368164,51.55195617675781,0.010356903076171875,30.7136735,76.7102653,7.66,0.29307594895362854,0.0030353590846061707,F
51.61410140991211,51.64517593383789,0.03107452392578125,30.7136735,76.7102653,7.66,0.4059215784072876,0.012613819912075996,F
51.676246643066406,51.68660354614258,0.010356903076171875,30.7136735,76.7102653,7.66,0.20590724050998688,0.0021325612906366587,F
51.81089401245117,51.831607818603516,0.02071380615234375,30.7136735,76.7102653,7.66,0.267903596162796,0.005549303255975246,F
51.852325439453125,51.8626823425293,0.010356903076171875,30.7136735,76.7102653,7.66,0.2797785699367523,0.002897639526054263,F
51.87303924560547,51.88339614868164,0.010356903076171875,30.7136735,76.7102653,7.66,0.3072454333305359,0.0031821110751479864,F
51.89375305175781,51.935184478759766,0.041431427001953125,30.7136735,76.7102653,7.66,0.2427818775177002,0.010058799758553505,F
51.94554138183594,51.95589828491211,0.010356903076171875,30.7136735,76.7102653,7.66,0.22345392405986786,0.0023142907302826643,F
51.96625518798828,51.99732971191406,0.03107452392578125,30.7137365,76.7102119,8.24,0.326210618019104,0.010136839933693409,F
52.018043518066406,52.02840042114258,0.010356903076171875,30.7137365,76.7102119,8.24,0.3377808928489685,0.003498364007100463,F
52.038761138916016,52.06983184814453,0.031070709228515625,30.7137365,76.7102119,8.24,0.34638893604278564,0.010762549936771393,F
52.266624450683594,52.276981353759766,0.010356903076171875,30.7137365,76.7102119,8.24,0.20073799788951874,0.0020790239796042442,F
52.28733825683594,52.297698974609375,0.0103607177734375,30.7137365,76.7102119,8.24,0.3483213186264038,0.003608858911320567,F
52.43234634399414,52.44270324707031,0.010356903076171875,30.7137365,76.7102119,8.24,0.20300203561782837,0.0021024723537266254,F
52.84664535522461,52.85700225830078,0.010356903076171875,30.7137365,76.7102119,8.24,0.1948242038488388,0.0020177753176540136,F
52.86735916137695,52.87771987915039,0.0103607177734375,30.7137365,76.7102119,8.24,0.2621617317199707,0.0027161836624145508,F
52.88807678222656,52.898433685302734,0.010356903076171875,30.7137365,76.7102119,8.24,0.3466835618019104,0.003590567968785763,F
52.91914749145508,52.92950439453125,0.010356903076171875,30.7137365,76.7102119,8.24,0.19157935678958893,0.0019841687753796577,F
52.93986129760742,52.95022201538086,0.0103607177734375,30.7137365,76.7102119,8.24,0.2277650088071823,0.002359808888286352,F
52.981292724609375,52.99164962768555,0.010356903076171875,30.7137995,76.7101594,8.79,0.18875780701637268,0.0019549462012946606,F
53.012367248535156,53.02272415161133,0.010356903076171875,30.7137995,76.7101594,8.79,0.21238943934440613,0.0021996968425810337,F
53.0330810546875,53.04343795776367,0.010356903076171875,30.7137995,76.7101594,8.79,0.255412757396698,0.002645285101607442,F
53.084869384765625,53.10558319091797,0.02071380615234375,30.7137995,76.7101594,8.79,0.2013525515794754,0.00417077774181962,F
53.240230560302734,53.26094436645508,0.02071380615234375,30.7137995,76.7101594,8.79,0.21160465478897095,0.0043831379152834415,F
53.28166198730469,53.29201889038086,0.010356903076171875,30.7137995,76.7101594,8.79,0.1921071857213974,0.001989635406062007,F
53.30237579345703,53.3127326965332,0.010356903076171875,30.7137995,76.7101594,8.79,0.3267099857330322,0.003383703762665391,F
53.323089599609375,53.33345031738281,0.0103607177734375,30.7137995,76.7101594,8.79,0.3349566161632538,0.003470391035079956,F
53.354164123535156,53.36452102661133,0.010356903076171875,30.7137995,76.7101594,8.79,0.3064851760864258,0.0031742372084409,F
53.3748779296875,53.38523483276367,0.010356903076171875,30.7137995,76.7101594,8.79,0.3115152418613434,0.003226333064958453,F
53.39559555053711,53.40595245361328,0.010356903076171875,30.7137995,76.7101594,8.79,0.4009549617767334,0.004152651876211166,F
53.426666259765625,53.4370231628418,0.010356903076171875,30.7137995,76.7101594,8.79,0.3032349646091461,0.0031405752524733543,F
53.530242919921875,53.54059982299805,0.010356903076171875,30.7137995,76.7101594,8.79,0.2629162073135376,0.002722997684031725,F
53.56131362915039,53.57167053222656,0.010356903076171875,30.7137995,76.7101594,8.79,0.19518321752548218,0.002021493623033166,F
53.582027435302734,53.592384338378906,0.010356903076171875,30.7137995,76.7101594,8.79,0.21666601300239563,0.0022439889144152403,F
53.602745056152344,53.613101959228516,0.010356903076171875,30.7137995,76.7101594,8.79,0.1950407475233078,0.0020200181752443314,F
53.66489028930664,53.67524719238281,0.010356903076171875,30.7137995,76.7101594,8.79,0.20967601239681244,0.0021715941838920116,F
53.73739242553711,53.74774932861328,0.010356903076171875,30.7137995,76.7101594,8.79,0.2022280991077423,0.0020944569259881973,F
54.130977630615234,54.141334533691406,0.010356903076171875,30.7138634,76.7101071,9.4,0.2016354352235794,0.0020883185788989067,F
54.2034797668457,54.213836669921875,0.010356903076171875,30.7138634,76.7101071,9.4,0.1927088350057602,0.0019958666525781155,F
54.22419357299805,54.244911193847656,0.020717620849609375,30.7138634,76.7101071,9.4,0.21843606233596802,0.004525475669652224,F
54.265625,54.27598190307617,0.010356903076171875,30.7138634,76.7101071,9.4,0.21709032356739044,0.0022483833599835634,F
54.34848403930664,54.35884094238281,0.010356903076171875,30.7138634,76.7101071,9.4,0.23347440361976624,0.0024180717300623655,F
54.369197845458984,54.37955856323242,0.0103607177734375,30.7138634,76.7101071,9.4,0.2867022156715393,0.0029704407788813114,F
54.41062927246094,54.42098617553711,0.010356903076171875,30.7138634,76.7101071,9.4,0.18909110128879547,0.001958398148417473,F
54.43134307861328,54.44170379638672,0.0103607177734375,30.7138634,76.7101071,9.4,0.2531910836696625,0.0026232413947582245,F
54.607421875,54.61777877807617,0.010356903076171875,30.7138634,76.7101071,9.4,0.2246372252702713,0.0023265460040420294,F
54.63849639892578,54.64885330200195,0.010356903076171875,30.7138634,76.7101071,9.4,0.22662276029586792,0.0023471100721508265,F
54.659210205078125,54.6695671081543,0.010356903076171875,30.7138634,76.7101071,9.4,0.19097022712230682,0.001977860229089856,F
54.75242614746094,54.762786865234375,0.0103607177734375,30.7138634,76.7101071,9.4,0.17777395248413086,0.0018418657127767801,F
55.001007080078125,55.0113639831543,0.010356903076171875,30.7139408,76.7100438,10.09,0.20285862684249878,0.0021009871270507574,F
55.0942268371582,55.104583740234375,0.010356903076171875,30.7139408,76.7100438,10.09,0.1754334568977356,0.0018169473623856902,F
57.61109924316406,57.6214599609375,0.0103607177734375,30.714099,76.7099122,11.31,0.21980515122413635,0.0022773391101509333,F
58.05647277832031,58.066829681396484,0.010356903076171875,30.7141846,76.70984,11.98,0.19579876959323883,0.002027868991717696,F
58.16004943847656,58.170406341552734,0.010356903076171875,30.7141846,76.70984,11.98,0.18449440598487854,0.001910790684632957,F
58.967933654785156,58.97829055786133,0.010356903076171875,30.7142695,76.7097677,12.63,0.2039899080991745,0.0021127036307007074,F
59.040435791015625,59.05079650878906,0.0103607177734375,30.7142695,76.7097677,12.63,0.24251700937747955,0.0025126503314822912,F
59.20615768432617,59.226871490478516,0.02071380615234375,30.7142695,76.7097677,12.63,0.21949684619903564,0.004546615295112133,F
59.28901672363281,59.30973434448242,0.020717620849609375,30.7142695,76.7097677,12.63,0.2867337763309479,0.005940441507846117,F
59.36151885986328,59.38223648071289,0.020717620849609375,30.7142695,76.7097677,12.63,0.2588939368724823,0.0053636664524674416,F
59.52724075317383,59.53759765625,0.010356903076171875,30.7142695,76.7097677,12.63,0.18238991498947144,0.0018889947095885873,F
62.17876052856445,62.261619567871094,0.08285903930664062,30.7145432,76.7095368,11.89,0.5810237526893616,0.04814307019114494,F
62.27198028564453,62.292694091796875,0.02071380615234375,30.7145432,76.7095368,11.89,0.2636982798576355,0.005462195258587599,F
62.365196228027344,62.49984359741211,0.13464736938476562,30.7145432,76.7095368,11.89,0.6330181956291199,0.08523423224687576,F
62.51020050048828,62.530914306640625,0.02071380615234375,30.7145432,76.7095368,11.89,0.31434062123298645,0.00651119090616703,F
65.85567474365234,65.86602783203125,0.01035308837890625,30.7148096,76.7093145,12.36,0.1853182315826416,0.0019186160061508417,F
65.87638854980469,65.8867416381836,0.01035308837890625,30.7148096,76.7093145,12.36,0.2565522789955139,0.0026561084669083357,F
66.03174591064453,66.04210662841797,0.0103607177734375,30.7149011,76.7092373,12.6,0.2583635449409485,0.002676831791177392,F
69.7293701171875,69.73973083496094,0.0103607177734375,30.7151709,76.7090096,12.08,0.11050018668174744,0.001144861220382154,F
69.76044464111328,69.77080535888672,0.0103607177734375,30.7151709,76.7090096,12.08,0.12095829099416733,0.0012532146647572517,F
75.33277893066406,75.34313201904297,0.01035308837890625,30.7156518,76.7086049,10.15,0.2944558262825012,0.0030485272873193026,F
87.28532409667969,87.29566955566406,0.010345458984375,30.7160136,76.7083046,1.35,0.21162185072898865,0.0021893251687288284,F
87.32674407958984,87.33712005615234,0.0103759765625,30.7160136,76.7083046,1.35,0.19090303778648376,0.0019808055367320776,F
87.48212432861328,87.49246215820312,0.01033782958984375,30.7160136,76.7083046,1.35,0.25667932629585266,0.002653507050126791,F
87.54426574707031,87.55461120605469,0.010345458984375,30.7160136,76.7083046,1.35,0.20261982083320618,0.0020961950067430735,F
98.57498168945312,98.60604858398438,0.03106689453125,30.7160728,76.7082568,0.0,0.1845024973154068,0.005731919780373573,F
98.61639404296875,98.6474609375,0.03106689453125,30.7160728,76.7082568,0.0,0.18268682062625885,0.005675512365996838,F
98.82353973388672,98.88571166992188,0.06217193603515625,30.7160728,76.7082568,0.0,0.1722622513771057,0.01070987805724144,F
109.58494567871094,109.59529876708984,0.01035308837890625,30.7161804,76.7081686,1.2,0.23590417206287384,0.002442336641252041,F
109.61601257324219,109.7196044921875,0.1035919189453125,30.7161804,76.7081686,1.2,0.5784173607826233,0.059919364750385284,F
109.74032592773438,109.76101684570312,0.02069091796875,30.7161804,76.7081686,1.2,0.7999299764633179,0.016551285982131958,F
109.77136993408203,109.79208374023438,0.02071380615234375,30.7161804,76.7081686,1.2,0.32603371143341064,0.006753399036824703,F
109.81280517578125,109.82318878173828,0.01038360595703125,30.7161804,76.7081686,1.2,0.2842206656932831,0.0029512355104088783,F
109.83353424072266,109.85423278808594,0.02069854736328125,30.7161804,76.7081686,1.2,0.5867647528648376,0.012145178392529488,F
109.89567565917969,109.9267349243164,0.03105926513671875,30.7161804,76.7081686,1.2,0.3907095491886139,0.012135151773691177,F
119.10344696044922,119.11377716064453,0.0103302001953125,30.7164567,76.7080014,4.83,0.22557955980300903,0.0023302820045500994,F
119.14485931396484,119.17593383789062,0.03107452392578125,30.7164567,76.7080014,4.83,0.2332763522863388,0.0072489515878260136,F
119.32093811035156,119.40380096435547,0.08286285400390625,30.7164567,76.7080014,4.83,0.46468740701675415,0.038505323231220245,F
119.4659423828125,119.528076171875,0.0621337890625,30.7164567,76.7080014,4.83,0.4297983646392822,0.026705000549554825,F
119.93201446533203,120.11847686767578,0.18646240234375,30.7164953,76.7080078,4.74,0.4950636625289917,0.09231075644493103,F
120.64668273925781,120.65704345703125,0.0103607177734375,30.7164953,76.7080078,4.74,0.2925695776939392,0.003031230764463544,F
120.67777252197266,120.6881103515625,0.01033782958984375,30.7164953,76.7080078,4.74,0.29333221912384033,0.0030324184335768223,F
120.95743560791016,120.96775817871094,0.01032257080078125,30.7165382,76.7080259,4.74,0.22205670177936554,0.0022921960335224867,F
121.62028503417969,121.67206573486328,0.05178070068359375,30.7165382,76.7080259,4.74,0.3544137477874756,0.01835179142653942,F
121.68242645263672,121.7031478881836,0.020721435546875,30.7165382,76.7080259,4.74,0.26960989832878113,0.005586704239249229,F
121.7135238647461,121.75492858886719,0.04140472412109375,30.7165382,76.7080259,4.74,0.17969121038913727,0.007440065033733845,F
121.83780670166016,121.87922668457031,0.04141998291015625,30.7165382,76.7080259,4.74,0.29346954822540283,0.01215550396591425,F
121.89994812011719,122.01386260986328,0.11391448974609375,30.7165382,76.7080259,4.74,0.770850658416748,0.08781106024980545,F
122.02423095703125,122.05529022216797,0.03105926513671875,30.7165741,76.7080495,4.65,0.2544260025024414,0.00790228508412838,F
122.08636474609375,122.12779235839844,0.0414276123046875,30.7165741,76.7080495,4.65,0.6946181058883667,0.028776369988918304,F
122.1381607055664,122.14851379394531,0.01035308837890625,30.7165741,76.7080495,4.65,0.4836609959602356,0.0050073848105967045,F
122.15888977050781,122.22102355957031,0.0621337890625,30.7165741,76.7080495,4.65,1.2467613220214844,0.07746600359678268,F
122.23136901855469,122.65603637695312,0.4246673583984375,30.7165741,76.7080495,4.65,2.0580482482910156,0.8739858865737915,F
122.70780944824219,122.75962829589844,0.05181884765625,30.7165741,76.7080495,4.65,0.28976675868034363,0.015015379525721073,F
122.78031921386719,122.8839111328125,0.1035919189453125,30.7165741,76.7080495,4.65,0.3827879726886749,0.03965374082326889,F
122.90463256835938,122.91496276855469,0.0103302001953125,30.7165741,76.7080495,4.65,0.3338748812675476,0.0034489943645894527,F
122.92532348632812,122.946044921875,0.020721435546875,30.7165741,76.7080495,4.65,0.3562590181827545,0.007382198236882687,F
122.96675109863281,123.1324691772461,0.16571807861328125,30.7166015,76.708079,4.41,0.42889508605003357,0.0710756704211235,F
123.44319915771484,123.47427368164062,0.03107452392578125,30.7166015,76.708079,4.41,0.24911193549633026,0.007741034962236881,F
123.9507064819336,123.9610824584961,0.0103759765625,30.7166015,76.708079,4.41,0.23200705647468567,0.0024072998203337193,F
125.23503112792969,125.26612091064453,0.03108978271484375,30.7166573,76.7081576,5.02,0.32134169340133667,0.009990443475544453,F
125.2764663696289,125.28681945800781,0.01035308837890625,30.7166573,76.7081576,5.02,0.23996877670288086,0.002484417986124754,F
127.441162109375,127.45152282714844,0.0103607177734375,30.7167232,76.7082637,7.16,0.20321905612945557,0.0021054951939731836,F
127.46188354492188,127.47223663330078,0.01035308837890625,30.7167232,76.7082637,7.16,0.32919570803642273,0.003408192191272974,F
128.82907104492188,128.8497772216797,0.0207061767578125,30.7167646,76.7083321,8.34,0.27291038632392883,0.005650930572301149,F
129.1087188720703,129.13978576660156,0.03106689453125,30.7168105,76.7084073,8.99,0.3212781250476837,0.009981113485991955,F
129.150146484375,129.16050720214844,0.0103607177734375,30.7168105,76.7084073,8.99,0.24483248591423035,0.0025366402696818113,F
129.17086791992188,129.18121337890625,0.010345458984375,30.7168105,76.7084073,8.99,0.14404256641864777,0.001490186434239149,F
131.35629272460938,131.36663818359375,0.010345458984375,30.7169034,76.7085547,9.33,0.2072562724351883,0.0021441613789647818,F
132.85812377929688,132.88919067382812,0.03106689453125,30.716956,76.708638,9.35,0.32676735520362854,0.01015164703130722,F
132.92025756835938,132.9306182861328,0.0103607177734375,30.716956,76.708638,9.35,0.2618555724620819,0.0027130115777254105,F
133.09634399414062,133.10670471191406,0.0103607177734375,30.7170059,76.7087154,9.29,0.1904730498790741,0.001973437611013651,F
133.11705017089844,133.1584930419922,0.04144287109375,30.7170059,76.7087154,9.29,0.39353469014167786,0.016309207305312157,F
133.16883850097656,133.2724151611328,0.10357666015625,30.7170059,76.7087154,9.29,0.7554376125335693,0.07824570685625076,F
133.2931365966797,133.3138427734375,0.0207061767578125,30.7170059,76.7087154,9.29,0.22615362703800201,0.0046827769838273525,F
133.3449249267578,133.35528564453125,0.0103607177734375,30.7170059,76.7087154,9.29,0.1535467952489853,0.0015908549539744854,F
133.37599182128906,133.3863525390625,0.0103607177734375,30.7170059,76.7087154,9.29,0.20770363509655,0.002151958644390106,F
133.4277801513672,133.4795684814453,0.051788330078125,30.7170059,76.7087154,9.29,0.7163280248641968,0.03709743171930313,F
133.48992919921875,133.51063537597656,0.0207061767578125,30.7170059,76.7087154,9.29,0.2882712483406067,0.00596899539232254,F
133.52099609375,133.54171752929688,0.020721435546875,30.7170059,76.7087154,9.29,0.2514965236186981,0.005211369134485722,F
133.55206298828125,133.58314514160156,0.0310821533203125,30.7170059,76.7087154,9.29,0.19719921052455902,0.006129376124590635,F
133.593505859375,133.60385131835938,0.010345458984375,30.7170059,76.7087154,9.29,0.16238726675510406,0.0016799707664176822,F
135.46820068359375,135.4785614013672,0.0103607177734375,30.7171067,76.70888,9.86,0.18451867997646332,0.0019117459887638688,F
135.7478485107422,135.75820922851562,0.0103607177734375,30.7171067,76.70888,9.86,0.2170206904411316,0.0022484902292490005,F
135.83071899414062,135.841064453125,0.010345458984375,30.7171067,76.70888,9.86,0.21903927624225616,0.002266061957925558,F
137.60183715820312,137.61219787597656,0.0103607177734375,30.7172135,76.7090471,10.45,0.19294418394565582,0.0019990401342511177,F
137.6432647705078,137.65362548828125,0.0103607177734375,30.7172135,76.7090471,10.45,0.25572264194488525,0.00264947023242712,F
137.69505310058594,137.70541381835938,0.0103607177734375,30.7172135,76.7090471,10.45,0.26758480072021484,0.0027723705861717463,F
137.7157745361328,137.7261199951172,0.010345458984375,30.7172135,76.7090471,10.45,0.2864874005317688,0.0029638437554240227,F
137.96435546875,137.9850616455078,0.0207061767578125,30.7172737,76.7091388,10.43,0.20162270963191986,0.00417483551427722,F
138.1197052001953,138.15078735351562,0.0310821533203125,30.7172737,76.7091388,10.43,0.33730238676071167,0.010484084486961365,F
138.1611328125,138.17149353027344,0.0103607177734375,30.7172737,76.7091388,10.43,0.3037734627723694,0.003147311042994261,F
138.18185424804688,138.1922149658203,0.0103607177734375,30.7172737,76.7091388,10.43,0.22987836599349976,0.002381704980507493,F
138.29579162597656,138.3268585205078,0.03106689453125,30.7172737,76.7091388,10.43,0.3722344934940338,0.011564170010387897,F
138.38900756835938,138.43043518066406,0.0414276123046875,30.7172737,76.7091388,10.43,0.36481115221977234,0.015113255009055138,F
138.4407958984375,138.45114135742188,0.010345458984375,30.7172737,76.7091388,10.43,0.19072972238063812,0.001973186619579792,F
138.5340118408203,138.54437255859375,0.0103607177734375,30.7172737,76.7091388,10.43,0.23889172077178955,0.0024750896263867617,F
138.55471801757812,138.56507873535156,0.0103607177734375,30.7172737,76.7091388,10.43,0.16924749314785004,0.0017535254592075944,F
138.60650634765625,138.62722778320312,0.020721435546875,30.7172737,76.7091388,10.43,0.23302868008613586,0.0048286886885762215,F
138.63758850097656,138.64793395996094,0.010345458984375,30.7172737,76.7091388,10.43,0.2629024088382721,0.002719846088439226,F
138.65829467773438,138.6686553955078,0.0103607177734375,30.7172737,76.7091388,10.43,0.45478689670562744,0.004711918532848358,F
138.67901611328125,138.7100830078125,0.03106689453125,30.7172737,76.7091388,10.43,0.3747634291648865,0.01164273638278246,F
138.8447265625,138.85508728027344,0.0103607177734375,30.7172737,76.7091388,10.43,0.11645026504993439,0.0012065083719789982,F
138.89651489257812,138.90687561035156,0.0103607177734375,30.7172737,76.7091388,10.43,0.21308203041553497,0.0022076827008277178,F
138.92759704589844,138.9379425048828,0.010345458984375,30.7172737,76.7091388,10.43,0.23786664009094238,0.0024608394596725702,F
139.11402893066406,139.1243896484375,0.0103607177734375,30.7173241,76.7092189,10.0,0.18241216242313385,0.0018899209098890424,F
139.15545654296875,139.1658172607422,0.0103607177734375,30.7173241,76.7092189,10.0,0.10671674460172653,0.0011056620860472322,F
139.17617797851562,139.19688415527344,0.0207061767578125,30.7173241,76.7092189,10.0,0.3303396701812744,0.006840071640908718,F
139.20724487304688,139.2176055908203,0.0103607177734375,30.7173241,76.7092189,10.0,0.38062843680381775,0.003943583928048611,F
139.2279510498047,139.24867248535156,0.020721435546875,30.7173241,76.7092189,10.0,0.22070874273777008,0.004573401995003223,F
139.259033203125,139.26939392089844,0.0103607177734375,30.7173241,76.7092189,10.0,0.27182984352111816,0.0028163522947579622,F
139.2797393798828,139.31082153320312,0.0310821533203125,30.7173241,76.7092189,10.0,0.3969769775867462,0.012338899075984955,F
139.33152770996094,139.34188842773438,0.0103607177734375,30.7173241,76.7092189,10.0,0.3469829261302948,0.0035949922166764736,F
139.3522491455078,139.36260986328125,0.0103607177734375,30.7173241,76.7092189,10.0,0.3055305480957031,0.003165515838190913,F
139.4351043701172,139.44546508789062,0.0103607177734375,30.7173241,76.7092189,10.0,0.26558059453964233,0.002751605585217476,F
146.93392944335938,146.9442901611328,0.0103607177734375,30.7176801,76.7097834,8.62,0.21178841590881348,0.0021942800376564264,F
150.88014221191406,150.90086364746094,0.020721435546875,30.7178745,76.7100954,10.24,0.21812643110752106,0.004519892856478691,F
151.1183624267578,151.1390838623047,0.020721435546875,30.7179303,76.7101888,10.32,0.6151909232139587,0.01274763885885477,F
151.14944458007812,151.1597900390625,0.010345458984375,30.7179303,76.7101888,10.32,0.15553000569343567,0.0016090292483568192,F
151.21157836914062,151.22193908691406,0.0103607177734375,30.7179303,76.7101888,10.32,0.21109353005886078,0.0021870804484933615,F
151.49124145507812,151.5015869140625,0.010345458984375,30.7179303,76.7101888,10.32,0.19521309435367584,0.002019569044932723,F
151.52230834960938,151.5326690673828,0.0103607177734375,30.7179303,76.7101888,10.32,0.1900295615196228,0.0019688426982611418,F
151.97804260253906,151.9884033203125,0.0103607177734375,30.7179813,76.7102733,10.56,0.15478751063346863,0.0016037097666412592,F
152.04019165039062,152.050537109375,0.010345458984375,30.7179813,76.7102733,10.56,0.10582182556390762,0.0010947753908112645,F
152.0816192626953,152.0919647216797,0.010345458984375,30.7179813,76.7102733,10.56,0.09063484519720078,0.0009376590605825186,F
152.47520446777344,152.51663208007812,0.0414276123046875,30.7179813,76.7102733,10.56,0.4823509752750397,0.019982649013400078,F
152.5580596923828,152.5787811279297,0.020721435546875,30.7179813,76.7102733,10.56,0.2153109461069107,0.004461552016437054,F
152.5994873046875,152.60984802246094,0.0103607177734375,30.7179813,76.7102733,10.56,0.10506054013967514,0.0010885025840252638,F
152.7134246826172,152.74449157714844,0.03106689453125,30.7179813,76.7102733,10.56,0.25802770256996155,0.008016119711101055,F
152.77557373046875,152.78591918945312,0.010345458984375,30.7179813,76.7102733,10.56,0.3281607925891876,0.0033949739299714565,F
152.79627990722656,152.806640625,0.0103607177734375,30.7179813,76.7102733,10.56,0.2005803883075714,0.0020781566854566336,F
154.21527099609375,154.22561645507812,0.010345458984375,30.7180835,76.7104396,8.33,0.2761906683444977,0.002857319312170148,F
155.49960327148438,155.5099639892578,0.0103607177734375,30.7181212,76.7104995,7.21,0.16514447331428528,0.0017110152402892709,F
155.5203094482422,155.54103088378906,0.020721435546875,30.7181212,76.7104995,7.21,0.27057453989982605,0.005606692750006914,F
155.5513916015625,155.56173706054688,0.010345458984375,30.7181212,76.7104995,7.21,0.24407635629177094,0.0025250818580389023,F
155.5720977783203,155.58245849609375,0.0103607177734375,30.7181212,76.7104995,7.21,0.29345667362213135,0.0030404217541217804,F
156.86679077148438,156.8771514892578,0.0103607177734375,30.7181587,76.710561,6.47,0.38454633951187134,0.003984176088124514,F
157.2603759765625,157.27073669433594,0.0103607177734375,30.718192,76.710615,6.19,0.24045944213867188,0.002491332357749343,F
157.32252502441406,157.3328857421875,0.0103607177734375,30.718192,76.710615,6.19,0.18298299610614777,0.0018958351574838161,F
157.96469116210938,157.99575805664062,0.03106689453125,30.7182221,76.7106623,5.98,0.6682002544403076,0.02075890637934208,F
158.00611877441406,158.02684020996094,0.020721435546875,30.7182221,76.7106623,5.98,0.5449532270431519,0.011292213574051857,F
158.03720092773438,158.04754638671875,0.010345458984375,30.7182221,76.7106623,5.98,0.22152212262153625,0.0022917480673640966,F
158.3582763671875,158.53436279296875,0.17608642578125,30.7182221,76.7106623,5.98,1.3149616718292236,0.23154689371585846,F
158.54470825195312,158.5654296875,0.020721435546875,30.7182221,76.7106623,5.98,0.24373865127563477,0.005050614941865206,F
159.05223083496094,159.1558074951172,0.10357666015625,30.7182539,76.7107144,5.65,0.31219932436943054,0.03233656287193298,F
159.16616821289062,159.2075958251953,0.0414276123046875,30.7182539,76.7107144,5.65,0.196949303150177,0.008159139193594456,F
159.23866271972656,159.25938415527344,0.020721435546875,30.7182539,76.7107144,5.65,0.1814957559108734,0.0037608526181429625,F
165.1424560546875,165.16317749023438,0.020721435546875,30.7184535,76.7110463,7.73,0.09649226814508438,0.00199945829808712,F
166.36463928222656,166.447509765625,0.0828704833984375,30.7184919,76.7111106,7.48,0.3685727119445801,0.030543798580765724,F
166.789306640625,166.8100128173828,0.0207061767578125,30.7184919,76.7111106,7.48,0.26727014780044556,0.005534142721444368,F
168.26007080078125,168.2704315185547,0.0103607177734375,30.7185733,76.7112438,8.52,0.14407429099082947,0.0014927131123840809,F
168.3325653076172,168.34292602539062,0.0103607177734375,30.7185733,76.7112438,8.52,0.2095465064048767,0.0021710521541535854,F
168.6743621826172,168.68472290039062,0.0103607177734375,30.7185733,76.7112438,8.52,0.20774473249912262,0.002152384491637349,F
168.7986602783203,168.80902099609375,0.0103607177734375,30.7185733,76.7112438,8.52,0.11443335562944412,0.0011856117052957416,F
169.79298400878906,169.8965606689453,0.10357666015625,30.7186236,76.7113237,9.19,0.5076315402984619,0.05257878080010414,F
171.22232055664062,171.232666015625,0.010345458984375,30.718726,76.7114864,10.54,0.19703523814678192,0.002038419945165515,F
171.28445434570312,171.30517578125,0.020721435546875,30.718726,76.7114864,10.54,0.16150422394275665,0.003346599405631423,F
171.35696411132812,171.36732482910156,0.0103607177734375,30.718726,76.7114864,10.54,0.20857354998588562,0.002160971751436591,F
171.3983917236328,171.49160766601562,0.0932159423828125,30.718726,76.7114864,10.54,1.8502211570739746,0.1724701076745987,F
171.50196838378906,171.5123291015625,0.0103607177734375,30.718726,76.7114864,10.54,0.17814350128173828,0.0018456944962963462,F
171.52267456054688,171.54339599609375,0.020721435546875,30.718726,76.7114864,10.54,0.4583300054073334,0.009497256018221378,F
171.5537567138672,171.70912170410156,0.155364990234375,30.718726,76.7114864,10.54,1.2913522720336914,0.20063093304634094,F
171.71946716308594,171.81268310546875,0.0932159423828125,30.718726,76.7114864,10.54,0.7222895622253418,0.06732890009880066,F
171.8230438232422,171.83340454101562,0.0103607177734375,30.718726,76.7114864,10.54,0.23754407465457916,0.0024611270055174828,F
171.8541259765625,171.86447143554688,0.010345458984375,30.718726,76.7114864,10.54,0.22845591604709625,0.0023634813260287046,F
171.8748321533203,171.90591430664062,0.0310821533203125,30.718726,76.7114864,10.54,0.3706509470939636,0.01152062974870205,F
172.10269165039062,172.1234130859375,0.020721435546875,30.7187879,76.7115844,11.03,0.3156108856201172,0.006539910566061735,F
172.1648406982422,172.17520141601562,0.0103607177734375,30.7187879,76.7115844,11.03,0.2685607075691223,0.002782481722533703,F
172.48593139648438,172.5377197265625,0.051788330078125,30.7187879,76.7115844,11.03,0.4113287925720215,0.021302031353116035,F
172.72415161132812,172.73451232910156,0.0103607177734375,30.7187879,76.7115844,11.03,0.2592480480670929,0.0026859957724809647,F
174.8992156982422,174.90957641601562,0.0103607177734375,30.7188994,76.7117624,10.68,0.21381165087223053,0.0022152422461658716,F
174.91993713378906,174.9302978515625,0.0103607177734375,30.7188994,76.7117624,10.68,0.200325146317482,0.002075512195006013,F
174.94064331054688,174.9510040283203,0.0103607177734375,30.7188994,76.7117624,10.68,0.3322407305240631,0.0034422525204718113,F
174.9717254638672,174.98207092285156,0.010345458984375,30.7189595,76.7118553,10.39,0.18101325631141663,0.001872665248811245,F
175.13743591308594,175.1581573486328,0.020721435546875,30.7189595,76.7118553,10.39,0.4785355031490326,0.009915942326188087,F
175.1995849609375,175.23065185546875,0.03106689453125,30.7189595,76.7118553,10.39,0.2256973832845688,0.007011716719716787,F
175.2410125732422,175.26173400878906,0.020721435546875,30.7189595,76.7118553,10.39,0.19444869458675385,0.0040292562916874886,F
180.1815185546875,180.19187927246094,0.0103607177734375,30.719226,76.7122768,9.46,0.22857920825481415,0.0023682445753365755,F
180.9583282470703,180.96868896484375,0.0103607177734375,30.7192755,76.7123546,9.09,0.22564591467380524,0.002337853657081723,F
180.9790496826172,180.98941040039062,0.0103607177734375,30.7192755,76.7123546,9.09,0.17131905257701874,0.0017749883700162172,F
181.2069091796875,181.22763061523438,0.020721435546875,30.7192755,76.7123546,9.09,0.29664045572280884,0.006146816071122885,F
181.44512939453125,181.4554901123047,0.0103607177734375,30.7192755,76.7123546,9.09,0.16336290538311005,0.0016925570089370012,F
181.47621154785156,181.49691772460938,0.0207061767578125,30.7192755,76.7123546,9.09,0.38187482953071594,0.007907168008387089,F
181.51763916015625,181.5279998779297,0.0103607177734375,30.7192755,76.7123546,9.09,0.17878328263759613,0.0018523231847211719,F
181.5487060546875,181.55906677246094,0.0103607177734375,30.7192755,76.7123546,9.09,0.1384473294019699,0.0014344137161970139,F
181.6626434326172,181.67300415039062,0.0103607177734375,30.7192755,76.7123546,9.09,0.197546124458313,0.0020467196591198444,F
181.70407104492188,181.7144317626953,0.0103607177734375,30.7192755,76.7123546,9.09,0.1335282325744629,0.0013834483688697219,F
181.9215850830078,181.94229125976562,0.0207061767578125,30.7192755,76.7123546,9.09,0.21952253580093384,0.00454547256231308,F
181.99407958984375,182.0044403076172,0.0103607177734375,30.7193192,76.7124236,8.65,0.24905164539813995,0.002580353757366538,F
184.7180938720703,184.72845458984375,0.0103607177734375,30.7194005,76.7125561,6.63,0.24086372554302216,0.002495520981028676,F
186.13706970214844,186.39599609375,0.2589263916015625,30.7194537,76.712652,4.83,0.10772855579853058,0.02789376676082611,F
