time,seconds_elapsed,z,y,x
1773049158757882400,0.23688232421875,-266.15625,145.72500610351562,-37.931251525878906
1773049158787882500,0.266882568359375,-266.98126220703125,147.09375,-38.0625
1773049158807882500,0.286882568359375,-266.8312683105469,146.5500030517578,-38.17500305175781
1773049158817882400,0.29688232421875,-266.7562561035156,146.68125915527344,-37.96875
1773049158827882500,0.306882568359375,-266.5875244140625,146.94375610351562,-38.08125305175781
1773049158837882400,0.31688232421875,-266.4375,146.88751220703125,-38.118751525878906
1773049158847882500,0.326882568359375,-265.9875183105469,146.7375030517578,-38.00625228881836
1773049158857882400,0.33688232421875,-265.5562744140625,146.21250915527344,-38.34375
1773049158867882500,0.346882568359375,-265.40625,145.95001220703125,-38.32500076293945
1773049158877882400,0.35688232421875,-265.5,146.19375610351562,-38.23125076293945
1773049158887882500,0.366882568359375,-265.2562561035156,146.4562530517578,-38.55000305175781
1773049158897882400,0.37688232421875,-265.2375183105469,146.23126220703125,-38.83125305175781
1773049158907882500,0.386882568359375,-265.0687561035156,145.7062530517578,-38.83125305175781
1773049158917882400,0.39688232421875,-265.20001220703125,145.83750915527344,-38.85000228881836
1773049158927882500,0.406882568359375,-265.6312561035156,145.95001220703125,-39.11250305175781
1773049158937882400,0.41688232421875,-265.875,146.15625,-39.07500076293945
1773049158947882500,0.426882568359375,-266.0062561035156,146.10000610351562,-39.056251525878906
1773049158957882400,0.43688232421875,-265.8000183105469,145.7062530517578,-39.1875
1773049158967882500,0.446882568359375,-265.9875183105469,145.76251220703125,-38.75625228881836
1773049158977882400,0.45688232421875,-266.13751220703125,145.8937530517578,-38.70000076293945
1773049158987882500,0.466882568359375,-266.3062744140625,146.23126220703125,-38.71875
1773049158997882400,0.47688232421875,-266.2875061035156,146.28750610351562,-38.92500305175781
1773049159007882500,0.486882568359375,-266.0625,146.11875915527344,-38.8125
1773049159017882400,0.49688232421875,-266.0625,146.19375610351562,-38.56875228881836
1773049159027882500,0.506882568359375,-266.0250244140625,146.60626220703125,-38.306251525878906
1773049159037882400,0.51688232421875,-266.2125244140625,146.8125,-38.212501525878906
1773049159047882500,0.526882568359375,-265.96875,146.2687530517578,-38.32500076293945
1773049159057882400,0.53688232421875,-265.66876220703125,146.00625610351562,-38.51250076293945
1773049159067882500,0.546882568359375,-265.7062683105469,146.10000610351562,-38.28750228881836
1773049159077882400,0.55688232421875,-265.5,145.9875030517578,-37.96875
1773049159087882500,0.566882568359375,-265.59375,145.8937530517578,-38.15625
1773049159097882400,0.57688232421875,-265.5375061035156,145.81875610351562,-38.56875228881836
1773049159107882500,0.586882568359375,-265.3687744140625,145.20001220703125,-38.38125228881836
1773049159117882400,0.59688232421875,-265.3500061035156,145.29376220703125,-38.13750076293945
1773049159127882500,0.606882568359375,-265.8375244140625,145.5187530517578,-38.32500076293945
1773049159137882400,0.61688232421875,-266.04376220703125,145.63125610351562,-38.10000228881836
1773049159147882500,0.626882568359375,-265.95001220703125,145.16250610351562,-38.212501525878906
1773049159157882400,0.63688232421875,-266.1750183105469,145.1437530517578,-38.38125228881836
1773049159167882500,0.646882568359375,-266.1750183105469,145.0500030517578,-38.118751525878906
1773049159177882400,0.65688232421875,-266.13751220703125,144.73126220703125,-37.85625076293945
1773049159187882500,0.666882568359375,-266.1187744140625,145.08750915527344,-38.212501525878906
1773049159197882400,0.67688232421875,-266.13751220703125,144.88125610351562,-38.38125228881836
1773049159207882500,0.686882568359375,-265.95001220703125,144.80625915527344,-38.32500076293945
1773049159217882400,0.69688232421875,-265.85626220703125,144.80625915527344,-38.32500076293945
1773049159227882500,0.706882568359375,-265.8375244140625,144.63751220703125,-38.41875076293945
1773049159237882400,0.71688232421875,-265.8187561035156,144.54376220703125,-38.28750228881836
1773049159247882500,0.726882568359375,-265.6875,144.88125610351562,-38.32500076293945
1773049159257882400,0.73688232421875,-265.875,145.2375030517578,-38.41875076293945
1773049159267882500,0.746882568359375,-265.85626220703125,145.25625610351562,-38.28750228881836
1773049159277882400,0.75688232421875,-265.7062683105469,145.2375030517578,-38.36250305175781
1773049159287882500,0.766882568359375,-265.6312561035156,145.3125,-38.32500076293945
1773049159297882400,0.77688232421875,-265.6125183105469,145.3125,-38.23125076293945
1773049159307882500,0.786882568359375,-265.76251220703125,145.66876220703125,-38.212501525878906
1773049159317882400,0.79688232421875,-265.9312744140625,145.91250610351562,-38.26875305175781
1773049159327882500,0.806882568359375,-266.23126220703125,145.8937530517578,-38.45625305175781
1773049159337882400,0.81688232421875,-265.9875183105469,145.66876220703125,-38.15625
1773049159347882500,0.826882568359375,-266.1000061035156,145.76251220703125,-38.306251525878906
1773049159357882400,0.83688232421875,-266.1750183105469,145.74375915527344,-38.118751525878906
1773049159367882500,0.846882568359375,-266.1187744140625,146.00625610351562,-37.931251525878906
1773049159377882400,0.85688232421875,-266.13751220703125,145.8937530517578,-38.15625
1773049159387882500,0.866882568359375,-266.25,145.78125,-38.36250305175781
1773049159397882400,0.87688232421875,-266.13751220703125,145.38751220703125,-38.400001525878906
1773049159407882500,0.886882568359375,-265.8937683105469,145.1437530517578,-38.04375076293945
1773049159417882400,0.89688232421875,-266.4375,145.2375030517578,-38.53125
1773049159427882500,0.906882568359375,-266.3812561035156,145.10626220703125,-38.56875228881836
1773049159437882400,0.91688232421875,-266.4562683105469,145.01251220703125,-38.88750076293945
1773049159447882500,0.926882568359375,-266.2875061035156,144.6750030517578,-39.150001525878906
1773049159457882400,0.93688232421875,-266.15625,144.91876220703125,-38.8125
1773049159467882500,0.946882568359375,-266.0062561035156,145.01251220703125,-38.493751525878906
1773049159477882400,0.95688232421875,-265.8937683105469,145.03125,-38.55000305175781
1773049159487882500,0.966882568359375,-265.96875,144.97500610351562,-38.775001525878906
1773049159497882400,0.97688232421875,-265.57501220703125,145.01251220703125,-38.4375
1773049159507882500,0.986882568359375,-265.7437744140625,144.9562530517578,-38.38125228881836
1773049159517882400,0.99688232421875,-265.3687744140625,144.80625915527344,-38.118751525878906
1773049159527882500,1.006882568359375,-265.3687744140625,144.78750610351562,-38.025001525878906
1773049159537882400,1.01688232421875,-265.38751220703125,144.61875915527344,-38.212501525878906
1773049159547882500,1.026882568359375,-265.5,144.26251220703125,-38.51250076293945
1773049159557882400,1.03688232421875,-265.76251220703125,144.28125,-38.587501525878906
1773049159567882500,1.046882568359375,-265.6875,144.26251220703125,-38.493751525878906
1773049159577882400,1.05688232421875,-265.57501220703125,144.26251220703125,-38.4375
1773049159587882500,1.066882568359375,-265.3125,144.1875,-38.36250305175781
1773049159597882400,1.07688232421875,-265.5187683105469,144.43125915527344,-38.32500076293945
1773049159607882500,1.086882568359375,-265.66876220703125,144.07501220703125,-38.587501525878906
1773049159617882400,1.09688232421875,-265.59375,144,-38.51250076293945
1773049159627882500,1.106882568359375,-265.4625244140625,144.1125030517578,-38.13750076293945
1773049159637882400,1.11688232421875,-265.3687744140625,144.16876220703125,-37.931251525878906
1773049159647882500,1.126882568359375,-265.2562561035156,144.2062530517578,-37.931251525878906
1773049159657882400,1.13688232421875,-265.1437683105469,144.07501220703125,-37.96875
1773049159667882500,1.146882568359375,-265.3500061035156,144.07501220703125,-38.00625228881836
1773049159677882400,1.15688232421875,-265.10626220703125,143.7375030517578,-38.13750076293945
1773049159687882500,1.166882568359375,-265.0875244140625,143.98126220703125,-37.78125
1773049159697882400,1.17688232421875,-265.10626220703125,143.66250610351562,-37.72500228881836
1773049159707882500,1.186882568359375,-265.1625061035156,143.88751220703125,-37.85625076293945
1773049159717882400,1.19688232421875,-265.1812744140625,143.68125915527344,-37.80000305175781
1773049159727882500,1.206882568359375,-265.3125,143.4562530517578,-37.81875228881836
1773049159737882400,1.21688232421875,-265.3500061035156,143.19375610351562,-37.81875228881836
1773049159747882500,1.226882568359375,-265.40625,143.13751220703125,-37.78125
1773049159757882400,1.23688232421875,-265.7062683105469,143.40000915527344,-37.875
1773049159767882500,1.246882568359375,-265.6312561035156,143.25,-38.13750076293945
1773049159777882400,1.25688232421875,-265.76251220703125,143.34375,-38.13750076293945
1773049159787882500,1.266882568359375,-266.1000061035156,142.96875,-38.25
1773049159797882400,1.27688232421875,-265.8937683105469,143.19375610351562,-38.45625305175781
1773049159807882500,1.286882568359375,-266.04376220703125,143.3625030517578,-38.55000305175781
1773049159817882400,1.29688232421875,-266.4562683105469,143.5500030517578,-38.64375305175781
1773049159827882500,1.306882568359375,-266.34375,143.70001220703125,-38.56875228881836
1773049159837882400,1.31688232421875,-266.4000244140625,143.49375915527344,-38.28750228881836
1773049159847882500,1.326882568359375,-266.6812744140625,143.7375030517578,-38.118751525878906
1773049159857882400,1.33688232421875,-266.9250183105469,144.26251220703125,-38.28750228881836
1773049159867882500,1.346882568359375,-266.7375183105469,144.6750030517578,-38.41875076293945
1773049159877882400,1.35688232421875,-266.9437561035156,144.75,-38.38125228881836
1773049159887882500,1.366882568359375,-266.8687744140625,144.46875,-38.17500305175781
1773049159897882400,1.37688232421875,-266.4562683105469,144.54376220703125,-38.17500305175781
1773049159907882500,1.386882568359375,-266.5687561035156,144.88125610351562,-38.212501525878906
1773049159917882400,1.39688232421875,-266.6437683105469,145.29376220703125,-38.26875305175781
1773049159927882500,1.406882568359375,-266.4937744140625,145.27500915527344,-38.41875076293945
1773049159937882400,1.41688232421875,-266.41876220703125,144.9562530517578,-38.17500305175781
1773049159947882500,1.426882568359375,-266.41876220703125,144.88125610351562,-37.96875
1773049159957882400,1.43688232421875,-266.53125,145.1437530517578,-37.78125
1773049159967882500,1.446882568359375,-266.6437683105469,145.6875,-37.931251525878906
1773049159977882400,1.45688232421875,-266.8687744140625,145.5187530517578,-38.10000228881836
1773049159987882500,1.466882568359375,-266.9625244140625,145.27500915527344,-38.08125305175781
1773049159997882400,1.47688232421875,-266.9250183105469,145.21875,-38.0625
1773049160007882500,1.486882568359375,-267.2062683105469,145.4250030517578,-37.837501525878906
1773049160017882400,1.49688232421875,-267.1312561035156,145.40625,-37.95000076293945
1773049160027882500,1.506882568359375,-267.0562744140625,145.36875915527344,-38.025001525878906
1773049160037882400,1.51688232421875,-266.8500061035156,145.25625610351562,-38.025001525878906
1773049160047882500,1.526882568359375,-266.8312683105469,145.2375030517578,-38.118751525878906
1773049160057882400,1.53688232421875,-266.7750244140625,145.5,-37.91250228881836
1773049160067882500,1.546882568359375,-266.7375183105469,145.35000610351562,-38.10000228881836
1773049160077882400,1.55688232421875,-266.5500183105469,145.3125,-38.08125305175781
1773049160087882500,1.566882568359375,-266.1937561035156,145.36875915527344,-38.13750076293945
1773049160097882400,1.57688232421875,-266.1000061035156,145.2375030517578,-38.118751525878906
1773049160107882500,1.586882568359375,-265.9312744140625,145.27500915527344,-37.80000305175781
1773049160117882400,1.59688232421875,-266.0812683105469,145.01251220703125,-38.00625228881836
1773049160127882500,1.606882568359375,-265.76251220703125,144.71250915527344,-38.00625228881836
1773049160137882400,1.61688232421875,-265.9312744140625,144.54376220703125,-38.0625
1773049160147882500,1.626882568359375,-265.875,144.5812530517578,-38.00625228881836
1773049160157882400,1.63688232421875,-265.9875183105469,144.63751220703125,-38.118751525878906
1773049160167882500,1.646882568359375,-266.1937561035156,144.60000610351562,-38.19375228881836
1773049160177882400,1.65688232421875,-266.25,144.7687530517578,-38.25
1773049160187882500,1.666882568359375,-266.3062744140625,144.75,-38.306251525878906
1773049160197882400,1.67688232421875,-266.3625183105469,145.03125,-38.13750076293945
1773049160207882500,1.686882568359375,-266.4750061035156,145.36875915527344,-37.837501525878906
1773049160217882400,1.69688232421875,-266.25,145.36875915527344,-37.875
1773049160227882500,1.706882568359375,-266.0625,145.29376220703125,-38.025001525878906
1773049160237882400,1.71688232421875,-266.0250244140625,145.2375030517578,-38.00625228881836
1773049160247882500,1.726882568359375,-265.76251220703125,145.18125915527344,-38.13750076293945
1773049160257882400,1.73688232421875,-265.6875,145.44375610351562,-38.17500305175781
1773049160267882500,1.746882568359375,-265.59375,145.38751220703125,-38.28750228881836
1773049160277882400,1.75688232421875,-265.125,145.125,-38.34375
1773049160287882500,1.766882568359375,-265.125,145.20001220703125,-38.400001525878906
1773049160297882400,1.77688232421875,-265.2562561035156,145.21875,-38.41875076293945
1773049160307882500,1.786882568359375,-265.2750244140625,145.29376220703125,-38.34375
1773049160317882400,1.79688232421875,-265.125,145.35000610351562,-38.38125228881836
1773049160327882500,1.806882568359375,-265.10626220703125,145.3312530517578,-38.13750076293945
1773049160337882400,1.81688232421875,-265.1812744140625,145.10626220703125,-38.025001525878906
1773049160347882500,1.826882568359375,-265.40625,145.4250030517578,-37.875
1773049160357882400,1.83688232421875,-265.4625244140625,145.53750610351562,-38.04375076293945
1773049160367882500,1.846882568359375,-265.38751220703125,145.08750915527344,-38.400001525878906
1773049160377882400,1.85688232421875,-265.3687744140625,145.16250610351562,-38.28750228881836
1773049160387882500,1.866882568359375,-265.38751220703125,145.29376220703125,-38.212501525878906
1773049160397882400,1.87688232421875,-265.3500061035156,145.0500030517578,-38.15625
1773049160407882500,1.886882568359375,-265.2750244140625,145.03125,-38.26875305175781
1773049160417882400,1.89688232421875,-265.1437683105469,145.03125,-38.26875305175781
1773049160427882500,1.906882568359375,-265.1625061035156,144.91876220703125,-38.47500228881836
1773049160437882400,1.91688232421875,-265.38751220703125,144.9375,-38.587501525878906
1773049160447882500,1.926882568359375,-265.4250183105469,145.125,-38.28750228881836
1773049160457882400,1.93688232421875,-265.5375061035156,145.06875610351562,-38.41875076293945
1773049160467882500,1.946882568359375,-265.76251220703125,145.06875610351562,-38.38125228881836
1773049160477882400,1.95688232421875,-265.875,145.2375030517578,-38.38125228881836
1773049160487882500,1.966882568359375,-265.9312744140625,145.29376220703125,-38.118751525878906
1773049160497882400,1.97688232421875,-266.2687683105469,145.63125610351562,-38.28750228881836
1773049160507882500,1.986882568359375,-266.2687683105469,145.63125610351562,-38.28750228881836
1773049160517882400,1.99688232421875,-266.15625,145.5187530517578,-38.19375228881836
1773049160527882500,2.006882568359375,-266.2687683105469,145.8000030517578,-38.23125076293945
1773049160537882400,2.01688232421875,-266.1750183105469,145.93125915527344,-38.28750228881836
1773049160547882500,2.026882568359375,-265.95001220703125,145.9875030517578,-38.60625076293945
1773049160557882400,2.03688232421875,-266.0625,146.1750030517578,-38.73750305175781
1773049160567882500,2.046882568359375,-266.23126220703125,146.25,-39.056251525878906
1773049160577882400,2.05688232421875,-266.0625,146.19375610351562,-39
1773049160587882500,2.066882568359375,-266.0062561035156,146.34375,-38.85000228881836
1773049160597882400,2.07688232421875,-266.0625,146.25,-38.66250228881836
1773049160607882500,2.086882568359375,-266.2125244140625,146.2687530517578,-38.75625228881836
1773049160617882400,2.09688232421875,-266.23126220703125,146.41876220703125,-38.55000305175781
1773049160627882500,2.106882568359375,-266.25,146.38125610351562,-38.41875076293945
1773049160637882400,2.11688232421875,-266.1187744140625,146.21250915527344,-38.36250305175781
1773049160647882500,2.126882568359375,-265.8937683105469,146.0625,-38.53125
1773049160657882400,2.13688232421875,-265.8000183105469,145.96875,-38.625
1773049160667882500,2.146882568359375,-265.7250061035156,145.93125915527344,-38.88750076293945
1773049160677882400,2.15688232421875,-265.5375061035156,146.25,-38.962501525878906
1773049160687882500,2.166882568359375,-265.1812744140625,146.10000610351562,-38.85000228881836
1773049160697882400,2.17688232421875,-265.1437683105469,145.85626220703125,-39.07500076293945
1773049160707882500,2.186882568359375,-264.9562683105469,145.76251220703125,-39.01875305175781
1773049160717882400,2.19688232421875,-264.7687683105469,145.66876220703125,-38.88750076293945
1773049160727882500,2.206882568359375,-264.6000061035156,145.7062530517578,-38.90625
1773049160737882400,2.21688232421875,-264.375,145.5,-38.8125
1773049160747882500,2.226882568359375,-264.28125,145.46250915527344,-38.71875
1773049160757882400,2.23688232421875,-264.45001220703125,145.40625,-38.88750076293945
1773049160767882500,2.246882568359375,-264.4875183105469,145.57501220703125,-38.83125305175781
1773049160777882400,2.25688232421875,-264.3000183105469,145.63125610351562,-38.8125
1773049160787882500,2.266882568359375,-264.3000183105469,145.875,-38.73750305175781
1773049160797882400,2.27688232421875,-264.4312744140625,146.15625,-39.01875305175781
1773049160807882500,2.286882568359375,-264.4125061035156,146.19375610351562,-38.90625
1773049160817882400,2.29688232421875,-264.45001220703125,146.40000915527344,-39.01875305175781
1773049160827882500,2.306882568359375,-264.375,146.21250915527344,-39.150001525878906
1773049160837882400,2.31688232421875,-264.35626220703125,146.13751220703125,-38.92500305175781
1773049160847882500,2.326882568359375,-264.63751220703125,146.10000610351562,-39.16875076293945
1773049160857882400,2.33688232421875,-264.4312744140625,145.9875030517578,-39.20625305175781
1773049160867882500,2.346882568359375,-264.45001220703125,145.83750915527344,-39.20625305175781
1773049160877882400,2.35688232421875,-264.4125061035156,145.65000915527344,-38.962501525878906
1773049160887882500,2.366882568359375,-264.6750183105469,145.7062530517578,-38.83125305175781
1773049160897882400,2.37688232421875,-264.82501220703125,145.81875610351562,-38.90625
1773049160907882500,2.386882568359375,-264.63751220703125,145.78125,-38.83125305175781
1773049160917882400,2.39688232421875,-264.5250244140625,145.7062530517578,-38.98125076293945
1773049160927882500,2.406882568359375,-264.4312744140625,145.53750610351562,-39.056251525878906
1773049160937882400,2.41688232421875,-264.75,145.8000030517578,-39
1773049160947882500,2.426882568359375,-264.9562683105469,145.74375915527344,-39.20625305175781
1773049160957882400,2.43688232421875,-264.82501220703125,145.83750915527344,-39.01875305175781
1773049160967882500,2.446882568359375,-264.84375,145.96875,-38.962501525878906
1773049160977882400,2.45688232421875,-264.84375,145.72500610351562,-38.88750076293945
1773049160987882500,2.466882568359375,-264.9750061035156,145.7062530517578,-39.09375
1773049160997882400,2.47688232421875,-265.21875,145.8937530517578,-39.30000305175781
1773049161007882500,2.486882568359375,-264.9937744140625,146.15625,-39.13125228881836
1773049161017882400,2.49688232421875,-264.8062744140625,145.91250610351562,-39.09375
1773049161027882500,2.506882568359375,-264.73126220703125,145.875,-39.056251525878906
1773049161037882400,2.51688232421875,-264.73126220703125,146.0812530517578,-39.525001525878906
1773049161047882500,2.526882568359375,-264.65625,145.81875610351562,-39.73125076293945
1773049161057882400,2.53688232421875,-264.6937561035156,146.0625,-39.82500076293945
1773049161067882500,2.546882568359375,-264.63751220703125,146.41876220703125,-39.45000076293945
1773049161077882400,2.55688232421875,-264.3000183105469,146.34375,-39.46875
1773049161087882500,2.566882568359375,-264.2062683105469,146.13751220703125,-39.69375228881836
1773049161097882400,2.57688232421875,-264.1875,146.23126220703125,-39.95625305175781
1773049161107882500,2.586882568359375,-264.0562744140625,146.40000915527344,-40.03125
1773049161117882400,2.59688232421875,-264.1125183105469,146.10000610351562,-39.88125228881836
1773049161127882500,2.606882568359375,-264.09375,146.00625610351562,-40.10625076293945
1773049161137882400,2.61688232421875,-263.8312683105469,145.95001220703125,-40.16250228881836
1773049161147882500,2.626882568359375,-264.0187683105469,145.83750915527344,-40.59375
1773049161157882400,2.63688232421875,-264.1875,145.95001220703125,-40.5
1773049161167882500,2.646882568359375,-264.28125,145.8937530517578,-40.80000305175781
1773049161177882400,2.65688232421875,-264.1875,146.04376220703125,-40.650001525878906
1773049161187882500,2.666882568359375,-264.2250061035156,146.0625,-40.80000305175781
1773049161197882400,2.67688232421875,-264.375,146.2687530517578,-40.743751525878906
1773049161207882500,2.686882568359375,-264.1125183105469,146.51251220703125,-40.59375
1773049161217882400,2.69688232421875,-264.26251220703125,146.28750610351562,-40.72500228881836
1773049161227882500,2.706882568359375,-264.3375244140625,146.32501220703125,-40.40625
1773049161237882400,2.71688232421875,-264.3000183105469,146.47500610351562,-40.368751525878906
1773049161247882500,2.726882568359375,-264.1312561035156,146.49375915527344,-40.16250228881836
1773049161257882400,2.73688232421875,-264.35626220703125,146.4562530517578,-40.35000228881836
1773049161267882500,2.746882568359375,-264.3375244140625,146.34375,-40.181251525878906
1773049161277882400,2.75688232421875,-264.2250061035156,146.04376220703125,-40.29375076293945
1773049161287882500,2.766882568359375,-264.4875183105469,146.04376220703125,-40.25625228881836
1773049161297882400,2.77688232421875,-264.3937683105469,146.11875915527344,-40.125
1773049161307882500,2.786882568359375,-263.90625,146.00625610351562,-40.01250076293945
1773049161317882400,2.79688232421875,-263.70001220703125,145.59375,-39.993751525878906
1773049161327882500,2.806882568359375,-263.70001220703125,145.48126220703125,-39.95625305175781
1773049161337882400,2.81688232421875,-263.5687561035156,145.27500915527344,-39.75
1773049161347882500,2.826882568359375,-263.4937744140625,145.35000610351562,-39.69375228881836
1773049161357882400,2.83688232421875,-263.4750061035156,145.5,-39.76875305175781
1773049161367882500,2.846882568359375,-263.3812561035156,145.4250030517578,-39.806251525878906
1773049161377882400,2.85688232421875,-263.4562683105469,145.59375,-39.806251525878906
1773049161387882500,2.866882568359375,-263.98126220703125,145.55625915527344,-40.181251525878906
1773049161397882400,2.87688232421875,-264.0187683105469,145.44375610351562,-40.16250228881836
1773049161407882500,2.886882568359375,-264.3375244140625,145.6125030517578,-39.84375
1773049161417882400,2.89688232421875,-264.54376220703125,145.8000030517578,-39.86250305175781
1773049161427882500,2.906882568359375,-264.6937561035156,145.7062530517578,-39.86250305175781
1773049161437882400,2.91688232421875,-264.7687683105469,145.53750610351562,-40.087501525878906
1773049161447882500,2.926882568359375,-264.9375,145.40625,-40.25625228881836
1773049161457882400,2.93688232421875,-265.03125,145.1437530517578,-40.462501525878906
1773049161467882500,2.946882568359375,-265.20001220703125,144.90000915527344,-40.51875305175781
1773049161477882400,2.95688232421875,-265.6500244140625,144.8625030517578,-40.837501525878906
1773049161487882500,2.966882568359375,-265.57501220703125,144.8625030517578,-41.13750076293945
1773049161497882400,2.97688232421875,-265.5375061035156,144.35626220703125,-41.17500305175781
1773049161507882500,2.986882568359375,-265.76251220703125,144.1875,-41.41875076293945
1773049161517882400,2.99688232421875,-265.96875,144.43125915527344,-41.17500305175781
1773049161527882500,3.006882568359375,-266.3062744140625,144.5625,-41.15625
1773049161537882400,3.01688232421875,-266.625,144.4875030517578,-41.4375
1773049161547882500,3.026882568359375,-266.6437683105469,144.33750915527344,-41.4375
1773049161557882400,3.03688232421875,-266.5687561035156,144.22500610351562,-41.55000305175781
1773049161567882500,3.046882568359375,-266.9625244140625,143.9250030517578,-41.8125
1773049161577882400,3.05688232421875,-267.2250061035156,144.13125610351562,-41.88750076293945
1773049161587882500,3.066882568359375,-267.07501220703125,144.26251220703125,-41.98125076293945
1773049161597882400,3.07688232421875,-267.16876220703125,144.24375915527344,-42.07500076293945
1773049161607882500,3.086882568359375,-267.2437744140625,144.2062530517578,-42.056251525878906
1773049161617882400,3.09688232421875,-267.09375,144.16876220703125,-41.868751525878906
1773049161627882500,3.106882568359375,-267.0375061035156,144.5625,-41.90625
1773049161637882400,3.11688232421875,-267.16876220703125,144.82501220703125,-41.73750305175781
1773049161647882500,3.126882568359375,-267.26251220703125,145.25625610351562,-41.64375305175781
1773049161657882400,3.13688232421875,-267.2250061035156,145.38751220703125,-41.83125305175781
1773049161667882500,3.146882568359375,-267.4312744140625,145.38751220703125,-41.868751525878906
1773049161677882400,3.15688232421875,-267.82501220703125,145.2375030517578,-42.150001525878906
1773049161687882500,3.166882568359375,-267.5250244140625,145.10626220703125,-42.26250076293945
1773049161697882400,3.17688232421875,-267.6000061035156,145.2375030517578,-42.13125228881836
1773049161707882500,3.186882568359375,-267.7125244140625,145.18125915527344,-42.20625305175781
1773049161717882400,3.19688232421875,-267.73126220703125,145.18125915527344,-42.337501525878906
1773049161727882500,3.206882568359375,-267.73126220703125,144.73126220703125,-42.375
1773049161737882400,3.21688232421875,-267.9750061035156,144.60000610351562,-42.31875228881836
1773049161747882500,3.226882568359375,-268.0500183105469,144.71250915527344,-42.31875228881836
1773049161757882400,3.23688232421875,-267.6937561035156,144.91876220703125,-42.31875228881836
1773049161767882500,3.246882568359375,-267.9375,145.16250610351562,-42.35625076293945
1773049161777882400,3.25688232421875,-268.2562561035156,145.0500030517578,-42.65625
1773049161787882500,3.266882568359375,-268.1625061035156,144.97500610351562,-42.78750228881836
1773049161797882400,3.27688232421875,-268.38751220703125,144.84375,-42.54375076293945
1773049161807882500,3.286882568359375,-268.20001220703125,144.65625,-42.78750228881836
1773049161817882400,3.29688232421875,-268.03125,144.52500915527344,-42.993751525878906
1773049161827882500,3.306882568359375,-268.2750244140625,144.33750915527344,-43.10625076293945
1773049161837882400,3.31688232421875,-268.5375061035156,143.96250915527344,-43.20000076293945
1773049161847882500,3.326882568359375,-268.59375,143.79376220703125,-43.35000228881836
1773049161857882400,3.33688232421875,-268.6500244140625,143.8125,-43.29375076293945
1773049161867882500,3.346882568359375,-268.875,143.77500915527344,-43.40625
1773049161877882400,3.35688232421875,-268.8187561035156,143.70001220703125,-44.025001525878906
1773049161887882500,3.366882568359375,-269.4750061035156,144.09375,-44.15625
1773049161897882400,3.37688232421875,-269.79376220703125,144.07501220703125,-44.38125228881836
1773049161907882500,3.386882568359375,-269.79376220703125,144.0187530517578,-44.66250228881836
1773049161917882400,3.39688232421875,-269.8125,144.13125610351562,-44.90625
1773049161927882500,3.406882568359375,-270.0562744140625,143.9250030517578,-45.30000305175781
1773049161937882400,3.41688232421875,-270.2250061035156,143.79376220703125,-45.75
1773049161947882500,3.426882568359375,-270.54376220703125,143.75625610351562,-46.181251525878906
1773049161957882400,3.43688232421875,-270.8812561035156,144,-46.20000076293945
1773049161967882500,3.446882568359375,-270.91876220703125,144.16876220703125,-46.35000228881836
1773049161977882400,3.45688232421875,-270.9000244140625,143.96250915527344,-46.42500305175781
1773049161987882500,3.466882568359375,-271.2375183105469,143.71875,-46.80000305175781
1773049161997882400,3.47688232421875,-271.4437561035156,143.32501220703125,-46.931251525878906
1773049162007882500,3.486882568359375,-271.76251220703125,143.25,-47.212501525878906
1773049162017882400,3.49688232421875,-271.7062683105469,143.21250915527344,-47.493751525878906
1773049162027882500,3.506882568359375,-271.85626220703125,143.1750030517578,-47.41875076293945
1773049162037882400,3.51688232421875,-272.2875061035156,142.85626220703125,-47.962501525878906
1773049162047882500,3.526882568359375,-272.1000061035156,142.44375610351562,-48.63750076293945
1773049162057882400,3.53688232421875,-272.53125,142.38751220703125,-49.031253814697266
1773049162067882500,3.546882568359375,-272.8125,142.29376220703125,-49.087501525878906
1773049162077882400,3.55688232421875,-273.1500244140625,142.53750610351562,-49.368751525878906
1773049162087882500,3.566882568359375,-273.2437744140625,142.27500915527344,-49.500003814697266
1773049162097882400,3.57688232421875,-273.8062744140625,141.88125610351562,-49.51875305175781
1773049162107882500,3.586882568359375,-274.4625244140625,141.43125915527344,-49.875003814697266
1773049162117882400,3.59688232421875,-274.3687744140625,140.9250030517578,-49.781253814697266
1773049162127882500,3.606882568359375,-274.8000183105469,140.4375,-49.61250305175781
1773049162137882400,3.61688232421875,-275.1937561035156,140.47500610351562,-49.51875305175781
1773049162147882500,3.626882568359375,-275.3812561035156,140.10000610351562,-49.687503814697266
1773049162157882400,3.63688232421875,-275.88751220703125,139.5187530517578,-49.85625076293945
1773049162167882500,3.646882568359375,-276.5812683105469,138.90000915527344,-49.95000076293945
1773049162177882400,3.65688232421875,-277.3500061035156,138.5625,-50.587501525878906
1773049162187882500,3.666882568359375,-277.4625244140625,138.13125610351562,-50.85000228881836
1773049162197882400,3.67688232421875,-278.1187744140625,137.75625610351562,-51.431251525878906
1773049162207882500,3.686882568359375,-278.70001220703125,137.3625030517578,-51.618751525878906
1773049162217882400,3.69688232421875,-279.1125183105469,136.57501220703125,-52.23750305175781
1773049162227882500,3.706882568359375,-279.82501220703125,136.3125,-52.687503814697266
1773049162237882400,3.71688232421875,-280.1625061035156,135.9562530517578,-52.837501525878906
1773049162247882500,3.726882568359375,-280.5375061035156,135.78750610351562,-53.13750076293945
1773049162257882400,3.73688232421875,-280.5,135.69375610351562,-53.025001525878906
1773049162267882500,3.746882568359375,-280.8000183105469,135.24375915527344,-53.025001525878906
1773049162277882400,3.75688232421875,-280.85626220703125,135.26251220703125,-52.650001525878906
1773049162287882500,3.766882568359375,-281.04376220703125,135.43125915527344,-52.70625305175781
1773049162297882400,3.77688232421875,-281.1937561035156,135.61875915527344,-52.687503814697266
1773049162307882500,3.786882568359375,-281.1937561035156,135.73126220703125,-52.44375228881836
1773049162317882400,3.79688232421875,-281.1937561035156,135.75,-52.593753814697266
1773049162327882500,3.806882568359375,-281.2125244140625,135.97500610351562,-52.38750076293945
1773049162337882400,3.81688232421875,-281.25,135.78750610351562,-52.25625228881836
1773049162347882500,3.826882568359375,-281.0812683105469,135.9375,-52.10625076293945
1773049162357882400,3.83688232421875,-281.3812561035156,136.01251220703125,-52.10625076293945
1773049162367882500,3.846882568359375,-281.53125,136.08750915527344,-52.16250228881836
1773049162377882400,3.85688232421875,-281.7750244140625,135.91876220703125,-52.25625228881836
1773049162387882500,3.866882568359375,-281.79376220703125,135.78750610351562,-52.406253814697266
1773049162397882400,3.87688232421875,-281.6625061035156,135.54376220703125,-52.275001525878906
1773049162407882500,3.886882568359375,-281.4562683105469,135.4875030517578,-52.25625228881836
1773049162417882400,3.89688232421875,-281.4375,135.78750610351562,-52.218753814697266
1773049162427882500,3.906882568359375,-281.4562683105469,136.16250610351562,-52.275001525878906
1773049162437882400,3.91688232421875,-281.15625,136.01251220703125,-52.61250305175781
1773049162447882500,3.926882568359375,-280.9312744140625,136.10626220703125,-52.593753814697266
1773049162457882400,3.93688232421875,-280.57501220703125,136.40625,-52.44375228881836
1773049162467882500,3.946882568359375,-280.5187683105469,136.53750610351562,-52.556251525878906
1773049162477882400,3.95688232421875,-280.4250183105469,136.72500610351562,-52.53750228881836
1773049162487882500,3.966882568359375,-280.10626220703125,136.81875610351562,-52.61250305175781
1773049162497882400,3.97688232421875,-279.8062744140625,136.83750915527344,-52.72500228881836
1773049162507882500,3.986882568359375,-279.8812561035156,136.8937530517578,-52.931251525878906
1773049162517882400,3.99688232421875,-279.75,137.19375610351562,-52.61250305175781
1773049162527882500,4.006882568359375,-279.8062744140625,137.21250915527344,-52.35000228881836
1773049162537882400,4.01688232421875,-279.4875183105469,137.15625,-52.087501525878906
1773049162547882500,4.026882568359375,-279.28125,137.1750030517578,-51.656253814697266
1773049162557882400,4.03688232421875,-279.28125,137.49375915527344,-51.63750076293945
1773049162567882500,4.046882568359375,-279.16876220703125,137.51251220703125,-51.67500305175781
1773049162577882400,4.05688232421875,-279.16876220703125,137.66250610351562,-51.60000228881836
1773049162587882500,4.066882568359375,-278.8687744140625,137.625,-51.48750305175781
1773049162597882400,4.07688232421875,-279,137.625,-51.525001525878906
1773049162607882500,4.086882568359375,-278.8687744140625,137.70001220703125,-51.806251525878906
1773049162617882400,4.09688232421875,-278.8500061035156,137.66250610351562,-51.91875076293945
1773049162627882500,4.106882568359375,-278.70001220703125,137.98126220703125,-52.087501525878906
1773049162637882400,4.11688232421875,-278.5500183105469,138.26251220703125,-52.031253814697266
1773049162647882500,4.126882568359375,-278.8125,138.45001220703125,-51.95625305175781
1773049162657882400,4.13688232421875,-278.88751220703125,138.28125,-51.95625305175781
1773049162667882500,4.146882568359375,-278.7562561035156,138.52500915527344,-51.78750228881836
1773049162677882400,4.15688232421875,-278.51251220703125,138.65625,-51.843753814697266
1773049162687882500,4.166882568359375,-278.3625183105469,138.63751220703125,-51.54375076293945
1773049162697882400,4.17688232421875,-278.3062744140625,138.9562530517578,-51.431251525878906
1773049162707882500,4.186882568359375,-278.1000061035156,138.69375610351562,-51.31875228881836
1773049162717882400,4.19688232421875,-277.7062683105469,138.4875030517578,-51.30000305175781
1773049162727882500,4.206882568359375,-277.3125,138.5625,-51.20625305175781
1773049162737882400,4.21688232421875,-276.91876220703125,138.75,-51.07500076293945
1773049162747882500,4.226882568359375,-276.5625,138.50625610351562,-50.962501525878906
1773049162757882400,4.23688232421875,-276.45001220703125,138.50625610351562,-50.83125305175781
1773049162767882500,4.246882568359375,-276.1875,138.65625,-50.73750305175781
1773049162777882400,4.25688232421875,-276.5250244140625,138.73126220703125,-50.73750305175781
1773049162787882500,4.266882568359375,-276.3375244140625,138.69375610351562,-50.75625228881836
1773049162797882400,4.27688232421875,-276.26251220703125,138.9375,-50.66250228881836
1773049162807882500,4.286882568359375,-276.2062683105469,138.99375915527344,-50.60625076293945
1773049162817882400,4.29688232421875,-276.0375061035156,138.91876220703125,-50.493751525878906
1773049162827882500,4.306882568359375,-276.0375061035156,139.20001220703125,-50.47500228881836
1773049162837882400,4.31688232421875,-275.7750244140625,139.3312530517578,-50.437503814697266
1773049162847882500,4.326882568359375,-275.4000244140625,139.38751220703125,-50.66250228881836
1773049162857882400,4.33688232421875,-274.6312561035156,139.48126220703125,-50.55000305175781
1773049162867882500,4.346882568359375,-274.4250183105469,139.875,-50.41875076293945
1773049162877882400,4.35688232421875,-274.4437561035156,139.66876220703125,-50.45625305175781
1773049162887882500,4.366882568359375,-274.1625061035156,139.7062530517578,-50.56875228881836
1773049162897882400,4.37688232421875,-273.84375,139.78125,-50.60625076293945
1773049162907882500,4.386882568359375,-273.91876220703125,139.81875610351562,-50.60625076293945
1773049162917882400,4.39688232421875,-273.7875061035156,140.02500915527344,-50.437503814697266
1773049162927882500,4.406882568359375,-273.9000244140625,140.00625610351562,-50.26875305175781
1773049162937882400,4.41688232421875,-273.7687683105469,140.02500915527344,-50.26875305175781
1773049162947882500,4.426882568359375,-273.73126220703125,140.10000610351562,-50.36250305175781
1773049162957882400,4.43688232421875,-273.75,140.4375,-50.343753814697266
1773049162967882500,4.446882568359375,-273.5062561035156,140.4375,-50.250003814697266
1773049162977882400,4.45688232421875,-273.5625,140.58750915527344,-50.47500228881836
1773049162987882500,4.466882568359375,-273.375,140.75625610351562,-50.56875228881836
1773049162997882400,4.47688232421875,-273.07501220703125,140.625,-50.66250228881836
1773049163007882500,4.486882568359375,-272.9437561035156,140.51251220703125,-50.812503814697266
1773049163017882400,4.49688232421875,-272.7375183105469,140.2687530517578,-50.906253814697266
1773049163027882500,4.506882568359375,-272.6812744140625,140.1750030517578,-50.681251525878906
1773049163037882400,4.51688232421875,-272.3812561035156,140.11875915527344,-50.625003814697266
1773049163047882500,4.526882568359375,-272.4562683105469,140.32501220703125,-50.70000076293945
1773049163057882400,4.53688232421875,-272.15625,140.5500030517578,-50.343753814697266
1773049163067882500,4.546882568359375,-271.96875,140.40000915527344,-50.19375228881836
1773049163077882400,4.55688232421875,-271.8000183105469,140.4562530517578,-49.931251525878906
1773049163087882500,4.566882568359375,-271.6875,140.77500915527344,-49.66875076293945
1773049163097882400,4.57688232421875,-271.7062683105469,140.90625,-49.462501525878906
1773049163107882500,4.586882568359375,-271.2750244140625,141.2062530517578,-49.51875305175781
1773049163117882400,4.59688232421875,-271.125,141.13125610351562,-49.275001525878906
1773049163127882500,4.606882568359375,-270.9000244140625,141.24375915527344,-49.06875228881836
1773049163137882400,4.61688232421875,-270.7125244140625,141.35626220703125,-49.10625076293945
1773049163147882500,4.626882568359375,-270.45001220703125,141.78750610351562,-48.95625305175781
1773049163157882400,4.63688232421875,-270.3375244140625,141.78750610351562,-49.181251525878906
1773049163167882500,4.646882568359375,-270.1500244140625,141.91876220703125,-49.087501525878906
1773049163177882400,4.65688232421875,-270.1125183105469,142.29376220703125,-49.05000305175781
1773049163187882500,4.666882568359375,-270.0375061035156,142.40625,-48.91875076293945
1773049163197882400,4.67688232421875,-269.625,142.6125030517578,-49.14375305175781
1773049163207882500,4.686882568359375,-269.3062744140625,142.72500610351562,-49.125003814697266
1773049163217882400,4.69688232421875,-269.25,142.83750915527344,-49.29375076293945
1773049163227882500,4.706882568359375,-269.0250244140625,142.76251220703125,-49.33125305175781
1773049163237882400,4.71688232421875,-268.78125,143.32501220703125,-49.125003814697266
1773049163247882500,4.726882568359375,-268.5187683105469,143.58750915527344,-49.20000076293945
1773049163257882400,4.73688232421875,-268.0500183105469,143.60626220703125,-49.406253814697266
1773049163267882500,4.746882568359375,-267.91876220703125,143.58750915527344,-49.312503814697266
1773049163277882400,4.75688232421875,-268.03125,143.96250915527344,-49.29375076293945
1773049163287882500,4.766882568359375,-267.73126220703125,144.16876220703125,-49.20000076293945
1773049163297882400,4.77688232421875,-267.0562744140625,144.28125,-48.63750076293945
1773049163307882500,4.786882568359375,-266.7750244140625,144.41250610351562,-48.63750076293945
1773049163317882400,4.79688232421875,-266.4000244140625,144.43125915527344,-48.39375305175781
1773049163327882500,4.806882568359375,-265.7062683105469,144.5625,-48.337501525878906
1773049163337882400,4.81688232421875,-265.4625244140625,144.90000915527344,-47.98125076293945
1773049163347882500,4.826882568359375,-264.7875061035156,144.88125610351562,-47.88750076293945
1773049163357882400,4.83688232421875,-264,145.10626220703125,-47.60625076293945
1773049163367882500,4.846882568359375,-263.6812744140625,145.18125915527344,-47.64375305175781
1773049163377882400,4.85688232421875,-263.51251220703125,145.38751220703125,-47.88750076293945
1773049163387882500,4.866882568359375,-263.25,145.5187530517578,-47.71875
1773049163397882400,4.87688232421875,-262.8375244140625,145.27500915527344,-48.07500076293945
1773049163407882500,4.886882568359375,-263.0625,145.16250610351562,-48.11250305175781
1773049163417882400,4.89688232421875,-262.8000183105469,145.27500915527344,-48.07500076293945
1773049163427882500,4.906882568359375,-262.76251220703125,145.29376220703125,-48.20625305175781
1773049163437882400,4.91688232421875,-262.78125,145.29376220703125,-48.22500228881836
1773049163447882500,4.926882568359375,-262.6875,145.16250610351562,-48.07500076293945
1773049163457882400,4.93688232421875,-262.4625244140625,145.06875610351562,-47.83125305175781
1773049163467882500,4.946882568359375,-261.9937744140625,145.18125915527344,-47.8125
1773049163477882400,4.95688232421875,-262.40625,145.29376220703125,-47.60625076293945
1773049163487882500,4.966882568359375,-261.91876220703125,145.20001220703125,-47.41875076293945
1773049163497882400,4.97688232421875,-261.84375,144.9375,-47.36250305175781
1773049163507882500,4.986882568359375,-261.6750183105469,145.06875610351562,-47.13750076293945
1773049163517882400,4.99688232421875,-261.5250244140625,144.99375915527344,-47.0625
1773049163527882500,5.006882568359375,-261.6000061035156,145.0500030517578,-47.17500305175781
1773049163537882400,5.01688232421875,-262.03125,145.06875610351562,-47.36250305175781
1773049163547882500,5.026882568359375,-262.40625,144.9562530517578,-47.51250076293945
1773049163557882400,5.03688232421875,-262.03125,145.08750915527344,-47.60625076293945
1773049163567882500,5.046882568359375,-262.20001220703125,145.53750610351562,-47.8125
1773049163577882400,5.05688232421875,-262.0500183105469,145.74375915527344,-47.94375228881836
1773049163587882500,5.066882568359375,-262.0500183105469,145.6125030517578,-48.31875228881836
1773049163597882400,5.07688232421875,-262.0500183105469,145.57501220703125,-48.31875228881836
1773049163607882500,5.086882568359375,-262.0687561035156,145.81875610351562,-48.20625305175781
1773049163617882400,5.09688232421875,-261.75,145.74375915527344,-48.39375305175781
1773049163627882500,5.106882568359375,-261.9000244140625,146.00625610351562,-48.39375305175781
1773049163637882400,5.11688232421875,-261.7687683105469,146.1750030517578,-48.26250076293945
1773049163647882500,5.126882568359375,-261.375,145.78125,-48.20625305175781
1773049163657882400,5.13688232421875,-261.1500244140625,146.02500915527344,-48.35625076293945
1773049163667882500,5.146882568359375,-261.0187683105469,146.51251220703125,-48.13125228881836
1773049163677882400,5.15688232421875,-260.8312683105469,146.53125,-48.39375305175781
1773049163687882500,5.166882568359375,-260.51251220703125,146.66250610351562,-48.431251525878906
1773049163697882400,5.17688232421875,-260.2687683105469,147.05625915527344,-48.468753814697266
1773049163707882500,5.186882568359375,-259.6500244140625,147.15000915527344,-48.69375228881836
1773049163717882400,5.19688232421875,-259.5187683105469,146.85000610351562,-48.937503814697266
1773049163727882500,5.206882568359375,-259.3500061035156,147.26251220703125,-48.88125228881836
1773049163737882400,5.21688232421875,-259.2375183105469,147.24375915527344,-48.656253814697266
1773049163747882500,5.226882568359375,-258.9000244140625,147.1125030517578,-48.67500305175781
1773049163757882400,5.23688232421875,-258.375,147.28125,-48.48750305175781
1773049163767882500,5.246882568359375,-257.71875,147.3000030517578,-48.150001525878906
1773049163777882400,5.25688232421875,-257.15625,147.3937530517578,-48
1773049163787882500,5.266882568359375,-256.7062683105469,147.3937530517578,-47.66250228881836
1773049163797882000,5.276882080078125,-256.40625,147.9375,-47.66250228881836
1773049163807882000,5.286882080078125,-256.10626220703125,148.16250610351562,-47.83125305175781
1773049163817882000,5.296882080078125,-255.35626220703125,148.2375030517578,-47.8125
1773049163827882000,5.306882080078125,-255.15000915527344,148.5187530517578,-47.85000228881836
1773049163837882000,5.316882080078125,-255.28126525878906,148.76251220703125,-47.71875
1773049163847882000,5.326882080078125,-255.13125610351562,148.85626220703125,-48.13125228881836
1773049163857882000,5.336882080078125,-255.05625915527344,148.81875610351562,-48.03750228881836
1773049163867882000,5.346882080078125,-255.07501220703125,149.0625,-48
1773049163877882000,5.356882080078125,-254.88751220703125,148.93125915527344,-47.83125305175781
1773049163887882000,5.366882080078125,-254.62501525878906,148.65000915527344,-47.55000305175781
1773049163897882000,5.376882080078125,-254.71876525878906,148.63125610351562,-47.45625305175781
1773049163907882000,5.386882080078125,-254.58750915527344,148.48126220703125,-47.51250076293945
1773049163917882000,5.396882080078125,-254.28750610351562,148.29376220703125,-47.53125
1773049163927882000,5.406882080078125,-254.40000915527344,148.48126220703125,-47.45625305175781
1773049163937882000,5.416882080078125,-254.51251220703125,148.3125,-47.36250305175781
1773049163947882000,5.426882080078125,-254.40000915527344,148.03125,-47.493751525878906
1773049163957882000,5.436882080078125,-254.19375610351562,148.29376220703125,-47.34375
1773049163967882000,5.446882080078125,-254.23126220703125,148.63125610351562,-47.23125076293945
1773049163977882000,5.456882080078125,-254.30625915527344,148.76251220703125,-47.306251525878906
1773049163987882000,5.466882080078125,-254.38125610351562,148.96875,-47.306251525878906
1773049163997882000,5.476882080078125,-254.34376525878906,149.0812530517578,-47.41875076293945
1773049164007882000,5.486882080078125,-254.21250915527344,149.0812530517578,-47.51250076293945
1773049164017882000,5.496882080078125,-254.15626525878906,149.53125,-47.625
1773049164027882000,5.506882080078125,-254.30625915527344,149.66250610351562,-47.60625076293945
1773049164037882000,5.516882080078125,-254.38125610351562,149.30625915527344,-47.70000076293945
1773049164047882000,5.526882080078125,-254.66250610351562,149.21250915527344,-48.01875305175781
1773049164057882000,5.536882080078125,-254.81251525878906,148.96875,-48.30000305175781
1773049164067882000,5.546882080078125,-254.77500915527344,148.9875030517578,-48.150001525878906
1773049164077882000,5.556882080078125,-255.0187530517578,149.0812530517578,-48.13125228881836
1773049164087882000,5.566882080078125,-255.28126525878906,148.85626220703125,-48.20625305175781
1773049164097882000,5.576882080078125,-255.46876525878906,148.57501220703125,-48.20625305175781
1773049164107882000,5.586882080078125,-255.45001220703125,148.63125610351562,-48.11250305175781
1773049164117882000,5.596882080078125,-255.60000610351562,148.91250610351562,-48.16875076293945
1773049164127882000,5.606882080078125,-255.6750030517578,148.6875,-48.093753814697266
1773049164137882000,5.616882080078125,-255.63751220703125,148.91250610351562,-48.11250305175781
1773049164147882000,5.626882080078125,-255.69375610351562,149.00625610351562,-48.337501525878906
1773049164157882000,5.636882080078125,-255.61875915527344,148.93125915527344,-48.54375076293945
1773049164167882000,5.646882080078125,-255.63751220703125,149.15625,-48.39375305175781
1773049164177882000,5.656882080078125,-255.73126220703125,149.30625915527344,-48.45000076293945
1773049164187882000,5.666882080078125,-255.75001525878906,149.49375915527344,-48.525001525878906
1773049164197882000,5.676882080078125,-255.78750610351562,149.66250610351562,-48.468753814697266
1773049164207882000,5.686882080078125,-255.73126220703125,149.98126220703125,-48.525001525878906
1773049164217882000,5.696882080078125,-255.90000915527344,150.09375,-48.468753814697266
1773049164227882000,5.706882080078125,-256.1437683105469,150.22500610351562,-48.375003814697266
1773049164237882000,5.716882080078125,-256.2750244140625,150.35626220703125,-48.337501525878906
1773049164247882000,5.726882080078125,-256.03125,150.31875610351562,-48.58125305175781
1773049164257882000,5.736882080078125,-256.03125,150.28125,-48.76875305175781
1773049164267882000,5.746882080078125,-255.6750030517578,150.09375,-48.750003814697266
1773049164277882000,5.756882080078125,-255.63751220703125,150.07501220703125,-48.73125076293945
1773049164287882000,5.766882080078125,-255.50625610351562,149.86875915527344,-48.48750305175781
1773049164297882000,5.776882080078125,-255.46876525878906,149.6437530517578,-48.281253814697266
1773049164307882000,5.786882080078125,-255.13125610351562,149.47500610351562,-48.20625305175781
1773049164317882000,5.796882080078125,-254.98126220703125,149.40000915527344,-47.962501525878906
1773049164327882000,5.806882080078125,-254.9250030517578,149.56875610351562,-47.56875228881836
1773049164337882000,5.816882080078125,-254.60626220703125,149.40000915527344,-47.36250305175781
1773049164347882000,5.826882080078125,-255.00001525878906,149.60626220703125,-47.28750228881836
1773049164357882000,5.836882080078125,-254.90626525878906,149.53125,-47.34375
1773049164377882000,5.856882080078125,-254.6437530517578,149.6437530517578,-47.53125
1773049164387882000,5.866882080078125,-254.5500030517578,149.38125610351562,-47.625
1773049164397882000,5.876882080078125,-254.56875610351562,149.49375915527344,-47.79375076293945
1773049164407882000,5.886882080078125,-254.66250610351562,149.28750610351562,-47.88750076293945
1773049164417882000,5.896882080078125,-254.60626220703125,149.34375,-47.79375076293945
1773049164427882000,5.906882080078125,-254.38125610351562,149.32501220703125,-47.71875
1773049164437882000,5.916882080078125,-254.15626525878906,149.2687530517578,-47.625
1773049164447882000,5.926882080078125,-254.13751220703125,149.23126220703125,-47.587501525878906
1773049164457882000,5.936882080078125,-254.30625915527344,149.7375030517578,-47.75625228881836
1773049164467882000,5.946882080078125,-254.60626220703125,150.16876220703125,-47.8125
1773049164477882000,5.956882080078125,-254.4562530517578,150.28125,-47.66250228881836
1773049164487882000,5.966882080078125,-254.6437530517578,150.35626220703125,-47.71875
1773049164497882000,5.976882080078125,-254.85000610351562,150.4875030517578,-47.88750076293945
1773049164507882000,5.986882080078125,-255.00001525878906,150.33750915527344,-48.056251525878906
1773049164517882000,5.996882080078125,-255.2062530517578,150.24375915527344,-48.35625076293945
1773049164527882000,6.006882080078125,-255.4875030517578,150.35626220703125,-48.39375305175781
1773049164537882000,6.016882080078125,-255.45001220703125,149.85000610351562,-48.281253814697266
1773049164547882000,6.026882080078125,-254.98126220703125,149.49375915527344,-48
1773049164557882000,6.036882080078125,-254.68125915527344,149.10000610351562,-48.056251525878906
1773049164567882000,6.046882080078125,-254.2687530517578,149.11875915527344,-47.92500305175781
1773049164577882000,6.056882080078125,-254.1750030517578,149.15625,-47.70000076293945
1773049164587882000,6.066882080078125,-254.11875915527344,149.11875915527344,-47.66250228881836
1773049164597882000,6.076882080078125,-253.93125915527344,149.04376220703125,-47.53125
1773049164607882000,6.086882080078125,-253.57501220703125,149.25,-47.13750076293945
1773049164617882000,6.096882080078125,-253.65000915527344,149.10000610351562,-47.38125228881836
1773049164627882000,6.106882080078125,-253.8937530517578,149.15625,-47.45625305175781
1773049164637882000,6.116882080078125,-254.4562530517578,149.40000915527344,-47.4375
1773049164647882000,6.126882080078125,-254.4562530517578,149.4562530517578,-47.55000305175781
1773049164657882000,6.136882080078125,-254.47500610351562,149.4562530517578,-47.775001525878906
1773049164667882000,6.146882080078125,-254.56875610351562,149.68125915527344,-47.625
1773049164677882000,6.156882080078125,-254.60626220703125,149.70001220703125,-47.55000305175781
1773049164687882000,6.166882080078125,-254.71876525878906,149.2687530517578,-47.71875
1773049164697882000,6.176882080078125,-254.68125915527344,149.6437530517578,-47.681251525878906
1773049164707882000,6.186882080078125,-254.5500030517578,149.56875610351562,-47.92500305175781
1773049164717882000,6.196882080078125,-254.28750610351562,149.38125610351562,-48.01875305175781
1773049164727882000,6.206882080078125,-254.56875610351562,149.38125610351562,-48.07500076293945
1773049164737882000,6.216882080078125,-254.4562530517578,149.38125610351562,-47.85000228881836
1773049164747882000,6.226882080078125,-254.1750030517578,149.11875915527344,-48
1773049164757882000,6.236882080078125,-254.30625915527344,149.32501220703125,-48.03750228881836
1773049164767882000,6.246882080078125,-254.53126525878906,149.70001220703125,-48.26250076293945
1773049164777882000,6.256882080078125,-254.4562530517578,149.40000915527344,-48.26250076293945
1773049164787882000,6.266882080078125,-254.75625610351562,149.58750915527344,-47.98125076293945
1773049164797882000,6.276882080078125,-254.79376220703125,149.88751220703125,-47.71875
1773049164807882000,6.286882080078125,-254.94375610351562,149.8312530517578,-47.53125
1773049164817882000,6.296882080078125,-255.05625915527344,149.8312530517578,-47.775001525878906
1773049164827882000,6.306882080078125,-255.07501220703125,149.98126220703125,-47.79375076293945
1773049164837882000,6.316882080078125,-255.1125030517578,150.15000915527344,-47.85000228881836
1773049164847882000,6.326882080078125,-255.00001525878906,149.90625,-47.94375228881836
1773049164857882000,6.336882080078125,-255.13125610351562,150.24375915527344,-47.90625
1773049164867882000,6.346882080078125,-254.9250030517578,150.09375,-48.187503814697266
1773049164877882000,6.356882080078125,-255.05625915527344,149.86875915527344,-48.468753814697266
1773049164887882000,6.366882080078125,-254.70001220703125,149.9250030517578,-48.60000228881836
1773049164897882000,6.376882080078125,-254.60626220703125,149.9250030517578,-48.618751525878906
1773049164907882000,6.386882080078125,-254.71876525878906,149.77500915527344,-48.54375076293945
1773049164917882000,6.396882080078125,-254.62501525878906,149.4375,-48.41250228881836
1773049164927882000,6.406882080078125,-254.5500030517578,149.79376220703125,-48.31875228881836
1773049164937882000,6.416882080078125,-254.43751525878906,149.47500610351562,-48.22500228881836
1773049164947882000,6.426882080078125,-254.38125610351562,149.47500610351562,-48.01875305175781
1773049164957882000,6.436882080078125,-254.32501220703125,149.7375030517578,-47.73750305175781
1773049164967882000,6.446882080078125,-254.51251220703125,149.53125,-47.73750305175781
1773049164977882000,6.456882080078125,-254.56875610351562,149.47500610351562,-47.73750305175781
1773049164987882000,6.466882080078125,-254.62501525878906,149.66250610351562,-47.8125
1773049164997882000,6.476882080078125,-254.68125915527344,149.79376220703125,-47.90625
1773049165007882000,6.486882080078125,-254.6437530517578,149.66250610351562,-47.775001525878906
1773049165017882000,6.496882080078125,-254.56875610351562,149.8312530517578,-47.85000228881836
1773049165027882000,6.506882080078125,-254.88751220703125,149.8125,-48.20625305175781
1773049165037882000,6.516882080078125,-255.09376525878906,149.66250610351562,-48.45000076293945
1773049165047882000,6.526882080078125,-255.03750610351562,149.88751220703125,-48.337501525878906
1773049165057882000,6.536882080078125,-254.86875915527344,149.75625610351562,-48.41250228881836
1773049165067882000,6.546882080078125,-254.81251525878906,149.41876220703125,-48.375003814697266
1773049165077882000,6.556882080078125,-254.7375030517578,149.28750610351562,-48.31875228881836
1773049165087882000,6.566882080078125,-254.70001220703125,149.34375,-48.26250076293945
1773049165097882000,6.576882080078125,-254.70001220703125,149.10000610351562,-48.22500228881836
1773049165107882000,6.586882080078125,-254.4562530517578,149.1750030517578,-47.98125076293945
1773049165117882000,6.596882080078125,-254.28750610351562,149.11875915527344,-47.75625228881836
1773049165127882000,6.606882080078125,-254.3625030517578,148.8000030517578,-47.88750076293945
1773049165137882000,6.616882080078125,-254.32501220703125,148.85626220703125,-47.66250228881836
1773049165147882000,6.626882080078125,-254.2687530517578,149.1750030517578,-47.66250228881836
1773049165157882000,6.636882080078125,-254.28750610351562,149.3625030517578,-47.56875228881836
1773049165167882000,6.646882080078125,-254.2687530517578,149.25,-47.51250076293945
1773049165177882000,6.656882080078125,-254.56875610351562,149.625,-47.51250076293945
1773049165187882000,6.666882080078125,-254.51251220703125,149.79376220703125,-47.47500228881836
1773049165197882000,6.676882080078125,-254.68125915527344,149.79376220703125,-47.71875
1773049165207882000,6.686882080078125,-254.70001220703125,150,-47.775001525878906
1773049165217882000,6.696882080078125,-254.88751220703125,150.07501220703125,-47.8125
1773049165227882000,6.706882080078125,-255.28126525878906,150.0187530517578,-47.90625
1773049165237882000,6.716882080078125,-255.46876525878906,150.09375,-48.093753814697266
1773049165247882000,6.726882080078125,-255.52500915527344,149.96250915527344,-48.45000076293945
1773049165257882000,6.736882080078125,-255.3937530517578,149.94375610351562,-48.243751525878906
1773049165267882000,6.746882080078125,-255.31875610351562,149.625,-48.187503814697266
1773049165277882000,6.756882080078125,-255.13125610351562,149.5500030517578,-48.20625305175781
1773049165287882000,6.766882080078125,-254.90626525878906,149.53125,-47.94375228881836
1773049165297882000,6.776882080078125,-254.96250915527344,149.38125610351562,-48.03750228881836
1773049165307882000,6.786882080078125,-254.43751525878906,149.4375,-47.868751525878906
1773049165317882000,6.796882080078125,-254.23126220703125,149.1750030517578,-47.64375305175781
1773049165327882000,6.806882080078125,-254.23126220703125,149.4375,-47.47500228881836
1773049165337882000,6.816882080078125,-254.23126220703125,149.34375,-47.681251525878906
1773049165347882000,6.826882080078125,-254.41876220703125,149.3625030517578,-47.88750076293945
1773049165357882000,6.836882080078125,-254.23126220703125,149.60626220703125,-47.66250228881836
1773049165367882000,6.846882080078125,-254.10000610351562,149.4562530517578,-47.868751525878906
1773049165377882000,6.856882080078125,-253.93125915527344,149.625,-47.73750305175781
1773049165387882000,6.866882080078125,-254.04376220703125,149.625,-47.79375076293945
1773049165397882000,6.876882080078125,-254.04376220703125,149.79376220703125,-48.07500076293945
1773049165407882000,6.886882080078125,-253.76251220703125,149.60626220703125,-48.056251525878906
1773049165417882000,6.896882080078125,-253.66876220703125,149.41876220703125,-47.85000228881836
1773049165427882000,6.906882080078125,-253.50001525878906,149.56875610351562,-47.51250076293945
1773049165437882000,6.916882080078125,-253.36875915527344,149.4562530517578,-47.493751525878906
1773049165447882000,6.926882080078125,-253.31251525878906,149.5500030517578,-47.04375076293945
1773049165457882000,6.936882080078125,-253.25625610351562,149.30625915527344,-47.118751525878906
1773049165467882000,6.946882080078125,-252.99375915527344,149.21250915527344,-47.04375076293945
1773049165477882000,6.956882080078125,-252.99375915527344,149.10000610351562,-46.89375305175781
1773049165487882000,6.966882080078125,-253.10626220703125,149.19375610351562,-46.63125228881836
1773049165497882000,6.976882080078125,-252.8625030517578,149.1750030517578,-46.81875228881836
1773049165507882000,6.986882080078125,-252.8625030517578,148.9875030517578,-47.04375076293945
1773049165517882000,6.996882080078125,-253.16250610351562,148.875,-47.23125076293945
1773049165527882000,7.006882080078125,-253.35000610351562,148.81875610351562,-47.625
1773049165537882000,7.016882080078125,-253.57501220703125,148.81875610351562,-47.587501525878906
1773049165547882000,7.026882080078125,-253.87501525878906,148.8937530517578,-47.681251525878906
1773049165557882000,7.036882080078125,-253.81875610351562,148.76251220703125,-47.55000305175781
1773049165577882000,7.056882080078125,-254.04376220703125,148.74375915527344,-47.66250228881836
1773049165587882000,7.066882080078125,-254.02500915527344,148.78125,-47.38125228881836
1773049165597882000,7.076882080078125,-253.95001220703125,149.13751220703125,-47.0625
1773049165607882000,7.086882080078125,-253.93125915527344,149.13751220703125,-46.98750305175781
1773049165617882000,7.096882080078125,-253.68751525878906,149.11875915527344,-47.025001525878906
1773049165627882000,7.106882080078125,-253.78126525878906,149.02500915527344,-46.89375305175781
1773049165637882000,7.116882080078125,-253.46250915527344,149.13751220703125,-46.85625076293945
1773049165647882000,7.126882080078125,-253.50001525878906,149.23126220703125,-47.025001525878906
1773049165657882000,7.136882080078125,-253.21876525878906,149.38125610351562,-46.85625076293945
1773049165667882000,7.146882080078125,-253.08750915527344,149.28750610351562,-47.04375076293945
1773049165677882000,7.156882080078125,-253.16250610351562,149.1750030517578,-47.23125076293945
1773049165687882000,7.166882080078125,-252.9562530517578,149.25,-47.28750228881836
1773049165697882000,7.176882080078125,-253.08750915527344,149.3625030517578,-47.15625
1773049165707882000,7.186882080078125,-252.93751525878906,149.34375,-47.306251525878906
1773049165717882000,7.196882080078125,-253.31251525878906,149.2687530517578,-47.53125
1773049165727882000,7.206882080078125,-253.12501525878906,149.0625,-47.0625
1773049165737882000,7.216882080078125,-253.5187530517578,149.10000610351562,-47.306251525878906
1773049165747882000,7.226882080078125,-253.8000030517578,149.21250915527344,-47.36250305175781
1773049165757882000,7.236882080078125,-253.50001525878906,148.74375915527344,-47.45625305175781
1773049165767882000,7.246882080078125,-253.85626220703125,148.66876220703125,-47.4375
1773049165777882000,7.256882080078125,-253.9875030517578,148.6875,-47.493751525878906
1773049165787882000,7.266882080078125,-253.87501525878906,148.81875610351562,-47.36250305175781
1773049165797882000,7.276882080078125,-253.91250610351562,148.875,-47.32500076293945
1773049165807882000,7.286882080078125,-254.3625030517578,149.04376220703125,-47.53125
1773049165817882000,7.296882080078125,-254.19375610351562,148.85626220703125,-47.51250076293945
1773049165827882000,7.306882080078125,-253.83750915527344,149.1750030517578,-47.34375
1773049165837882000,7.316882080078125,-253.72500610351562,149.30625915527344,-47.08125305175781
1773049165847882000,7.326882080078125,-253.55625915527344,149.40000915527344,-46.98750305175781
1773049165857882000,7.336882080078125,-253.50001525878906,149.40000915527344,-47.10000228881836
1773049165867882000,7.346882080078125,-253.5187530517578,149.1750030517578,-47.10000228881836
1773049165877882000,7.356882080078125,-253.6125030517578,149.19375610351562,-47.400001525878906
1773049165887882000,7.366882080078125,-253.21876525878906,149.15625,-47.56875228881836
1773049165897882000,7.376882080078125,-253.16250610351562,149.0812530517578,-47.4375
1773049165907882000,7.386882080078125,-253.4250030517578,148.8000030517578,-47.66250228881836
1773049165917882000,7.396882080078125,-253.68751525878906,148.78125,-47.868751525878906
1773049165927882000,7.406882080078125,-253.7062530517578,148.81875610351562,-48
1773049165937882000,7.416882080078125,-253.65000915527344,148.7062530517578,-48.01875305175781
1773049165947882000,7.426882080078125,-253.66876220703125,148.48126220703125,-47.94375228881836
1773049165957882000,7.436882080078125,-253.36875915527344,148.4250030517578,-47.56875228881836
1773049165967882000,7.446882080078125,-253.21876525878906,148.3312530517578,-47.28750228881836
1773049165977882000,7.456882080078125,-253.36875915527344,148.29376220703125,-47.41875076293945
1773049165987882000,7.466882080078125,-253.5187530517578,148.48126220703125,-47.400001525878906
1773049165997882000,7.476882080078125,-253.65000915527344,148.5187530517578,-47.493751525878906
1773049166007882000,7.486882080078125,-253.55625915527344,148.38751220703125,-47.587501525878906
1773049166017882000,7.496882080078125,-253.59376525878906,148.46250915527344,-47.493751525878906
1773049166027882000,7.506882080078125,-253.8000030517578,148.95001220703125,-47.587501525878906
1773049166037882000,7.516882080078125,-254.0812530517578,149.19375610351562,-47.83125305175781
1773049166047882000,7.526882080078125,-254.40000915527344,149.19375610351562,-47.94375228881836
1773049166057882000,7.536882080078125,-254.1750030517578,149.2687530517578,-47.775001525878906
1773049166067882000,7.546882080078125,-253.93125915527344,149.04376220703125,-47.8125
1773049166077882000,7.556882080078125,-253.87501525878906,149.49375915527344,-47.625
1773049166087882000,7.566882080078125,-254.00625610351562,149.75625610351562,-47.56875228881836
1773049166097882000,7.576882080078125,-253.9875030517578,150.1125030517578,-47.23125076293945
1773049166107882000,7.586882080078125,-253.72500610351562,150.2062530517578,-47.19375228881836
1773049166117882000,7.596882080078125,-253.6125030517578,150.2062530517578,-46.875
1773049166127882000,7.606882080078125,-253.31251525878906,150.22500610351562,-46.78125
1773049166137882000,7.616882080078125,-253.40626525878906,150.1875,-46.743751525878906
1773049166147882000,7.626882080078125,-253.53750610351562,150.16876220703125,-46.57500076293945
1773049166157882000,7.636882080078125,-253.35000610351562,149.79376220703125,-46.875
1773049166177882000,7.656882080078125,-253.44375610351562,149.15625,-46.85625076293945
1773049166187882000,7.666882080078125,-253.7062530517578,148.85626220703125,-46.95000076293945
1773049166197882000,7.676882080078125,-253.5187530517578,148.95001220703125,-46.875
1773049166207882000,7.686882080078125,-253.85626220703125,148.85626220703125,-47.04375076293945
1773049166217882000,7.696882080078125,-253.8000030517578,149.00625610351562,-47.025001525878906
1773049166227882000,7.706882080078125,-253.76251220703125,149.19375610351562,-47.13750076293945
1773049166237882000,7.716882080078125,-253.83750915527344,149.32501220703125,-46.89375305175781
1773049166247882000,7.726882080078125,-253.87501525878906,149.21250915527344,-46.76250076293945
1773049166257882000,7.736882080078125,-253.76251220703125,149.1750030517578,-47.04375076293945
1773049166267882000,7.746882080078125,-253.91250610351562,149.1750030517578,-47.19375228881836
1773049166277882000,7.756882080078125,-254.30625915527344,149.0812530517578,-47.4375
1773049166287882000,7.766882080078125,-254.30625915527344,149.11875915527344,-47.4375
1773049166297882000,7.776882080078125,-254.28750610351562,148.8937530517578,-47.66250228881836
1773049166307882000,7.786882080078125,-254.32501220703125,148.78125,-47.60625076293945
1773049166317882000,7.796882080078125,-254.2687530517578,148.63125610351562,-47.73750305175781
1773049166327882000,7.806882080078125,-254.30625915527344,148.6125030517578,-48.11250305175781
1773049166337882000,7.816882080078125,-254.32501220703125,148.76251220703125,-47.92500305175781
1773049166347882000,7.826882080078125,-253.96876525878906,148.8000030517578,-47.71875
1773049166357882000,7.836882080078125,-253.72500610351562,148.38751220703125,-47.73750305175781
1773049166367882000,7.846882080078125,-253.4250030517578,148.3125,-47.625
1773049166377882000,7.856882080078125,-253.53750610351562,148.44375610351562,-47.55000305175781
1773049166387882000,7.866882080078125,-253.3312530517578,148.63125610351562,-47.47500228881836
1773049166397882000,7.876882080078125,-253.35000610351562,148.6875,-47.34375
1773049166407882000,7.886882080078125,-253.2375030517578,148.63125610351562,-47.212501525878906
1773049166417882000,7.896882080078125,-252.99375915527344,148.46250915527344,-47.34375
1773049166427882000,7.906882080078125,-253.03126525878906,148.38751220703125,-47.34375
1773049166437882000,7.916882080078125,-252.9562530517578,148.65000915527344,-47.38125228881836
1773049166447882000,7.926882080078125,-253.06875610351562,148.57501220703125,-47.47500228881836
1773049166457882000,7.936882080078125,-253.16250610351562,148.63125610351562,-47.26875305175781
1773049166467882000,7.946882080078125,-253.38751220703125,148.35000610351562,-47.28750228881836
1773049166477882000,7.956882080078125,-253.59376525878906,148.38751220703125,-47.32500076293945
1773049166487882000,7.966882080078125,-253.76251220703125,148.8937530517578,-47.118751525878906
1773049166497882000,7.976882080078125,-254.11875915527344,149.04376220703125,-47.025001525878906
1773049166507882000,7.986882080078125,-254.0812530517578,149.21250915527344,-46.96875
1773049166517882000,7.996882080078125,-254.10000610351562,149.21250915527344,-46.76250076293945
1773049166527882000,8.006882080078125,-254.25001525878906,149.56875610351562,-46.6875
1773049166537882000,8.016882080078124,-254.00625610351562,149.60626220703125,-46.80000305175781
1773049166547882000,8.026882080078124,-253.74375915527344,149.70001220703125,-46.76250076293945
1773049166557882000,8.036882080078126,-253.78126525878906,149.88751220703125,-46.76250076293945
1773049166567882000,8.046882080078126,-253.87501525878906,149.51251220703125,-46.931251525878906
1773049166577882000,8.056882080078125,-253.65000915527344,149.6437530517578,-46.72500228881836
1773049166587882000,8.066882080078125,-253.81875610351562,149.71875,-46.63125228881836
1773049166597882000,8.076882080078125,-254.11875915527344,149.7375030517578,-46.66875076293945
1773049166607882000,8.086882080078125,-254.13751220703125,149.75625610351562,-46.80000305175781
1773049166617882000,8.096882080078124,-254.43751525878906,149.79376220703125,-46.76250076293945
1773049166627882000,8.106882080078124,-254.79376220703125,149.70001220703125,-46.931251525878906
1773049166637882000,8.116882080078126,-254.77500915527344,149.3625030517578,-46.95000076293945
1773049166647882000,8.126882080078126,-254.86875915527344,149.47500610351562,-47.00625228881836
1773049166657882000,8.136882080078125,-254.70001220703125,149.0812530517578,-47.13750076293945
1773049166667882000,8.146882080078125,-254.60626220703125,148.8937530517578,-47.32500076293945
1773049166677882000,8.156882080078125,-254.4562530517578,149.0812530517578,-47.23125076293945
1773049166687882000,8.166882080078125,-254.77500915527344,149.04376220703125,-47.212501525878906
1773049166697882000,8.176882080078125,-254.66250610351562,149.30625915527344,-47.13750076293945
1773049166707882000,8.186882080078124,-254.96250915527344,149.60626220703125,-47.19375228881836
1773049166717882000,8.196882080078124,-255.13125610351562,149.96250915527344,-47.32500076293945
1773049166727882000,8.206882080078126,-255.00001525878906,150.07501220703125,-47.36250305175781
1773049166737882000,8.216882080078125,-255.09376525878906,150.07501220703125,-47.71875
1773049166747882000,8.226882080078125,-255.3937530517578,150.3000030517578,-47.70000076293945
1773049166757882000,8.236882080078125,-255.43125915527344,150.15000915527344,-47.85000228881836
1773049166767882000,8.246882080078125,-254.85000610351562,150.05625915527344,-47.73750305175781
1773049166777882000,8.256882080078125,-254.94375610351562,149.79376220703125,-47.88750076293945
1773049166787882000,8.266882080078124,-254.38125610351562,149.51251220703125,-47.71875
1773049166797882000,8.276882080078124,-254.02500915527344,149.30625915527344,-47.41875076293945
1773049166807882000,8.286882080078126,-254.11875915527344,149.25,-47.08125305175781
1773049166817882000,8.296882080078126,-254.21250915527344,149.2687530517578,-46.875
1773049166827882000,8.306882080078125,-253.96876525878906,149.00625610351562,-46.89375305175781
1773049166837882000,8.316882080078125,-253.95001220703125,148.81875610351562,-46.931251525878906
1773049166847882000,8.326882080078125,-253.8937530517578,148.81875610351562,-46.931251525878906
1773049166857882000,8.336882080078125,-253.55625915527344,148.85626220703125,-46.72500228881836
1773049166867882000,8.346882080078124,-253.68751525878906,149.13751220703125,-46.76250076293945
1773049166877882000,8.356882080078124,-253.91250610351562,149.28750610351562,-46.98750305175781
1773049166887882000,8.366882080078126,-253.59376525878906,149.00625610351562,-46.95000076293945
1773049166897882000,8.376882080078126,-253.8000030517578,149.2687530517578,-46.96875
1773049166907882000,8.386882080078125,-253.81875610351562,149.28750610351562,-46.6875
1773049166917882000,8.396882080078125,-253.93125915527344,149.5500030517578,-46.63125228881836
1773049166927882000,8.406882080078125,-253.63125610351562,149.40000915527344,-46.53750228881836
1773049166937882000,8.416882080078125,-254.11875915527344,149.34375,-46.81875228881836
1773049166947882000,8.426882080078125,-254.3625030517578,149.10000610351562,-46.91250228881836
1773049166957882000,8.436882080078124,-253.9875030517578,148.875,-46.72500228881836
1773049166967882000,8.446882080078124,-253.95001220703125,149.0812530517578,-46.78125
1773049166977882000,8.456882080078126,-253.50001525878906,148.85626220703125,-46.63125228881836
1773049166987882000,8.466882080078125,-253.38751220703125,148.7062530517578,-47.04375076293945
1773049166997882000,8.476882080078125,-253.1437530517578,148.5,-47.15625
1773049167007882000,8.486882080078125,-253.59376525878906,148.46250915527344,-47.15625
1773049167017882000,8.496882080078125,-253.36875915527344,148.59375,-46.89375305175781
1773049167027882000,8.506882080078125,-253.0500030517578,148.55625915527344,-46.63125228881836
1773049167037882000,8.516882080078124,-253.31251525878906,148.5,-46.80000305175781
1773049167047882000,8.526882080078124,-253.50001525878906,148.44375610351562,-46.89375305175781
1773049167057882000,8.536882080078126,-253.8000030517578,148.3312530517578,-46.98750305175781
1773049167067882000,8.546882080078126,-253.83750915527344,148.55625915527344,-46.72500228881836
1773049167077882000,8.556882080078125,-253.7062530517578,148.48126220703125,-46.556251525878906
1773049167087882000,8.566882080078125,-253.8937530517578,148.55625915527344,-46.70625305175781
1773049167097882000,8.576882080078125,-253.65000915527344,148.46250915527344,-46.72500228881836
1773049167107882000,8.586882080078125,-253.74375915527344,148.29376220703125,-47.08125305175781
1773049167117882000,8.596882080078124,-253.53750610351562,148.35000610351562,-46.98750305175781
1773049167127882000,8.606882080078124,-253.66876220703125,148.48126220703125,-46.89375305175781
1773049167137882000,8.616882080078126,-253.53750610351562,148.6875,-46.875
1773049167147882000,8.626882080078126,-253.63125610351562,148.53750610351562,-47.025001525878906
1773049167157882000,8.636882080078125,-253.96876525878906,148.6875,-47.00625228881836
1773049167167882000,8.646882080078125,-253.59376525878906,148.5187530517578,-46.91250228881836
1773049167177882000,8.656882080078125,-253.76251220703125,148.6125030517578,-47.08125305175781
1773049167187882000,8.666882080078125,-253.72500610351562,148.74375915527344,-46.85625076293945
1773049167197882000,8.676882080078125,-253.85626220703125,148.6875,-46.91250228881836
1773049167207882000,8.686882080078124,-253.63125610351562,148.55625915527344,-47.00625228881836
1773049167217882000,8.696882080078124,-253.76251220703125,148.55625915527344,-47.17500305175781
1773049167227882000,8.706882080078126,-253.78126525878906,148.53750610351562,-47.15625
1773049167237882000,8.716882080078125,-253.65000915527344,148.29376220703125,-47.25
1773049167247882000,8.726882080078125,-253.96876525878906,148.44375610351562,-47.56875228881836
1773049167257882000,8.736882080078125,-254.10000610351562,148.38751220703125,-47.681251525878906
1773049167267882000,8.746882080078125,-253.96876525878906,148.48126220703125,-47.53125
1773049167277882000,8.756882080078125,-253.91250610351562,148.46250915527344,-47.55000305175781
1773049167287882000,8.766882080078124,-254.06251525878906,148.63125610351562,-47.32500076293945
1773049167297882000,8.776882080078124,-254.13751220703125,148.66876220703125,-47.19375228881836
1773049167307882000,8.786882080078126,-253.8937530517578,148.65000915527344,-47.28750228881836
1773049167317882000,8.796882080078126,-253.8937530517578,148.76251220703125,-47.28750228881836
1773049167327882000,8.806882080078125,-254.02500915527344,148.875,-47.15625
1773049167337882000,8.816882080078125,-254.10000610351562,148.6875,-47.08125305175781
1773049167347882000,8.826882080078125,-254.1750030517578,148.83750915527344,-47.23125076293945
1773049167357882000,8.836882080078125,-254.23126220703125,148.83750915527344,-47.28750228881836
1773049167367882000,8.846882080078124,-254.02500915527344,148.55625915527344,-47.45625305175781
1773049167377882000,8.856882080078124,-253.93125915527344,148.53750610351562,-47.34375
1773049167387882000,8.866882080078126,-253.93125915527344,148.46250915527344,-47.25
1773049167397882000,8.876882080078126,-253.8000030517578,148.5,-47.28750228881836
1773049167407882000,8.886882080078125,-253.55625915527344,148.38751220703125,-47.23125076293945
1773049167417882000,8.896882080078125,-253.44375610351562,148.48126220703125,-47.28750228881836
1773049167427882000,8.906882080078125,-253.50001525878906,148.3312530517578,-47.34375
1773049167437882000,8.916882080078125,-253.46250915527344,148.35000610351562,-47.23125076293945
1773049167447882000,8.926882080078125,-253.63125610351562,148.46250915527344,-47.10000228881836
1773049167457882000,8.936882080078124,-253.50001525878906,148.40625,-47.32500076293945
1773049167467882000,8.946882080078124,-253.85626220703125,148.5187530517578,-47.17500305175781
1773049167477882000,8.956882080078126,-254.02500915527344,148.74375915527344,-47.17500305175781
1773049167487882000,8.966882080078125,-254.10000610351562,148.83750915527344,-47.118751525878906
1773049167497882000,8.976882080078125,-254.28750610351562,148.9875030517578,-47.025001525878906
1773049167507882000,8.986882080078125,-254.25001525878906,148.875,-47.10000228881836
1773049167517882000,8.996882080078125,-254.41876220703125,148.95001220703125,-47.212501525878906
1773049167527882000,9.006882080078125,-254.62501525878906,149.04376220703125,-47.4375
1773049167537882000,9.016882080078124,-254.60626220703125,148.96875,-47.26875305175781
1773049167547882000,9.026882080078124,-254.21250915527344,148.95001220703125,-47.25
1773049167557882000,9.036882080078126,-254.23126220703125,148.76251220703125,-47.15625
1773049167567882000,9.046882080078126,-254.38125610351562,148.72500610351562,-47.25
1773049167577882000,9.056882080078125,-253.93125915527344,148.55625915527344,-47.0625
1773049167587882000,9.066882080078125,-254.06251525878906,148.76251220703125,-46.91250228881836
1773049167597882000,9.076882080078125,-253.85626220703125,148.29376220703125,-46.95000076293945
1773049167607882000,9.086882080078125,-253.85626220703125,148.29376220703125,-46.81875228881836
1773049167617882000,9.096882080078124,-254.02500915527344,148.29376220703125,-46.76250076293945
1773049167627882000,9.106882080078124,-254.25001525878906,148.40625,-47.118751525878906
1773049167637882000,9.116882080078126,-254.04376220703125,148.4250030517578,-47.10000228881836
1773049167647882000,9.126882080078126,-254.04376220703125,148.3312530517578,-47.025001525878906
1773049167657882000,9.136882080078125,-254.1750030517578,148.27500915527344,-47.306251525878906
1773049167667882000,9.146882080078125,-254.23126220703125,148.10626220703125,-47.493751525878906
1773049167677882000,9.156882080078125,-254.1750030517578,148.4250030517578,-47.64375305175781
1773049167687882000,9.166882080078125,-253.93125915527344,148.35000610351562,-47.73750305175781
1773049167697882000,9.176882080078125,-253.8000030517578,148.4250030517578,-47.8125
1773049167707882000,9.186882080078124,-253.76251220703125,148.3125,-47.60625076293945
1773049167717882000,9.196882080078124,-253.78126525878906,148.25625610351562,-47.73750305175781
1773049167727882000,9.206882080078126,-253.74375915527344,148.29376220703125,-47.92500305175781
1773049167737882000,9.216882080078125,-253.83750915527344,148.21875,-47.79375076293945
1773049167747882000,9.226882080078125,-253.66876220703125,148.08750915527344,-47.75625228881836
1773049167757882000,9.236882080078125,-253.85626220703125,147.9562530517578,-47.53125
1773049167767882000,9.246882080078125,-253.95001220703125,147.8625030517578,-47.41875076293945
1773049167777882000,9.256882080078125,-254.23126220703125,147.75,-47.47500228881836
1773049167787882000,9.266882080078124,-254.30625915527344,147.73126220703125,-47.41875076293945
1773049167797882000,9.276882080078124,-254.0812530517578,147.31875610351562,-47.26875305175781
1773049167807882000,9.286882080078126,-253.76251220703125,146.75625610351562,-47.17500305175781
1773049167817882000,9.296882080078126,-253.27500915527344,146.02500915527344,-47.23125076293945
1773049167827882000,9.306882080078125,-252.9562530517578,145.5187530517578,-47.025001525878906
1773049167837882000,9.316882080078125,-252.60000610351562,144.75,-46.875
1773049167847882000,9.326882080078125,-252.33750915527344,144.0187530517578,-47.15625
1773049167857882000,9.336882080078125,-251.79376220703125,143.30625915527344,-47.26875305175781
1773049167867882000,9.346882080078124,-251.5500030517578,142.38751220703125,-47.400001525878906
1773049167877882000,9.356882080078124,-251.68125915527344,142.36875915527344,-47.41875076293945
1773049167887882000,9.366882080078126,-251.49375915527344,142.35000610351562,-47.34375
1773049167897882000,9.376882080078126,-251.62501525878906,142.85626220703125,-47.34375
1773049167907882000,9.386882080078125,-251.94375610351562,143.11875915527344,-47.23125076293945
1773049167917882000,9.396882080078125,-252.0187530517578,143.8312530517578,-47.25
1773049167927882000,9.406882080078125,-252.00001525878906,144.43125915527344,-47.025001525878906
1773049167937882000,9.416882080078125,-251.98126220703125,144.97500610351562,-46.76250076293945
1773049167947882000,9.426882080078125,-252.22500610351562,146.0625,-46.3125
1773049167957882000,9.436882080078124,-252.26251220703125,146.34375,-46.57500076293945
1773049167967882000,9.446882080078124,-252.54376220703125,147.1125030517578,-46.743751525878906
1773049167977882000,9.456882080078126,-252.6750030517578,147.54376220703125,-46.76250076293945
1773049167987882000,9.466882080078125,-252.63751220703125,147.7687530517578,-46.875
1773049167997882000,9.476882080078125,-252.78750610351562,147.97500610351562,-47.17500305175781
1773049168007882000,9.486882080078125,-252.93751525878906,148.29376220703125,-47.17500305175781
1773049168017882000,9.496882080078125,-253.20001220703125,148.72500610351562,-47.26875305175781
1773049168027882000,9.506882080078125,-253.35000610351562,148.63125610351562,-47.493751525878906
1773049168037882000,9.516882080078124,-253.72500610351562,148.83750915527344,-47.4375
1773049168047882000,9.526882080078124,-253.65000915527344,148.5,-47.26875305175781
1773049168057882000,9.536882080078126,-253.63125610351562,148.27500915527344,-46.91250228881836
1773049168067882000,9.546882080078126,-253.5187530517578,148.57501220703125,-46.837501525878906
1773049168077882000,9.556882080078125,-253.55625915527344,148.65000915527344,-46.70625305175781
1773049168087882000,9.566882080078125,-253.65000915527344,148.53750610351562,-46.931251525878906
1773049168097882000,9.576882080078125,-253.65000915527344,148.3125,-46.96875
1773049168107882000,9.586882080078125,-253.21876525878906,148.3312530517578,-46.837501525878906
1773049168117882000,9.596882080078124,-252.63751220703125,148.10626220703125,-46.650001525878906
1773049168127882000,9.606882080078124,-252.82501220703125,148.27500915527344,-46.51875305175781
1773049168137882000,9.616882080078126,-252.99375915527344,148.2375030517578,-46.85625076293945
1773049168147882000,9.626882080078126,-253.16250610351562,148.10626220703125,-47.118751525878906
1773049168157882000,9.636882080078125,-253.38751220703125,148.10626220703125,-46.98750305175781
1773049168167882000,9.646882080078125,-253.38751220703125,148.125,-46.76250076293945
1773049168177882000,9.656882080078125,-253.3312530517578,148.38751220703125,-46.63125228881836
1773049168187882000,9.666882080078125,-253.65000915527344,148.38751220703125,-47.00625228881836
1773049168197882000,9.676882080078125,-253.6125030517578,148.48126220703125,-47.10000228881836
1773049168207882000,9.686882080078124,-253.4250030517578,148.59375,-47.306251525878906
1773049168217882000,9.696882080078124,-253.5187530517578,148.7062530517578,-47.36250305175781
1773049168227882000,9.706882080078126,-253.36875915527344,148.53750610351562,-47.38125228881836
1773049168237882000,9.716882080078125,-253.18125915527344,148.40625,-47.56875228881836
1773049168247882000,9.726882080078125,-253.0500030517578,148.6125030517578,-47.51250076293945
1773049168257882000,9.736882080078125,-253.31251525878906,148.35000610351562,-47.85000228881836
1773049168267882000,9.746882080078125,-253.20001220703125,148.36875915527344,-47.8125
1773049168277882000,9.756882080078125,-253.53750610351562,148.36875915527344,-47.92500305175781
1773049168287882000,9.766882080078124,-253.29376220703125,148.1437530517578,-47.88750076293945
1773049168297882000,9.776882080078124,-253.27500915527344,148.10626220703125,-47.79375076293945
1773049168307882000,9.786882080078126,-253.29376220703125,148.27500915527344,-47.56875228881836
1773049168317882000,9.796882080078126,-253.40626525878906,148.5,-47.493751525878906
1773049168327882000,9.806882080078125,-253.57501220703125,148.3125,-47.66250228881836
1773049168347882000,9.826882080078125,-253.2375030517578,148.3312530517578,-47.493751525878906
1773049168357882000,9.836882080078125,-252.8625030517578,148.36875915527344,-47.4375
1773049168367882000,9.846882080078124,-253.03126525878906,148.55625915527344,-47.400001525878906
1773049168377882000,9.856882080078124,-252.71250915527344,148.44375610351562,-47.56875228881836
1773049168387882000,9.866882080078126,-252.60000610351562,148.27500915527344,-47.625
1773049168397882000,9.876882080078126,-252.46876525878906,148.0500030517578,-47.83125305175781
1773049168407882000,9.886882080078125,-252.3000030517578,147.9562530517578,-47.75625228881836
1773049168417882000,9.896882080078125,-252.35626220703125,147.90000915527344,-47.47500228881836
1773049168427882000,9.906882080078125,-252.3937530517578,147.5625,-47.56875228881836
1773049168437882000,9.916882080078125,-252.5812530517578,147.45001220703125,-47.41875076293945
1773049168447882000,9.926882080078125,-252.6750030517578,147.24375915527344,-47.400001525878906
1773049168457882000,9.936882080078124,-252.84376525878906,147.375,-47.45625305175781
1773049168467882000,9.946882080078124,-252.82501220703125,147.5625,-47.60625076293945
1773049168477882000,9.956882080078126,-252.84376525878906,147.69375610351562,-47.4375
1773049168487882000,9.966882080078125,-252.88125610351562,147.8625030517578,-47.587501525878906
1773049168497882000,9.976882080078125,-252.75001525878906,147.80625915527344,-47.73750305175781
1773049168507882000,9.986882080078125,-252.69375610351562,148.01251220703125,-47.868751525878906
1773049168517882000,9.996882080078125,-252.69375610351562,148.03125,-47.92500305175781
1773049168527882000,10.006882080078125,-252.75001525878906,147.9562530517578,-47.98125076293945
1773049168547882000,10.026882080078124,-253.18125915527344,148.0500030517578,-47.45625305175781
1773049168557882000,10.036882080078126,-252.90000915527344,148.10626220703125,-47.45625305175781
1773049168567882000,10.046882080078126,-252.88125610351562,147.9375,-47.25
1773049168577882000,10.056882080078125,-253.10626220703125,148.125,-47.26875305175781
1773049168587882000,10.066882080078125,-253.12501525878906,148.2375030517578,-46.96875
1773049168597882000,10.076882080078125,-253.27500915527344,148.21875,-46.95000076293945
1773049168607882000,10.086882080078125,-253.16250610351562,148.21875,-47.04375076293945
1773049168617882000,10.096882080078124,-252.82501220703125,148.18125915527344,-47.04375076293945
1773049168627882000,10.106882080078124,-252.97500610351562,147.84375,-47.25
1773049168637882000,10.116882080078126,-253.01251220703125,147.73126220703125,-47.15625
1773049168647882000,10.126882080078126,-252.91876220703125,147.6750030517578,-47.10000228881836
1773049168657882000,10.136882080078125,-253.08750915527344,147.78750610351562,-47.10000228881836
1773049168667882000,10.146882080078125,-253.08750915527344,147.69375610351562,-47.17500305175781
1773049168677882000,10.156882080078125,-253.2375030517578,147.88125610351562,-47.306251525878906
1773049168687882000,10.166882080078125,-253.29376220703125,147.90000915527344,-47.36250305175781
1773049168697882000,10.176882080078125,-253.55625915527344,148.03125,-47.64375305175781
1773049168707882000,10.186882080078124,-253.20001220703125,147.99375915527344,-47.70000076293945
1773049168717882000,10.196882080078124,-253.36875915527344,147.84375,-47.681251525878906
1773049168727882000,10.206882080078126,-253.72500610351562,147.97500610351562,-48.11250305175781
1773049168737882000,10.216882080078125,-253.40626525878906,147.75,-48.093753814697266
1773049168747882000,10.226882080078125,-253.35000610351562,147.71250915527344,-48.20625305175781
1773049168757882000,10.236882080078125,-253.03126525878906,147.41250610351562,-48.187503814697266
1773049168767882000,10.246882080078125,-252.91876220703125,147.35626220703125,-48.056251525878906
1773049168777882000,10.256882080078125,-252.91876220703125,147.5812530517578,-47.94375228881836
1773049168787882000,10.266882080078124,-252.91876220703125,147.9375,-47.625
1773049168797882000,10.276882080078124,-252.82501220703125,147.97500610351562,-47.60625076293945
1773049168807882000,10.286882080078126,-252.69375610351562,147.90000915527344,-47.56875228881836
1773049168817882000,10.296882080078126,-252.69375610351562,147.99375915527344,-47.681251525878906
1773049168827882000,10.306882080078125,-253.01251220703125,147.91876220703125,-47.73750305175781
1773049168837882000,10.316882080078125,-253.20001220703125,148.25625610351562,-47.681251525878906
1773049168847882000,10.326882080078125,-253.35000610351562,148.38751220703125,-47.625
1773049168857882000,10.336882080078125,-253.27500915527344,148.10626220703125,-47.41875076293945
1773049168867882000,10.346882080078124,-253.57501220703125,147.7687530517578,-47.45625305175781
1773049168877882000,10.356882080078124,-253.83750915527344,147.78750610351562,-47.4375
1773049168887882000,10.366882080078126,-253.8937530517578,147.8625030517578,-47.15625
1773049168897882000,10.376882080078126,-254.06251525878906,147.7687530517578,-46.96875
1773049168907882000,10.386882080078125,-253.81875610351562,147.9375,-46.931251525878906
1773049168917882000,10.396882080078125,-253.6125030517578,147.69375610351562,-46.96875
1773049168927882000,10.406882080078125,-253.5187530517578,147.5625,-47.0625
1773049168937882000,10.416882080078125,-253.55625915527344,147.46875,-47.28750228881836
1773049168947882000,10.426882080078125,-253.68751525878906,147.3937530517578,-47.47500228881836
1773049168957882000,10.436882080078124,-253.48126220703125,147.31875610351562,-47.79375076293945
1773049168967882000,10.446882080078124,-253.20001220703125,147.24375915527344,-47.868751525878906
1773049168977882000,10.456882080078126,-253.2375030517578,147.15000915527344,-48.13125228881836
1773049168987882000,10.466882080078125,-253.27500915527344,147.09375,-48.13125228881836
1773049168997882000,10.476882080078125,-253.31251525878906,147.22500610351562,-48.20625305175781
1773049169007882000,10.486882080078125,-253.29376220703125,147.41250610351562,-48.31875228881836
1773049169017882000,10.496882080078125,-253.66876220703125,147.5625,-48.150001525878906
1773049169027882000,10.506882080078125,-253.27500915527344,147.61875915527344,-48.13125228881836
1773049169037882000,10.516882080078124,-253.3312530517578,147.73126220703125,-47.962501525878906
1773049169047882000,10.526882080078124,-253.5187530517578,147.5625,-47.92500305175781
1773049169057882000,10.536882080078126,-253.46250915527344,147.73126220703125,-47.92500305175781
1773049169067882000,10.546882080078126,-253.38751220703125,147.73126220703125,-48.01875305175781
1773049169077882000,10.556882080078125,-253.59376525878906,147.60000610351562,-48.150001525878906
1773049169087882000,10.566882080078125,-253.66876220703125,147.61875915527344,-48.11250305175781
1773049169097882000,10.576882080078125,-253.4250030517578,147.8625030517578,-48.187503814697266
1773049169107882000,10.586882080078125,-253.50001525878906,147.65625,-48.150001525878906
1773049169117882000,10.596882080078124,-253.6125030517578,147.63751220703125,-48.243751525878906
1773049169127882000,10.606882080078124,-253.29376220703125,147.84375,-48.16875076293945
1773049169137882000,10.616882080078126,-252.90000915527344,147.52500915527344,-47.83125305175781
1773049169147882000,10.626882080078126,-253.12501525878906,147.61875915527344,-47.51250076293945
1773049169157882000,10.636882080078125,-253.27500915527344,147.61875915527344,-47.64375305175781
1773049169167882000,10.646882080078125,-253.40626525878906,147.52500915527344,-47.47500228881836
1773049169177882000,10.656882080078125,-253.27500915527344,147.31875610351562,-47.45625305175781
1773049169187882000,10.666882080078125,-253.3312530517578,147.45001220703125,-47.47500228881836
1773049169197882000,10.676882080078125,-253.3312530517578,147.3937530517578,-47.19375228881836
1773049169207882000,10.686882080078124,-253.59376525878906,147.26251220703125,-47.38125228881836
1773049169217882000,10.696882080078124,-253.78126525878906,147.375,-47.8125
1773049169227882000,10.706882080078126,-253.59376525878906,147.26251220703125,-47.94375228881836
1773049169237882000,10.716882080078125,-253.68751525878906,147.35626220703125,-47.53125
1773049169247882000,10.726882080078125,-253.74375915527344,147.35626220703125,-47.53125
1773049169257882000,10.736882080078125,-253.72500610351562,147.45001220703125,-47.75625228881836
1773049169267882000,10.746882080078125,-253.74375915527344,147.6750030517578,-47.71875
1773049169277882000,10.756882080078125,-253.68751525878906,147.4875030517578,-47.70000076293945
1773049169287882000,10.766882080078124,-253.78126525878906,147.35626220703125,-47.85000228881836
1773049169297882000,10.776882080078124,-253.8937530517578,147.24375915527344,-47.56875228881836
1773049169307882000,10.786882080078126,-253.91250610351562,147.05625915527344,-47.47500228881836
1773049169317882000,10.796882080078126,-253.59376525878906,147.07501220703125,-47.493751525878906
1773049169327882000,10.806882080078125,-253.20001220703125,147.13125610351562,-47.73750305175781
1773049169337882000,10.816882080078125,-253.46250915527344,147.24375915527344,-47.70000076293945
1773049169347882000,10.826882080078125,-253.31251525878906,147.09375,-47.868751525878906
1773049169357882000,10.836882080078125,-253.16250610351562,147.375,-47.868751525878906
1773049169367882000,10.846882080078124,-252.97500610351562,147.5625,-47.55000305175781
1773049169377882000,10.856882080078124,-253.08750915527344,147.6750030517578,-47.493751525878906
1773049169387882000,10.866882080078126,-253.25625610351562,147.80625915527344,-47.56875228881836
1773049169397882000,10.876882080078126,-253.2375030517578,147.69375610351562,-47.587501525878906
1773049169407882000,10.886882080078125,-253.25625610351562,147.63751220703125,-47.32500076293945
1773049169417882000,10.896882080078125,-253.0500030517578,147.1875,-47.212501525878906
1773049169427882000,10.906882080078125,-252.99375915527344,147.28125,-47.025001525878906
1773049169437882000,10.916882080078125,-253.21876525878906,147.16876220703125,-47.23125076293945
1773049169447882000,10.926882080078125,-253.35000610351562,147.16876220703125,-47.34375
1773049169457882000,10.936882080078124,-253.35000610351562,147.22500610351562,-47.4375
1773049169467882000,10.946882080078124,-253.46250915527344,147.22500610351562,-47.51250076293945
1773049169477882000,10.956882080078126,-253.57501220703125,147.1125030517578,-47.55000305175781
1773049169487882000,10.966882080078125,-253.74375915527344,147.1875,-47.70000076293945
1773049169497882000,10.976882080078125,-253.66876220703125,147.1125030517578,-47.71875
1773049169507882000,10.986882080078125,-253.72500610351562,147.0187530517578,-47.85000228881836
1773049169517882000,10.996882080078125,-253.59376525878906,146.88751220703125,-47.73750305175781
1773049169527882000,11.006882080078125,-253.72500610351562,146.96250915527344,-47.85000228881836
1773049169537882000,11.016882080078124,-253.44375610351562,146.79376220703125,-47.71875
1773049169547882000,11.026882080078124,-253.18125915527344,146.66250610351562,-47.775001525878906
1773049169557882000,11.036882080078126,-253.4250030517578,146.75625610351562,-47.8125
1773049169567882000,11.046882080078126,-253.36875915527344,146.60626220703125,-47.775001525878906
1773049169577882000,11.056882080078125,-253.38751220703125,146.71875,-47.94375228881836
1773049169587882000,11.066882080078125,-253.50001525878906,146.90625,-47.92500305175781
1773049169597882000,11.076882080078125,-253.55625915527344,147.15000915527344,-47.92500305175781
1773049169607882000,11.086882080078125,-253.3312530517578,147.07501220703125,-47.92500305175781
1773049169617882000,11.096882080078124,-253.44375610351562,147.31875610351562,-47.962501525878906
1773049169627882000,11.106882080078124,-253.50001525878906,147.41250610351562,-48.13125228881836
1773049169637882000,11.116882080078126,-253.2375030517578,147.5625,-48
1773049169647882000,11.126882080078126,-253.57501220703125,147.65625,-48.07500076293945
1773049169657882000,11.136882080078125,-253.46250915527344,147.6750030517578,-47.90625
1773049169667882000,11.146882080078125,-253.29376220703125,147.60000610351562,-47.681251525878906
1773049169677882000,11.156882080078125,-253.31251525878906,147.31875610351562,-47.587501525878906
1773049169687882000,11.166882080078125,-253.57501220703125,147.26251220703125,-47.8125
1773049169697882000,11.176882080078125,-253.65000915527344,147.26251220703125,-47.85000228881836
1773049169707882000,11.186882080078124,-253.55625915527344,147.13125610351562,-47.60625076293945
1773049169717882000,11.196882080078124,-253.59376525878906,147.0187530517578,-47.47500228881836
1773049169727882000,11.206882080078126,-253.25625610351562,147.0187530517578,-47.306251525878906
1773049169737882000,11.216882080078125,-253.48126220703125,147.22500610351562,-47.28750228881836
1773049169747882000,11.226882080078125,-253.78126525878906,147.2062530517578,-47.28750228881836
1773049169757882000,11.236882080078125,-253.8937530517578,147.22500610351562,-47.53125
1773049169767882000,11.246882080078125,-253.96876525878906,147.26251220703125,-47.26875305175781
1773049169777882000,11.256882080078125,-254.02500915527344,147.22500610351562,-47.118751525878906
1773049169787882000,11.266882080078124,-254.28750610351562,147.35626220703125,-47.23125076293945
1773049169797882000,11.276882080078124,-254.23126220703125,147.31875610351562,-47.51250076293945
1773049169807882000,11.286882080078126,-254.43751525878906,147.22500610351562,-47.60625076293945
1773049169817882000,11.296882080078126,-254.4562530517578,147.33750915527344,-47.53125
1773049169827882000,11.306882080078125,-254.68125915527344,147.33750915527344,-47.83125305175781
1773049169837882000,11.316882080078125,-254.47500610351562,147.45001220703125,-47.90625
1773049169847882000,11.326882080078125,-254.4562530517578,147.61875915527344,-47.90625
1773049169857882000,11.336882080078125,-254.86875915527344,147.5812530517578,-48.281253814697266
1773049169867882000,11.346882080078124,-254.96250915527344,147.4875030517578,-48.48750305175781
1773049169877882000,11.356882080078124,-254.85000610351562,147.71250915527344,-48.60000228881836
1773049169887882000,11.366882080078126,-254.79376220703125,147.63751220703125,-48.63750076293945
1773049169897882000,11.376882080078126,-254.77500915527344,147.45001220703125,-48.76875305175781
1773049169907882000,11.386882080078125,-254.41876220703125,147.26251220703125,-48.78750228881836
1773049169917882000,11.396882080078125,-254.47500610351562,147.22500610351562,-48.69375228881836
1773049169927882000,11.406882080078125,-254.15626525878906,147.07501220703125,-48.712501525878906
1773049169937882000,11.416882080078125,-253.72500610351562,147.22500610351562,-48.54375076293945
1773049169947882000,11.426882080078125,-253.38751220703125,147.41250610351562,-48.22500228881836
1773049169957882000,11.436882080078124,-253.5187530517578,147.16876220703125,-48.150001525878906
1773049169967882000,11.446882080078124,-253.6125030517578,147.31875610351562,-48.337501525878906
1773049169977882000,11.456882080078126,-253.65000915527344,147.22500610351562,-48.39375305175781
1773049169987882000,11.466882080078125,-253.96876525878906,147.16876220703125,-48.41250228881836
1773049169997882000,11.476882080078125,-253.76251220703125,147.16876220703125,-48.243751525878906
1773049170007882000,11.486882080078125,-254.11875915527344,146.90625,-48.54375076293945
1773049170017882000,11.496882080078125,-254.04376220703125,146.75625610351562,-48.656253814697266
1773049170027882000,11.506882080078125,-254.02500915527344,146.53125,-48.63750076293945
1773049170037882000,11.516882080078124,-254.04376220703125,146.34375,-48.63750076293945
1773049170047882000,11.526882080078124,-253.76251220703125,146.23126220703125,-48.58125305175781
1773049170057882000,11.536882080078126,-253.7062530517578,146.1750030517578,-48.525001525878906
1773049170067882000,11.546882080078126,-253.31251525878906,146.25,-48.375003814697266
1773049170077882000,11.556882080078125,-253.46250915527344,145.8937530517578,-48.39375305175781
1773049170087882000,11.566882080078125,-253.36875915527344,145.96875,-48.11250305175781
1773049170097882000,11.576882080078125,-253.4250030517578,145.7062530517578,-48.093753814697266
1773049170107882000,11.586882080078125,-253.31251525878906,145.8000030517578,-48.30000305175781
1773049170117882000,11.596882080078124,-253.16250610351562,146.1750030517578,-48.16875076293945
1773049170127882000,11.606882080078124,-253.12501525878906,145.95001220703125,-48.16875076293945
1773049170137882000,11.616882080078126,-253.10626220703125,145.95001220703125,-48.22500228881836
1773049170147882000,11.626882080078126,-253.35000610351562,145.96875,-48.16875076293945
1773049170157882000,11.636882080078125,-253.74375915527344,146.30625915527344,-48.39375305175781
1773049170167882000,11.646882080078125,-253.59376525878906,146.28750610351562,-48.58125305175781
1773049170177882000,11.656882080078125,-253.72500610351562,146.5500030517578,-48.45000076293945
1773049170187882000,11.666882080078125,-253.95001220703125,146.38125610351562,-48.54375076293945
1773049170197882000,11.676882080078125,-254.1750030517578,145.96875,-48.69375228881836
1773049170207882000,11.686882080078124,-254.32501220703125,146.19375610351562,-48.58125305175781
1773049170217882000,11.696882080078124,-254.58750915527344,146.23126220703125,-48.843753814697266
1773049170227882000,11.706882080078126,-254.58750915527344,146.19375610351562,-49.05000305175781
1773049170237882000,11.716882080078125,-254.28750610351562,146.2687530517578,-48.73125076293945
1773049170247882000,11.726882080078125,-254.23126220703125,146.3625030517578,-48.41250228881836
1773049170257882000,11.736882080078125,-254.00625610351562,146.38125610351562,-48.54375076293945
1773049170267882000,11.746882080078125,-253.96876525878906,146.6437530517578,-48.11250305175781
1773049170277882000,11.756882080078125,-253.8000030517578,146.8312530517578,-47.94375228881836
1773049170287882000,11.766882080078124,-253.66876220703125,147.1875,-47.868751525878906
1773049170297882000,11.776882080078124,-253.38751220703125,147.2062530517578,-47.625
1773049170307882000,11.786882080078126,-253.27500915527344,147.60000610351562,-47.53125
1773049170317882000,11.796882080078126,-253.29376220703125,147.46875,-47.85000228881836
1773049170327882000,11.806882080078125,-253.53750610351562,147.375,-48.03750228881836
1773049170337882000,11.816882080078125,-253.76251220703125,147.3000030517578,-48.07500076293945
1773049170347882000,11.826882080078125,-253.6125030517578,147.0187530517578,-48.431251525878906
1773049170357882000,11.836882080078125,-253.65000915527344,147.13125610351562,-48.45000076293945
1773049170367882000,11.846882080078124,-253.87501525878906,146.41876220703125,-48.58125305175781
1773049170377882000,11.856882080078124,-253.95001220703125,146.2687530517578,-48.54375076293945
1773049170387882000,11.866882080078126,-253.96876525878906,146.0625,-48.67500305175781
1773049170397882000,11.876882080078126,-253.81875610351562,146.1750030517578,-48.78750228881836
1773049170407882000,11.886882080078125,-253.65000915527344,146.49375915527344,-48.86250305175781
1773049170417882000,11.896882080078125,-253.36875915527344,146.32501220703125,-48.60000228881836
1773049170427882000,11.906882080078125,-253.36875915527344,146.21250915527344,-48.50625228881836
1773049170437882000,11.916882080078125,-253.46250915527344,145.96875,-48.78750228881836
1773049170447882000,11.926882080078125,-253.40626525878906,146.28750610351562,-48.618751525878906
1773049170457882000,11.936882080078124,-253.40626525878906,146.38125610351562,-48.82500076293945
1773049170467882000,11.946882080078124,-253.38751220703125,146.23126220703125,-48.525001525878906
1773049170477882000,11.956882080078126,-253.4250030517578,146.32501220703125,-48.431251525878906
1773049170487882000,11.966882080078125,-253.25625610351562,145.96875,-48.48750305175781
1773049170497882000,11.976882080078125,-253.36875915527344,145.9875030517578,-48.63750076293945
1773049170507882000,11.986882080078125,-253.59376525878906,146.21250915527344,-48.468753814697266
1773049170517882000,11.996882080078125,-253.44375610351562,146.66250610351562,-48.187503814697266
1773049170527882000,12.006882080078125,-253.5187530517578,146.7375030517578,-48.187503814697266
1773049170537882000,12.016882080078124,-253.55625915527344,146.58750915527344,-48.093753814697266
1773049170547882000,12.026882080078124,-253.66876220703125,146.66250610351562,-48.22500228881836
1773049170557882000,12.036882080078126,-253.76251220703125,146.56875610351562,-48.056251525878906
1773049170567882000,12.046882080078126,-254.15626525878906,146.79376220703125,-47.83125305175781
1773049170577882000,12.056882080078125,-254.0812530517578,146.79376220703125,-47.90625
1773049170587882000,12.066882080078125,-253.83750915527344,146.94375610351562,-48.01875305175781
1773049170597882000,12.076882080078125,-253.93125915527344,146.85000610351562,-48.11250305175781
1773049170607882000,12.086882080078125,-253.96876525878906,146.8125,-48.20625305175781
1773049170617882000,12.096882080078124,-253.9875030517578,146.94375610351562,-48.03750228881836
1773049170627882000,12.106882080078124,-253.85626220703125,146.7375030517578,-48
1773049170637882000,12.116882080078126,-253.78126525878906,146.8312530517578,-47.962501525878906
1773049170647882000,12.126882080078126,-253.38751220703125,146.53125,-48.03750228881836
1773049170657882000,12.136882080078125,-253.16250610351562,146.625,-47.868751525878906
1773049170667882000,12.146882080078125,-253.25625610351562,146.47500610351562,-47.92500305175781
1773049170677882000,12.156882080078125,-253.16250610351562,146.00625610351562,-48.11250305175781
1773049170687882000,12.166882080078125,-252.91876220703125,145.93125915527344,-47.962501525878906
1773049170697882000,12.176882080078125,-252.97500610351562,145.95001220703125,-48.187503814697266
1773049170707882000,12.186882080078124,-252.8625030517578,146.04376220703125,-48.16875076293945
1773049170717882000,12.196882080078124,-252.6750030517578,145.91250610351562,-48.22500228881836
1773049170727882000,12.206882080078126,-253.01251220703125,146.34375,-48.45000076293945
1773049170737882000,12.216882080078125,-253.2375030517578,146.4375,-48.468753814697266
1773049170747882000,12.226882080078125,-252.99375915527344,146.625,-48.20625305175781
1773049170757882000,12.236882080078125,-252.99375915527344,146.94375610351562,-47.962501525878906
1773049170767882000,12.246882080078125,-252.8625030517578,146.96250915527344,-48.01875305175781
1773049170777882000,12.256882080078125,-252.52500915527344,146.9250030517578,-47.70000076293945
1773049170787882000,12.266882080078124,-252.82501220703125,146.94375610351562,-47.75625228881836
1773049170797882000,12.276882080078124,-252.7687530517578,146.75625610351562,-47.681251525878906
1773049170807882000,12.286882080078126,-252.50625610351562,146.56875610351562,-47.41875076293945
1773049170817882000,12.296882080078126,-252.61875915527344,146.5500030517578,-47.587501525878906
1773049170827882000,12.306882080078125,-252.75001525878906,146.53125,-47.71875
1773049170837882000,12.316882080078125,-252.84376525878906,146.4375,-47.625
1773049170847882000,12.326882080078125,-253.21876525878906,146.47500610351562,-47.73750305175781
1773049170857882000,12.336882080078125,-253.50001525878906,146.4562530517578,-47.962501525878906
1773049170867882000,12.346882080078124,-253.46250915527344,146.56875610351562,-47.94375228881836
1773049170877882000,12.356882080078124,-253.91250610351562,146.66250610351562,-47.8125
1773049170887882000,12.366882080078126,-254.02500915527344,146.85000610351562,-47.94375228881836
1773049170897882000,12.376882080078126,-253.8937530517578,146.8125,-47.775001525878906
1773049170907882000,12.386882080078125,-254.19375610351562,146.77500915527344,-47.79375076293945
1773049170917882000,12.396882080078125,-254.1750030517578,146.49375915527344,-47.98125076293945
1773049170927882000,12.406882080078125,-254.28750610351562,146.4375,-47.94375228881836
1773049170937882000,12.416882080078125,-254.23126220703125,146.58750915527344,-47.681251525878906
1773049170947882000,12.426882080078125,-254.15626525878906,146.47500610351562,-47.92500305175781
1773049170957882000,12.436882080078124,-253.95001220703125,146.49375915527344,-48.150001525878906
1773049170967882000,12.446882080078124,-253.95001220703125,146.21250915527344,-48.093753814697266
1773049170977882000,12.456882080078126,-253.91250610351562,146.19375610351562,-48.187503814697266
1773049170987882000,12.466882080078125,-253.63125610351562,146.19375610351562,-48.35625076293945
1773049170997882000,12.476882080078125,-253.8000030517578,146.32501220703125,-48.431251525878906
1773049171007882000,12.486882080078125,-253.5187530517578,146.38125610351562,-48.39375305175781
1773049171017882000,12.496882080078125,-253.3312530517578,146.13751220703125,-48.656253814697266
1773049171027882000,12.506882080078125,-253.4250030517578,146.19375610351562,-48.39375305175781
1773049171037882000,12.516882080078124,-253.5187530517578,146.13751220703125,-48.337501525878906
1773049171047882000,12.526882080078124,-253.46250915527344,146.15625,-48.16875076293945
1773049171057882000,12.536882080078126,-253.53750610351562,146.04376220703125,-48.093753814697266
1773049171067882000,12.546882080078126,-253.57501220703125,145.76251220703125,-48.01875305175781
1773049171077882000,12.556882080078125,-253.48126220703125,145.81875610351562,-47.98125076293945
1773049171087882000,12.566882080078125,-253.63125610351562,145.91250610351562,-47.88750076293945
1773049171097882000,12.576882080078125,-253.85626220703125,146.11875915527344,-47.92500305175781
1773049171107882000,12.586882080078125,-253.78126525878906,146.23126220703125,-47.90625
1773049171117882000,12.596882080078124,-253.95001220703125,146.23126220703125,-47.98125076293945
1773049171127882000,12.606882080078124,-254.15626525878906,146.30625915527344,-48.03750228881836
1773049171137882000,12.616882080078126,-254.15626525878906,146.34375,-48.13125228881836
1773049171147882000,12.626882080078126,-254.1750030517578,146.40000915527344,-47.90625
1773049171157882000,12.636882080078125,-254.23126220703125,146.66250610351562,-47.90625
1773049171167882000,12.646882080078125,-254.06251525878906,146.71875,-47.962501525878906
1773049171177882000,12.656882080078125,-253.95001220703125,146.75625610351562,-47.83125305175781
1773049171187882000,12.666882080078125,-254.0812530517578,146.68125915527344,-48.03750228881836
1773049171197882000,12.676882080078125,-253.93125915527344,147,-47.8125
1773049171207882000,12.686882080078124,-253.76251220703125,147.1125030517578,-47.775001525878906
1773049171217882000,12.696882080078124,-254.02500915527344,147.50625610351562,-47.71875
1773049171227882000,12.706882080078126,-254.06251525878906,147.75,-47.775001525878906
1773049171237882000,12.716882080078125,-254.15626525878906,147.52500915527344,-47.56875228881836
1773049171247882000,12.726882080078125,-254.34376525878906,147.375,-47.71875
1773049171257882000,12.736882080078125,-254.41876220703125,147.26251220703125,-47.98125076293945
1773049171267882000,12.746882080078125,-254.41876220703125,147.3000030517578,-48.093753814697266
1773049171277882000,12.756882080078125,-254.23126220703125,147.07501220703125,-48.375003814697266
1773049171287882000,12.766882080078124,-254.21250915527344,146.77500915527344,-48.60000228881836
1773049171297882000,12.776882080078124,-254.30625915527344,146.58750915527344,-48.656253814697266
1773049171307882000,12.786882080078126,-254.3625030517578,146.2687530517578,-48.750003814697266
1773049171317882000,12.796882080078126,-254.11875915527344,146.41876220703125,-48.82500076293945
1773049171327882000,12.806882080078125,-254.0812530517578,146.6437530517578,-48.54375076293945
1773049171337882000,12.816882080078125,-254.00625610351562,146.70001220703125,-48.54375076293945
1773049171347882000,12.826882080078125,-253.65000915527344,146.5500030517578,-48.41250228881836
1773049171357882000,12.836882080078125,-253.7062530517578,146.5500030517578,-48.468753814697266
1773049171367882000,12.846882080078124,-253.65000915527344,146.71875,-48.281253814697266
1773049171377882000,12.856882080078124,-253.10626220703125,146.38125610351562,-48.07500076293945
1773049171387882000,12.866882080078126,-253.18125915527344,146.47500610351562,-48.11250305175781
1773049171397882000,12.876882080078126,-253.10626220703125,146.21250915527344,-48.281253814697266
1773049171407882000,12.886882080078125,-252.82501220703125,146.02500915527344,-48.468753814697266
1773049171417882000,12.896882080078125,-252.7687530517578,145.91250610351562,-48.243751525878906
1773049171427882000,12.906882080078125,-252.88125610351562,146.02500915527344,-48.07500076293945
1773049171437882000,12.916882080078125,-252.78750610351562,146.21250915527344,-47.88750076293945
1773049171447882000,12.926882080078125,-252.78750610351562,146.28750610351562,-47.92500305175781
1773049171457882000,12.936882080078124,-253.01251220703125,146.32501220703125,-47.88750076293945
1773049171467882000,12.946882080078124,-252.7687530517578,146.19375610351562,-47.962501525878906
1773049171477882000,12.956882080078126,-253.08750915527344,146.38125610351562,-48.03750228881836
1773049171487882000,12.966882080078125,-253.3312530517578,146.4562530517578,-48.13125228881836
1773049171497882000,12.976882080078125,-253.36875915527344,146.625,-47.868751525878906
1773049171507882000,12.986882080078125,-253.55625915527344,146.8125,-47.8125
1773049171517882000,12.996882080078125,-253.66876220703125,146.86875915527344,-47.73750305175781
1773049171527882000,13.006882080078125,-253.81875610351562,146.94375610351562,-47.75625228881836
1773049171537882000,13.016882080078124,-253.8000030517578,147.24375915527344,-47.90625
1773049171547882000,13.026882080078124,-253.91250610351562,147.26251220703125,-47.98125076293945
1773049171557882000,13.036882080078126,-253.83750915527344,147.1875,-47.90625
1773049171567882000,13.046882080078126,-253.83750915527344,147.41250610351562,-47.73750305175781
1773049171577882000,13.056882080078125,-253.78126525878906,147.35626220703125,-48.243751525878906
1773049171587882000,13.066882080078125,-253.7062530517578,147.28125,-48.468753814697266
1773049171597882000,13.076882080078125,-253.65000915527344,147.26251220703125,-48.48750305175781
1773049171607882000,13.086882080078125,-253.5187530517578,147.09375,-48.562503814697266
1773049171617882000,13.096882080078124,-253.35000610351562,146.79376220703125,-48.69375228881836
1773049171627882000,13.106882080078124,-253.44375610351562,147,-48.48750305175781
1773049171637882000,13.116882080078126,-253.12501525878906,147.26251220703125,-48.150001525878906
1773049171647882000,13.126882080078126,-253.18125915527344,147,-48.22500228881836
1773049171657882000,13.136882080078125,-253.40626525878906,147.07501220703125,-48.01875305175781
1773049171667882000,13.146882080078125,-253.38751220703125,147.03750610351562,-48.03750228881836
1773049171677882000,13.156882080078125,-253.27500915527344,146.90625,-48.11250305175781
1773049171687882000,13.166882080078125,-253.48126220703125,146.90625,-48.07500076293945
1773049171697882000,13.176882080078125,-253.59376525878906,147,-48.056251525878906
1773049171707882000,13.186882080078124,-253.57501220703125,147.1125030517578,-48.056251525878906
1773049171717882000,13.196882080078124,-253.8000030517578,147.0187530517578,-48.243751525878906
1773049171727882000,13.206882080078126,-254.0812530517578,146.9250030517578,-48.150001525878906
1773049171737882000,13.216882080078125,-254.02500915527344,146.7375030517578,-48.13125228881836
1773049171747882000,13.226882080078125,-253.8937530517578,146.70001220703125,-47.85000228881836
1773049171757882000,13.236882080078125,-254.15626525878906,146.51251220703125,-47.70000076293945
1773049171767882000,13.246882080078125,-254.06251525878906,146.51251220703125,-47.64375305175781
1773049171777882000,13.256882080078125,-254.38125610351562,146.56875610351562,-47.71875
1773049171787882000,13.266882080078124,-254.3625030517578,146.51251220703125,-47.868751525878906
1773049171797882000,13.276882080078124,-254.3625030517578,146.41876220703125,-48.03750228881836
1773049171807882000,13.286882080078126,-254.0812530517578,146.53125,-48.150001525878906
1773049171817882000,13.296882080078126,-254.02500915527344,146.70001220703125,-48.22500228881836
1773049171827882000,13.306882080078125,-254.43751525878906,146.70001220703125,-48.468753814697266
1773049171837882000,13.316882080078125,-254.32501220703125,146.56875610351562,-48.67500305175781
1773049171847882000,13.326882080078125,-254.0812530517578,146.56875610351562,-48.63750076293945
1773049171857882000,13.336882080078125,-253.96876525878906,146.47500610351562,-48.656253814697266
1773049171867882000,13.346882080078124,-253.93125915527344,146.41876220703125,-48.525001525878906
1773049171877882000,13.356882080078124,-253.78126525878906,146.1750030517578,-48.63750076293945
1773049171887882000,13.366882080078126,-253.63125610351562,146.00625610351562,-48.76875305175781
1773049171897882000,13.376882080078126,-253.74375915527344,145.875,-48.41250228881836
1773049171907882000,13.386882080078125,-253.44375610351562,145.8937530517578,-48.20625305175781
1773049171917882000,13.396882080078125,-253.4250030517578,146.23126220703125,-48.281253814697266
1773049171927882000,13.406882080078125,-253.50001525878906,146.15625,-48.243751525878906
1773049171937882000,13.416882080078125,-253.3312530517578,146.3625030517578,-47.88750076293945
1773049171947882000,13.426882080078125,-253.27500915527344,146.41876220703125,-47.8125
1773049171957882000,13.436882080078124,-253.40626525878906,146.71875,-47.51250076293945
1773049171967882000,13.446882080078124,-253.55625915527344,146.75625610351562,-47.41875076293945
1773049171977882000,13.456882080078126,-253.36875915527344,146.8312530517578,-47.681251525878906
1773049171987882000,13.466882080078125,-253.46250915527344,146.4562530517578,-47.83125305175781
1773049171997882000,13.476882080078125,-253.5187530517578,146.25,-47.64375305175781
1773049172007882000,13.486882080078125,-253.74375915527344,146.2687530517578,-47.66250228881836
1773049172017882000,13.496882080078125,-253.72500610351562,146.02500915527344,-47.92500305175781
1773049172027882000,13.506882080078125,-253.8937530517578,145.9875030517578,-48
1773049172037882000,13.516882080078124,-253.74375915527344,146.04376220703125,-48.056251525878906
1773049172047882000,13.526882080078124,-253.81875610351562,145.9875030517578,-48
1773049172057882000,13.536882080078126,-253.81875610351562,145.875,-48.056251525878906
1773049172067882000,13.546882080078126,-253.7062530517578,146.0812530517578,-48.11250305175781
1773049172077882000,13.556882080078125,-253.63125610351562,146.38125610351562,-48.187503814697266
1773049172087882000,13.566882080078125,-253.66876220703125,146.25,-48.26250076293945
1773049172097882000,13.576882080078125,-254.15626525878906,146.53125,-48.22500228881836
1773049172107882000,13.586882080078125,-254.0812530517578,146.51251220703125,-48.39375305175781
1773049172117882000,13.596882080078124,-254.1750030517578,146.5500030517578,-48.30000305175781
1773049172127882000,13.606882080078124,-253.93125915527344,146.60626220703125,-48.20625305175781
1773049172137882000,13.616882080078126,-253.81875610351562,146.70001220703125,-48.26250076293945
1773049172147882000,13.626882080078126,-253.9875030517578,146.60626220703125,-48.39375305175781
1773049172157882000,13.636882080078125,-253.96876525878906,146.41876220703125,-48.431251525878906
1773049172167882000,13.646882080078125,-253.76251220703125,146.60626220703125,-48.281253814697266
1773049172177882000,13.656882080078125,-253.35000610351562,146.21250915527344,-48.468753814697266
1773049172187882000,13.666882080078125,-253.16250610351562,146.15625,-48.48750305175781
1773049172197882000,13.676882080078125,-253.21876525878906,145.83750915527344,-48.337501525878906
1773049172207882000,13.686882080078124,-253.08750915527344,145.96875,-48.468753814697266
1773049172217882000,13.696882080078124,-253.20001220703125,146.13751220703125,-48.30000305175781
1773049172227882000,13.706882080078126,-253.08750915527344,146.38125610351562,-48.26250076293945
1773049172237882000,13.716882080078125,-253.21876525878906,146.51251220703125,-48.187503814697266
1773049172247882000,13.726882080078125,-253.48126220703125,146.85000610351562,-48.093753814697266
1773049172257882000,13.736882080078125,-253.48126220703125,147.03750610351562,-47.98125076293945
1773049172267882000,13.746882080078125,-253.8937530517578,147.26251220703125,-47.88750076293945
1773049172277882000,13.756882080078125,-253.93125915527344,147.33750915527344,-48.16875076293945
1773049172287882000,13.766882080078124,-254.25001525878906,147.28125,-48.16875076293945
1773049172297882000,13.776882080078124,-254.43751525878906,147.28125,-48.093753814697266
1773049172307882000,13.786882080078126,-254.3625030517578,147.3000030517578,-48.01875305175781
1773049172317882000,13.796882080078126,-254.15626525878906,147.3000030517578,-48.187503814697266
1773049172327882000,13.806882080078125,-253.83750915527344,146.77500915527344,-48.468753814697266
1773049172337882000,13.816882080078125,-253.78126525878906,147.03750610351562,-48.243751525878906
1773049172347882000,13.826882080078125,-253.48126220703125,146.8312530517578,-48.31875228881836
1773049172357882000,13.836882080078125,-253.5187530517578,146.9250030517578,-48.243751525878906
1773049172367882000,13.846882080078124,-253.36875915527344,147.09375,-48.093753814697266
1773049172377882000,13.856882080078124,-253.08750915527344,147,-48.30000305175781
1773049172387882000,13.866882080078126,-253.21876525878906,146.8125,-48.337501525878906
1773049172397882000,13.876882080078126,-253.35000610351562,146.79376220703125,-48.375003814697266
1773049172407882000,13.886882080078125,-253.59376525878906,147.03750610351562,-48.73125076293945
1773049172417882000,13.896882080078125,-253.93125915527344,147.05625915527344,-48.82500076293945
1773049172427882000,13.906882080078125,-254.21250915527344,147.1875,-48.656253814697266
1773049172437882000,13.916882080078125,-254.38125610351562,147.1875,-48.97500228881836
1773049172447882000,13.926882080078125,-254.58750915527344,147.1875,-49.20000076293945
1773049172457882000,13.936882080078124,-254.6437530517578,146.98126220703125,-49.25625228881836
1773049172477882000,13.956882080078126,-254.94375610351562,147.52500915527344,-49.29375076293945
1773049172487882000,13.966882080078125,-254.98126220703125,147.73126220703125,-49.031253814697266
1773049172497882000,13.976882080078125,-254.96250915527344,147.71250915527344,-49.20000076293945
1773049172507882000,13.986882080078125,-255.03750610351562,147.7687530517578,-49.275001525878906
1773049172517882000,13.996882080078125,-255.00001525878906,147.88125610351562,-49.031253814697266
1773049172527882000,14.006882080078125,-255.16876220703125,147.9375,-49.05000305175781
1773049172537882000,14.016882080078124,-255.63751220703125,148.16250610351562,-48.91875076293945
1773049172547882000,14.026882080078124,-255.78750610351562,148.25625610351562,-48.900001525878906
1773049172557882000,14.036882080078126,-255.93751525878906,148.08750915527344,-48.900001525878906
1773049172567882000,14.046882080078126,-255.90000915527344,147.97500610351562,-48.91875076293945
1773049172577882000,14.056882080078125,-255.8625030517578,147.97500610351562,-48.91875076293945
1773049172587882000,14.066882080078125,-255.56251525878906,147.84375,-48.937503814697266
1773049172617882000,14.096882080078124,-254.98126220703125,147.5625,-48.69375228881836
1773049172627882000,14.106882080078124,-254.66250610351562,147.24375915527344,-48.60000228881836
1773049172637882000,14.116882080078126,-254.28750610351562,147.1875,-48.468753814697266
1773049172647882000,14.126882080078126,-254.25001525878906,147.15000915527344,-48.22500228881836
1773049172657882000,14.136882080078125,-254.04376220703125,147.16876220703125,-47.868751525878906
1773049172667882000,14.146882080078125,-253.8937530517578,147,-47.90625
1773049172677882000,14.156882080078125,-253.66876220703125,146.68125915527344,-47.962501525878906
1773049172687882000,14.166882080078125,-253.8937530517578,146.6437530517578,-47.75625228881836
1773049172697882000,14.176882080078125,-254.19375610351562,146.6437530517578,-47.88750076293945
1773049172707882000,14.186882080078124,-254.62501525878906,146.96250915527344,-47.8125
1773049172717882000,14.196882080078124,-254.70001220703125,146.96250915527344,-47.98125076293945
1773049172727882000,14.206882080078126,-254.81251525878906,146.9250030517578,-48.056251525878906
1773049172737882000,14.216882080078125,-254.77500915527344,146.77500915527344,-48.375003814697266
1773049172747882000,14.226882080078125,-255.1125030517578,147.07501220703125,-48.22500228881836
1773049172757882000,14.236882080078125,-254.96250915527344,147.13125610351562,-48.54375076293945
1773049172767882000,14.246882080078125,-254.9250030517578,147.3000030517578,-48.843753814697266
1773049172777882000,14.256882080078125,-254.53126525878906,147.24375915527344,-48.78750228881836
1773049172787882000,14.266882080078124,-253.9875030517578,146.9250030517578,-48.656253814697266
1773049172797882000,14.276882080078124,-254.32501220703125,147.09375,-48.656253814697266
1773049172807882000,14.286882080078126,-254.28750610351562,147.0187530517578,-48.54375076293945
1773049172817882000,14.296882080078126,-254.21250915527344,147.03750610351562,-48.281253814697266
1773049172827882000,14.306882080078125,-254.30625915527344,147,-48.468753814697266
1773049172837882000,14.316882080078125,-254.51251220703125,147,-48.30000305175781
1773049172847882000,14.326882080078125,-254.51251220703125,147.0187530517578,-48.056251525878906
1773049172857882000,14.336882080078125,-254.4562530517578,147.13125610351562,-47.98125076293945
1773049172867882000,14.346882080078124,-254.7375030517578,147.07501220703125,-48.150001525878906
1773049172877882000,14.356882080078124,-254.41876220703125,146.71875,-48.03750228881836
1773049172887882000,14.366882080078126,-254.75625610351562,146.71875,-48.056251525878906
1773049172897882000,14.376882080078126,-254.9250030517578,146.86875915527344,-48.01875305175781
1773049172907882000,14.386882080078125,-254.85000610351562,146.79376220703125,-47.98125076293945
1773049172917882000,14.396882080078125,-254.77500915527344,147.0187530517578,-47.775001525878906
1773049172927882000,14.406882080078125,-254.90626525878906,147.1125030517578,-47.79375076293945
1773049172937882000,14.416882080078125,-255.22500610351562,147.31875610351562,-47.775001525878906
1773049172947882000,14.426882080078125,-255.00001525878906,147.4875030517578,-47.71875
1773049172957882000,14.436882080078124,-255.24375915527344,147.63751220703125,-47.70000076293945
1773049172967882000,14.446882080078124,-254.98126220703125,147.65625,-47.92500305175781
1773049172977882000,14.456882080078126,-254.96250915527344,147.46875,-48.16875076293945
1773049172987882000,14.466882080078125,-255.0187530517578,147.63751220703125,-47.98125076293945
1773049172997882000,14.476882080078125,-255.24375915527344,147.88125610351562,-48.056251525878906
1773049173007882000,14.486882080078125,-255.18751525878906,147.84375,-48.056251525878906
1773049173017882000,14.496882080078125,-255.15000915527344,147.5625,-48.150001525878906
1773049173027882000,14.506882080078125,-255.43125915527344,147.54376220703125,-48.35625076293945
1773049173037882000,14.516882080078124,-255.61875915527344,147.65625,-48.45000076293945
1773049173047882000,14.526882080078124,-255.75001525878906,147.8625030517578,-48.30000305175781
1773049173057882000,14.536882080078126,-256.01251220703125,148.25625610351562,-48.30000305175781
1773049173067882000,14.546882080078126,-255.93751525878906,147.99375915527344,-48.45000076293945
1773049173077882000,14.556882080078125,-255.37501525878906,147.71250915527344,-48.375003814697266
1773049173087882000,14.566882080078125,-255.3000030517578,147.84375,-48.26250076293945
1773049173097882000,14.576882080078125,-255.3937530517578,147.99375915527344,-48.11250305175781
1773049173107882000,14.586882080078125,-255.35626220703125,148.08750915527344,-48.093753814697266
1773049173117882000,14.596882080078124,-255.16876220703125,148.25625610351562,-47.98125076293945
1773049173127882000,14.606882080078124,-254.75625610351562,148.29376220703125,-47.98125076293945
1773049173137882000,14.616882080078126,-254.68125915527344,148.1437530517578,-47.775001525878906
1773049173147882000,14.626882080078126,-254.85000610351562,148.21875,-47.83125305175781
1773049173157882000,14.636882080078125,-255.45001220703125,148.16250610351562,-48.150001525878906
1773049173167882000,14.646882080078125,-255.82501220703125,147.9562530517578,-48.45000076293945
1773049173177882000,14.656882080078125,-255.84376525878906,147.9562530517578,-48.73125076293945
1773049173187882000,14.666882080078125,-255.82501220703125,147.99375915527344,-48.69375228881836
1773049173197882000,14.676882080078125,-256.01251220703125,147.7687530517578,-49.031253814697266
1773049173207882000,14.686882080078124,-256.2562561035156,147.63751220703125,-49.087501525878906
1773049173217882000,14.696882080078124,-256.4250183105469,147.54376220703125,-49.14375305175781
1773049173227882000,14.706882080078126,-256.3125,147.63751220703125,-49.14375305175781
1773049173237882000,14.716882080078125,-256.3312683105469,147.60000610351562,-49.05000305175781
1773049173247882000,14.726882080078125,-256.0500183105469,147.69375610351562,-49.10625076293945
1773049173257882000,14.736882080078125,-256.0500183105469,148.01251220703125,-48.88125228881836
1773049173267882000,14.746882080078125,-256.125,147.8625030517578,-48.937503814697266
1773049173277882000,14.756882080078125,-255.90000915527344,147.82501220703125,-48.48750305175781
1773049173287882000,14.766882080078124,-255.6750030517578,147.82501220703125,-48.58125305175781
1773049173297882000,14.776882080078124,-255.43125915527344,147.9562530517578,-48.60000228881836
1773049173307882000,14.786882080078126,-255.28126525878906,147.88125610351562,-48.656253814697266
1773049173317882000,14.796882080078126,-255.15000915527344,147.91876220703125,-48.67500305175781
1773049173327882000,14.806882080078125,-255.15000915527344,147.82501220703125,-48.431251525878906
1773049173337882000,14.816882080078125,-254.68125915527344,147.26251220703125,-48.58125305175781
1773049173357882000,14.836882080078125,-254.32501220703125,147.16876220703125,-48.54375076293945
1773049173367882000,14.846882080078124,-254.30625915527344,146.94375610351562,-48.39375305175781
1773049173377882000,14.856882080078124,-254.10000610351562,146.4562530517578,-48.431251525878906
1773049173387882000,14.866882080078126,-253.85626220703125,146.2687530517578,-48.20625305175781
1773049173397882000,14.876882080078126,-253.68751525878906,146.2687530517578,-48.11250305175781
1773049173407882000,14.886882080078125,-253.85626220703125,146.00625610351562,-48.150001525878906
1773049173417882000,14.896882080078125,-253.96876525878906,146.15625,-47.868751525878906
1773049173427882000,14.906882080078125,-253.8937530517578,146.23126220703125,-47.75625228881836
1773049173437882000,14.916882080078125,-253.65000915527344,146.0625,-47.92500305175781
1773049173447882000,14.926882080078125,-253.95001220703125,146.15625,-48
1773049173457882000,14.936882080078124,-253.91250610351562,146.30625915527344,-47.92500305175781
1773049173467882000,14.946882080078124,-254.06251525878906,146.4562530517578,-47.88750076293945
1773049173477882000,14.956882080078126,-253.91250610351562,146.47500610351562,-47.64375305175781
1773049173487882000,14.966882080078125,-253.7062530517578,146.53125,-47.79375076293945
1773049173497882000,14.976882080078125,-253.81875610351562,146.53125,-48
1773049173507882000,14.986882080078125,-254.02500915527344,146.56875610351562,-48.22500228881836
1773049173517882000,14.996882080078125,-254.2687530517578,146.88751220703125,-48
1773049173527882000,15.006882080078125,-253.93125915527344,146.70001220703125,-48.03750228881836
1773049173537882000,15.016882080078124,-254.10000610351562,146.8125,-48.150001525878906
1773049173547882000,15.026882080078124,-254.19375610351562,146.7375030517578,-48.375003814697266
1773049173557882000,15.036882080078126,-254.15626525878906,146.60626220703125,-48.525001525878906
1773049173567882000,15.046882080078126,-254.10000610351562,146.68125915527344,-48.337501525878906
1773049173577882000,15.056882080078125,-254.00625610351562,146.77500915527344,-48.187503814697266
1773049173587882000,15.066882080078125,-253.81875610351562,146.60626220703125,-48.01875305175781
1773049173597882000,15.076882080078125,-254.11875915527344,146.6437530517578,-48.243751525878906
1773049173607882000,15.086882080078125,-254.32501220703125,146.88751220703125,-48.22500228881836
1773049173617882000,15.096882080078124,-254.60626220703125,147.2062530517578,-48.31875228881836
1773049173627882000,15.106882080078124,-254.6437530517578,147.3937530517578,-48.375003814697266
1773049173637882000,15.116882080078126,-254.49375915527344,147.3000030517578,-48.45000076293945
1773049173647882000,15.126882080078126,-254.4562530517578,147.4875030517578,-48.54375076293945
1773049173657882000,15.136882080078125,-254.75625610351562,147.22500610351562,-48.50625228881836
1773049173667882000,15.146882080078125,-255.15000915527344,147.28125,-48.618751525878906
1773049173677882000,15.156882080078125,-254.90626525878906,147.31875610351562,-48.41250228881836
1773049173687882000,15.166882080078125,-254.90626525878906,147.24375915527344,-48.375003814697266
1773049173697882000,15.176882080078125,-254.66250610351562,146.88751220703125,-48.22500228881836
1773049173707882000,15.186882080078124,-254.6437530517578,146.77500915527344,-47.962501525878906
1773049173717882000,15.196882080078124,-254.85000610351562,146.7375030517578,-47.85000228881836
1773049173727882000,15.206882080078126,-254.86875915527344,146.625,-47.92500305175781
1773049173737882000,15.216882080078125,-254.53126525878906,146.86875915527344,-47.88750076293945
1773049173747882000,15.226882080078125,-254.23126220703125,146.68125915527344,-47.70000076293945
1773049173757882000,15.236882080078125,-254.02500915527344,146.60626220703125,-47.625
1773049173767882000,15.246882080078125,-253.9875030517578,146.25,-47.66250228881836
1773049173777882000,15.256882080078125,-253.87501525878906,146.0812530517578,-47.8125
1773049173787882000,15.266882080078124,-253.63125610351562,146.2687530517578,-47.98125076293945
1773049173797882000,15.276882080078124,-253.46250915527344,146.47500610351562,-48
1773049173807882000,15.286882080078126,-253.57501220703125,146.3625030517578,-47.88750076293945
1773049173817882000,15.296882080078126,-253.55625915527344,146.28750610351562,-48.13125228881836
1773049173827882000,15.306882080078125,-253.55625915527344,146.53125,-48.187503814697266
1773049173837882000,15.316882080078125,-253.74375915527344,146.49375915527344,-48.26250076293945
1773049173847882000,15.326882080078125,-253.74375915527344,146.70001220703125,-48.22500228881836
1773049173857882000,15.336882080078125,-253.81875610351562,146.75625610351562,-48.07500076293945
1773049173867882000,15.346882080078124,-253.91250610351562,146.56875610351562,-47.92500305175781
1773049173877882000,15.356882080078124,-254.02500915527344,146.56875610351562,-47.83125305175781
1773049173887882000,15.366882080078126,-253.72500610351562,146.60626220703125,-47.90625
1773049173897882000,15.376882080078126,-253.6125030517578,146.56875610351562,-47.90625
1773049173907882000,15.386882080078125,-253.8937530517578,146.53125,-48.150001525878906
1773049173917882000,15.396882080078125,-253.63125610351562,146.40000915527344,-48
1773049173927882000,15.406882080078125,-253.48126220703125,146.40000915527344,-47.8125
1773049173937882000,15.416882080078125,-253.48126220703125,146.4375,-47.98125076293945
1773049173947882000,15.426882080078125,-253.53750610351562,146.38125610351562,-47.98125076293945
1773049173957882000,15.436882080078124,-253.4250030517578,146.34375,-47.98125076293945
1773049173967882000,15.446882080078124,-253.93125915527344,146.4562530517578,-47.98125076293945
1773049173977882000,15.456882080078126,-254.0812530517578,146.40000915527344,-47.92500305175781
1773049173987882000,15.466882080078125,-253.6125030517578,146.3625030517578,-47.8125
1773049173997882000,15.476882080078125,-253.68751525878906,146.38125610351562,-47.92500305175781
1773049174007882000,15.486882080078125,-253.8000030517578,146.32501220703125,-48.03750228881836
1773049174017882000,15.496882080078125,-253.72500610351562,146.28750610351562,-48.056251525878906
1773049174027882000,15.506882080078125,-253.93125915527344,146.4375,-48.281253814697266
1773049174037882000,15.516882080078124,-253.96876525878906,146.47500610351562,-48.30000305175781
1773049174047882000,15.526882080078124,-253.57501220703125,146.49375915527344,-48.26250076293945
1773049174057882000,15.536882080078126,-253.83750915527344,146.6437530517578,-48.31875228881836
1773049174067882000,15.546882080078126,-253.96876525878906,146.53125,-48.375003814697266
1773049174077882000,15.556882080078125,-253.93125915527344,146.49375915527344,-48.431251525878906
1773049174087882000,15.566882080078125,-253.66876220703125,146.68125915527344,-48.431251525878906
1773049174097882000,15.576882080078125,-253.4250030517578,146.7375030517578,-48.30000305175781
1773049174107882000,15.586882080078125,-253.27500915527344,146.70001220703125,-48.22500228881836
1773049174117882000,15.596882080078124,-253.6125030517578,146.77500915527344,-48.20625305175781
1773049174127882000,15.606882080078124,-253.57501220703125,146.77500915527344,-48.20625305175781
1773049174137882000,15.616882080078126,-253.29376220703125,146.6437530517578,-48.07500076293945
1773049174147882000,15.626882080078126,-253.21876525878906,147.0187530517578,-48.03750228881836
1773049174157882000,15.636882080078125,-253.44375610351562,147.15000915527344,-48.187503814697266
1773049174167882000,15.646882080078125,-253.63125610351562,147.07501220703125,-48.31875228881836
1773049174177882000,15.656882080078125,-253.87501525878906,147.22500610351562,-48.056251525878906
1773049174187882000,15.666882080078125,-253.87501525878906,147.09375,-47.90625
1773049174197882000,15.676882080078125,-254.06251525878906,147.05625915527344,-48.01875305175781
1773049174207882000,15.686882080078124,-254.13751220703125,146.94375610351562,-47.94375228881836
1773049174217882000,15.696882080078124,-254.21250915527344,147.15000915527344,-48
1773049174227882000,15.706882080078126,-254.60626220703125,147.07501220703125,-47.962501525878906
1773049174237882000,15.716882080078125,-254.53126525878906,147.35626220703125,-47.775001525878906
1773049174247882000,15.726882080078125,-254.71876525878906,147.69375610351562,-47.66250228881836
1773049174257882000,15.736882080078125,-254.4562530517578,147.50625610351562,-47.88750076293945
1773049174267882000,15.746882080078125,-254.53126525878906,147.65625,-48
1773049174277882000,15.756882080078125,-254.25001525878906,147.41250610351562,-48.187503814697266
1773049174287882000,15.766882080078124,-254.28750610351562,147.46875,-48.281253814697266
1773049174297882000,15.776882080078124,-254.25001525878906,147.07501220703125,-48.243751525878906
1773049174307882000,15.786882080078126,-253.81875610351562,146.8312530517578,-48.243751525878906
1773049174317882000,15.796882080078126,-253.83750915527344,146.56875610351562,-48.26250076293945
1773049174327882000,15.806882080078125,-253.65000915527344,146.34375,-48.31875228881836
1773049174337882000,15.816882080078125,-253.95001220703125,146.4375,-48.39375305175781
1773049174347882000,15.826882080078125,-253.85626220703125,146.58750915527344,-48.30000305175781
1773049174357882000,15.836882080078125,-254.06251525878906,146.8312530517578,-48.03750228881836
1773049174367882000,15.846882080078124,-254.02500915527344,146.8312530517578,-48.30000305175781
1773049174377882000,15.856882080078124,-253.95001220703125,146.86875915527344,-48.48750305175781
1773049174387882000,15.866882080078126,-254.00625610351562,146.79376220703125,-48.45000076293945
1773049174397882000,15.876882080078126,-253.91250610351562,146.68125915527344,-48.281253814697266
1773049174407882000,15.886882080078125,-253.87501525878906,146.6437530517578,-48.16875076293945
1773049174417882000,15.896882080078125,-253.87501525878906,146.56875610351562,-48.31875228881836
1773049174427882000,15.906882080078125,-253.85626220703125,146.41876220703125,-48.468753814697266
1773049174437882000,15.916882080078125,-253.59376525878906,146.40000915527344,-48.281253814697266
1773049174447882000,15.926882080078125,-253.7062530517578,146.32501220703125,-47.962501525878906
1773049174457882000,15.936882080078124,-253.7062530517578,146.53125,-47.775001525878906
1773049174467882000,15.946882080078124,-253.65000915527344,146.51251220703125,-47.962501525878906
1773049174477882000,15.956882080078126,-253.57501220703125,146.7375030517578,-48.20625305175781
1773049174487882000,15.966882080078125,-253.7062530517578,146.8125,-48.45000076293945
1773049174497882000,15.976882080078125,-253.63125610351562,147,-48.41250228881836
1773049174507882000,15.986882080078125,-253.5187530517578,146.98126220703125,-48.375003814697266
1773049174517882000,15.996882080078125,-253.48126220703125,147.0187530517578,-48.78750228881836
1773049174527882000,16.006882080078125,-253.6125030517578,147.1125030517578,-48.656253814697266
1773049174537882000,16.016882080078126,-253.8000030517578,147.15000915527344,-48.73125076293945
1773049174547882000,16.026882080078124,-253.78126525878906,147.2062530517578,-48.50625228881836
1773049174557882000,16.036882080078126,-254.06251525878906,147.03750610351562,-48.41250228881836
1773049174567882000,16.046882080078124,-253.8937530517578,146.90625,-48.35625076293945
1773049174577882000,16.056882080078125,-253.72500610351562,146.8125,-48.056251525878906
1773049174587882000,16.066882080078123,-253.8000030517578,146.85000610351562,-48.056251525878906
1773049174597882000,16.076882080078125,-253.83750915527344,146.85000610351562,-47.92500305175781
1773049174607882000,16.086882080078126,-253.4250030517578,146.86875915527344,-48.01875305175781
1773049174617882000,16.096882080078124,-253.35000610351562,146.7375030517578,-48.01875305175781
1773049174627882000,16.106882080078126,-253.55625915527344,146.98126220703125,-47.94375228881836
1773049174637882000,16.116882080078124,-253.44375610351562,147.05625915527344,-47.88750076293945
1773049174647882000,16.126882080078126,-253.35000610351562,147,-47.85000228881836
1773049174657882000,16.136882080078124,-253.3312530517578,147.09375,-48.01875305175781
1773049174667882000,16.146882080078125,-253.36875915527344,147.31875610351562,-47.64375305175781
1773049174677882000,16.156882080078127,-253.21876525878906,147.28125,-47.625
1773049174687882000,16.166882080078125,-253.25625610351562,147.28125,-47.88750076293945
1773049174697882000,16.176882080078126,-253.16250610351562,147.1875,-47.775001525878906
1773049174707882000,16.186882080078124,-252.9562530517578,147.22500610351562,-47.681251525878906
1773049174717882000,16.196882080078126,-252.8625030517578,147.26251220703125,-47.8125
1773049174727882000,16.206882080078124,-253.12501525878906,147.22500610351562,-47.8125
1773049174737882000,16.216882080078125,-253.16250610351562,147.13125610351562,-47.625
1773049174747882000,16.226882080078123,-252.99375915527344,146.8125,-47.71875
1773049174757882000,16.236882080078125,-252.78750610351562,146.8312530517578,-47.56875228881836
1773049174767882000,16.246882080078127,-252.78750610351562,146.96250915527344,-47.306251525878906
1773049174777882000,16.256882080078125,-252.84376525878906,147.1125030517578,-47.4375
1773049174787882000,16.266882080078126,-252.63751220703125,146.88751220703125,-47.70000076293945
1773049174797882000,16.276882080078124,-252.73126220703125,146.98126220703125,-47.53125
1773049174807882000,16.286882080078126,-252.43125915527344,147.03750610351562,-47.4375
1773049174817882000,16.296882080078124,-252.61875915527344,146.70001220703125,-47.8125
1773049174827882000,16.306882080078125,-252.63751220703125,146.77500915527344,-47.94375228881836
1773049174837882000,16.316882080078123,-252.73126220703125,146.66250610351562,-47.94375228881836
1773049174847882000,16.326882080078125,-252.84376525878906,146.71875,-47.98125076293945
1773049174857882000,16.336882080078126,-252.84376525878906,147.03750610351562,-47.83125305175781
1773049174867882000,16.346882080078124,-252.9562530517578,147.05625915527344,-48.03750228881836
1773049174877882000,16.356882080078126,-252.90000915527344,147.2062530517578,-48
1773049174887882000,16.366882080078124,-252.97500610351562,147.45001220703125,-47.90625
1773049174897882000,16.376882080078126,-252.9562530517578,147.69375610351562,-47.83125305175781
1773049174907882000,16.386882080078124,-253.25625610351562,147.82501220703125,-47.85000228881836
1773049174917882000,16.396882080078125,-253.4250030517578,148.0500030517578,-47.83125305175781
1773049174927882000,16.406882080078127,-253.5187530517578,147.88125610351562,-47.88750076293945
1773049174937882000,16.416882080078125,-253.48126220703125,147.63751220703125,-48.11250305175781
1773049174947882000,16.426882080078126,-253.81875610351562,147.75,-47.94375228881836
1773049174957882000,16.436882080078124,-253.8937530517578,147.45001220703125,-48.20625305175781
1773049174967882000,16.446882080078126,-253.8937530517578,147.1875,-48.35625076293945
1773049174977882000,16.456882080078124,-253.7062530517578,147.2062530517578,-48.093753814697266
1773049174987882000,16.466882080078125,-253.78126525878906,147,-48.187503814697266
1773049174997882000,16.476882080078123,-253.87501525878906,146.7375030517578,-48.20625305175781
1773049175007882000,16.486882080078125,-253.78126525878906,146.85000610351562,-48.150001525878906
1773049175017882000,16.496882080078127,-253.87501525878906,146.94375610351562,-48
1773049175027882000,16.506882080078125,-253.81875610351562,147.15000915527344,-47.90625
1773049175037882000,16.516882080078126,-253.65000915527344,147.05625915527344,-47.83125305175781
1773049175047882000,16.526882080078124,-253.81875610351562,147.13125610351562,-47.94375228881836
1773049175057882000,16.536882080078126,-253.76251220703125,147.13125610351562,-48.150001525878906
1773049175067882000,16.546882080078124,-253.8937530517578,147.31875610351562,-48.20625305175781
1773049175077882000,16.556882080078125,-253.59376525878906,147.2062530517578,-48.35625076293945
1773049175087882000,16.566882080078123,-253.76251220703125,147.15000915527344,-48.468753814697266
1773049175097882000,16.576882080078125,-253.65000915527344,147.03750610351562,-48.562503814697266
1773049175107882000,16.586882080078126,-253.7062530517578,146.75625610351562,-48.67500305175781
1773049175117882000,16.596882080078124,-253.66876220703125,146.90625,-48.58125305175781
1773049175127882000,16.606882080078126,-253.65000915527344,147.2062530517578,-48.31875228881836
1773049175137882000,16.616882080078124,-253.78126525878906,147.41250610351562,-48.35625076293945
1773049175147882000,16.626882080078126,-253.38751220703125,147.35626220703125,-48.20625305175781
1773049175157882000,16.636882080078124,-253.83750915527344,147.75,-48.150001525878906
1773049175167882000,16.646882080078125,-253.87501525878906,147.52500915527344,-48.056251525878906
1773049175177882000,16.656882080078127,-254.1750030517578,147.50625610351562,-48.056251525878906
1773049175187882000,16.666882080078125,-254.04376220703125,147.3937530517578,-48.03750228881836
1773049175197882000,16.676882080078126,-254.51251220703125,147.5812530517578,-48.187503814697266
1773049175207882000,16.686882080078124,-254.70001220703125,147.65625,-48.243751525878906
1773049175217882000,16.696882080078126,-254.7375030517578,147.7687530517578,-48.20625305175781
1773049175227882000,16.706882080078124,-254.98126220703125,147.91876220703125,-48.22500228881836
1773049175237882000,16.716882080078125,-255.0187530517578,148.125,-48.20625305175781
1773049175247882000,16.726882080078123,-255.35626220703125,148.44375610351562,-48.562503814697266
1773049175257882000,16.736882080078125,-255.52500915527344,148.55625915527344,-48.82500076293945
1773049175267882000,16.746882080078127,-255.65626525878906,148.72500610351562,-48.712501525878906
1773049175277882000,16.756882080078125,-255.6750030517578,148.8000030517578,-48.73125076293945
1773049175287882000,16.766882080078126,-255.82501220703125,148.8000030517578,-48.806251525878906
1773049175297882000,16.776882080078124,-256.1625061035156,148.6875,-49.01250076293945
1773049175307882000,16.786882080078126,-256.0875244140625,148.72500610351562,-49.14375305175781
1773049175317882000,16.796882080078124,-256.2375183105469,148.85626220703125,-49.23750305175781
1773049175327882000,16.806882080078125,-255.71250915527344,148.63125610351562,-48.900001525878906
1773049175337882000,16.816882080078123,-255.24375915527344,148.53750610351562,-48.48750305175781
1773049175347882000,16.826882080078125,-255.13125610351562,148.40625,-48.54375076293945
1773049175357882000,16.836882080078126,-254.79376220703125,148.2375030517578,-48.150001525878906
1773049175367882000,16.846882080078124,-254.6437530517578,147.91876220703125,-48.375003814697266
1773049175377882000,16.856882080078126,-254.13751220703125,147.69375610351562,-48.13125228881836
1773049175387882000,16.866882080078124,-254.04376220703125,147.69375610351562,-47.92500305175781
1773049175397882000,16.876882080078126,-253.72500610351562,147.3937530517578,-47.868751525878906
1773049175407882000,16.886882080078124,-253.76251220703125,147.33750915527344,-47.83125305175781
1773049175417882000,16.896882080078125,-253.93125915527344,147.4875030517578,-47.90625
1773049175427882000,16.906882080078127,-253.85626220703125,147.46875,-47.83125305175781
1773049175437882000,16.916882080078125,-253.96876525878906,147.2062530517578,-48.30000305175781
1773049175447882000,16.926882080078126,-253.74375915527344,147.31875610351562,-47.83125305175781
1773049175457882000,16.936882080078124,-253.91250610351562,147.375,-47.775001525878906
1773049175467882000,16.946882080078126,-253.7062530517578,146.94375610351562,-47.98125076293945
1773049175477882000,16.956882080078124,-253.55625915527344,146.86875915527344,-48.13125228881836
1773049175487882000,16.966882080078125,-253.81875610351562,146.96250915527344,-48.243751525878906
1773049175497882000,16.976882080078123,-253.66876220703125,146.96250915527344,-48.243751525878906
1773049175507882000,16.986882080078125,-253.76251220703125,146.9250030517578,-48.45000076293945
1773049175517882000,16.996882080078127,-253.63125610351562,147.03750610351562,-48.39375305175781
1773049175527882000,17.006882080078125,-253.68751525878906,146.8312530517578,-48.60000228881836
1773049175537882000,17.016882080078126,-253.7062530517578,146.98126220703125,-48.525001525878906
1773049175547882000,17.026882080078124,-253.87501525878906,147.1875,-48.281253814697266
1773049175557882000,17.036882080078126,-253.8000030517578,147.1875,-48.056251525878906
1773049175567882000,17.046882080078124,-253.50001525878906,147.3937530517578,-47.88750076293945
1773049175577882000,17.056882080078125,-253.38751220703125,147.15000915527344,-47.90625
1773049175587882000,17.066882080078123,-253.4250030517578,147.13125610351562,-47.587501525878906
1773049175597882000,17.076882080078125,-253.68751525878906,147.09375,-47.60625076293945
1773049175607882000,17.086882080078126,-253.78126525878906,147.3937530517578,-47.64375305175781
1773049175617882000,17.096882080078124,-253.68751525878906,147.2062530517578,-47.79375076293945
1773049175627882000,17.106882080078126,-253.65000915527344,147.43125915527344,-47.75625228881836
1773049175637882000,17.116882080078124,-253.74375915527344,147.2062530517578,-47.775001525878906
1773049175647882000,17.126882080078126,-253.78126525878906,147.03750610351562,-47.79375076293945
1773049175657882000,17.136882080078124,-253.8937530517578,147.13125610351562,-47.94375228881836
1773049175667882000,17.146882080078125,-253.87501525878906,147.09375,-48.11250305175781
1773049175677882000,17.156882080078127,-253.83750915527344,147,-48
1773049175687882000,17.166882080078125,-253.72500610351562,146.70001220703125,-48.22500228881836
1773049175697882000,17.176882080078126,-254.04376220703125,146.77500915527344,-48.16875076293945
1773049175707882000,17.186882080078124,-253.9875030517578,146.34375,-48.375003814697266
1773049175717882000,17.196882080078126,-254.06251525878906,146.56875610351562,-48.54375076293945
1773049175727882000,17.206882080078124,-254.04376220703125,146.49375915527344,-48.750003814697266
1773049175737882000,17.216882080078125,-253.96876525878906,146.38125610351562,-48.63750076293945
1773049175747882000,17.226882080078123,-254.02500915527344,146.71875,-48.50625228881836
1773049175757882000,17.236882080078125,-253.87501525878906,146.8312530517578,-48.31875228881836
1773049175767882000,17.246882080078127,-253.8937530517578,146.90625,-48.01875305175781
1773049175777882000,17.256882080078125,-253.7062530517578,146.8312530517578,-48.150001525878906
1773049175787882000,17.266882080078126,-253.85626220703125,146.98126220703125,-48.03750228881836
1773049175797882000,17.276882080078124,-253.8000030517578,147.05625915527344,-47.73750305175781
1773049175807882000,17.286882080078126,-253.83750915527344,146.96250915527344,-47.55000305175781
1773049175817882000,17.296882080078124,-254.0812530517578,147.1125030517578,-47.4375
1773049175827882000,17.306882080078125,-253.9875030517578,147.03750610351562,-47.400001525878906
1773049175837882000,17.316882080078123,-253.93125915527344,146.98126220703125,-47.28750228881836
1773049175847882000,17.326882080078125,-253.96876525878906,147.09375,-47.26875305175781
1773049175857882000,17.336882080078126,-253.83750915527344,147.13125610351562,-47.212501525878906
1773049175867882000,17.346882080078124,-253.81875610351562,147.09375,-47.32500076293945
1773049175877882000,17.356882080078126,-253.91250610351562,146.94375610351562,-47.60625076293945
1773049175887882000,17.366882080078124,-253.83750915527344,147.07501220703125,-47.625
1773049175897882000,17.376882080078126,-253.57501220703125,147.09375,-47.47500228881836
1773049175907882000,17.386882080078124,-253.6125030517578,147.1125030517578,-47.70000076293945
1773049175917882000,17.396882080078125,-253.59376525878906,147.15000915527344,-48.056251525878906
1773049175927882000,17.406882080078127,-253.50001525878906,146.96250915527344,-48.281253814697266
1773049175937882000,17.416882080078125,-253.59376525878906,146.8312530517578,-48.22500228881836
1773049175947882000,17.426882080078126,-253.63125610351562,147.0187530517578,-48.281253814697266
1773049175957882000,17.436882080078124,-253.59376525878906,146.75625610351562,-48.337501525878906
1773049175967882000,17.446882080078126,-253.63125610351562,146.9250030517578,-48.50625228881836
1773049175977882000,17.456882080078124,-253.68751525878906,146.70001220703125,-48.97500228881836
1773049175987882000,17.466882080078125,-253.48126220703125,146.51251220703125,-49.01250076293945
1773049175997882000,17.476882080078123,-253.50001525878906,146.51251220703125,-49.05000305175781
1773049176007882000,17.486882080078125,-253.4250030517578,146.49375915527344,-49.10625076293945
1773049176017882000,17.496882080078127,-253.35000610351562,146.5500030517578,-49.10625076293945
1773049176027882000,17.506882080078125,-253.21876525878906,146.4375,-48.95625305175781
1773049176037882000,17.516882080078126,-253.18125915527344,146.79376220703125,-49.16250228881836
1773049176047882000,17.526882080078124,-253.12501525878906,146.34375,-48.91875076293945
1773049176057882000,17.536882080078126,-253.08750915527344,146.56875610351562,-48.806251525878906
1773049176067882000,17.546882080078124,-253.29376220703125,146.8125,-48.82500076293945
1773049176077882000,17.556882080078125,-253.27500915527344,146.90625,-48.656253814697266
1773049176087882000,17.566882080078123,-253.36875915527344,147.03750610351562,-48.67500305175781
1773049176097882000,17.576882080078125,-253.44375610351562,147.13125610351562,-48.656253814697266
1773049176107882000,17.586882080078126,-253.57501220703125,147.05625915527344,-48.656253814697266
1773049176117882000,17.596882080078124,-253.53750610351562,147.05625915527344,-48.35625076293945
1773049176127882000,17.606882080078126,-253.7062530517578,147.16876220703125,-48.63750076293945
1773049176137882000,17.616882080078124,-253.72500610351562,147,-48.712501525878906
1773049176147882000,17.626882080078126,-253.36875915527344,146.79376220703125,-48.525001525878906
1773049176157882000,17.636882080078124,-253.53750610351562,146.71875,-48.54375076293945
1773049176167882000,17.646882080078125,-253.66876220703125,146.86875915527344,-48.431251525878906
1773049176177882000,17.656882080078127,-253.74375915527344,146.8312530517578,-48.82500076293945
1773049176187882000,17.666882080078125,-253.78126525878906,147.07501220703125,-48.91875076293945
1773049176197882000,17.676882080078126,-253.96876525878906,147.1875,-48.97500228881836
1773049176207882000,17.686882080078124,-253.76251220703125,147.28125,-48.86250305175781
1773049176217882000,17.696882080078126,-253.93125915527344,147.35626220703125,-48.76875305175781
1773049176227882000,17.706882080078124,-254.28750610351562,147.13125610351562,-48.993751525878906
1773049176237882000,17.716882080078125,-254.2687530517578,147,-49.10625076293945
1773049176247882000,17.726882080078123,-254.30625915527344,147.1125030517578,-49.087501525878906
1773049176257882000,17.736882080078125,-254.15626525878906,147.05625915527344,-48.937503814697266
1773049176267882000,17.746882080078127,-254.21250915527344,147.13125610351562,-49.031253814697266
1773049176277882000,17.756882080078125,-254.4562530517578,147.2062530517578,-49.25625228881836
1773049176287882000,17.766882080078126,-254.58750915527344,147.15000915527344,-49.275001525878906
1773049176297882000,17.776882080078124,-254.53126525878906,147.2062530517578,-49.38750076293945
1773049176307882000,17.786882080078126,-254.43751525878906,147.15000915527344,-49.57500076293945
1773049176317882000,17.796882080078124,-254.38125610351562,147.22500610351562,-49.650001525878906
1773049176327882000,17.806882080078125,-254.19375610351562,147,-49.593753814697266
1773049176337882000,17.816882080078123,-254.21250915527344,147.16876220703125,-49.462501525878906
1773049176347882000,17.826882080078125,-254.11875915527344,147.16876220703125,-49.462501525878906
1773049176357882000,17.836882080078126,-253.8000030517578,146.8312530517578,-49.23750305175781
1773049176367882000,17.846882080078124,-253.91250610351562,146.8312530517578,-49.14375305175781
1773049176377882000,17.856882080078126,-253.85626220703125,147.07501220703125,-48.88125228881836
1773049176387882000,17.866882080078124,-253.91250610351562,147.4875030517578,-48.431251525878906
1773049176397882000,17.876882080078126,-253.74375915527344,147.54376220703125,-48.41250228881836
1773049176407882000,17.886882080078124,-253.74375915527344,147.60000610351562,-48.468753814697266
1773049176417882000,17.896882080078125,-253.8000030517578,147.45001220703125,-48.60000228881836
1773049176427882000,17.906882080078127,-253.66876220703125,147.0187530517578,-48.525001525878906
1773049176437882000,17.916882080078125,-253.57501220703125,146.94375610351562,-48.525001525878906
1773049176447882000,17.926882080078126,-253.68751525878906,146.88751220703125,-48.88125228881836
1773049176457882000,17.936882080078124,-253.66876220703125,146.56875610351562,-49.01250076293945
1773049176467882000,17.946882080078126,-253.95001220703125,146.8312530517578,-49.312503814697266
1773049176477882000,17.956882080078124,-254.28750610351562,146.9250030517578,-49.312503814697266
1773049176487882000,17.966882080078125,-254.4562530517578,146.77500915527344,-49.500003814697266
1773049176497882000,17.976882080078123,-254.58750915527344,146.8312530517578,-49.44375228881836
1773049176507882000,17.986882080078125,-254.4562530517578,147.09375,-49.368751525878906
1773049176517882000,17.996882080078127,-254.40000915527344,147.16876220703125,-49.23750305175781
1773049176527882000,18.006882080078125,-254.15626525878906,147.33750915527344,-49.125003814697266
1773049176537882000,18.016882080078126,-253.91250610351562,147.5812530517578,-49.218753814697266
1773049176547882000,18.026882080078124,-253.7062530517578,147.35626220703125,-49.218753814697266
1773049176557882000,18.036882080078126,-253.59376525878906,147.41250610351562,-49.10625076293945
1773049176567882000,18.046882080078124,-253.59376525878906,147.6750030517578,-48.900001525878906
1773049176577882000,18.056882080078125,-253.36875915527344,147.65625,-48.843753814697266
1773049176587882000,18.066882080078123,-253.8000030517578,147.91876220703125,-48.900001525878906
1773049176597882000,18.076882080078125,-253.9875030517578,147.88125610351562,-48.900001525878906
1773049176607882000,18.086882080078126,-253.91250610351562,147.84375,-48.937503814697266
1773049176617882000,18.096882080078124,-253.85626220703125,147.71250915527344,-48.50625228881836
1773049176627882000,18.106882080078126,-253.83750915527344,147.5625,-48.45000076293945
1773049176637882000,18.116882080078124,-253.53750610351562,147.60000610351562,-48.431251525878906
1773049176647882000,18.126882080078126,-253.27500915527344,147.3937530517578,-48.468753814697266
1773049176657882000,18.136882080078124,-253.44375610351562,147.4875030517578,-48.50625228881836
1773049176667882000,18.146882080078125,-253.35000610351562,147.16876220703125,-48.73125076293945
1773049176677882000,18.156882080078127,-253.12501525878906,147.15000915527344,-48.656253814697266
1773049176687882000,18.166882080078125,-253.21876525878906,147.33750915527344,-48.39375305175781
1773049176697882000,18.176882080078126,-253.36875915527344,147.3937530517578,-48.76875305175781
1773049176707882000,18.186882080078124,-253.44375610351562,147.33750915527344,-48.806251525878906
1773049176717882000,18.196882080078126,-253.76251220703125,147.43125915527344,-48.95625305175781
1773049176727882000,18.206882080078124,-253.8000030517578,147.60000610351562,-48.88125228881836
1773049176737882000,18.216882080078125,-253.66876220703125,147.50625610351562,-48.843753814697266
1773049176747882000,18.226882080078123,-253.6125030517578,147.41250610351562,-48.656253814697266
1773049176757882000,18.236882080078125,-253.81875610351562,147.4875030517578,-48.993751525878906
1773049176767882000,18.246882080078127,-253.87501525878906,147.50625610351562,-49.16250228881836
1773049176777882000,18.256882080078125,-253.81875610351562,147.46875,-48.97500228881836
1773049176787882000,18.266882080078126,-253.72500610351562,147.71250915527344,-48.843753814697266
1773049176797882000,18.276882080078124,-253.6125030517578,147.45001220703125,-48.843753814697266
1773049176807882000,18.286882080078126,-253.78126525878906,147.2062530517578,-48.937503814697266
1773049176817882000,18.296882080078124,-253.57501220703125,147.2062530517578,-49.10625076293945
1773049176827882000,18.306882080078125,-253.46250915527344,147.45001220703125,-48.993751525878906
1773049176837882000,18.316882080078123,-253.25625610351562,147.54376220703125,-48.843753814697266
1773049176847882000,18.326882080078125,-253.4250030517578,147.33750915527344,-48.806251525878906
1773049176857882000,18.336882080078126,-253.74375915527344,147.35626220703125,-48.95625305175781
1773049176867882000,18.346882080078124,-253.63125610351562,147.22500610351562,-49.05000305175781
1773049176877882000,18.356882080078126,-253.27500915527344,147.4875030517578,-48.97500228881836
1773049176887882000,18.366882080078124,-253.48126220703125,147.7687530517578,-48.97500228881836
1773049176897882000,18.376882080078126,-253.7062530517578,148.06875610351562,-48.937503814697266
1773049176907882000,18.386882080078124,-253.53750610351562,148.18125915527344,-48.937503814697266
1773049176917882000,18.396882080078125,-253.63125610351562,147.9375,-49.06875228881836
1773049176927882000,18.406882080078127,-253.36875915527344,148.06875610351562,-48.97500228881836
1773049176937882000,18.416882080078125,-253.1437530517578,148.18125915527344,-48.91875076293945
1773049176947882000,18.426882080078126,-253.40626525878906,148.03125,-49.031253814697266
1773049176957882000,18.436882080078124,-253.8937530517578,148.06875610351562,-49.16250228881836
1773049176967882000,18.446882080078126,-253.66876220703125,147.78750610351562,-49.42500305175781
1773049176977882000,18.456882080078124,-253.5187530517578,147.63751220703125,-49.38750076293945
1773049176987882000,18.466882080078125,-253.57501220703125,147.45001220703125,-49.44375228881836
1773049176997882000,18.476882080078123,-253.59376525878906,147.65625,-49.23750305175781
1773049177007882000,18.486882080078125,-253.53750610351562,147.61875915527344,-49.462501525878906
1773049177017882000,18.496882080078127,-253.6125030517578,147.52500915527344,-49.556251525878906
1773049177027882000,18.506882080078125,-253.76251220703125,147.82501220703125,-49.556251525878906
1773049177037882000,18.516882080078126,-253.91250610351562,147.54376220703125,-49.593753814697266
1773049177047882000,18.526882080078124,-253.83750915527344,147.65625,-49.33125305175781
1773049177057882000,18.536882080078126,-253.85626220703125,147.54376220703125,-49.20000076293945
1773049177067882000,18.546882080078124,-254.00625610351562,147.69375610351562,-49.14375305175781
1773049177077882000,18.556882080078125,-254.11875915527344,147.8625030517578,-49.10625076293945
1773049177087882000,18.566882080078123,-253.9875030517578,147.75,-49.031253814697266
1773049177097882000,18.576882080078125,-253.9875030517578,147.6750030517578,-49.10625076293945
1773049177107882000,18.586882080078126,-253.87501525878906,147.28125,-49.10625076293945
1773049177117882000,18.596882080078124,-253.50001525878906,147.3937530517578,-48.618751525878906
1773049177127882000,18.606882080078126,-253.76251220703125,147.26251220703125,-48.48750305175781
1773049177137882000,18.616882080078124,-253.93125915527344,146.94375610351562,-48.63750076293945
1773049177147882000,18.626882080078126,-254.06251525878906,146.53125,-48.78750228881836
1773049177157882000,18.636882080078124,-254.0812530517578,145.96875,-48.86250305175781
1773049177167882000,18.646882080078125,-254.68125915527344,145.91250610351562,-48.806251525878906
1773049177177882000,18.656882080078127,-254.94375610351562,146.10000610351562,-48.73125076293945
1773049177187882000,18.666882080078125,-254.8312530517578,146.10000610351562,-48.618751525878906
1773049177197882000,18.676882080078126,-254.88751220703125,146.19375610351562,-48.750003814697266
1773049177207882000,18.686882080078124,-254.38125610351562,146.00625610351562,-48.806251525878906
1773049177217882000,18.696882080078126,-254.62501525878906,146.3625030517578,-48.618751525878906
1773049177227882000,18.706882080078124,-254.75625610351562,146.70001220703125,-48.63750076293945
1773049177237882000,18.716882080078125,-254.94375610351562,146.68125915527344,-48.73125076293945
1773049177247882000,18.726882080078123,-254.70001220703125,146.51251220703125,-48.73125076293945
1773049177257882000,18.736882080078125,-254.62501525878906,146.53125,-48.712501525878906
1773049177267882000,18.746882080078127,-254.77500915527344,146.70001220703125,-48.937503814697266
1773049177277882000,18.756882080078125,-254.85000610351562,146.40000915527344,-49.181251525878906
1773049177287882000,18.766882080078126,-255.2062530517578,146.34375,-49.312503814697266
1773049177297882000,18.776882080078124,-255.0187530517578,146.00625610351562,-49.51875305175781
1773049177307882000,18.786882080078126,-255.1125030517578,145.78125,-49.48125076293945
1773049177317882000,18.796882080078124,-254.75625610351562,146.00625610351562,-49.500003814697266
1773049177327882000,18.806882080078125,-254.58750915527344,146.40000915527344,-49.38750076293945
1773049177337882000,18.816882080078123,-254.25001525878906,146.23126220703125,-49.48125076293945
1773049177347882000,18.826882080078125,-254.19375610351562,146.1750030517578,-49.29375076293945
1773049177357882000,18.836882080078126,-254.11875915527344,146.19375610351562,-49.25625228881836
1773049177367882000,18.846882080078124,-253.93125915527344,146.4562530517578,-49.10625076293945
1773049177377882000,18.856882080078126,-253.78126525878906,146.49375915527344,-49.125003814697266
1773049177387882000,18.866882080078124,-253.31251525878906,146.30625915527344,-48.88125228881836
1773049177397882000,18.876882080078126,-253.4250030517578,146.23126220703125,-48.656253814697266
1773049177407882000,18.886882080078124,-253.48126220703125,145.8937530517578,-48.76875305175781
1773049177417882000,18.896882080078125,-253.76251220703125,145.76251220703125,-48.750003814697266
1773049177427882000,18.906882080078127,-253.66876220703125,145.55625915527344,-48.712501525878906
1773049177437882000,18.916882080078125,-253.57501220703125,145.48126220703125,-48.86250305175781
1773049177447882000,18.926882080078126,-253.53750610351562,145.4250030517578,-48.97500228881836
1773049177457882000,18.936882080078124,-253.55625915527344,145.6875,-48.73125076293945
1773049177467882000,18.946882080078126,-253.7062530517578,145.9875030517578,-49.125003814697266
1773049177477882000,18.956882080078124,-253.7062530517578,145.96875,-49.368751525878906
1773049177487882000,18.966882080078125,-253.8937530517578,146.0625,-49.53750228881836
1773049177497882000,18.976882080078123,-253.96876525878906,146.19375610351562,-49.23750305175781
1773049177507882000,18.986882080078125,-254.10000610351562,146.32501220703125,-49.312503814697266
1773049177517882000,18.996882080078127,-254.34376525878906,146.2687530517578,-49.275001525878906
1773049177527882000,19.006882080078125,-254.40000915527344,146.38125610351562,-49.125003814697266
1773049177537882000,19.016882080078126,-254.32501220703125,146.38125610351562,-49.181251525878906
1773049177547882000,19.026882080078124,-254.53126525878906,146.4562530517578,-48.900001525878906
1773049177557882000,19.036882080078126,-254.41876220703125,146.56875610351562,-49.06875228881836
1773049177567882000,19.046882080078124,-254.40000915527344,146.5500030517578,-49.087501525878906
1773049177577882000,19.056882080078125,-254.30625915527344,146.70001220703125,-49.29375076293945
1773049177587882000,19.066882080078123,-254.40000915527344,147.26251220703125,-49.181251525878906
1773049177597882000,19.076882080078125,-254.23126220703125,147.45001220703125,-48.76875305175781
1773049177607882000,19.086882080078126,-254.47500610351562,147.60000610351562,-48.86250305175781
1773049177617882000,19.096882080078124,-254.79376220703125,147.5812530517578,-48.937503814697266
1773049177627882000,19.106882080078126,-254.4562530517578,147.63751220703125,-48.900001525878906
1773049177637882000,19.116882080078124,-254.58750915527344,147.88125610351562,-48.41250228881836
1773049177647882000,19.126882080078126,-254.47500610351562,147.90000915527344,-48.03750228881836
1773049177657882000,19.136882080078124,-254.43751525878906,147.9562530517578,-47.53125
1773049177667882000,19.146882080078125,-254.23126220703125,147.4875030517578,-47.625
1773049177677882000,19.156882080078127,-254.04376220703125,147.61875915527344,-47.83125305175781
1773049177687882000,19.166882080078125,-254.11875915527344,147.69375610351562,-48.056251525878906
1773049177697882000,19.176882080078126,-254.02500915527344,147.9562530517578,-47.92500305175781
1773049177707882000,19.186882080078124,-254.43751525878906,148.03125,-47.92500305175781
1773049177717882000,19.196882080078126,-254.58750915527344,147.88125610351562,-48.187503814697266
1773049177727882000,19.206882080078124,-254.66250610351562,147.7687530517578,-48.39375305175781
1773049177737882000,19.216882080078125,-254.58750915527344,147.82501220703125,-48.712501525878906
1773049177747882000,19.226882080078123,-254.6437530517578,148.08750915527344,-48.54375076293945
1773049177757882000,19.236882080078125,-255.22500610351562,148.20001220703125,-48.562503814697266
1773049177767882000,19.246882080078127,-254.96250915527344,147.88125610351562,-48.41250228881836
1773049177777882000,19.256882080078125,-254.77500915527344,147.7687530517578,-48.73125076293945
1773049177787882000,19.266882080078126,-254.70001220703125,147.7687530517578,-48.937503814697266
1773049177797882000,19.276882080078124,-254.32501220703125,147.8625030517578,-48.750003814697266
1773049177807882000,19.286882080078126,-254.3625030517578,148.5,-48.618751525878906
1773049177817882000,19.296882080078124,-254.3625030517578,148.29376220703125,-48.712501525878906
1773049177827882000,19.306882080078125,-254.25001525878906,147.9375,-48.88125228881836
1773049177837882000,19.316882080078123,-253.85626220703125,147.84375,-48.806251525878906
1773049177847882000,19.326882080078125,-254.02500915527344,148.2375030517578,-48.562503814697266
1773049177857882000,19.336882080078126,-254.28750610351562,148.03125,-48.45000076293945
1773049177867882000,19.346882080078124,-254.19375610351562,147.80625915527344,-48.39375305175781
1773049177877882000,19.356882080078126,-254.02500915527344,147.9562530517578,-48.35625076293945
1773049177887882000,19.366882080078124,-254.13751220703125,147.60000610351562,-48.281253814697266
1773049177897882000,19.376882080078126,-254.34376525878906,147.52500915527344,-48.20625305175781
1773049177907882000,19.386882080078124,-254.41876220703125,147.69375610351562,-48.07500076293945
1773049177917882000,19.396882080078125,-254.5500030517578,147.52500915527344,-48.281253814697266
1773049177927882000,19.406882080078127,-254.30625915527344,147.2062530517578,-48.281253814697266
1773049177937882000,19.416882080078125,-253.85626220703125,147.2062530517578,-47.868751525878906
1773049177947882000,19.426882080078126,-253.85626220703125,147.5812530517578,-47.64375305175781
1773049177957882000,19.436882080078124,-254.11875915527344,147.50625610351562,-47.625
1773049177967882000,19.446882080078126,-253.85626220703125,147.26251220703125,-47.53125
1773049177977882000,19.456882080078124,-253.5187530517578,147.65625,-47.25
1773049177987882000,19.466882080078125,-253.50001525878906,147.73126220703125,-47.118751525878906
1773049177997882000,19.476882080078123,-253.36875915527344,147.88125610351562,-46.96875
1773049178007882000,19.486882080078125,-253.4250030517578,148.10626220703125,-46.85625076293945
1773049178017882000,19.496882080078127,-253.68751525878906,148.21875,-46.89375305175781
1773049178027882000,19.506882080078125,-253.68751525878906,148.0500030517578,-47.0625
1773049178037882000,19.516882080078126,-253.55625915527344,147.91876220703125,-46.89375305175781
1773049178047882000,19.526882080078124,-253.6125030517578,148.3312530517578,-46.98750305175781
1773049178057882000,19.536882080078126,-253.83750915527344,148.06875610351562,-47.28750228881836
1773049178067882000,19.546882080078124,-253.78126525878906,147.9375,-47.36250305175781
1773049178077882000,19.556882080078125,-254.02500915527344,147.97500610351562,-46.837501525878906
1773049178087882000,19.566882080078123,-254.1750030517578,147.8625030517578,-46.89375305175781
1773049178097882000,19.576882080078125,-254.19375610351562,148.06875610351562,-46.95000076293945
1773049178107882000,19.586882080078126,-254.2687530517578,148.16250610351562,-46.91250228881836
1773049178117882000,19.596882080078124,-254.4562530517578,148.25625610351562,-47.17500305175781
1773049178127882000,19.606882080078126,-254.51251220703125,148.25625610351562,-47.34375
1773049178137882000,19.616882080078124,-254.62501525878906,148.36875915527344,-47.47500228881836
1773049178147882000,19.626882080078126,-254.7375030517578,148.59375,-47.306251525878906
1773049178157882000,19.636882080078124,-254.85000610351562,148.8000030517578,-47.75625228881836
1773049178167882000,19.646882080078125,-255.09376525878906,148.78125,-47.94375228881836
1773049178177882000,19.656882080078127,-255.37501525878906,148.5187530517578,-48.16875076293945
1773049178187882000,19.666882080078125,-255.45001220703125,148.2375030517578,-48.41250228881836
1773049178197882000,19.676882080078126,-255.5812530517578,148.44375610351562,-48.35625076293945
1773049178217882000,19.696882080078126,-255.69375610351562,148.57501220703125,-48.11250305175781
1773049178227882000,19.706882080078124,-255.61875915527344,148.4250030517578,-48.35625076293945
1773049178237882000,19.716882080078125,-255.6750030517578,148.2375030517578,-48.150001525878906
1773049178247882000,19.726882080078123,-255.3937530517578,148.3125,-47.94375228881836
1773049178257882000,19.736882080078125,-255.31875610351562,148.4250030517578,-47.94375228881836
1773049178267882000,19.746882080078127,-255.0187530517578,148.35000610351562,-47.71875
1773049178277882000,19.756882080078125,-254.8312530517578,147.99375915527344,-47.79375076293945
1773049178287882000,19.766882080078126,-254.8312530517578,147.61875915527344,-47.71875
1773049178297882000,19.776882080078124,-254.32501220703125,147.43125915527344,-47.55000305175781
1773049178307882000,19.786882080078126,-254.41876220703125,147.60000610351562,-47.47500228881836
1773049178317882000,19.796882080078124,-253.9875030517578,147.69375610351562,-47.66250228881836
1773049178327882000,19.806882080078125,-253.9875030517578,147.65625,-47.71875
1773049178337882000,19.816882080078123,-253.8000030517578,147.73126220703125,-47.53125
1773049178347882000,19.826882080078125,-254.19375610351562,147.75,-47.53125
1773049178357882000,19.836882080078126,-254.13751220703125,147.7687530517578,-47.32500076293945
1773049178367882000,19.846882080078124,-254.19375610351562,147.7687530517578,-47.38125228881836
1773049178377882000,19.856882080078126,-254.23126220703125,147.88125610351562,-47.36250305175781
1773049178387882000,19.866882080078124,-253.85626220703125,147.60000610351562,-47.19375228881836
1773049178397882000,19.876882080078126,-253.96876525878906,147.3000030517578,-47.15625
1773049178407882000,19.886882080078124,-253.7062530517578,147.16876220703125,-47.19375228881836
1773049178417882000,19.896882080078125,-253.74375915527344,147.09375,-47.13750076293945
1773049178427882000,19.906882080078127,-253.38751220703125,147.15000915527344,-47.0625
1773049178437882000,19.916882080078125,-253.38751220703125,147.03750610351562,-47.23125076293945
1773049178447882000,19.926882080078126,-253.20001220703125,147.2062530517578,-47.0625
1773049178457882000,19.936882080078124,-253.35000610351562,147.2062530517578,-47.0625
1773049178467882000,19.946882080078126,-253.63125610351562,147.4875030517578,-47.28750228881836
1773049178487882000,19.966882080078125,-253.68751525878906,147.99375915527344,-47.19375228881836
1773049178497882000,19.976882080078123,-253.57501220703125,148.03125,-47.25
1773049178507882000,19.986882080078125,-253.5187530517578,148.1437530517578,-47.15625
1773049178517882000,19.996882080078127,-253.76251220703125,148.44375610351562,-47.08125305175781
1773049178527882000,20.006882080078125,-253.65000915527344,148.38751220703125,-47.118751525878906
1773049178537882000,20.016882080078126,-253.57501220703125,148.18125915527344,-47.15625
1773049178547882000,20.026882080078124,-253.5187530517578,148.10626220703125,-46.875
1773049178557882000,20.036882080078126,-253.50001525878906,147.97500610351562,-46.556251525878906
1773049178567882000,20.046882080078124,-253.6125030517578,147.99375915527344,-46.6875
1773049178577882000,20.056882080078125,-253.76251220703125,147.73126220703125,-46.72500228881836
1773049178587882000,20.066882080078123,-254.00625610351562,147.78750610351562,-46.81875228881836
1773049178597882000,20.076882080078125,-254.02500915527344,147.73126220703125,-46.85625076293945
1773049178607882000,20.086882080078126,-254.25001525878906,147.9375,-46.85625076293945
1773049178617882000,20.096882080078124,-254.40000915527344,147.97500610351562,-46.85625076293945
1773049178627882000,20.106882080078126,-254.41876220703125,147.80625915527344,-47.025001525878906
1773049178637882000,20.116882080078124,-254.4562530517578,147.78750610351562,-47.17500305175781
1773049178657882000,20.136882080078124,-254.49375915527344,148.125,-47.13750076293945
1773049178667882000,20.146882080078125,-254.56875610351562,148.01251220703125,-47.23125076293945
1773049178677882000,20.156882080078127,-254.2687530517578,147.82501220703125,-47.23125076293945
1773049178687882000,20.166882080078125,-254.32501220703125,147.69375610351562,-47.23125076293945
1773049178697882000,20.176882080078126,-254.40000915527344,147.7687530517578,-47.32500076293945
1773049178707882000,20.186882080078124,-254.53126525878906,148.03125,-47.400001525878906
1773049178717882000,20.196882080078126,-254.6437530517578,147.91876220703125,-47.64375305175781
1773049178727882000,20.206882080078124,-254.8312530517578,148.08750915527344,-47.775001525878906
1773049178737882000,20.216882080078125,-254.79376220703125,147.8625030517578,-47.625
1773049178747882000,20.226882080078123,-254.5500030517578,147.82501220703125,-47.681251525878906
1773049178757882000,20.236882080078125,-254.43751525878906,147.99375915527344,-47.60625076293945
1773049178767882000,20.246882080078127,-254.30625915527344,147.80625915527344,-47.70000076293945
1773049178777882000,20.256882080078125,-254.19375610351562,147.84375,-47.400001525878906
1773049178787882000,20.266882080078126,-254.19375610351562,147.80625915527344,-47.34375
1773049178797882000,20.276882080078124,-254.0812530517578,147.78750610351562,-47.13750076293945
1773049178807882000,20.286882080078126,-253.65000915527344,147.52500915527344,-47.15625
1773049178817882000,20.296882080078124,-253.66876220703125,147.52500915527344,-47.212501525878906
1773049178827882000,20.306882080078125,-253.4250030517578,147.5812530517578,-47.0625
1773049178837882000,20.316882080078123,-253.65000915527344,147.60000610351562,-47.19375228881836
1773049178847882000,20.326882080078125,-253.68751525878906,147.6750030517578,-47.36250305175781
1773049178857882000,20.336882080078126,-253.48126220703125,147.73126220703125,-47.51250076293945
1773049178867882000,20.346882080078124,-253.35000610351562,147.60000610351562,-47.41875076293945
1773049178877882000,20.356882080078126,-253.25625610351562,147.7687530517578,-47.45625305175781
1773049178887882000,20.366882080078124,-253.44375610351562,147.78750610351562,-47.4375
1773049178897882000,20.376882080078126,-253.06875610351562,147.73126220703125,-47.400001525878906
1773049178907882000,20.386882080078124,-253.20001220703125,147.78750610351562,-47.400001525878906
1773049178917882000,20.396882080078125,-253.08750915527344,147.73126220703125,-47.13750076293945
1773049178927882000,20.406882080078127,-252.97500610351562,147.78750610351562,-47.118751525878906
1773049178937882000,20.416882080078125,-252.91876220703125,147.60000610351562,-47.25
1773049178947882000,20.426882080078126,-252.99375915527344,147.4875030517578,-47.23125076293945
1773049178957882000,20.436882080078124,-253.18125915527344,147.3000030517578,-47.19375228881836
1773049178967882000,20.446882080078126,-253.0500030517578,147.22500610351562,-47.10000228881836
1773049178977882000,20.456882080078124,-253.18125915527344,147.43125915527344,-46.875
1773049178987882000,20.466882080078125,-253.08750915527344,147.33750915527344,-46.931251525878906
1773049178997882000,20.476882080078123,-253.03126525878906,147.43125915527344,-47.025001525878906
1773049179007882000,20.486882080078125,-253.06875610351562,147.69375610351562,-46.91250228881836
1773049179017882000,20.496882080078127,-253.21876525878906,147.80625915527344,-46.63125228881836
1773049179027882000,20.506882080078125,-253.29376220703125,148.08750915527344,-46.63125228881836
1773049179037882000,20.516882080078126,-253.27500915527344,148.21875,-46.78125
1773049179047882000,20.526882080078124,-253.63125610351562,148.40625,-46.80000305175781
1773049179057882000,20.536882080078126,-253.68751525878906,148.18125915527344,-47.28750228881836
1773049179067882000,20.546882080078124,-253.85626220703125,148.3312530517578,-47.32500076293945
1773049179077882000,20.556882080078125,-254.10000610351562,148.25625610351562,-47.4375
1773049179087882000,20.566882080078123,-254.40000915527344,148.18125915527344,-47.41875076293945
1773049179097882000,20.576882080078125,-254.38125610351562,148.3312530517578,-47.4375
1773049179107882000,20.586882080078126,-254.19375610351562,148.21875,-47.55000305175781
1773049179117882000,20.596882080078124,-253.87501525878906,148.25625610351562,-47.306251525878906
1773049179127882000,20.606882080078126,-253.63125610351562,148.29376220703125,-47.19375228881836
1773049179137882000,20.616882080078124,-253.93125915527344,148.38751220703125,-46.875
1773049179147882000,20.626882080078126,-254.21250915527344,148.20001220703125,-46.837501525878906
1773049179157882000,20.636882080078124,-254.2687530517578,148.53750610351562,-46.743751525878906
1773049179167882000,20.646882080078125,-254.00625610351562,148.40625,-46.63125228881836
1773049179177882000,20.656882080078127,-254.19375610351562,148.1437530517578,-46.89375305175781
1773049179187882000,20.666882080078125,-254.25001525878906,148.29376220703125,-46.61250305175781
1773049179197882000,20.676882080078126,-254.38125610351562,148.3125,-46.98750305175781
1773049179207882000,20.686882080078124,-254.56875610351562,148.2375030517578,-47.23125076293945
1773049179217882000,20.696882080078126,-254.38125610351562,148.36875915527344,-47.23125076293945
1773049179227882000,20.706882080078124,-254.28750610351562,148.59375,-47.306251525878906
1773049179237882000,20.716882080078125,-254.51251220703125,148.5,-47.45625305175781
1773049179247882000,20.726882080078123,-254.86875915527344,148.65000915527344,-47.775001525878906
1773049179257882000,20.736882080078125,-254.68125915527344,148.76251220703125,-47.66250228881836
1773049179267882000,20.746882080078127,-254.7375030517578,148.7062530517578,-47.962501525878906
1773049179277882000,20.756882080078125,-254.90626525878906,148.78125,-47.71875
1773049179287882000,20.766882080078126,-254.81251525878906,148.66876220703125,-47.66250228881836
1773049179297882000,20.776882080078124,-254.75625610351562,148.6875,-47.75625228881836
1773049179307882000,20.786882080078126,-254.6437530517578,148.5187530517578,-47.51250076293945
1773049179317882000,20.796882080078124,-254.41876220703125,148.25625610351562,-47.51250076293945
1773049179327882000,20.806882080078125,-254.13751220703125,148.27500915527344,-47.25
1773049179337882000,20.816882080078123,-254.25001525878906,148.0500030517578,-47.34375
1773049179347882000,20.826882080078125,-254.11875915527344,147.97500610351562,-47.51250076293945
1773049179357882000,20.836882080078126,-253.96876525878906,147.90000915527344,-47.41875076293945
1773049179367882000,20.846882080078124,-253.87501525878906,148.08750915527344,-47.306251525878906
1773049179377882000,20.856882080078126,-253.81875610351562,147.9562530517578,-47.38125228881836
1773049179387882000,20.866882080078124,-253.96876525878906,148.25625610351562,-47.625
1773049179397882000,20.876882080078126,-254.1750030517578,148.5187530517578,-47.51250076293945
1773049179407882000,20.886882080078124,-254.19375610351562,148.4250030517578,-47.53125
1773049179417882000,20.896882080078125,-254.10000610351562,148.74375915527344,-47.306251525878906
1773049179427882000,20.906882080078127,-254.23126220703125,148.3312530517578,-47.23125076293945
1773049179437882000,20.916882080078125,-254.34376525878906,148.35000610351562,-47.25
1773049179447882000,20.926882080078126,-254.34376525878906,148.18125915527344,-47.41875076293945
1773049179457882000,20.936882080078124,-254.25001525878906,148.18125915527344,-47.493751525878906
1773049179467882000,20.946882080078126,-253.96876525878906,147.82501220703125,-47.34375
1773049179477882000,20.956882080078124,-253.3312530517578,147.71250915527344,-47.28750228881836
1773049179487882000,20.966882080078125,-253.27500915527344,147.63751220703125,-47.306251525878906
1773049179497882000,20.976882080078123,-253.46250915527344,147.60000610351562,-47.34375
1773049179507882000,20.986882080078125,-253.29376220703125,147.84375,-47.212501525878906
1773049179517882000,20.996882080078127,-253.31251525878906,147.7687530517578,-47.306251525878906
1773049179527882000,21.006882080078125,-253.3312530517578,148.2375030517578,-47.15625
1773049179537882000,21.016882080078126,-253.55625915527344,148.10626220703125,-47.118751525878906
1773049179547882000,21.026882080078124,-253.63125610351562,148.16250610351562,-47.38125228881836
1773049179557882000,21.036882080078126,-253.95001220703125,148.29376220703125,-47.4375
1773049179567882000,21.046882080078124,-253.91250610351562,148.3312530517578,-47.53125
1773049179577882000,21.056882080078125,-253.83750915527344,148.44375610351562,-47.587501525878906
1773049179587882000,21.066882080078123,-253.95001220703125,148.63125610351562,-47.66250228881836
1773049179597882000,21.076882080078125,-253.8937530517578,148.91250610351562,-47.493751525878906
1773049179607882000,21.086882080078126,-254.00625610351562,148.72500610351562,-47.47500228881836
1773049179617882000,21.096882080078124,-253.91250610351562,148.8937530517578,-47.26875305175781
1773049179627882000,21.106882080078126,-254.15626525878906,148.95001220703125,-47.04375076293945
1773049179637882000,21.116882080078124,-254.06251525878906,149.02500915527344,-47.0625
1773049179647882000,21.126882080078126,-254.13751220703125,149.11875915527344,-47.118751525878906
1773049179657882000,21.136882080078124,-254.10000610351562,148.96875,-47.00625228881836
1773049179667882000,21.146882080078125,-254.0812530517578,148.78125,-46.81875228881836
1773049179677882000,21.156882080078127,-254.02500915527344,148.40625,-46.931251525878906
1773049179687882000,21.166882080078125,-253.85626220703125,148.36875915527344,-46.85625076293945
1773049179697882000,21.176882080078126,-254.06251525878906,148.18125915527344,-47.17500305175781
1773049179707882000,21.186882080078124,-253.68751525878906,148.125,-47.400001525878906
1773049179717882000,21.196882080078126,-253.87501525878906,148.0500030517578,-47.306251525878906
1773049179727882000,21.206882080078124,-253.95001220703125,148.01251220703125,-47.19375228881836
1773049179737882000,21.216882080078125,-253.74375915527344,147.97500610351562,-47.55000305175781
1773049179747882000,21.226882080078123,-253.4250030517578,147.90000915527344,-47.70000076293945
1773049179757882000,21.236882080078125,-253.18125915527344,148.03125,-47.70000076293945
1773049179767882000,21.246882080078127,-253.31251525878906,147.80625915527344,-47.90625
1773049179777882000,21.256882080078125,-253.1437530517578,147.80625915527344,-47.64375305175781
1773049179787882000,21.266882080078126,-253.1437530517578,147.78750610351562,-47.47500228881836
1773049179797882000,21.276882080078124,-253.25625610351562,147.5812530517578,-47.625
1773049179807882000,21.286882080078126,-252.9562530517578,147.50625610351562,-47.53125
1773049179817882000,21.296882080078124,-252.84376525878906,147.5625,-47.38125228881836
1773049179827882000,21.306882080078125,-253.10626220703125,147.75,-47.45625305175781
1773049179837882000,21.316882080078123,-253.4250030517578,147.7687530517578,-47.53125
1773049179847882000,21.326882080078125,-253.44375610351562,148.0500030517578,-47.45625305175781
1773049179857882000,21.336882080078126,-253.5187530517578,148.16250610351562,-47.28750228881836
1773049179867882000,21.346882080078124,-253.66876220703125,148.29376220703125,-47.25
1773049179877882000,21.356882080078126,-253.57501220703125,148.29376220703125,-47.19375228881836
1773049179887882000,21.366882080078124,-253.68751525878906,148.44375610351562,-47.36250305175781
1773049179897882000,21.376882080078126,-254.04376220703125,148.40625,-47.32500076293945
1773049179907882000,21.386882080078124,-254.1750030517578,148.48126220703125,-47.55000305175781
1773049179917882000,21.396882080078125,-254.10000610351562,148.53750610351562,-47.75625228881836
1773049179927882000,21.406882080078127,-254.0812530517578,148.57501220703125,-47.8125
1773049179937882000,21.416882080078125,-254.02500915527344,148.46250915527344,-48.07500076293945
1773049179947882000,21.426882080078126,-254.30625915527344,148.35000610351562,-48.056251525878906
1773049179957882000,21.436882080078124,-254.2687530517578,148.27500915527344,-48.093753814697266
1773049179967882000,21.446882080078126,-254.10000610351562,148.01251220703125,-48.07500076293945
1773049179977882000,21.456882080078124,-254.13751220703125,148.0500030517578,-47.88750076293945
1773049179987882000,21.466882080078125,-254.1750030517578,148.03125,-47.681251525878906
1773049179997882000,21.476882080078123,-253.95001220703125,148.0500030517578,-47.53125
1773049180007882000,21.486882080078125,-253.95001220703125,148.08750915527344,-47.36250305175781
1773049180017882000,21.496882080078127,-254.04376220703125,148.3125,-47.306251525878906
1773049180027882000,21.506882080078125,-253.85626220703125,148.4250030517578,-47.34375
1773049180037882000,21.516882080078126,-253.93125915527344,148.66876220703125,-47.45625305175781
1773049180047882000,21.526882080078124,-254.19375610351562,148.74375915527344,-47.28750228881836
1773049180057882000,21.536882080078126,-254.3625030517578,148.83750915527344,-47.493751525878906
1773049180067882000,21.546882080078124,-254.19375610351562,148.93125915527344,-47.400001525878906
1773049180077882000,21.556882080078125,-254.4562530517578,148.85626220703125,-47.32500076293945
1773049180087882000,21.566882080078123,-254.53126525878906,148.81875610351562,-47.51250076293945
1773049180097882000,21.576882080078125,-254.30625915527344,148.63125610351562,-47.56875228881836
1773049180107882000,21.586882080078126,-254.2687530517578,148.74375915527344,-47.625
1773049180117882000,21.596882080078124,-254.15626525878906,148.74375915527344,-47.493751525878906
1773049180127882000,21.606882080078126,-254.13751220703125,148.81875610351562,-47.71875
1773049180137882000,21.616882080078124,-253.81875610351562,148.72500610351562,-47.60625076293945
1773049180147882000,21.626882080078126,-253.95001220703125,148.81875610351562,-47.51250076293945
1773049180157882000,21.636882080078124,-254.10000610351562,148.95001220703125,-47.70000076293945
1773049180167882000,21.646882080078125,-254.19375610351562,149.02500915527344,-47.85000228881836
1773049180177882000,21.656882080078127,-254.15626525878906,149.28750610351562,-47.73750305175781
1773049180187882000,21.666882080078125,-254.04376220703125,149.1750030517578,-47.868751525878906
1773049180197882000,21.676882080078126,-254.28750610351562,149.11875915527344,-47.8125
1773049180207882000,21.686882080078124,-254.13751220703125,149.32501220703125,-47.55000305175781
1773049180217882000,21.696882080078126,-254.43751525878906,149.40000915527344,-47.55000305175781
1773049180227882000,21.706882080078124,-254.71876525878906,149.28750610351562,-47.681251525878906
1773049180237882000,21.716882080078125,-254.60626220703125,149.25,-47.85000228881836
1773049180247882000,21.726882080078123,-254.47500610351562,149.15625,-47.60625076293945
1773049180257882000,21.736882080078125,-254.66250610351562,148.9875030517578,-47.70000076293945
1773049180267882000,21.746882080078127,-254.62501525878906,149.02500915527344,-47.41875076293945
1773049180277882000,21.756882080078125,-254.41876220703125,148.91250610351562,-47.38125228881836
1773049180287882000,21.766882080078126,-254.47500610351562,148.5,-47.73750305175781
1773049180297882000,21.776882080078124,-254.34376525878906,148.53750610351562,-47.73750305175781
1773049180307882000,21.786882080078126,-254.34376525878906,148.44375610351562,-47.53125
1773049180317882000,21.796882080078124,-254.28750610351562,148.35000610351562,-47.19375228881836
1773049180327882000,21.806882080078125,-254.10000610351562,148.03125,-47.212501525878906
1773049180337882000,21.816882080078123,-254.11875915527344,148.3312530517578,-46.98750305175781
1773049180347882000,21.826882080078125,-254.23126220703125,148.29376220703125,-47.118751525878906
1773049180357882000,21.836882080078126,-254.2687530517578,148.27500915527344,-47.28750228881836
1773049180367882000,21.846882080078124,-254.19375610351562,148.35000610351562,-47.306251525878906
1773049180377882000,21.856882080078126,-254.11875915527344,148.25625610351562,-47.36250305175781
1773049180387882000,21.866882080078124,-253.96876525878906,148.44375610351562,-47.51250076293945
1773049180397882000,21.876882080078126,-254.00625610351562,148.57501220703125,-47.400001525878906
1773049180407882000,21.886882080078124,-253.87501525878906,148.74375915527344,-47.34375
1773049180417882000,21.896882080078125,-253.87501525878906,148.29376220703125,-47.36250305175781
1773049180427882000,21.906882080078127,-253.8000030517578,148.40625,-47.32500076293945
1773049180437882000,21.916882080078125,-253.66876220703125,148.36875915527344,-47.17500305175781
1773049180447882000,21.926882080078126,-253.57501220703125,148.57501220703125,-47.00625228881836
1773049180457882000,21.936882080078124,-253.6125030517578,148.76251220703125,-47.00625228881836
1773049180467882000,21.946882080078126,-253.46250915527344,148.59375,-47.13750076293945
1773049180477882000,21.956882080078124,-253.50001525878906,148.5187530517578,-47.38125228881836
1773049180487882000,21.966882080078125,-253.5187530517578,148.74375915527344,-47.32500076293945
1773049180497882000,21.976882080078123,-253.63125610351562,148.91250610351562,-47.493751525878906
1773049180507882000,21.986882080078125,-253.87501525878906,148.93125915527344,-47.70000076293945
1773049180517882000,21.996882080078127,-253.95001220703125,149.04376220703125,-47.64375305175781
1773049180527882000,22.006882080078125,-254.04376220703125,148.8937530517578,-47.73750305175781
1773049180537882000,22.016882080078126,-253.87501525878906,148.78125,-47.85000228881836
1773049180547882000,22.026882080078124,-253.83750915527344,148.74375915527344,-47.66250228881836
1773049180557882000,22.036882080078126,-253.72500610351562,149.00625610351562,-47.56875228881836
1773049180567882000,22.046882080078124,-253.85626220703125,148.55625915527344,-47.625
1773049180577882000,22.056882080078125,-253.63125610351562,148.40625,-47.45625305175781
1773049180587882000,22.066882080078123,-253.27500915527344,148.25625610351562,-47.32500076293945
1773049180597882000,22.076882080078125,-253.55625915527344,148.46250915527344,-47.493751525878906
1773049180607882000,22.086882080078126,-253.63125610351562,148.48126220703125,-47.32500076293945
1773049180617882000,22.096882080078124,-253.55625915527344,148.40625,-47.4375
1773049180627882000,22.106882080078126,-253.78126525878906,148.53750610351562,-47.681251525878906
1773049180637882000,22.116882080078124,-253.65000915527344,148.3312530517578,-47.53125
1773049180647882000,22.126882080078126,-253.95001220703125,148.6125030517578,-47.53125
1773049180657882000,22.136882080078124,-254.04376220703125,148.81875610351562,-47.60625076293945
1773049180667882000,22.146882080078125,-254.2687530517578,148.74375915527344,-47.75625228881836
1773049180677882000,22.156882080078127,-253.9875030517578,148.65000915527344,-47.587501525878906
1773049180687882000,22.166882080078125,-254.04376220703125,148.63125610351562,-47.625
1773049180697882000,22.176882080078126,-253.9875030517578,148.66876220703125,-47.41875076293945
1773049180707882000,22.186882080078124,-254.02500915527344,148.78125,-47.306251525878906
1773049180717882000,22.196882080078126,-254.19375610351562,148.76251220703125,-47.493751525878906
1773049180727882000,22.206882080078124,-253.96876525878906,148.81875610351562,-47.51250076293945
1773049180737882000,22.216882080078125,-254.02500915527344,148.81875610351562,-47.36250305175781
1773049180747882000,22.226882080078123,-253.95001220703125,148.875,-47.212501525878906
1773049180757882000,22.236882080078125,-253.8937530517578,148.65000915527344,-47.493751525878906
1773049180767882000,22.246882080078127,-253.96876525878906,148.5187530517578,-47.51250076293945
1773049180777882000,22.256882080078125,-254.30625915527344,148.53750610351562,-47.28750228881836
1773049180787882000,22.266882080078126,-254.19375610351562,148.3312530517578,-47.04375076293945
1773049180797882000,22.276882080078124,-254.19375610351562,148.25625610351562,-47.13750076293945
1773049180807882000,22.286882080078126,-254.11875915527344,148.2375030517578,-47.17500305175781
1773049180817882000,22.296882080078124,-254.13751220703125,148.18125915527344,-47.306251525878906
1773049180827882000,22.306882080078125,-254.10000610351562,148.2375030517578,-47.36250305175781
1773049180837882000,22.316882080078123,-254.15626525878906,148.2375030517578,-47.212501525878906
1773049180847882000,22.326882080078125,-254.02500915527344,148.5187530517578,-47.13750076293945
1773049180857882000,22.336882080078126,-253.78126525878906,148.44375610351562,-47.400001525878906
1773049180867882000,22.346882080078124,-253.7062530517578,148.29376220703125,-47.493751525878906
1773049180877882000,22.356882080078126,-253.48126220703125,148.3312530517578,-47.306251525878906
1773049180887882000,22.366882080078124,-253.57501220703125,148.35000610351562,-47.51250076293945
1773049180897882000,22.376882080078126,-253.4250030517578,148.57501220703125,-47.493751525878906
1773049180907882000,22.386882080078124,-253.50001525878906,148.7062530517578,-47.587501525878906
1773049180917882000,22.396882080078125,-253.48126220703125,148.81875610351562,-47.587501525878906
1773049180927882000,22.406882080078127,-253.65000915527344,148.65000915527344,-47.775001525878906
1773049180937882000,22.416882080078125,-253.91250610351562,148.83750915527344,-47.64375305175781
1773049180947882000,22.426882080078126,-253.96876525878906,149.04376220703125,-47.83125305175781
1773049180957882000,22.436882080078124,-254.19375610351562,149.15625,-47.90625
1773049180967882000,22.446882080078126,-254.38125610351562,149.28750610351562,-47.60625076293945
1773049180977882000,22.456882080078124,-254.41876220703125,149.1750030517578,-47.83125305175781
1773049180987882000,22.466882080078125,-254.47500610351562,149.00625610351562,-47.775001525878906
1773049180997882000,22.476882080078123,-254.4562530517578,148.875,-47.92500305175781
1773049181007882000,22.486882080078125,-254.40000915527344,148.91250610351562,-47.8125
1773049181017882000,22.496882080078127,-254.47500610351562,148.85626220703125,-47.868751525878906
1773049181027882000,22.506882080078125,-254.40000915527344,148.74375915527344,-47.70000076293945
1773049181037882000,22.516882080078126,-254.25001525878906,148.48126220703125,-47.681251525878906
1773049181047882000,22.526882080078124,-254.04376220703125,148.55625915527344,-47.90625
1773049181057882000,22.536882080078126,-254.25001525878906,148.63125610351562,-47.83125305175781
1773049181067882000,22.546882080078124,-254.00625610351562,148.83750915527344,-47.681251525878906
1773049181077882000,22.556882080078125,-253.9875030517578,148.95001220703125,-47.55000305175781
1773049181087882000,22.566882080078123,-253.96876525878906,148.96875,-47.41875076293945
1773049181097882000,22.576882080078125,-253.83750915527344,148.91250610351562,-47.71875
1773049181107882000,22.586882080078126,-254.0812530517578,148.95001220703125,-47.88750076293945
1773049181117882000,22.596882080078124,-253.9875030517578,149.11875915527344,-47.98125076293945
1773049181127882000,22.606882080078126,-253.96876525878906,148.83750915527344,-47.868751525878906
1773049181137882000,22.616882080078124,-253.68751525878906,148.81875610351562,-47.66250228881836
1773049181147882000,22.626882080078126,-253.81875610351562,148.72500610351562,-47.73750305175781
1773049181157882000,22.636882080078124,-253.81875610351562,148.83750915527344,-47.75625228881836
1773049181167882000,22.646882080078125,-253.7062530517578,149.00625610351562,-47.8125
1773049181177882000,22.656882080078127,-253.59376525878906,148.81875610351562,-47.55000305175781
1773049181187882000,22.666882080078125,-253.35000610351562,148.8000030517578,-47.493751525878906
1773049181197882000,22.676882080078126,-253.4250030517578,148.72500610351562,-47.41875076293945
1773049181207882000,22.686882080078124,-253.53750610351562,148.81875610351562,-47.32500076293945
1773049181217882000,22.696882080078126,-253.46250915527344,148.6125030517578,-47.212501525878906
1773049181227882000,22.706882080078124,-253.74375915527344,148.85626220703125,-47.04375076293945
1773049181237882000,22.716882080078125,-254.11875915527344,148.91250610351562,-47.28750228881836
1773049181247882000,22.726882080078123,-254.13751220703125,149.0812530517578,-47.19375228881836
1773049181257882000,22.736882080078125,-254.00625610351562,149.13751220703125,-47.17500305175781
1773049181267882000,22.746882080078127,-254.2687530517578,149.28750610351562,-47.212501525878906
1773049181277882000,22.756882080078125,-254.56875610351562,149.30625915527344,-47.32500076293945
1773049181287882000,22.766882080078126,-254.47500610351562,149.19375610351562,-47.493751525878906
1773049181297882000,22.776882080078124,-254.6437530517578,149.4375,-47.55000305175781
1773049181307882000,22.786882080078126,-254.4562530517578,149.1750030517578,-47.625
1773049181317882000,22.796882080078124,-254.19375610351562,149.21250915527344,-47.19375228881836
1773049181327882000,22.806882080078125,-254.49375915527344,149.0812530517578,-47.306251525878906
1773049181337882000,22.816882080078123,-254.47500610351562,149.0625,-47.51250076293945
1773049181347882000,22.826882080078125,-254.60626220703125,149.1750030517578,-47.47500228881836
1773049181357882000,22.836882080078126,-254.32501220703125,149.1750030517578,-47.38125228881836
1773049181367882000,22.846882080078124,-254.40000915527344,149.25,-47.26875305175781
1773049181377882000,22.856882080078126,-254.56875610351562,149.0812530517578,-47.625
1773049181387882000,22.866882080078124,-254.5500030517578,149.02500915527344,-47.55000305175781
1773049181397882000,22.876882080078126,-254.5500030517578,149.00625610351562,-47.83125305175781
1773049181407882000,22.886882080078124,-254.51251220703125,149.04376220703125,-47.681251525878906
1773049181417882000,22.896882080078125,-254.53126525878906,149.11875915527344,-47.51250076293945
1773049181427882000,22.906882080078127,-254.3625030517578,148.74375915527344,-47.681251525878906
1773049181437882000,22.916882080078125,-254.58750915527344,148.95001220703125,-47.66250228881836
1773049181447882000,22.926882080078126,-254.43751525878906,148.96875,-47.66250228881836
1773049181457882000,22.936882080078124,-254.38125610351562,148.96875,-47.587501525878906
1773049181467882000,22.946882080078126,-254.25001525878906,148.96875,-47.587501525878906
1773049181477882000,22.956882080078124,-254.11875915527344,148.78125,-47.55000305175781
1773049181487882000,22.966882080078125,-254.00625610351562,148.65000915527344,-47.75625228881836
1773049181497882000,22.976882080078123,-253.9875030517578,148.66876220703125,-47.868751525878906
1773049181507882000,22.986882080078125,-254.04376220703125,148.9875030517578,-47.681251525878906
1773049181517882000,22.996882080078127,-253.85626220703125,148.6875,-47.60625076293945
1773049181537882000,23.016882080078126,-254.1750030517578,148.76251220703125,-47.53125
1773049181547882000,23.026882080078124,-254.30625915527344,148.55625915527344,-47.79375076293945
1773049181557882000,23.036882080078126,-254.58750915527344,148.81875610351562,-47.79375076293945
1773049181567882000,23.046882080078124,-254.66250610351562,148.93125915527344,-47.962501525878906
1773049181577882000,23.056882080078125,-254.90626525878906,149.13751220703125,-47.83125305175781
1773049181587882000,23.066882080078123,-254.85000610351562,149.04376220703125,-47.962501525878906
1773049181597882000,23.076882080078125,-255.00001525878906,148.85626220703125,-48.20625305175781
1773049181607882000,23.086882080078126,-254.86875915527344,148.6875,-48.187503814697266
1773049181617882000,23.096882080078124,-254.70001220703125,148.74375915527344,-48.22500228881836
1773049181627882000,23.106882080078126,-254.81251525878906,148.95001220703125,-48.243751525878906
1773049181637882000,23.116882080078124,-254.56875610351562,148.66876220703125,-48.150001525878906
1773049181647882000,23.126882080078126,-254.1750030517578,148.40625,-47.94375228881836
1773049181657882000,23.136882080078124,-254.00625610351562,148.25625610351562,-47.962501525878906
1773049181667882000,23.146882080078125,-253.85626220703125,148.44375610351562,-47.8125
1773049181677882000,23.156882080078127,-254.04376220703125,148.8000030517578,-48.01875305175781
1773049181687882000,23.166882080078125,-254.02500915527344,148.8937530517578,-48.03750228881836
1773049181697882000,23.176882080078126,-254.04376220703125,148.83750915527344,-48.01875305175781
1773049181707882000,23.186882080078124,-253.96876525878906,148.83750915527344,-47.73750305175781
1773049181717882000,23.196882080078126,-254.02500915527344,148.85626220703125,-48.07500076293945
1773049181727882000,23.206882080078124,-254.10000610351562,149.0812530517578,-47.775001525878906
1773049181737882000,23.216882080078125,-254.11875915527344,149.13751220703125,-47.775001525878906
1773049181747882000,23.226882080078123,-254.38125610351562,149.13751220703125,-47.73750305175781
1773049181757882000,23.236882080078125,-254.25001525878906,149.38125610351562,-47.34375
1773049181767882000,23.246882080078127,-254.32501220703125,149.70001220703125,-47.26875305175781
1773049181777882000,23.256882080078125,-254.53126525878906,149.79376220703125,-47.47500228881836
1773049181787882000,23.266882080078126,-254.58750915527344,149.98126220703125,-47.66250228881836
1773049181797882000,23.276882080078124,-254.53126525878906,150.07501220703125,-47.41875076293945
1773049181807882000,23.286882080078126,-254.85000610351562,149.96250915527344,-47.8125
1773049181817882000,23.296882080078124,-254.86875915527344,150.07501220703125,-47.98125076293945
1773049181827882000,23.306882080078125,-254.77500915527344,149.85000610351562,-48.056251525878906
1773049181837882000,23.316882080078123,-254.6437530517578,149.32501220703125,-48.22500228881836
1773049181847882000,23.326882080078125,-254.6437530517578,149.25,-48.243751525878906
1773049181857882000,23.336882080078126,-254.51251220703125,149.32501220703125,-48.16875076293945
1773049181867882000,23.346882080078124,-254.51251220703125,149.15625,-48.39375305175781
1773049181877882000,23.356882080078126,-254.58750915527344,149.19375610351562,-48.431251525878906
1773049181887882000,23.366882080078124,-254.4562530517578,149.34375,-48.45000076293945
1773049181897882000,23.376882080078126,-254.47500610351562,149.25,-48.431251525878906
1773049181907882000,23.386882080078124,-254.3625030517578,149.23126220703125,-48.45000076293945
1773049181917882000,23.396882080078125,-254.32501220703125,149.49375915527344,-48.468753814697266
1773049181927882000,23.406882080078127,-254.32501220703125,149.47500610351562,-48.22500228881836
1773049181937882000,23.416882080078125,-254.56875610351562,149.23126220703125,-48.30000305175781
1773049181947882000,23.426882080078126,-254.28750610351562,149.2687530517578,-48.150001525878906
1773049181957882000,23.436882080078124,-254.21250915527344,149.28750610351562,-48.13125228881836
1773049181967882000,23.446882080078126,-254.32501220703125,149.1750030517578,-47.868751525878906
1773049181977882000,23.456882080078124,-254.11875915527344,149.11875915527344,-47.681251525878906
1773049181987882000,23.466882080078125,-254.15626525878906,149.2687530517578,-47.79375076293945
1773049181997882000,23.476882080078123,-253.8937530517578,149.2687530517578,-47.70000076293945
1773049182007882000,23.486882080078125,-253.78126525878906,149.0812530517578,-47.98125076293945
1773049182017882000,23.496882080078127,-253.25625610351562,149.13751220703125,-48
1773049182027882000,23.506882080078125,-253.5187530517578,149.21250915527344,-48.056251525878906
1773049182037882000,23.516882080078126,-253.8000030517578,149.21250915527344,-48.187503814697266
1773049182047882000,23.526882080078124,-253.63125610351562,149.19375610351562,-48.39375305175781
1773049182057882000,23.536882080078126,-253.81875610351562,149.32501220703125,-48.50625228881836
1773049182067882000,23.546882080078124,-253.65000915527344,149.21250915527344,-48.41250228881836
1773049182077882000,23.556882080078125,-253.76251220703125,149.00625610351562,-48.525001525878906
1773049182087882000,23.566882080078123,-253.68751525878906,148.875,-48.67500305175781
1773049182097882000,23.576882080078125,-253.66876220703125,149.0625,-48.45000076293945
1773049182107882000,23.586882080078126,-253.53750610351562,149.02500915527344,-48.45000076293945
1773049182117882000,23.596882080078124,-253.44375610351562,148.74375915527344,-48.41250228881836
1773049182127882000,23.606882080078126,-253.63125610351562,148.8000030517578,-48.26250076293945
1773049182137882000,23.616882080078124,-253.57501220703125,148.74375915527344,-48.281253814697266
1773049182147882000,23.626882080078126,-253.63125610351562,148.59375,-48.39375305175781
1773049182157882000,23.636882080078124,-253.87501525878906,148.65000915527344,-48.187503814697266
1773049182167882000,23.646882080078125,-254.0812530517578,148.55625915527344,-48.31875228881836
1773049182177882000,23.656882080078127,-254.4562530517578,148.36875915527344,-48.525001525878906
1773049182187882000,23.666882080078125,-254.32501220703125,148.27500915527344,-48.39375305175781
1773049182197882000,23.676882080078126,-254.23126220703125,148.40625,-48.45000076293945
1773049182207882000,23.686882080078124,-254.13751220703125,148.46250915527344,-48.73125076293945
1773049182217882000,23.696882080078126,-254.15626525878906,148.3312530517578,-48.712501525878906
1773049182227882000,23.706882080078124,-254.30625915527344,148.27500915527344,-48.82500076293945
1773049182237882000,23.716882080078125,-254.2687530517578,148.27500915527344,-49.06875228881836
1773049182247882000,23.726882080078123,-254.34376525878906,148.78125,-48.750003814697266
1773049182257882000,23.736882080078125,-254.23126220703125,148.875,-48.63750076293945
1773049182267882000,23.746882080078127,-254.49375915527344,148.74375915527344,-48.78750228881836
1773049182277882000,23.756882080078125,-254.3625030517578,148.85626220703125,-48.656253814697266
1773049182287882000,23.766882080078126,-254.47500610351562,148.63125610351562,-48.54375076293945
1773049182297882000,23.776882080078124,-254.66250610351562,148.83750915527344,-48.48750305175781
1773049182307882000,23.786882080078126,-254.58750915527344,148.91250610351562,-48.39375305175781
1773049182317882000,23.796882080078124,-254.51251220703125,148.8937530517578,-48.48750305175781
1773049182327882000,23.806882080078125,-254.25001525878906,148.55625915527344,-48.656253814697266
1773049182337882000,23.816882080078123,-254.11875915527344,148.18125915527344,-48.48750305175781
1773049182347882000,23.826882080078125,-254.00625610351562,148.18125915527344,-48.22500228881836
1773049182357882000,23.836882080078126,-254.00625610351562,148.0500030517578,-48.39375305175781
1773049182367882000,23.846882080078124,-253.81875610351562,147.71250915527344,-48.41250228881836
1773049182377882000,23.856882080078126,-253.63125610351562,147.1125030517578,-48.806251525878906
1773049182387882000,23.866882080078124,-253.7062530517578,146.90625,-48.937503814697266
1773049182397882000,23.876882080078126,-253.96876525878906,146.8125,-48.843753814697266
1773049182407882000,23.886882080078124,-254.15626525878906,146.85000610351562,-48.843753814697266
1773049182417882000,23.896882080078125,-254.21250915527344,146.88751220703125,-49.25625228881836
1773049182427882000,23.906882080078127,-254.23126220703125,146.8312530517578,-49.44375228881836
1773049182437882000,23.916882080078125,-254.34376525878906,146.94375610351562,-49.218753814697266
1773049182447882000,23.926882080078126,-254.3625030517578,147.16876220703125,-49.38750076293945
1773049182457882000,23.936882080078124,-254.4562530517578,147.4875030517578,-49.181251525878906
1773049182467882000,23.946882080078126,-254.23126220703125,147.3937530517578,-49.10625076293945
1773049182477882000,23.956882080078124,-254.00625610351562,147.375,-48.86250305175781
1773049182487882000,23.966882080078125,-253.85626220703125,147.22500610351562,-48.82500076293945
1773049182497882000,23.976882080078123,-253.85626220703125,147.375,-48.78750228881836
1773049182507882000,23.986882080078125,-253.8000030517578,147.375,-48.82500076293945
1773049182517882000,23.996882080078127,-253.74375915527344,147.03750610351562,-48.78750228881836
1773049182527882000,24.006882080078125,-253.81875610351562,147.26251220703125,-48.54375076293945
1773049182537882000,24.016882080078126,-253.78126525878906,146.86875915527344,-48.54375076293945
1773049182547882000,24.026882080078124,-254.06251525878906,147.05625915527344,-48.525001525878906
1773049182557882000,24.036882080078126,-254.1750030517578,147.24375915527344,-48.750003814697266
1773049182567882000,24.046882080078124,-254.32501220703125,147.26251220703125,-48.67500305175781
1773049182577882000,24.056882080078125,-254.56875610351562,147.28125,-48.54375076293945
1773049182587882000,24.066882080078123,-254.75625610351562,147.26251220703125,-48.375003814697266
1773049182597882000,24.076882080078125,-254.98126220703125,147.5625,-48.67500305175781
1773049182607882000,24.086882080078126,-254.96250915527344,147.16876220703125,-48.97500228881836
1773049182617882000,24.096882080078124,-255.13125610351562,147.24375915527344,-48.91875076293945
1773049182627882000,24.106882080078126,-254.9250030517578,147.09375,-48.67500305175781
1773049182637882000,24.116882080078124,-254.85000610351562,146.66250610351562,-48.69375228881836
1773049182647882000,24.126882080078126,-254.8312530517578,146.51251220703125,-48.58125305175781
1773049182657882000,24.136882080078124,-254.66250610351562,146.34375,-48.41250228881836
1773049182667882000,24.146882080078125,-254.68125915527344,146.4375,-48.50625228881836
1773049182677882000,24.156882080078127,-254.4562530517578,146.21250915527344,-48.281253814697266
1773049182687882000,24.166882080078125,-254.3625030517578,146.13751220703125,-48.281253814697266
1773049182697882000,24.176882080078126,-254.49375915527344,146.25,-48.243751525878906
1773049182707882000,24.186882080078124,-254.7375030517578,146.53125,-48.431251525878906
1773049182717882000,24.196882080078126,-254.86875915527344,146.94375610351562,-48.11250305175781
1773049182727882000,24.206882080078124,-255.03750610351562,147,-48.22500228881836
1773049182737882000,24.216882080078125,-255.09376525878906,147.05625915527344,-48.431251525878906
1773049182747882000,24.226882080078123,-255.03750610351562,146.86875915527344,-48.281253814697266
1773049182757882000,24.236882080078125,-255.03750610351562,147.13125610351562,-48.337501525878906
1773049182767882000,24.246882080078127,-255.31875610351562,147.3937530517578,-48.187503814697266
1773049182777882000,24.256882080078125,-255.3937530517578,147.22500610351562,-48.375003814697266
1773049182787882000,24.266882080078126,-255.37501525878906,147.1125030517578,-48.50625228881836
1773049182797882000,24.276882080078124,-255.43125915527344,146.90625,-48.750003814697266
1773049182807882000,24.286882080078126,-255.45001220703125,147.05625915527344,-48.76875305175781
1773049182817882000,24.296882080078124,-255.93751525878906,147.16876220703125,-49.031253814697266
1773049182827882000,24.306882080078125,-255.9562530517578,147.50625610351562,-49.218753814697266
1773049182837882000,24.316882080078123,-256.1437683105469,147.24375915527344,-49.29375076293945
1773049182847882000,24.326882080078125,-255.84376525878906,147.26251220703125,-49.16250228881836
1773049182857882000,24.336882080078126,-255.6750030517578,147.41250610351562,-48.993751525878906
1773049182867882000,24.346882080078124,-255.54376220703125,147.84375,-48.78750228881836
1773049182877882000,24.356882080078126,-255.50625610351562,147.75,-48.69375228881836
1773049182887882000,24.366882080078124,-255.3937530517578,147.35626220703125,-48.712501525878906
1773049182897882000,24.376882080078126,-255.00001525878906,147.28125,-48.30000305175781
1773049182907882000,24.386882080078124,-255.33750915527344,147.07501220703125,-48.26250076293945
1773049182917882000,24.396882080078125,-255.15000915527344,146.8312530517578,-48.11250305175781
1773049182927882000,24.406882080078127,-255.09376525878906,146.4562530517578,-48.150001525878906
1773049182937882000,24.416882080078125,-254.66250610351562,146.4562530517578,-48.16875076293945
1773049182947882000,24.426882080078126,-254.8312530517578,146.10000610351562,-48
1773049182957882000,24.436882080078124,-254.8312530517578,145.96875,-48.26250076293945
1773049182967882000,24.446882080078126,-254.49375915527344,145.95001220703125,-48.375003814697266
1773049182977882000,24.456882080078124,-254.5500030517578,145.91250610351562,-48.54375076293945
1773049182987882000,24.466882080078125,-254.28750610351562,146.00625610351562,-48.525001525878906
1773049182997882000,24.476882080078123,-254.58750915527344,146.30625915527344,-48.525001525878906
1773049183007882000,24.486882080078125,-254.62501525878906,146.5500030517578,-48.525001525878906
1773049183017882000,24.496882080078127,-254.9250030517578,146.38125610351562,-48.35625076293945
1773049183027882000,24.506882080078125,-254.81251525878906,146.19375610351562,-48.48750305175781
1773049183037882000,24.516882080078126,-254.7375030517578,146.2687530517578,-48.45000076293945
1773049183047882000,24.526882080078124,-255.09376525878906,146.58750915527344,-48.337501525878906
1773049183057882000,24.536882080078126,-255.00001525878906,146.58750915527344,-48.187503814697266
1773049183067882000,24.546882080078124,-254.85000610351562,146.60626220703125,-48.22500228881836
1773049183077882000,24.556882080078125,-254.62501525878906,146.32501220703125,-48.30000305175781
1773049183087882000,24.566882080078123,-254.68125915527344,146.21250915527344,-48.39375305175781
1773049183097882000,24.576882080078125,-254.81251525878906,146.38125610351562,-48.468753814697266
1773049183107882000,24.586882080078126,-254.79376220703125,146.30625915527344,-48.431251525878906
1773049183117882000,24.596882080078124,-254.56875610351562,146.32501220703125,-48.35625076293945
1773049183127882000,24.606882080078126,-254.40000915527344,145.83750915527344,-48.31875228881836
1773049183137882000,24.616882080078124,-254.5500030517578,146.13751220703125,-48.281253814697266
1773049183147882000,24.626882080078126,-254.47500610351562,145.8937530517578,-48.20625305175781
1773049183157882000,24.636882080078124,-254.5500030517578,146.21250915527344,-48.243751525878906
1773049183167882000,24.646882080078125,-254.53126525878906,146.19375610351562,-48.31875228881836
1773049183177882000,24.656882080078127,-254.41876220703125,146.28750610351562,-48.26250076293945
1773049183187882000,24.666882080078125,-254.23126220703125,146.19375610351562,-48
1773049183197882000,24.676882080078126,-254.19375610351562,145.96875,-47.83125305175781
1773049183207882000,24.686882080078124,-254.43751525878906,145.91250610351562,-47.868751525878906
1773049183217882000,24.696882080078126,-254.30625915527344,145.5187530517578,-47.8125
1773049183227882000,24.706882080078124,-254.51251220703125,145.7062530517578,-47.85000228881836
1773049183237882000,24.716882080078125,-254.4562530517578,145.48126220703125,-47.71875
1773049183247882000,24.726882080078123,-254.86875915527344,145.53750610351562,-47.60625076293945
1773049183257882000,24.736882080078125,-254.9250030517578,145.25625610351562,-47.70000076293945
1773049183267882000,24.746882080078127,-255.1125030517578,145.40625,-48.16875076293945
1773049183277882000,24.756882080078125,-255.35626220703125,145.66876220703125,-48.093753814697266
1773049183287882000,24.766882080078126,-255.54376220703125,146.04376220703125,-48.093753814697266
1773049183297882000,24.776882080078124,-255.54376220703125,145.66876220703125,-47.88750076293945
1773049183307882000,24.786882080078126,-255.3000030517578,145.25625610351562,-47.83125305175781
1773049183317882000,24.796882080078124,-255.33750915527344,144.91876220703125,-47.71875
1773049183327882000,24.806882080078125,-255.22500610351562,144.75,-47.51250076293945
1773049183337882000,24.816882080078123,-255.3000030517578,144.82501220703125,-47.19375228881836
1773049183347882000,24.826882080078125,-255.28126525878906,144.5812530517578,-46.95000076293945
1773049183357882000,24.836882080078126,-255.43125915527344,144.43125915527344,-46.95000076293945
1773049183367882000,24.846882080078124,-255.22500610351562,143.94375610351562,-46.875
1773049183377882000,24.856882080078126,-255.16876220703125,143.98126220703125,-47.10000228881836
1773049183387882000,24.866882080078124,-255.60000610351562,144.16876220703125,-46.91250228881836
1773049183397882000,24.876882080078126,-255.63751220703125,144.2062530517578,-46.875
1773049183407882000,24.886882080078124,-255.52500915527344,144.1125030517578,-46.89375305175781
1773049183417882000,24.896882080078125,-255.45001220703125,143.8312530517578,-47.118751525878906
1773049183427882000,24.906882080078127,-255.69375610351562,143.90625,-47.15625
1773049183437882000,24.916882080078125,-255.4875030517578,143.9250030517578,-47.08125305175781
1773049183447882000,24.926882080078126,-255.35626220703125,144.1875,-46.96875
1773049183457882000,24.936882080078124,-255.31875610351562,144.22500610351562,-46.875
1773049183467882000,24.946882080078126,-254.94375610351562,144.07501220703125,-47.17500305175781
1773049183477882000,24.956882080078124,-255.00001525878906,144.1125030517578,-47.118751525878906
1773049183487882000,24.966882080078125,-255.07501220703125,144.24375915527344,-47.025001525878906
1773049183497882000,24.976882080078123,-255.07501220703125,144.3000030517578,-47.10000228881836
1773049183507882000,24.986882080078125,-254.96250915527344,144.24375915527344,-47.17500305175781
1773049183517882000,24.996882080078127,-254.8312530517578,143.96250915527344,-47.17500305175781
1773049183527882000,25.006882080078125,-254.86875915527344,143.68125915527344,-47.15625
1773049183537882000,25.016882080078126,-255.00001525878906,143.75625610351562,-47.28750228881836
1773049183547882000,25.026882080078124,-255.1125030517578,143.85000610351562,-47.118751525878906
1773049183557882000,25.036882080078126,-255.0187530517578,143.7375030517578,-47.4375
1773049183567882000,25.046882080078124,-255.03750610351562,143.51251220703125,-47.71875
1773049183577882000,25.056882080078125,-255.13125610351562,143.70001220703125,-47.47500228881836
1773049183587882000,25.066882080078123,-255.3000030517578,143.66250610351562,-47.400001525878906
1773049183597882000,25.076882080078125,-255.4875030517578,143.9250030517578,-47.70000076293945
1773049183607882000,25.086882080078126,-255.35626220703125,144,-47.90625
1773049183617882000,25.096882080078124,-255.3000030517578,143.88751220703125,-48.03750228881836
1773049183627882000,25.106882080078126,-255.35626220703125,143.86875915527344,-48.187503814697266
1773049183637882000,25.116882080078124,-255.52500915527344,144.09375,-48.03750228881836
1773049183647882000,25.126882080078126,-255.43125915527344,144.31875610351562,-48.11250305175781
1773049183657882000,25.136882080078124,-255.37501525878906,143.9250030517578,-48.45000076293945
1773049183667882000,25.146882080078125,-255.26251220703125,143.7375030517578,-48.562503814697266
1773049183677882000,25.156882080078127,-255.33750915527344,143.75625610351562,-48.093753814697266
1773049183687882000,25.166882080078125,-255.56251525878906,143.79376220703125,-48.093753814697266
1773049183697882000,25.176882080078126,-255.7687530517578,143.7375030517578,-48.01875305175781
1773049183707882000,25.186882080078124,-255.6750030517578,143.4375,-47.88750076293945
1773049183717882000,25.196882080078126,-255.54376220703125,143.21250915527344,-47.88750076293945
1773049183727882000,25.206882080078124,-255.60000610351562,143.0625,-47.775001525878906
1773049183737882000,25.216882080078125,-255.56251525878906,143.25,-47.775001525878906
1773049183747882000,25.226882080078123,-255.50625610351562,143.28750610351562,-47.493751525878906
1773049183757882000,25.236882080078125,-255.43125915527344,143.10000610351562,-48.093753814697266
1773049183767882000,25.246882080078127,-255.43125915527344,143.23126220703125,-48.03750228881836
1773049183777882000,25.256882080078125,-255.26251220703125,143.30625915527344,-48.22500228881836
1773049183787882000,25.266882080078126,-255.43125915527344,143.3625030517578,-48.375003814697266
1773049183797882000,25.276882080078124,-255.3937530517578,143.15625,-48.54375076293945
1773049183807882000,25.286882080078126,-255.2062530517578,143.40000915527344,-48.58125305175781
1773049183817882000,25.296882080078124,-255.13125610351562,143.49375915527344,-48.41250228881836
1773049183827882000,25.306882080078125,-255.16876220703125,143.79376220703125,-48.73125076293945
1773049183837882000,25.316882080078123,-255.18751525878906,143.4375,-48.50625228881836
1773049183847882000,25.326882080078125,-255.24375915527344,143.04376220703125,-48.76875305175781
1773049183857882000,25.336882080078126,-255.18751525878906,142.95001220703125,-48.69375228881836
1773049183867882000,25.346882080078124,-255.31875610351562,142.95001220703125,-48.750003814697266
1773049183877882000,25.356882080078126,-255.60000610351562,142.83750915527344,-48.73125076293945
1773049183887882000,25.366882080078124,-255.8625030517578,142.25625610351562,-48.618751525878906
1773049183897882000,25.376882080078126,-256.0687561035156,141.75,-48.73125076293945
1773049183907882000,25.386882080078124,-255.99375915527344,141.31875610351562,-48.48750305175781
1773049183917882000,25.396882080078125,-256.0500183105469,141.3000030517578,-48.562503814697266
1773049183927882000,25.406882080078127,-255.6750030517578,141.1875,-48.30000305175781
1773049183937882000,25.416882080078125,-255.91876220703125,141.26251220703125,-47.868751525878906
1773049183947882000,25.426882080078126,-255.82501220703125,141.1875,-47.775001525878906
1773049183957882000,25.436882080078124,-255.5812530517578,141.375,-47.73750305175781
1773049183967882000,25.446882080078126,-255.22500610351562,141.3000030517578,-47.868751525878906
1773049183977882000,25.456882080078124,-255.2062530517578,141.13125610351562,-47.90625
1773049183987882000,25.466882080078125,-255.41250610351562,141.0187530517578,-47.88750076293945
1773049183997882000,25.476882080078123,-255.33750915527344,141.22500610351562,-48
1773049184007882000,25.486882080078125,-255.41250610351562,141.22500610351562,-48.13125228881836
1773049184017882000,25.496882080078127,-255.1125030517578,140.79376220703125,-48.562503814697266
1773049184027882000,25.506882080078125,-254.8312530517578,140.5500030517578,-48.45000076293945
1773049184037882000,25.516882080078126,-254.8312530517578,140.4562530517578,-48.30000305175781
1773049184047882000,25.526882080078124,-255.03750610351562,140.6437530517578,-48.41250228881836
1773049184057882000,25.536882080078126,-254.90626525878906,141.31875610351562,-48.60000228881836
1773049184067882000,25.546882080078124,-254.75625610351562,141.24375915527344,-48.712501525878906
1773049184077882000,25.556882080078125,-254.68125915527344,141.1125030517578,-48.618751525878906
1773049184087882000,25.566882080078123,-254.77500915527344,141.15000915527344,-48.20625305175781
1773049184097882000,25.576882080078125,-254.9250030517578,141.24375915527344,-48.187503814697266
1773049184107882000,25.586882080078126,-255.24375915527344,140.96250915527344,-48.45000076293945
1773049184117882000,25.596882080078124,-255.15000915527344,141.03750610351562,-48.618751525878906
1773049184127882000,25.606882080078126,-255.26251220703125,141.2062530517578,-48.656253814697266
1773049184137882000,25.616882080078124,-255.24375915527344,140.625,-48.50625228881836
1773049184147882000,25.626882080078126,-255.16876220703125,140.625,-48.76875305175781
1773049184157882000,25.636882080078124,-255.37501525878906,140.4375,-48.86250305175781
1773049184167882000,25.646882080078125,-255.63751220703125,140.56875610351562,-49.312503814697266
1773049184177882000,25.656882080078127,-256.01251220703125,140.4562530517578,-49.29375076293945
1773049184187882000,25.666882080078125,-255.6750030517578,140.47500610351562,-49.275001525878906
1773049184197882000,25.676882080078126,-255.73126220703125,140.21250915527344,-49.14375305175781
1773049184207882000,25.686882080078124,-255.69375610351562,139.83750915527344,-48.993751525878906
1773049184217882000,25.696882080078126,-255.71250915527344,140.25,-48.91875076293945
1773049184227882000,25.706882080078124,-256.03125,140.10000610351562,-48.88125228881836
1773049184237882000,25.716882080078125,-256.3125,140.1750030517578,-48.82500076293945
1773049184247882000,25.726882080078123,-256.0875244140625,139.63125610351562,-48.60000228881836
1773049184257882000,25.736882080078125,-256.01251220703125,139.96875,-48.67500305175781
1773049184267882000,25.746882080078127,-256.2562561035156,140.21250915527344,-48.50625228881836
1773049184277882000,25.756882080078125,-256.3687744140625,140.25,-48.843753814697266
1773049184287882000,25.766882080078126,-256.3125,140.19375610351562,-48.82500076293945
1773049184297882000,25.776882080078124,-256.6312561035156,139.5,-48.86250305175781
1773049184307882000,25.786882080078126,-256.48126220703125,139.5187530517578,-48.88125228881836
1773049184317882000,25.796882080078124,-256.0875244140625,139.36875915527344,-48.76875305175781
1773049184327882000,25.806882080078125,-256.0687561035156,139.57501220703125,-48.750003814697266
1773049184337882000,25.816882080078123,-255.65626525878906,139.01251220703125,-48.69375228881836
1773049184347882000,25.826882080078125,-255.6750030517578,139.0500030517578,-48.76875305175781
1773049184357882000,25.836882080078126,-255.6750030517578,138.6750030517578,-48.48750305175781
1773049184367882000,25.846882080078124,-255.4875030517578,138.73126220703125,-48.67500305175781
1773049184377882000,25.856882080078126,-255.24375915527344,138.71250915527344,-48.60000228881836
1773049184387882000,25.866882080078124,-255.35626220703125,138.41250610351562,-48.468753814697266
1773049184397882000,25.876882080078126,-255.54376220703125,138.2062530517578,-48.48750305175781
1773049184407882000,25.886882080078124,-255.69375610351562,138.31875610351562,-48.618751525878906
1773049184417882000,25.896882080078125,-256.03125,138.375,-48.618751525878906
1773049184427882000,25.906882080078127,-256.10626220703125,137.85000610351562,-48.712501525878906
1773049184437882000,25.916882080078125,-255.99375915527344,137.90625,-48.806251525878906
1773049184447882000,25.926882080078126,-256.2375183105469,137.75625610351562,-48.656253814697266
1773049184457882000,25.936882080078124,-256.2750244140625,137.8125,-48.76875305175781
1773049184467882000,25.946882080078126,-256.1812744140625,137.77500915527344,-48.91875076293945
1773049184477882000,25.956882080078124,-256.03125,137.94375610351562,-48.937503814697266
1773049184487882000,25.966882080078125,-255.91876220703125,137.8125,-48.88125228881836
1773049184497882000,25.976882080078123,-255.82501220703125,137.94375610351562,-48.73125076293945
1773049184507882000,25.986882080078125,-255.65626525878906,138.22500610351562,-48.78750228881836
1773049184517882000,25.996882080078127,-255.82501220703125,138.07501220703125,-49.05000305175781
1773049184527882000,26.006882080078125,-255.56251525878906,137.94375610351562,-48.937503814697266
1773049184547882000,26.026882080078124,-255.6750030517578,138.03750610351562,-48.73125076293945
1773049184557882000,26.036882080078126,-256.03125,137.85000610351562,-48.69375228881836
1773049184567882000,26.046882080078124,-256.0687561035156,137.4562530517578,-48.91875076293945
1773049184577882000,26.056882080078125,-256.125,137.13751220703125,-49.16250228881836
1773049184587882000,26.066882080078123,-256.3125,137.13751220703125,-48.88125228881836
1773049184597882000,26.076882080078125,-256.4437561035156,137.04376220703125,-48.67500305175781
1773049184607882000,26.086882080078126,-256.7250061035156,136.8937530517578,-48.843753814697266
1773049184617882000,26.096882080078124,-256.9875183105469,136.7062530517578,-48.60000228881836
1773049184627882000,26.106882080078126,-256.7062683105469,136.46250915527344,-48.41250228881836
1773049184637882000,26.116882080078124,-256.5187683105469,136.46250915527344,-48.22500228881836
1773049184647882000,26.126882080078126,-256.57501220703125,136.46250915527344,-48
1773049184657882000,26.136882080078124,-256.3687744140625,136.27500915527344,-47.83125305175781
1773049184667882000,26.146882080078125,-256.29376220703125,135.84375,-47.73750305175781
1773049184677882000,26.156882080078127,-256.3312683105469,135.80625915527344,-47.41875076293945
1773049184687882000,26.166882080078125,-256.3687744140625,135.45001220703125,-46.96875
1773049184697882000,26.176882080078126,-256.7250061035156,135.45001220703125,-46.91250228881836
1773049184707882000,26.186882080078124,-256.9125061035156,134.9250030517578,-46.80000305175781
1773049184717882000,26.196882080078126,-256.9125061035156,134.77500915527344,-47.118751525878906
1773049184727882000,26.206882080078124,-257.15625,134.68125915527344,-47.0625
1773049184737882000,26.216882080078125,-257.60626220703125,134.47500610351562,-46.81875228881836
1773049184747882000,26.226882080078123,-257.5875244140625,134.1750030517578,-46.931251525878906
1773049184757882000,26.236882080078125,-257.8687744140625,133.83750915527344,-46.96875
1773049184767882000,26.246882080078127,-258.0187683105469,133.93125915527344,-47.212501525878906
1773049184777882000,26.256882080078125,-257.6625061035156,133.96875,-47.23125076293945
1773049184787882000,26.266882080078126,-257.625,133.9875030517578,-47.4375
1773049184797882000,26.276882080078124,-257.8687744140625,133.3312530517578,-47.17500305175781
1773049184807882000,26.286882080078126,-257.6812744140625,132.90000915527344,-47.08125305175781
1773049184817882000,26.296882080078124,-257.5875244140625,132.71250915527344,-47.25
1773049184827882000,26.306882080078125,-257.71875,132.63751220703125,-47.025001525878906
1773049184837882000,26.316882080078123,-257.25,132.5812530517578,-46.95000076293945
1773049184847882000,26.326882080078125,-257.23126220703125,132.07501220703125,-46.6875
1773049184857882000,26.336882080078126,-257.51251220703125,131.5500030517578,-46.5
1773049184867882000,26.346882080078124,-257.625,131.40000915527344,-46.462501525878906
1773049184877882000,26.356882080078126,-257.34375,131.60626220703125,-46.66875076293945
1773049184887882000,26.366882080078124,-257.4000244140625,131.68125915527344,-46.44375228881836
1773049184897882000,26.376882080078126,-257.4937744140625,131.34375,-46.5
1773049184907882000,26.386882080078124,-257.6625061035156,131.23126220703125,-46.6875
1773049184917882000,26.396882080078125,-257.88751220703125,131.11875915527344,-46.80000305175781
1773049184927882000,26.406882080078127,-257.7750244140625,131.34375,-46.95000076293945
1773049184937882000,26.416882080078125,-257.5687561035156,131.4562530517578,-47.13750076293945
1773049184947882000,26.426882080078126,-257.4000244140625,131.0812530517578,-47.13750076293945
1773049184957882000,26.436882080078124,-257.5687561035156,130.63125610351562,-46.96875
1773049184967882000,26.446882080078126,-257.60626220703125,130.53750610351562,-47.23125076293945
1773049184977882000,26.456882080078124,-257.41876220703125,130.76251220703125,-47.212501525878906
1773049184987882000,26.466882080078125,-257.4000244140625,130.55625915527344,-47.19375228881836
1773049184997882000,26.476882080078123,-257.4375,130.5,-47.00625228881836
1773049185007882000,26.486882080078125,-257.3625183105469,130.27500915527344,-46.98750305175781
1773049185017882000,26.496882080078127,-257.51251220703125,130.35000610351562,-47.04375076293945
1773049185027882000,26.506882080078125,-257.6812744140625,130.65000915527344,-46.78125
1773049185037882000,26.516882080078126,-257.7562561035156,130.57501220703125,-46.57500076293945
1773049185047882000,26.526882080078124,-257.8125,130.29376220703125,-46.38750076293945
1773049185057882000,26.536882080078126,-257.7375183105469,130.21875,-46.06875228881836
1773049185067882000,26.546882080078124,-257.8312683105469,130.4250030517578,-46.05000305175781
1773049185077882000,26.556882080078125,-257.5687561035156,130.03125,-46.3125
1773049185087882000,26.566882080078123,-257.7750244140625,129.52500915527344,-46.3125
1773049185097882000,26.576882080078125,-257.79376220703125,128.94375610351562,-46.21875
1773049185107882000,26.586882080078126,-258.0187683105469,128.94375610351562,-46.16250228881836
1773049185117882000,26.596882080078124,-257.8500061035156,128.8125,-46.14375305175781
1773049185127882000,26.606882080078126,-257.70001220703125,128.75625610351562,-46.29375076293945
1773049185137882000,26.616882080078124,-257.98126220703125,128.32501220703125,-46.3125
1773049185147882000,26.626882080078126,-257.88751220703125,127.81875610351562,-46.05000305175781
1773049185157882000,26.636882080078124,-258.5250244140625,128.15625,-45.63750076293945
1773049185167882000,26.646882080078125,-258.6750183105469,128.53125,-45.5625
1773049185177882000,26.656882080078127,-258.82501220703125,128.40000915527344,-45.54375076293945
1773049185187882000,26.666882080078125,-258.7875061035156,127.85625457763672,-45.58125305175781
1773049185197882000,26.676882080078126,-259.1625061035156,127.70625305175781,-45.618751525878906
1773049185207882000,26.686882080078124,-259.5375061035156,127.57500457763672,-45.35625076293945
1773049185217882000,26.696882080078126,-259.6500244140625,127.42500305175781,-45.39375305175781
1773049185227882000,26.706882080078124,-259.9125061035156,127.21875762939453,-45.30000305175781
1773049185237882000,26.716882080078125,-259.85626220703125,126.65625762939453,-45.50625228881836
1773049185247882000,26.726882080078123,-259.85626220703125,126.30000305175781,-45.525001525878906
1773049185257882000,26.736882080078125,-259.9312744140625,126.41250610351562,-45.337501525878906
1773049185267882000,26.746882080078127,-260.0062561035156,126.56250762939453,-45.30000305175781
1773049185277882000,26.756882080078125,-259.9125061035156,126.41250610351562,-45.28125
1773049185287882000,26.766882080078126,-259.8187561035156,126.26250457763672,-45.26250076293945
1773049185297882000,26.776882080078124,-259.9312744140625,126.35625457763672,-45.30000305175781
1773049185307882000,26.786882080078126,-259.8187561035156,126.35625457763672,-45.46875
1773049185317882000,26.796882080078124,-259.7062683105469,126.22500610351562,-45.45000076293945
1773049185327882000,26.806882080078125,-259.85626220703125,126.20625305175781,-45.07500076293945
1773049185337882000,26.816882080078123,-259.96875,126.26250457763672,-45.20625305175781
1773049185347882000,26.826882080078125,-259.9312744140625,126.31875610351562,-45.30000305175781
1773049185357882000,26.836882080078126,-260.25,126.4312515258789,-45.431251525878906
1773049185367882000,26.846882080078124,-260.4562683105469,126.41250610351562,-45.525001525878906
1773049185377882000,26.856882080078126,-260.32501220703125,126.37500762939453,-45.41250228881836
1773049185387882000,26.866882080078124,-260.41876220703125,126.7125015258789,-45.30000305175781
1773049185397882000,26.876882080078126,-260.8125,126.82500457763672,-45.28125
1773049185407882000,26.886882080078124,-260.8125,126.78750610351562,-45.50625228881836
1773049185417882000,26.896882080078125,-260.60626220703125,126.35625457763672,-45.41250228881836
1773049185427882000,26.906882080078127,-260.6625061035156,126.01875305175781,-45.41250228881836
1773049185437882000,26.916882080078125,-260.4937744140625,126.01875305175781,-45.03750228881836
1773049185447882000,26.926882080078126,-260.32501220703125,126.09375762939453,-44.94375228881836
1773049185457882000,26.936882080078124,-260.4375,126.13125610351562,-44.90625
1773049185467882000,26.946882080078126,-260.5500183105469,125.8687515258789,-44.8125
1773049185477882000,26.956882080078124,-260.4375,125.94375610351562,-44.73750305175781
1773049185487882000,26.966882080078125,-260.34375,126.22500610351562,-44.83125305175781
1773049185497882000,26.976882080078123,-260.4937744140625,126.39375305175781,-44.587501525878906
1773049185507882000,26.986882080078125,-260.4937744140625,125.9625015258789,-44.587501525878906
1773049185517882000,26.996882080078127,-260.6812744140625,125.81250762939453,-44.8125
1773049185527882000,27.006882080078125,-261.1312561035156,125.60625457763672,-45.01875305175781
1773049185537882000,27.016882080078126,-261.09375,125.19375610351562,-44.92500305175781
1773049185547882000,27.026882080078124,-261.0562744140625,125.00625610351562,-44.962501525878906
1773049185557882000,27.036882080078126,-261,124.76250457763672,-44.73750305175781
1773049185567882000,27.046882080078124,-261.0562744140625,124.29375457763672,-44.47500228881836
1773049185577882000,27.056882080078125,-261.1125183105469,124.1812515258789,-44.60625076293945
1773049185587882000,27.066882080078123,-261.1125183105469,124.38750457763672,-44.55000305175781
1773049185597882000,27.076882080078125,-261.1500244140625,124.21875762939453,-44.41875076293945
1773049185607882000,27.086882080078126,-260.8500061035156,123.91875457763672,-44.15625
1773049185617882000,27.096882080078124,-260.90625,123.95625305175781,-44.10000228881836
1773049185627882000,27.106882080078126,-260.8500061035156,123.75000762939453,-44.00625228881836
1773049185637882000,27.116882080078124,-260.7750244140625,123.67500305175781,-44.10000228881836
1773049185647882000,27.126882080078126,-260.9625244140625,123.63750457763672,-44.00625228881836
1773049185657882000,27.136882080078124,-260.88751220703125,123.63750457763672,-43.81875228881836
1773049185667882000,27.146882080078125,-260.8500061035156,123.58125305175781,-43.63125228881836
1773049185677882000,27.156882080078127,-260.5875244140625,123.54375457763672,-43.51875305175781
1773049185687882000,27.166882080078125,-260.5875244140625,123.31875610351562,-43.59375
1773049185697882000,27.176882080078126,-260.625,123.20625305175781,-43.61250305175781
1773049185707882000,27.186882080078124,-260.8125,123.31875610351562,-43.6875
1773049185717882000,27.196882080078126,-260.90625,123.03750610351562,-43.91250228881836
1773049185727882000,27.206882080078124,-260.6625061035156,122.81250762939453,-43.837501525878906
1773049185737882000,27.216882080078125,-260.79376220703125,122.32500457763672,-43.875
1773049185747882000,27.226882080078123,-260.6437683105469,122.36250305175781,-43.85625076293945
1773049185757882000,27.236882080078125,-260.8125,122.47500610351562,-43.85625076293945
1773049185767882000,27.246882080078127,-260.79376220703125,122.51250457763672,-43.91250228881836
1773049185777882000,27.256882080078125,-260.8687744140625,122.36250305175781,-43.89375305175781
1773049185787882000,27.266882080078126,-260.71875,122.3062515258789,-43.70625305175781
1773049185797882000,27.276882080078124,-260.6812744140625,122.45625305175781,-43.38750076293945
1773049185807882000,27.286882080078126,-260.90625,122.55000305175781,-43.57500076293945
1773049185817882000,27.296882080078124,-260.7562561035156,122.32500457763672,-43.743751525878906
1773049185827882000,27.306882080078125,-261.1500244140625,121.85625457763672,-43.98750305175781
1773049185837882000,27.316882080078123,-260.98126220703125,121.57500457763672,-44.025001525878906
1773049185847882000,27.326882080078125,-260.7750244140625,121.78125762939453,-43.72500228881836
1773049185857882000,27.336882080078126,-260.8125,121.70625305175781,-43.57500076293945
1773049185867882000,27.346882080078124,-260.90625,121.48125457763672,-43.59375
1773049185877882000,27.356882080078126,-261.0562744140625,121.25625610351562,-43.743751525878906
1773049185887882000,27.366882080078124,-261.2437744140625,121.25625610351562,-43.80000305175781
1773049185897882000,27.376882080078126,-261.2250061035156,121.42500305175781,-43.53750228881836
1773049185907882000,27.386882080078124,-261.0187683105469,121.5562515258789,-43.16250228881836
1773049185917882000,27.396882080078125,-261.28125,121.53750610351562,-42.993751525878906
1773049185927882000,27.406882080078127,-261.54376220703125,121.2750015258789,-42.712501525878906
1773049185937882000,27.416882080078125,-261.4125061035156,121.3687515258789,-42.60000228881836
1773049185947882000,27.426882080078126,-261.26251220703125,121.35000610351562,-42.39375305175781
1773049185957882000,27.436882080078124,-261.0187683105469,121.14375305175781,-42.01875305175781
1773049185967882000,27.446882080078126,-261,120.63750457763672,-41.75625228881836
1773049185977882000,27.456882080078124,-261.3000183105469,120.60000610351562,-41.71875
1773049185987882000,27.466882080078125,-261.3000183105469,120.69375610351562,-41.83125305175781
1773049185997882000,27.476882080078123,-261.46875,120.50625610351562,-41.75625228881836
1773049186007882000,27.486882080078125,-261.45001220703125,120.30000305175781,-41.70000076293945
1773049186017882000,27.496882080078127,-261.375,119.83125305175781,-41.625
1773049186027882000,27.506882080078125,-261.4312744140625,119.6812515258789,-41.625
1773049186037882000,27.516882080078126,-261.4312744140625,119.66250610351562,-41.56875228881836
1773049186047882000,27.526882080078124,-261.2250061035156,119.8687515258789,-41.26875305175781
1773049186057882000,27.536882080078126,-261.1125183105469,119.71875762939453,-41.13750076293945
1773049186067882000,27.546882080078124,-261.4312744140625,119.38125610351562,-40.91250228881836
1773049186077882000,27.556882080078125,-261.3187561035156,119.56875610351562,-40.96875
1773049186087882000,27.566882080078123,-261.4875183105469,119.55000305175781,-41.15625
1773049186097882000,27.576882080078125,-261.54376220703125,119.51250457763672,-41.212501525878906
1773049186107882000,27.586882080078126,-261.46875,119.2125015258789,-41.04375076293945
1773049186117882000,27.596882080078124,-261.6750183105469,119.17500305175781,-40.96875
1773049186127882000,27.606882080078126,-261.6750183105469,119.10000610351562,-41.10000228881836
1773049186137882000,27.616882080078124,-261.65625,118.89375305175781,-40.875
1773049186147882000,27.626882080078126,-261.1312561035156,118.68750762939453,-40.72500228881836
1773049186157882000,27.636882080078124,-261,118.2750015258789,-40.5
1773049186167882000,27.646882080078125,-260.8125,118.03125762939453,-40.38750076293945
1773049186177882000,27.656882080078127,-260.88751220703125,118.20000457763672,-40.16250228881836
1773049186187882000,27.666882080078125,-260.9437561035156,118.16250610351562,-40.087501525878906
1773049186197882000,27.676882080078126,-260.8125,117.97500610351562,-40.06875228881836
1773049186207882000,27.686882080078124,-260.98126220703125,117.76875305175781,-39.806251525878906
1773049186217882000,27.696882080078126,-260.88751220703125,117.97500610351562,-39.618751525878906
1773049186227882000,27.706882080078124,-261.1125183105469,117.97500610351562,-39.618751525878906
1773049186237882000,27.716882080078125,-261.07501220703125,117.69375610351562,-39.712501525878906
1773049186247882000,27.726882080078123,-261.09375,117.54375457763672,-39.48750305175781
1773049186257882000,27.736882080078125,-261.2250061035156,117.31875610351562,-39.5625
1773049186267882000,27.746882080078127,-261.5062561035156,117.3375015258789,-39.431251525878906
1773049186277882000,27.756882080078125,-261.5812683105469,117.26250457763672,-39.525001525878906
1773049186287882000,27.766882080078126,-261.1125183105469,117.03750610351562,-39.69375228881836
1773049186297882000,27.776882080078124,-261.2062683105469,116.73750305175781,-39.86250305175781
1773049186307882000,27.786882080078126,-261.1500244140625,116.62500762939453,-39.82500076293945
1773049186317882000,27.796882080078124,-261.375,116.5875015258789,-39.58125305175781
1773049186327882000,27.806882080078125,-261.4125061035156,116.45625305175781,-39.618751525878906
1773049186337882000,27.816882080078123,-261.375,116.1187515258789,-39.67500305175781
1773049186347882000,27.826882080078125,-261.2250061035156,116.04375457763672,-39.82500076293945
1773049186357882000,27.836882080078126,-261.2062683105469,115.96875762939453,-39.45000076293945
1773049186367882000,27.846882080078124,-261.5812683105469,115.87500762939453,-39.31875228881836
1773049186377882000,27.856882080078126,-261.4875183105469,115.66875457763672,-39.13125228881836
1773049186387882000,27.866882080078124,-261.65625,115.63125610351562,-39.056251525878906
1773049186397882000,27.876882080078126,-261.5812683105469,115.61250305175781,-39.07500076293945
1773049186407882000,27.886882080078124,-261.4875183105469,115.81875610351562,-38.98125076293945
1773049186417882000,27.896882080078125,-261.2250061035156,115.78125762939453,-38.60625076293945
1773049186427882000,27.906882080078127,-261.5062561035156,115.61250305175781,-38.38125228881836
1773049186437882000,27.916882080078125,-261.73126220703125,115.68750762939453,-38.64375305175781
1773049186447882000,27.926882080078126,-261.84375,115.85625457763672,-38.51250076293945
1773049186457882000,27.936882080078124,-262.125,115.91250610351562,-38.587501525878906
1773049186467882000,27.946882080078126,-261.9000244140625,115.76250457763672,-38.51250076293945
1773049186477882000,27.956882080078124,-262.03125,116.0250015258789,-38.26875305175781
1773049186487882000,27.966882080078125,-262.40625,116.00625610351562,-38.26875305175781
1773049186497882000,27.976882080078123,-262.5375061035156,116.0250015258789,-38.493751525878906
1773049186507882000,27.986882080078125,-262.57501220703125,116.15625762939453,-38.493751525878906
1773049186517882000,27.996882080078127,-262.5375061035156,115.98750305175781,-38.0625
1773049186527882000,28.006882080078125,-262.48126220703125,115.8375015258789,-37.837501525878906
1773049186537882000,28.016882080078126,-262.5,115.91250610351562,-37.66875076293945
1773049186547882000,28.026882080078124,-262.6500244140625,116.00625610351562,-37.40625
1773049186557882000,28.036882080078126,-262.5,115.7437515258789,-37.33125305175781
1773049186567882000,28.046882080078124,-262.2750244140625,115.59375762939453,-37.25625228881836
1773049186577882000,28.056882080078125,-262.4625244140625,115.50000762939453,-37.16250228881836
1773049186587882000,28.066882080078123,-262.2750244140625,115.35000610351562,-37.125
1773049186597882000,28.076882080078125,-262.1437683105469,115.0875015258789,-37.42500305175781
1773049186607882000,28.086882080078126,-261.91876220703125,114.67500305175781,-37.63125228881836
1773049186617882000,28.096882080078124,-261.9562683105469,114.48750305175781,-37.57500076293945
1773049186627882000,28.106882080078126,-262.01251220703125,114.3375015258789,-37.743751525878906
1773049186637882000,28.116882080078124,-262.1625061035156,114.18750762939453,-37.81875228881836
1773049186647882000,28.126882080078126,-262.20001220703125,113.81250762939453,-37.743751525878906
1773049186657882000,28.136882080078124,-261.9375,113.71875762939453,-37.57500076293945
1773049186667882000,28.146882080078125,-261.8812561035156,113.60625457763672,-37.44375228881836
1773049186677882000,28.156882080078127,-261.9562683105469,113.55000305175781,-37.16250228881836
1773049186687882000,28.166882080078125,-262.3125,113.79375457763672,-37.087501525878906
1773049186697882000,28.176882080078126,-262.20001220703125,113.71875762939453,-37.06875228881836
1773049186707882000,28.186882080078124,-262.1625061035156,113.5875015258789,-37.01250076293945
1773049186717882000,28.196882080078126,-261.9000244140625,113.36250305175781,-36.900001525878906
1773049186727882000,28.206882080078124,-262.0500183105469,113.55000305175781,-36.712501525878906
1773049186737882000,28.216882080078125,-262.3687744140625,113.55000305175781,-36.712501525878906
1773049186747882000,28.226882080078123,-262.40625,113.13750457763672,-36.75
1773049186757882000,28.236882080078125,-262.4250183105469,112.95000457763672,-36.75
1773049186767882000,28.246882080078127,-262.03125,112.50000762939453,-36.58125305175781
1773049186777882000,28.256882080078125,-261.9937744140625,112.3687515258789,-36.50625228881836
1773049186787882000,28.266882080078126,-262.40625,112.35000610351562,-36.31875228881836
1773049186797882000,28.276882080078124,-262.7062683105469,112.61250305175781,-36.26250076293945
1773049186807882000,28.286882080078126,-262.66876220703125,112.50000762939453,-36.22500228881836
1773049186817882000,28.296882080078124,-262.7250061035156,112.57500457763672,-35.92500305175781
1773049186827882000,28.306882080078125,-262.7250061035156,112.70625305175781,-35.71875
1773049186837882000,28.316882080078123,-262.7250061035156,113.08125305175781,-35.71875
1773049186847882000,28.326882080078125,-263.4000244140625,113.47500610351562,-35.681251525878906
1773049186857882000,28.336882080078126,-263.34375,113.60625457763672,-35.60625076293945
1773049186867882000,28.346882080078124,-263.0062561035156,113.64375305175781,-35.64375305175781
1773049186877882000,28.356882080078126,-262.85626220703125,113.60625457763672,-35.53125
1773049186887882000,28.366882080078124,-262.875,113.75625610351562,-35.493751525878906
1773049186897882000,28.376882080078126,-262.6875,113.71875762939453,-35.51250076293945
1773049186907882000,28.386882080078124,-262.8187561035156,113.94375610351562,-35.56875228881836
1773049186917882000,28.396882080078125,-262.7062683105469,113.71875762939453,-35.400001525878906
1773049186927882000,28.406882080078127,-262.48126220703125,113.51250457763672,-35.47500228881836
1773049186937882000,28.416882080078125,-262.6125183105469,113.6812515258789,-35.400001525878906
1773049186947882000,28.426882080078126,-262.6875,113.60625457763672,-35.212501525878906
1773049186957882000,28.436882080078124,-262.6312561035156,113.4000015258789,-35.17500305175781
1773049186967882000,28.446882080078126,-262.875,113.43750762939453,-35.04375076293945
1773049186977882000,28.456882080078124,-263.0625,113.26875305175781,-34.80000305175781
1773049186987882000,28.466882080078125,-262.7437744140625,113.13750457763672,-34.462501525878906
1773049186997882000,28.476882080078123,-262.95001220703125,113.23125457763672,-34.21875
1773049187007882000,28.486882080078125,-263.1187744140625,113.2125015258789,-34.03125
1773049187017882000,28.496882080078127,-263.2687683105469,112.85625457763672,-34.03125
1773049187027882000,28.506882080078125,-263.2875061035156,112.87500762939453,-34.05000305175781
1773049187037882000,28.516882080078126,-263.4750061035156,112.63125610351562,-33.91875076293945
1773049187047882000,28.526882080078124,-263.0062561035156,112.35000610351562,-33.806251525878906
1773049187057882000,28.536882080078126,-262.8937683105469,112.31250762939453,-34.03125
1773049187067882000,28.546882080078124,-263.1000061035156,111.9000015258789,-34.06875228881836
1773049187077882000,28.556882080078125,-263.0812683105469,111.56250762939453,-34.03125
1773049187087882000,28.566882080078123,-262.8375244140625,111.30000305175781,-33.88125228881836
1773049187097882000,28.576882080078125,-262.76251220703125,111.16875457763672,-33.86250305175781
1773049187107882000,28.586882080078126,-262.6125183105469,110.94375610351562,-33.78750228881836
1773049187117882000,28.596882080078124,-262.5187683105469,110.8687515258789,-33.54375076293945
1773049187127882000,28.606882080078126,-262.7437744140625,110.9625015258789,-33.46875
1773049187137882000,28.616882080078124,-262.9125061035156,111.22500610351562,-33.337501525878906
1773049187147882000,28.626882080078126,-263.13751220703125,111.63750457763672,-33.26250076293945
1773049187157882000,28.636882080078124,-263.04376220703125,111.75000762939453,-33.431251525878906
1773049187167882000,28.646882080078125,-263.15625,111.97500610351562,-33.58125305175781
1773049187177882000,28.656882080078127,-263.04376220703125,112.01250457763672,-33.337501525878906
1773049187187882000,28.666882080078125,-263.0812683105469,111.9000015258789,-33.13125228881836
1773049187197882000,28.676882080078126,-263.2125244140625,111.84375762939453,-33.20625305175781
1773049187207882000,28.686882080078124,-263.1750183105469,111.60000610351562,-33.1875
1773049187217882000,28.696882080078126,-263.2125244140625,111.28125762939453,-33.26250076293945
1773049187227882000,28.706882080078124,-263.34375,111.20625305175781,-33.35625076293945
1773049187237882000,28.716882080078125,-263.6625061035156,111.20625305175781,-33.28125
1773049187247882000,28.726882080078123,-263.6812744140625,111.28125762939453,-33.243751525878906
1773049187257882000,28.736882080078125,-263.7750244140625,111.18750762939453,-33.35625076293945
1773049187267882000,28.746882080078127,-263.71875,111.1500015258789,-33.431251525878906
1773049187277882000,28.756882080078125,-263.6625061035156,111.26250457763672,-33.31875228881836
1773049187287882000,28.766882080078126,-263.7750244140625,111.2437515258789,-33.41250228881836
1773049187297882000,28.776882080078124,-263.70001220703125,111.1500015258789,-33.13125228881836
1773049187307882000,28.786882080078126,-263.2875061035156,110.92500305175781,-32.962501525878906
1773049187317882000,28.796882080078124,-263.15625,111.03750610351562,-32.625
1773049187327882000,28.806882080078125,-263.0250244140625,110.83125305175781,-32.41875076293945
1773049187337882000,28.816882080078123,-263.0062561035156,111.07500457763672,-32.34375
1773049187347882000,28.826882080078125,-263.15625,111.30000305175781,-32.41875076293945
1773049187357882000,28.836882080078126,-263.15625,111.60000610351562,-32.4375
1773049187367882000,28.846882080078124,-263.0812683105469,111.65625762939453,-32.32500076293945
1773049187377882000,28.856882080078126,-263.0625,111.75000762939453,-32.400001525878906
1773049187387882000,28.866882080078124,-263.2875061035156,111.6187515258789,-32.51250076293945
1773049187397882000,28.876882080078126,-263.0812683105469,111.6187515258789,-32.775001525878906
1773049187407882000,28.886882080078124,-263.13751220703125,111.69375610351562,-32.625
1773049187417882000,28.896882080078125,-262.95001220703125,111.2437515258789,-32.47500228881836
1773049187427882000,28.906882080078127,-262.7437744140625,110.88750457763672,-32.493751525878906
1773049187437882000,28.916882080078125,-262.8187561035156,110.70000457763672,-32.60625076293945
1773049187447882000,28.926882080078126,-262.78125,110.83125305175781,-32.75625228881836
1773049187457882000,28.936882080078124,-262.7437744140625,110.71875762939453,-32.55000305175781
1773049187467882000,28.946882080078126,-262.76251220703125,111.1500015258789,-32.51250076293945
1773049187477882000,28.956882080078124,-262.8187561035156,110.90625762939453,-32.56875228881836
1773049187487882000,28.966882080078125,-262.6312561035156,110.55000305175781,-32.64375305175781
1773049187497882000,28.976882080078123,-262.6125183105469,110.73750305175781,-32.60625076293945
1773049187507882000,28.986882080078125,-262.7250061035156,111.16875457763672,-32.28750228881836
1773049187517882000,28.996882080078127,-262.6312561035156,111.16875457763672,-32.212501525878906
1773049187527882000,29.006882080078125,-262.6500244140625,110.92500305175781,-31.968751907348633
1773049187537882000,29.016882080078126,-262.7250061035156,110.83125305175781,-32.17500305175781
1773049187547882000,29.026882080078124,-262.78125,110.55000305175781,-31.931251525878906
1773049187557882000,29.036882080078126,-263.15625,110.5875015258789,-31.89375114440918
1773049187567882000,29.046882080078124,-263.32501220703125,110.66250610351562,-31.837501525878906
1773049187577882000,29.056882080078125,-263.4000244140625,110.7750015258789,-31.631250381469727
1773049187587882000,29.066882080078123,-263.4562683105469,110.36250305175781,-32.04375076293945
1773049187597882000,29.076882080078125,-263.51251220703125,110.0250015258789,-31.818750381469727
1773049187607882000,29.086882080078126,-263.53125,110.04375457763672,-31.80000114440918
1773049187617882000,29.096882080078124,-263.4750061035156,110.13750457763672,-31.912500381469727
1773049187627882000,29.106882080078126,-263.13751220703125,110.04375457763672,-32.04375076293945
1773049187637882000,29.116882080078124,-262.95001220703125,109.91250610351562,-31.968751907348633
1773049187647882000,29.126882080078126,-263.0062561035156,109.87500762939453,-31.837501525878906
1773049187657882000,29.136882080078124,-263.1750183105469,109.61250305175781,-32.04375076293945
1773049187667882000,29.146882080078125,-263.2687683105469,109.68750762939453,-31.837501525878906
1773049187677882000,29.156882080078127,-263.3062744140625,110.08125305175781,-31.743751525878906
1773049187687882000,29.166882080078125,-263.3812561035156,110.19375610351562,-31.687501907348633
1773049187697882000,29.176882080078126,-263.51251220703125,110.28750610351562,-31.443750381469727
1773049187707882000,29.186882080078124,-263.7750244140625,110.25000762939453,-31.462501525878906
1773049187717882000,29.196882080078126,-263.625,110.47500610351562,-30.86250114440918
1773049187727882000,29.206882080078124,-263.70001220703125,110.70000457763672,-31.068750381469727
1773049187737882000,29.216882080078125,-263.8125,110.73750305175781,-31.068750381469727
1773049187747882000,29.226882080078123,-263.88751220703125,110.90625762939453,-30.918750762939453
1773049187757882000,29.236882080078125,-263.9625244140625,110.81250762939453,-31.031251907348633
1773049187767882000,29.246882080078127,-263.7562561035156,110.70000457763672,-31.068750381469727
1773049187777882000,29.256882080078125,-263.79376220703125,110.4000015258789,-31.256250381469727
1773049187787882000,29.266882080078126,-263.8312683105469,110.55000305175781,-31.012500762939453
1773049187797882000,29.276882080078124,-263.9437561035156,110.17500305175781,-31.556251525878906
1773049187807882000,29.286882080078126,-264.2062683105469,110.10000610351562,-31.500001907348633
1773049187817882000,29.296882080078124,-264.1875,110.15625762939453,-31.481250762939453
1773049187827882000,29.306882080078125,-264.09375,110.10000610351562,-31.650001525878906
1773049187837882000,29.316882080078123,-264.0562744140625,110.13750457763672,-31.556251525878906
1773049187847882000,29.326882080078125,-264.16876220703125,110.15625762939453,-31.350000381469727
1773049187857882000,29.336882080078126,-264.0375061035156,110.38125610351562,-31.14375114440918
1773049187867882000,29.346882080078124,-263.8312683105469,110.23125457763672,-31.406251907348633
1773049187877882000,29.356882080078126,-263.9437561035156,110.47500610351562,-31.23750114440918
1773049187887882000,29.366882080078124,-263.8125,110.64375305175781,-31.012500762939453
1773049187897882000,29.376882080078126,-263.8500061035156,110.64375305175781,-30.95625114440918
1773049187907882000,29.386882080078124,-263.9437561035156,110.60625457763672,-30.67500114440918
1773049187917882000,29.396882080078125,-263.9250183105469,110.45625305175781,-30.95625114440918
1773049187927882000,29.406882080078127,-264.2250061035156,110.45625305175781,-30.937501907348633
1773049187937882000,29.416882080078125,-264.28125,110.2125015258789,-30.975000381469727
1773049187947882000,29.426882080078126,-264.6187744140625,110.60625457763672,-30.618751525878906
1773049187957882000,29.436882080078124,-264.6187744140625,110.8687515258789,-30.525001525878906
1773049187967882000,29.446882080078126,-264.5812683105469,110.55000305175781,-30.693750381469727
1773049187977882000,29.456882080078124,-264.3000183105469,110.5875015258789,-30.67500114440918
1773049187987882000,29.466882080078125,-264.45001220703125,110.85000610351562,-30.67500114440918
1773049187997882000,29.476882080078123,-264.7875061035156,111.01875305175781,-30.468751907348633
1773049188007882000,29.486882080078125,-264.7875061035156,111.13125610351562,-30.637500762939453
1773049188017882000,29.496882080078127,-265.0687561035156,111.4312515258789,-30.506250381469727
1773049188027882000,29.506882080078125,-264.9000244140625,111.28125762939453,-30.375001907348633
1773049188037882000,29.516882080078126,-265.03125,110.9625015258789,-30.431251525878906
1773049188047882000,29.526882080078124,-265.10626220703125,111.18750762939453,-30.431251525878906
1773049188057882000,29.536882080078126,-265.5562744140625,111.48750305175781,-30.262500762939453
1773049188067882000,29.546882080078124,-265.4250183105469,111.16875457763672,-30.356250762939453
1773049188077882000,29.556882080078125,-265.2750244140625,111.00000762939453,-30.093751907348633
1773049188087882000,29.566882080078123,-265.29376220703125,110.73750305175781,-30.056251525878906
1773049188097882000,29.576882080078125,-265.01251220703125,110.4000015258789,-30.281251907348633
1773049188107882000,29.586882080078126,-265.1437683105469,110.36250305175781,-30.637500762939453
1773049188117882000,29.596882080078124,-265.125,110.32500457763672,-30.543750762939453
1773049188127882000,29.606882080078126,-265.03125,110.26875305175781,-30.806251525878906
1773049188137882000,29.616882080078124,-264.8062744140625,109.85625457763672,-31.05000114440918
1773049188147882000,29.626882080078126,-264.9937744140625,109.81875610351562,-31.256250381469727
1773049188157882000,29.636882080078124,-265.0500183105469,109.66875457763672,-31.406251907348633
1773049188167882000,29.646882080078125,-264.8812561035156,109.70625305175781,-31.406251907348633
1773049188177882000,29.656882080078127,-265.21875,109.98750305175781,-31.200000762939453
1773049188187882000,29.666882080078125,-265.38751220703125,109.8375015258789,-31.443750381469727
1773049188197882000,29.676882080078126,-265.21875,110.1187515258789,-31.406251907348633
1773049188207882000,29.686882080078124,-265.0687561035156,109.9312515258789,-31.068750381469727
1773049188217882000,29.696882080078126,-265.2375183105469,109.96875762939453,-30.881250381469727
1773049188227882000,29.706882080078124,-265.03125,109.95000457763672,-30.76875114440918
1773049188237882000,29.716882080078125,-265.21875,110.43750762939453,-30.86250114440918
1773049188247882000,29.726882080078123,-265.29376220703125,110.56875610351562,-30.937501907348633
1773049188257882000,29.736882080078125,-264.91876220703125,110.47500610351562,-31.106250762939453
1773049188267882000,29.746882080078127,-264.65625,110.38125610351562,-30.918750762939453
1773049188277882000,29.756882080078125,-264.65625,110.28750610351562,-30.993751525878906
1773049188287882000,29.766882080078126,-264.54376220703125,110.38125610351562,-30.95625114440918
1773049188297882000,29.776882080078124,-264.3375244140625,110.10000610351562,-31.05000114440918
1773049188307882000,29.786882080078126,-264.5250244140625,109.96875762939453,-30.95625114440918
1773049188317882000,29.796882080078124,-263.98126220703125,109.3687515258789,-31.031251907348633
1773049188327882000,29.806882080078125,-263.8312683105469,109.0875015258789,-30.843751907348633
1773049188337882000,29.816882080078123,-263.6812744140625,108.88125610351562,-30.58125114440918
1773049188347882000,29.826882080078125,-263.9437561035156,109.10625457763672,-30.712501525878906
1773049188357882000,29.836882080078126,-264.07501220703125,108.7125015258789,-30.937501907348633
1773049188367882000,29.846882080078124,-264.5625,108.54375457763672,-31.012500762939453
1773049188377882000,29.856882080078126,-264.4875183105469,109.01250457763672,-30.993751525878906
1773049188387882000,29.866882080078124,-264.26251220703125,109.01250457763672,-31.23750114440918
1773049188397882000,29.876882080078126,-264.3187561035156,109.35000610351562,-31.312501907348633
1773049188407882000,29.886882080078124,-264.4875183105469,109.40625762939453,-31.350000381469727
1773049188417882000,29.896882080078125,-264.73126220703125,109.59375762939453,-31.350000381469727
1773049188427882000,29.906882080078127,-264.63751220703125,109.38750457763672,-30.993751525878906
1773049188437882000,29.916882080078125,-264.5812683105469,109.4625015258789,-30.900001525878906
1773049188447882000,29.926882080078126,-264.2062683105469,109.31250762939453,-30.975000381469727
1773049188457882000,29.936882080078124,-264.1500244140625,108.97500610351562,-30.937501907348633
1773049188467882000,29.946882080078126,-263.98126220703125,109.25625610351562,-30.48750114440918
1773049188477882000,29.956882080078124,-264.1500244140625,108.91875457763672,-30.318750381469727
1773049188487882000,29.966882080078125,-264.2437744140625,108.86250305175781,-30.450000762939453
1773049188497882000,29.976882080078123,-264.2250061035156,108.82500457763672,-30.450000762939453
1773049188507882000,29.986882080078125,-264.3375244140625,108.9000015258789,-30.543750762939453
1773049188517882000,29.996882080078127,-264.5812683105469,109.10625457763672,-30.39375114440918
1773049188527882000,30.006882080078125,-264.63751220703125,109.21875762939453,-30.318750381469727
1773049188537882000,30.016882080078126,-264.82501220703125,109.35000610351562,-30.262500762939453
1773049188547882000,30.026882080078124,-265.21875,109.21875762939453,-30.468751907348633
1773049188557882000,30.036882080078126,-265.125,109.33125305175781,-30.48750114440918
1773049188567882000,30.046882080078124,-264.7125244140625,109.33125305175781,-30.562501907348633
1773049188577882000,30.056882080078125,-264.9562683105469,109.3687515258789,-30.600000381469727
1773049188587882000,30.066882080078123,-265.0500183105469,109.3687515258789,-30.806251525878906
1773049188597882000,30.076882080078125,-264.91876220703125,109.33125305175781,-30.806251525878906
1773049188607882000,30.086882080078126,-265.2375183105469,109.61250305175781,-30.712501525878906
1773049188617882000,30.096882080078124,-265.40625,109.59375762939453,-30.750001907348633
1773049188627882000,30.106882080078126,-265.2562561035156,109.44375610351562,-30.843751907348633
1773049188637882000,30.116882080078124,-265.4625244140625,109.66875457763672,-30.881250381469727
1773049188647882000,30.126882080078126,-265.6312561035156,109.5562515258789,-30.900001525878906
1773049188657882000,30.136882080078124,-265.3687744140625,109.3687515258789,-31.031251907348633
1773049188667882000,30.146882080078125,-264.91876220703125,109.38750457763672,-30.881250381469727
1773049188677882000,30.156882080078127,-264.75,109.21875762939453,-30.937501907348633
1773049188687882000,30.166882080078125,-264.65625,109.0875015258789,-30.918750762939453
1773049188697882000,30.176882080078126,-264.4875183105469,109.01250457763672,-31.106250762939453
1773049188707882000,30.186882080078124,-264.3937683105469,109.10625457763672,-31.012500762939453
1773049188717882000,30.196882080078126,-264.2437744140625,108.88125610351562,-31.14375114440918
1773049188727882000,30.206882080078124,-264.3937683105469,109.05000305175781,-30.76875114440918
1773049188737882000,30.216882080078125,-264.6187744140625,109.5562515258789,-30.431251525878906
1773049188747882000,30.226882080078123,-264.7125244140625,109.48125457763672,-30.48750114440918
1773049188757882000,30.236882080078125,-264.7875061035156,109.4625015258789,-30.468751907348633
1773049188767882000,30.246882080078127,-264.7875061035156,109.72500610351562,-30.412500381469727
1773049188777882000,30.256882080078125,-264.9000244140625,109.63125610351562,-30.412500381469727
1773049188787882000,30.266882080078126,-265.03125,109.53750610351562,-30.562501907348633
1773049188797882000,30.276882080078124,-264.9000244140625,109.68750762939453,-30.48750114440918
1773049188807882000,30.286882080078126,-264.6937561035156,109.61250305175781,-30.562501907348633
1773049188817882000,30.296882080078124,-264.54376220703125,109.16250610351562,-30.993751525878906
1773049188827882000,30.306882080078125,-264.3937683105469,109.05000305175781,-30.900001525878906
1773049188837882000,30.316882080078123,-264.375,109.01250457763672,-31.23750114440918
1773049188847882000,30.326882080078125,-264.2062683105469,108.54375457763672,-31.387500762939453
1773049188857882000,30.336882080078126,-264.35626220703125,108.56250762939453,-31.14375114440918
1773049188867882000,30.346882080078124,-264.1500244140625,108.4312515258789,-30.806251525878906
1773049188877882000,30.356882080078126,-264.45001220703125,108.35625457763672,-31.125001907348633
1773049188887882000,30.366882080078124,-264.54376220703125,108.48750305175781,-31.05000114440918
1773049188897882000,30.376882080078126,-264.73126220703125,108.5250015258789,-30.918750762939453
1773049188907882000,30.386882080078124,-264.73126220703125,108.65625762939453,-30.975000381469727
1773049188917882000,30.396882080078125,-264.7125244140625,108.46875762939453,-30.656251907348633
1773049188927882000,30.406882080078127,-264.5625,108.84375762939453,-30.656251907348633
1773049188937882000,30.416882080078125,-264.2062683105469,109.0875015258789,-30.825000762939453
1773049188947882000,30.426882080078126,-264.63751220703125,109.23750305175781,-31.031251907348633
1773049188957882000,30.436882080078124,-264.375,109.38750457763672,-30.600000381469727
1773049188967882000,30.446882080078126,-264.4312744140625,109.12500762939453,-30.918750762939453
1773049188977882000,30.456882080078124,-263.9250183105469,109.16250610351562,-30.806251525878906
1773049188987882000,30.466882080078125,-264.07501220703125,109.16250610351562,-30.693750381469727
1773049188997882000,30.476882080078123,-263.98126220703125,109.20000457763672,-30.900001525878906
1773049189007882000,30.486882080078125,-264.16876220703125,108.86250305175781,-31.012500762939453
1773049189017882000,30.496882080078127,-264.375,108.75000762939453,-30.900001525878906
1773049189027882000,30.506882080078125,-263.9250183105469,108.7125015258789,-30.750001907348633
1773049189037882000,30.516882080078126,-263.8687744140625,108.35625457763672,-31.031251907348633
1773049189047882000,30.526882080078124,-263.6437683105469,108.48750305175781,-30.86250114440918
1773049189057882000,30.536882080078126,-263.9625244140625,108.4312515258789,-30.825000762939453
1773049189067882000,30.546882080078124,-264.07501220703125,108.4312515258789,-30.918750762939453
1773049189077882000,30.556882080078125,-264.45001220703125,108.60000610351562,-30.731250762939453
1773049189087882000,30.566882080078123,-264.5812683105469,108.78750610351562,-30.693750381469727
1773049189097882000,30.576882080078125,-264.3937683105469,108.84375762939453,-30.843751907348633
1773049189107882000,30.586882080078126,-264.73126220703125,108.73125457763672,-31.125001907348633
1773049189117882000,30.596882080078124,-264.9375,108.95625305175781,-30.993751525878906
1773049189127882000,30.606882080078126,-265.03125,108.9937515258789,-30.95625114440918
1773049189137882000,30.616882080078124,-265.125,109.12500762939453,-30.937501907348633
1773049189147882000,30.626882080078126,-265.01251220703125,109.1812515258789,-30.76875114440918
1773049189157882000,30.636882080078124,-264.5625,109.05000305175781,-30.95625114440918
1773049189167882000,30.646882080078125,-264.5625,108.91875457763672,-31.012500762939453
1773049189177882000,30.656882080078127,-264.46875,108.46875762939453,-30.937501907348633
1773049189187882000,30.666882080078125,-264.3375244140625,108.60000610351562,-30.67500114440918
1773049189197882000,30.676882080078126,-263.88751220703125,108.45000457763672,-30.750001907348633
1773049189207882000,30.686882080078124,-263.98126220703125,108.63750457763672,-30.806251525878906
1773049189217882000,30.696882080078126,-263.70001220703125,108.54375457763672,-30.86250114440918
1773049189227882000,30.706882080078124,-263.8125,108.46875762939453,-31.181251525878906
1773049189237882000,30.716882080078125,-264.1125183105469,108.86250305175781,-30.993751525878906
1773049189247882000,30.726882080078123,-263.98126220703125,108.91875457763672,-30.525001525878906
1773049189257882000,30.736882080078125,-263.9437561035156,109.03125762939453,-30.618751525878906
1773049189267882000,30.746882080078127,-264.2062683105469,108.9937515258789,-30.67500114440918
1773049189277882000,30.756882080078125,-264.4875183105469,109.23750305175781,-30.450000762939453
1773049189287882000,30.766882080078126,-264.3937683105469,109.10625457763672,-30.337501525878906
1773049189297882000,30.776882080078124,-264.5625,109.21875762939453,-30.30000114440918
1773049189307882000,30.786882080078126,-264.4125061035156,109.05000305175781,-30.262500762939453
1773049189317882000,30.796882080078124,-264.1875,108.73125457763672,-30.11250114440918
1773049189327882000,30.806882080078125,-264.1312561035156,108.76875305175781,-30.39375114440918
1773049189337882000,30.816882080078123,-264.1875,108.82500457763672,-30.20625114440918
1773049189347882000,30.826882080078125,-263.51251220703125,108.86250305175781,-30.337501525878906
1773049189357882000,30.836882080078126,-263.4562683105469,108.69375610351562,-30.262500762939453
1773049189367882000,30.846882080078124,-263.5687561035156,108.5250015258789,-30.30000114440918
1773049189377882000,30.856882080078126,-263.60626220703125,108.46875762939453,-30.11250114440918
1773049189387882000,30.866882080078124,-263.60626220703125,108.75000762939453,-29.756250381469727
1773049189397882000,30.876882080078126,-263.7375183105469,108.95625305175781,-29.83125114440918
1773049189407882000,30.886882080078124,-263.70001220703125,108.82500457763672,-29.756250381469727
1773049189417882000,30.896882080078125,-264,108.93750762939453,-30.000001907348633
1773049189427882000,30.906882080078127,-264.63751220703125,109.2750015258789,-29.625001907348633
1773049189437882000,30.916882080078125,-264.9375,109.3687515258789,-29.475000381469727
1773049189447882000,30.926882080078126,-264.8625183105469,109.61250305175781,-29.45625114440918
1773049189457882000,30.936882080078124,-264.73126220703125,109.5562515258789,-29.325000762939453
1773049189467882000,30.946882080078126,-264.7875061035156,109.29375457763672,-29.73750114440918
1773049189477882000,30.956882080078124,-264.75,109.05000305175781,-29.756250381469727
1773049189487882000,30.966882080078125,-264.8062744140625,109.03125762939453,-30.056251525878906
1773049189497882000,30.976882080078123,-264.5812683105469,109.16250610351562,-29.850000381469727
1773049189507882000,30.986882080078125,-264.3187561035156,108.7125015258789,-30.000001907348633
1773049189517882000,30.996882080078127,-263.9625244140625,108.4312515258789,-30.168750762939453
1773049189527882000,31.006882080078125,-263.9250183105469,108.2437515258789,-30.375001907348633
1773049189537882000,31.016882080078126,-263.7562561035156,108.18750762939453,-30.806251525878906
1773049189547882000,31.026882080078124,-263.5875244140625,108.26250457763672,-30.67500114440918
1773049189557882000,31.036882080078126,-263.6437683105469,108.26250457763672,-30.750001907348633
1773049189567882000,31.046882080078124,-263.8125,108.26250457763672,-30.750001907348633
1773049189577882000,31.056882080078125,-264.2062683105469,108.00000762939453,-30.993751525878906
1773049189587882000,31.066882080078123,-264.1875,108.22500610351562,-31.087501525878906
1773049189597882000,31.076882080078125,-264.2250061035156,108.31875610351562,-30.993751525878906
1773049189607882000,31.086882080078126,-264.26251220703125,108.63750457763672,-30.937501907348633
1773049189617882000,31.096882080078124,-264.6187744140625,108.5250015258789,-31.012500762939453
1773049189627882000,31.106882080078126,-265.01251220703125,108.39375305175781,-31.031251907348633
1773049189637882000,31.116882080078124,-265.1437683105469,108.84375762939453,-30.900001525878906
1773049189647882000,31.126882080078126,-265.0875244140625,108.75000762939453,-30.618751525878906
1773049189657882000,31.136882080078124,-264.6937561035156,108.88125610351562,-30.225000381469727
1773049189667882000,31.146882080078125,-264.46875,108.69375610351562,-30.20625114440918
1773049189677882000,31.156882080078127,-264.65625,108.63750457763672,-30.375001907348633
1773049189687882000,31.166882080078125,-264.6750183105469,108.46875762939453,-30.187501907348633
1773049189697882000,31.176882080078126,-264.54376220703125,108.73125457763672,-30.037500381469727
1773049189707882000,31.186882080078124,-264.4312744140625,108.8062515258789,-29.943750381469727
1773049189717882000,31.196882080078126,-264.26251220703125,108.35625457763672,-30.056251525878906
1773049189727882000,31.206882080078124,-264.2437744140625,108.54375457763672,-30.093751907348633
1773049189737882000,31.216882080078125,-264.3937683105469,108.18750762939453,-30.506250381469727
1773049189747882000,31.226882080078123,-264.65625,108.22500610351562,-30.412500381469727
1773049189757882000,31.236882080078125,-264.5062561035156,108.03750610351562,-30.431251525878906
1773049189767882000,31.246882080078127,-264.54376220703125,107.90625762939453,-30.656251907348633
1773049189777882000,31.256882080078125,-264.54376220703125,107.62500762939453,-30.562501907348633
1773049189787882000,31.266882080078126,-264.3937683105469,107.64375305175781,-30.356250762939453
1773049189797882000,31.276882080078124,-264.5812683105469,107.8687515258789,-30.39375114440918
1773049189807882000,31.286882080078126,-264.65625,107.75625610351562,-30.281251907348633
1773049189817882000,31.296882080078124,-264.6187744140625,108.09375762939453,-29.943750381469727
1773049189827882000,31.306882080078125,-264.7125244140625,108.0562515258789,-30.11250114440918
1773049189837882000,31.316882080078123,-264.65625,108.18750762939453,-30.075000762939453
1773049189847882000,31.326882080078125,-264.6000061035156,108.2437515258789,-29.943750381469727
1773049189857882000,31.336882080078126,-264.4875183105469,108.3375015258789,-29.887500762939453
1773049189867882000,31.346882080078124,-264.75,108.35625457763672,-29.962501525878906
1773049189877882000,31.356882080078126,-264.46875,108.07500457763672,-29.943750381469727
1773049189887882000,31.366882080078124,-264.1500244140625,108.07500457763672,-30.20625114440918
1773049189897882000,31.376882080078126,-264.0187683105469,107.83125305175781,-30.243751525878906
1773049189907882000,31.386882080078124,-263.70001220703125,107.88750457763672,-29.962501525878906
1773049189917882000,31.396882080078125,-263.8312683105469,107.92500305175781,-29.943750381469727
1773049189927882000,31.406882080078127,-263.7750244140625,107.83125305175781,-29.962501525878906
1773049189937882000,31.416882080078125,-263.6812744140625,107.85000610351562,-30.01875114440918
1773049189947882000,31.426882080078126,-263.3625183105469,107.83125305175781,-29.906251907348633
1773049189957882000,31.436882080078124,-263.34375,107.75625610351562,-29.718751907348633
1773049189967882000,31.446882080078126,-263.5500183105469,107.79375457763672,-29.531251907348633
1773049189977882000,31.456882080078124,-263.625,107.83125305175781,-29.45625114440918
1773049189987882000,31.466882080078125,-263.8500061035156,107.64375305175781,-29.718751907348633
1773049189997882000,31.476882080078123,-263.8500061035156,107.6812515258789,-29.531251907348633
1773049190007882000,31.486882080078125,-263.8312683105469,107.66250610351562,-29.64375114440918
1773049190017882000,31.496882080078127,-264.2062683105469,107.71875762939453,-29.887500762939453
1773049190027882000,31.506882080078125,-264.54376220703125,107.9625015258789,-30.037500381469727
1773049190037882000,31.516882080078126,-264.5250244140625,108.22500610351562,-30.093751907348633
1773049190047882000,31.526882080078124,-264.45001220703125,108.35625457763672,-29.962501525878906
1773049190057882000,31.536882080078126,-264.1125183105469,108.26250457763672,-30.093751907348633
1773049190067882000,31.546882080078124,-264.1312561035156,108.45000457763672,-30.093751907348633
1773049190077882000,31.556882080078125,-263.98126220703125,108.58125305175781,-30.187501907348633
1773049190087882000,31.566882080078123,-264.1312561035156,108.54375457763672,-29.850000381469727
1773049190097882000,31.576882080078125,-264.09375,108.41250610351562,-29.700000762939453
1773049190107882000,31.586882080078126,-263.6437683105469,108.07500457763672,-29.793750762939453
1773049190117882000,31.596882080078124,-263.88751220703125,107.94375610351562,-29.868751525878906
1773049190127882000,31.606882080078126,-263.6625061035156,107.90625762939453,-29.943750381469727
1773049190137882000,31.616882080078124,-263.8687744140625,107.94375610351562,-29.943750381469727
1773049190147882000,31.626882080078126,-263.8312683105469,107.7750015258789,-29.775001525878906
1773049190157882000,31.636882080078124,-263.98126220703125,107.79375457763672,-29.55000114440918
1773049190167882000,31.646882080078125,-264.0375061035156,108.01875305175781,-29.868751525878906
1773049190177882000,31.656882080078127,-264.0187683105469,108.16875457763672,-29.868751525878906
1773049190187882000,31.666882080078125,-264.0562744140625,108.2437515258789,-29.83125114440918
1773049190197882000,31.676882080078126,-263.98126220703125,108.20625305175781,-29.850000381469727
1773049190207882000,31.686882080078124,-264.3375244140625,108.01875305175781,-30.000001907348633
1773049190217882000,31.696882080078126,-264.4125061035156,108.11250305175781,-29.981250762939453
1773049190227882000,31.706882080078124,-264.45001220703125,108.13125610351562,-29.793750762939453
1773049190237882000,31.716882080078125,-264.4312744140625,108.00000762939453,-30.01875114440918
1773049190247882000,31.726882080078123,-264.09375,107.6812515258789,-29.83125114440918
1773049190257882000,31.736882080078125,-264.0187683105469,107.75625610351562,-29.700000762939453
1773049190267882000,31.746882080078127,-264.3937683105469,107.7750015258789,-29.587501525878906
1773049190277882000,31.756882080078125,-264.2062683105469,107.7750015258789,-29.45625114440918
1773049190287882000,31.766882080078126,-264.3187561035156,108.00000762939453,-29.212501525878906
1773049190297882000,31.776882080078124,-264.2250061035156,108.03750610351562,-29.062501907348633
1773049190307882000,31.786882080078126,-264.2250061035156,108.18750762939453,-29.343751907348633
1773049190317882000,31.796882080078124,-264.1125183105469,108.20625305175781,-29.212501525878906
1773049190327882000,31.806882080078125,-264.2437744140625,108.28125762939453,-29.250001907348633
1773049190337882000,31.816882080078123,-264.375,108.13125610351562,-29.325000762939453
1773049190347882000,31.826882080078125,-264.1500244140625,108.0562515258789,-29.306251525878906
1773049190357882000,31.836882080078126,-264.1312561035156,108.20625305175781,-29.062501907348633
1773049190367882000,31.846882080078124,-264.0375061035156,108.2437515258789,-29.26875114440918
1773049190377882000,31.856882080078126,-263.8500061035156,108.3375015258789,-29.475000381469727
1773049190387882000,31.866882080078124,-263.7562561035156,108.13125610351562,-29.400001525878906
1773049190397882000,31.876882080078126,-263.9625244140625,108.11250305175781,-29.55000114440918
1773049190407882000,31.886882080078124,-264.09375,108.0562515258789,-29.625001907348633
1773049190417882000,31.896882080078125,-263.88751220703125,107.85000610351562,-29.73750114440918
1773049190427882000,31.906882080078127,-264.07501220703125,107.9625015258789,-29.73750114440918
1773049190437882000,31.916882080078125,-264.2250061035156,107.9625015258789,-29.887500762939453
1773049190447882000,31.926882080078126,-264.2250061035156,107.79375457763672,-29.887500762939453
1773049190457882000,31.936882080078124,-264.1125183105469,107.62500762939453,-29.625001907348633
1773049190467882000,31.946882080078126,-264.0187683105469,107.75625610351562,-29.55000114440918
1773049190477882000,31.956882080078124,-263.9625244140625,107.60625457763672,-29.756250381469727
1773049190487882000,31.966882080078125,-263.70001220703125,107.70000457763672,-29.625001907348633
1773049190497882000,31.976882080078123,-264,107.73750305175781,-29.568750381469727
1773049190507882000,31.986882080078125,-263.8687744140625,107.70000457763672,-29.568750381469727
1773049190517882000,31.996882080078127,-263.7562561035156,107.51250457763672,-29.700000762939453
1773049190527882000,32.00688208007813,-263.7750244140625,107.51250457763672,-29.64375114440918
1773049190537882000,32.016882080078126,-264.2062683105469,107.47500610351562,-29.73750114440918
1773049190547882000,32.026882080078124,-264.5250244140625,107.53125762939453,-29.887500762939453
1773049190557882000,32.03688208007812,-264.63751220703125,107.64375305175781,-29.625001907348633
1773049190567882000,32.04688208007813,-264.9375,107.79375457763672,-29.531251907348633
1773049190577882000,32.056882080078125,-264.63751220703125,107.79375457763672,-29.250001907348633
1773049190587882000,32.06688208007812,-264.82501220703125,107.66250610351562,-29.250001907348633
1773049190597882000,32.07688208007813,-264.9000244140625,107.62500762939453,-29.100000381469727
1773049190607882000,32.08688208007813,-264.54376220703125,107.51250457763672,-29.025001525878906
1773049190617882000,32.096882080078124,-264.4125061035156,107.66250610351562,-28.912500381469727
1773049190627882000,32.10688208007812,-264.2062683105469,107.26875305175781,-28.650001525878906
1773049190637882000,32.11688208007813,-263.9437561035156,107.19375610351562,-28.631250381469727
1773049190647882000,32.126882080078126,-263.8500061035156,107.08125305175781,-28.725000381469727
1773049190657882000,32.136882080078124,-264.0187683105469,107.08125305175781,-28.931251525878906
1773049190667882000,32.14688208007812,-263.5875244140625,107.0250015258789,-28.875001907348633
1773049190677882000,32.15688208007813,-263.4375,106.89375305175781,-28.762500762939453
1773049190687882000,32.166882080078125,-263.8312683105469,107.13750457763672,-28.668750762939453
1773049190697882000,32.17688208007812,-263.8687744140625,107.1187515258789,-28.80000114440918
1773049190707882000,32.18688208007813,-263.7375183105469,107.15625762939453,-28.950000762939453
1773049190717882000,32.196882080078126,-263.8687744140625,107.34375762939453,-28.650001525878906
1773049190727882000,32.206882080078124,-263.88751220703125,107.17500305175781,-28.556251525878906
1773049190737882000,32.21688208007812,-263.9250183105469,107.25000762939453,-28.650001525878906
1773049190747882000,32.22688208007813,-264.1312561035156,107.43750762939453,-28.256250381469727
1773049190757882000,32.236882080078125,-264.2250061035156,107.73750305175781,-28.031251907348633
1773049190767882000,32.24688208007812,-264.1875,107.53125762939453,-28.275001525878906
1773049190777882000,32.25688208007813,-264.07501220703125,107.43750762939453,-28.05000114440918
1773049190787882000,32.266882080078126,-264.2062683105469,107.7750015258789,-27.95625114440918
1773049190797882000,32.276882080078124,-264.2062683105469,107.56875610351562,-28.593751907348633
1773049190807882000,32.28688208007812,-264,107.73750305175781,-28.556251525878906
1773049190817882000,32.29688208007813,-263.79376220703125,107.64375305175781,-28.350000381469727
1773049190827882000,32.306882080078125,-263.8500061035156,107.71875762939453,-28.42500114440918
1773049190837882000,32.31688208007812,-264,107.4937515258789,-28.89375114440918
1773049190847882000,32.32688208007813,-263.88751220703125,107.23125457763672,-28.687501907348633
1773049190857882000,32.33688208007813,-264,107.10000610351562,-28.856250762939453
1773049190867882000,32.346882080078124,-264.0187683105469,106.91250610351562,-28.781251907348633
1773049190877882000,32.35688208007812,-263.8687744140625,107.17500305175781,-28.181251525878906
1773049190887882000,32.36688208007813,-264.0375061035156,106.89375305175781,-28.406251907348633
1773049190897882000,32.376882080078126,-264.0187683105469,106.85625457763672,-28.575000762939453
1773049190907882000,32.386882080078124,-263.98126220703125,106.51875305175781,-28.931251525878906
1773049190917882000,32.39688208007812,-263.9250183105469,106.5562515258789,-28.725000381469727
1773049190927882000,32.40688208007813,-264.1500244140625,106.80000305175781,-28.668750762939453
1773049190937882000,32.416882080078125,-264.2062683105469,107.00625610351562,-28.500001907348633
1773049190947882000,32.42688208007812,-264.09375,107.04375457763672,-28.500001907348633
1773049190957882000,32.43688208007813,-264.4125061035156,106.87500762939453,-28.781251907348633
1773049190967882000,32.446882080078126,-264.46875,107.25000762939453,-28.500001907348633
1773049190977882000,32.456882080078124,-264.8625183105469,107.38125610351562,-28.33125114440918
1773049190987882000,32.46688208007812,-264.73126220703125,107.5875015258789,-28.275001525878906
1773049190997882000,32.47688208007813,-264.6937561035156,107.56875610351562,-28.42500114440918
1773049191007882000,32.486882080078125,-264.3937683105469,107.4937515258789,-28.350000381469727
1773049191017882000,32.49688208007812,-264.3937683105469,107.36250305175781,-28.500001907348633
1773049191027882000,32.50688208007813,-264.46875,107.38125610351562,-28.556251525878906
1773049191037882000,32.516882080078126,-264.2437744140625,107.28750610351562,-28.387500762939453
1773049191047882000,32.526882080078124,-264.07501220703125,107.15625762939453,-28.462501525878906
1773049191057882000,32.53688208007812,-263.98126220703125,107.45625305175781,-28.443750381469727
1773049191067882000,32.54688208007813,-264.1312561035156,107.38125610351562,-28.368751525878906
1773049191077882000,32.556882080078125,-264.07501220703125,107.5875015258789,-28.162500381469727
1773049191087882000,32.56688208007812,-264.1875,107.79375457763672,-28.275001525878906
1773049191097882000,32.57688208007813,-264.2250061035156,107.71875762939453,-28.218751907348633
1773049191107882000,32.58688208007813,-264.2437744140625,107.81250762939453,-28.256250381469727
1773049191117882000,32.596882080078124,-264.4312744140625,108.00000762939453,-28.350000381469727
1773049191127882000,32.60688208007812,-264.54376220703125,107.94375610351562,-28.500001907348633
1773049191137882000,32.61688208007813,-264.3375244140625,107.70000457763672,-28.575000762939453
1773049191147882000,32.626882080078126,-264.4312744140625,107.73750305175781,-28.42500114440918
1773049191157882000,32.636882080078124,-264.5250244140625,107.64375305175781,-28.42500114440918
1773049191167882000,32.64688208007812,-264.5812683105469,107.73750305175781,-28.462501525878906
1773049191177882000,32.65688208007813,-264.46875,107.7750015258789,-28.443750381469727
1773049191187882000,32.666882080078125,-264.5062561035156,107.55000305175781,-28.368751525878906
1773049191197882000,32.67688208007812,-264.1500244140625,107.47500610351562,-28.125001907348633
1773049191207882000,32.68688208007813,-264.0375061035156,107.62500762939453,-27.712501525878906
1773049191217882000,32.696882080078126,-264.1125183105469,107.60625457763672,-27.543750762939453
1773049191227882000,32.706882080078124,-264,107.73750305175781,-27.506250381469727
1773049191237882000,32.71688208007812,-263.98126220703125,107.62500762939453,-27.450000762939453
1773049191247882000,32.72688208007813,-263.9437561035156,107.62500762939453,-27.450000762939453
1773049191257882000,32.736882080078125,-264.0375061035156,107.88750457763672,-27.30000114440918
1773049191267882000,32.74688208007812,-264.0562744140625,107.92500305175781,-27.30000114440918
1773049191277882000,32.75688208007813,-264.2437744140625,107.85000610351562,-27.506250381469727
1773049191287882000,32.766882080078126,-264.28125,107.66250610351562,-27.618751525878906
1773049191297882000,32.776882080078124,-264.1312561035156,107.71875762939453,-27.67500114440918
1773049191307882000,32.78688208007812,-264.0375061035156,107.32500457763672,-27.637500762939453
1773049191317882000,32.79688208007813,-264.07501220703125,107.25000762939453,-27.618751525878906
1773049191327882000,32.806882080078125,-264.0562744140625,107.04375457763672,-27.375001907348633
1773049191337882000,32.81688208007812,-263.88751220703125,106.91250610351562,-27.356250762939453
1773049191347882000,32.82688208007813,-263.98126220703125,107.17500305175781,-27.337501525878906
1773049191357882000,32.83688208007813,-264.0562744140625,107.19375610351562,-27.000001907348633
1773049191367882000,32.846882080078124,-264.26251220703125,107.17500305175781,-27.01875114440918
1773049191377882000,32.85688208007812,-264.3000183105469,107.06250762939453,-27.037500381469727
1773049191387882000,32.86688208007813,-264.3937683105469,107.10000610351562,-27.075000762939453
1773049191397882000,32.876882080078126,-264.4125061035156,107.19375610351562,-27.11250114440918
1773049191407882000,32.886882080078124,-264.375,107.19375610351562,-27.168750762939453
1773049191417882000,32.89688208007812,-264.8625183105469,107.43750762939453,-27.056251525878906
1773049191427882000,32.90688208007813,-264.6937561035156,107.13750457763672,-26.92500114440918
1773049191437882000,32.916882080078125,-264.6187744140625,107.15625762939453,-27.150001525878906
1773049191447882000,32.92688208007812,-264.54376220703125,107.3062515258789,-27.01875114440918
1773049191457882000,32.93688208007813,-264.46875,107.23125457763672,-26.981250762939453
1773049191467882000,32.946882080078126,-264.54376220703125,107.34375762939453,-27.11250114440918
1773049191477882000,32.956882080078124,-264.6000061035156,107.3062515258789,-27.20625114440918
1773049191487882000,32.96688208007812,-264.5250244140625,107.17500305175781,-27.243751525878906
1773049191497882000,32.97688208007813,-264.35626220703125,107.04375457763672,-27.39375114440918
1773049191507882000,32.986882080078125,-264.3375244140625,107.00625610351562,-27.67500114440918
1773049191517882000,32.99688208007812,-264.375,106.98750305175781,-27.525001525878906
1773049191527882000,33.00688208007813,-264.35626220703125,106.87500762939453,-27.693750381469727
1773049191537882000,33.016882080078126,-264.4125061035156,106.96875762939453,-27.712501525878906
1773049191547882000,33.026882080078124,-264.28125,106.8375015258789,-27.431251525878906
1773049191557882000,33.03688208007812,-264.07501220703125,106.81875610351562,-27.318750381469727
1773049191567882000,33.04688208007813,-264.375,106.85625457763672,-27.243751525878906
1773049191577882000,33.056882080078125,-263.9625244140625,106.76250457763672,-27.11250114440918
1773049191587882000,33.06688208007812,-264.09375,106.91250610351562,-26.793750762939453
1773049191597882000,33.07688208007813,-264.2062683105469,106.80000305175781,-26.868751525878906
1773049191607882000,33.08688208007813,-264.35626220703125,106.96875762939453,-26.64375114440918
1773049191617882000,33.096882080078124,-264.2062683105469,106.78125762939453,-26.587501525878906
1773049191627882000,33.10688208007812,-264.26251220703125,106.98750305175781,-26.73750114440918
1773049191637882000,33.11688208007813,-264.3000183105469,107.1187515258789,-26.625001907348633
1773049191647882000,33.126882080078126,-263.9250183105469,107.0250015258789,-26.64375114440918
1773049191657882000,33.136882080078124,-264.3375244140625,107.04375457763672,-27.000001907348633
1773049191667882000,33.14688208007812,-264.2250061035156,107.06250762939453,-27.037500381469727
1773049191677882000,33.15688208007813,-264.1125183105469,107.23125457763672,-27.093751907348633
1773049191687882000,33.166882080078125,-264.1125183105469,106.91250610351562,-27.48750114440918
1773049191697882000,33.17688208007812,-264.28125,107.00625610351562,-27.375001907348633
1773049191707882000,33.18688208007813,-264.375,106.95000457763672,-27.543750762939453
1773049191717882000,33.196882080078126,-264.35626220703125,106.68750762939453,-27.693750381469727
1773049191727882000,33.206882080078124,-264.6187744140625,106.9312515258789,-27.712501525878906
1773049191737882000,33.21688208007812,-264.3187561035156,106.89375305175781,-27.39375114440918
1773049191747882000,33.22688208007813,-264.28125,106.72500610351562,-27.375001907348633
1773049191757882000,33.236882080078125,-264.375,106.76250457763672,-27.281251907348633
1773049191767882000,33.24688208007812,-264.07501220703125,106.80000305175781,-27.037500381469727
1773049191777882000,33.25688208007813,-264.1500244140625,106.76250457763672,-27.131250381469727
1773049191787882000,33.266882080078126,-264.16876220703125,106.8375015258789,-26.943750381469727
1773049191797882000,33.276882080078124,-264.3937683105469,106.98750305175781,-26.906251907348633
1773049191807882000,33.28688208007812,-264.16876220703125,106.81875610351562,-26.775001525878906
1773049191817882000,33.29688208007813,-264.26251220703125,106.8375015258789,-26.793750762939453
1773049191827882000,33.306882080078125,-264.3937683105469,106.96875762939453,-26.812501907348633
1773049191837882000,33.31688208007812,-264.5062561035156,106.89375305175781,-26.906251907348633
1773049191847882000,33.32688208007813,-264.73126220703125,107.0250015258789,-27.150001525878906
1773049191857882000,33.33688208007813,-264.6000061035156,107.10000610351562,-27.000001907348633
1773049191867882000,33.346882080078124,-264.84375,107.04375457763672,-26.92500114440918
1773049191877882000,33.35688208007812,-264.8062744140625,106.98750305175781,-26.887500762939453
1773049191887882000,33.36688208007813,-264.84375,107.15625762939453,-27.075000762939453
1773049191897882000,33.376882080078126,-264.9375,106.98750305175781,-27.262500762939453
1773049191907882000,33.386882080078124,-265.0875244140625,106.98750305175781,-27.30000114440918
1773049191917882000,33.39688208007812,-264.7687683105469,106.87500762939453,-27.337501525878906
1773049191927882000,33.40688208007813,-264.6750183105469,106.8375015258789,-26.981250762939453
1773049191937882000,33.416882080078125,-264.9562683105469,106.89375305175781,-26.981250762939453
1773049191947882000,33.42688208007812,-264.73126220703125,106.87500762939453,-27.225000381469727
1773049191957882000,33.43688208007813,-264.73126220703125,107.04375457763672,-27.262500762939453
1773049191967882000,33.446882080078126,-264.8812561035156,106.96875762939453,-27.037500381469727
1773049191977882000,33.456882080078124,-264.9562683105469,107.2125015258789,-26.73750114440918
1773049191987882000,33.46688208007812,-264.9750061035156,107.26875305175781,-26.606250762939453
1773049191997882000,33.47688208007813,-265.0875244140625,107.34375762939453,-26.512500762939453
1773049192007882000,33.486882080078125,-265.20001220703125,107.36250305175781,-26.887500762939453
1773049192017882000,33.49688208007812,-265.2375183105469,107.41875457763672,-26.756250381469727
1773049192027882000,33.50688208007813,-265.01251220703125,107.36250305175781,-26.606250762939453
1773049192037882000,33.516882080078126,-265.0500183105469,107.25000762939453,-26.531251907348633
1773049192047882000,33.526882080078124,-265.2750244140625,107.19375610351562,-26.625001907348633
1773049192057882000,33.53688208007812,-265.1437683105469,107.08125305175781,-27.000001907348633
1773049192067882000,33.54688208007813,-264.9937744140625,107.15625762939453,-26.92500114440918
1773049192077882000,33.556882080078125,-264.8062744140625,107.36250305175781,-26.887500762939453
1773049192087882000,33.56688208007812,-264.6750183105469,107.25000762939453,-26.606250762939453
1773049192097882000,33.57688208007813,-264.4875183105469,107.06250762939453,-26.850000381469727
1773049192107882000,33.58688208007813,-264.8625183105469,107.08125305175781,-26.850000381469727
1773049192117882000,33.596882080078124,-264.84375,107.06250762939453,-27.187501907348633
1773049192127882000,33.60688208007812,-264.6187744140625,107.08125305175781,-27.187501907348633
1773049192137882000,33.61688208007813,-264.7875061035156,107.1187515258789,-27.093751907348633
1773049192147882000,33.626882080078126,-264.9000244140625,106.80000305175781,-27.637500762939453
1773049192157882000,33.636882080078124,-265.1625061035156,106.50000762939453,-27.806251525878906
1773049192167882000,33.64688208007812,-265.0687561035156,106.51875305175781,-27.843751907348633
1773049192177882000,33.65688208007813,-265.03125,106.48125457763672,-27.76875114440918
1773049192187882000,33.666882080078125,-264.8812561035156,106.29375457763672,-27.843751907348633
1773049192197882000,33.67688208007812,-264.9750061035156,106.16250610351562,-27.750001907348633
1773049192207882000,33.68688208007813,-264.91876220703125,106.20000457763672,-27.600000381469727
1773049192217882000,33.696882080078126,-264.6937561035156,106.12500762939453,-27.356250762939453
1773049192227882000,33.706882080078124,-264.8625183105469,106.44375610351562,-26.887500762939453
1773049192237882000,33.71688208007812,-264.9937744140625,106.72500610351562,-26.73750114440918
1773049192247882000,33.72688208007813,-264.8812561035156,106.85625457763672,-26.775001525878906
1773049192257882000,33.736882080078125,-265.01251220703125,106.78125762939453,-26.83125114440918
1773049192267882000,33.74688208007812,-264.8062744140625,107.0250015258789,-26.681251525878906
1773049192277882000,33.75688208007813,-264.6000061035156,107.15625762939453,-26.55000114440918
1773049192287882000,33.766882080078126,-264.6937561035156,107.28750610351562,-26.868751525878906
1773049192297882000,33.776882080078124,-264.75,107.41875457763672,-26.92500114440918
1773049192307882000,33.78688208007812,-264.6000061035156,107.2125015258789,-27.000001907348633
1773049192317882000,33.79688208007813,-264.3000183105469,107.26875305175781,-26.981250762939453
1773049192327882000,33.806882080078125,-264.54376220703125,107.17500305175781,-26.887500762939453
1773049192337882000,33.81688208007812,-264.2437744140625,107.36250305175781,-26.756250381469727
1773049192347882000,33.82688208007813,-264.4875183105469,107.19375610351562,-26.981250762939453
1773049192357882000,33.83688208007813,-264.6750183105469,107.15625762939453,-27.000001907348633
1773049192367882000,33.846882080078124,-264.7687683105469,107.06250762939453,-26.943750381469727
1773049192377882000,33.85688208007812,-264.7875061035156,107.10000610351562,-27.150001525878906
1773049192387882000,33.86688208007813,-264.7687683105469,106.87500762939453,-27.262500762939453
1773049192397882000,33.876882080078126,-264.82501220703125,106.70625305175781,-27.337501525878906
1773049192407882000,33.886882080078124,-264.8062744140625,106.5562515258789,-27.58125114440918
1773049192417882000,33.89688208007812,-265.03125,106.4625015258789,-27.637500762939453
1773049192427882000,33.90688208007813,-264.9562683105469,106.44375610351562,-27.600000381469727
1773049192437882000,33.916882080078125,-264.7875061035156,106.7437515258789,-27.48750114440918
1773049192447882000,33.92688208007812,-264.6937561035156,106.68750762939453,-27.375001907348633
1773049192457882000,33.93688208007813,-264.8625183105469,106.4625015258789,-27.225000381469727
1773049192467882000,33.946882080078126,-264.73126220703125,106.80000305175781,-26.981250762939453
1773049192477882000,33.956882080078124,-264.63751220703125,106.72500610351562,-26.943750381469727
1773049192487882000,33.96688208007812,-264.65625,106.78125762939453,-26.887500762939453
1773049192497882000,33.97688208007813,-264.45001220703125,106.63125610351562,-26.887500762939453
1773049192507882000,33.986882080078125,-264.5250244140625,106.63125610351562,-26.73750114440918
1773049192517882000,33.99688208007812,-264.7875061035156,106.21875762939453,-26.718751907348633
1773049192527882000,34.00688208007813,-264.6187744140625,106.21875762939453,-26.493751525878906
1773049192537882000,34.016882080078126,-264.4125061035156,106.31250762939453,-26.45625114440918
1773049192547882000,34.026882080078124,-264.2437744140625,105.88125610351562,-26.700000762939453
1773049192557882000,34.03688208007812,-263.9250183105469,105.54375457763672,-26.681251525878906
1773049192567882000,34.04688208007813,-263.9250183105469,105.63750457763672,-26.568750381469727
1773049192577882000,34.056882080078125,-264.2062683105469,105.63750457763672,-26.625001907348633
1773049192587882000,34.06688208007812,-264.09375,105.63750457763672,-26.718751907348633
1773049192597882000,34.07688208007813,-263.9625244140625,105.63750457763672,-26.943750381469727
1773049192607882000,34.08688208007813,-264.1125183105469,105.67500305175781,-27.075000762939453
1773049192617882000,34.096882080078124,-264.16876220703125,105.78750610351562,-27.11250114440918
1773049192627882000,34.10688208007812,-264.2062683105469,105.9937515258789,-26.981250762939453
1773049192637882000,34.11688208007813,-264.6000061035156,106.2750015258789,-26.962501525878906
1773049192647882000,34.126882080078126,-264.75,106.31250762939453,-27.056251525878906
1773049192657882000,34.136882080078124,-264.7687683105469,106.89375305175781,-27.01875114440918
1773049192667882000,34.14688208007812,-265.1812744140625,106.98750305175781,-27.01875114440918
1773049192677882000,34.15688208007813,-265.38751220703125,107.17500305175781,-27.000001907348633
1773049192687882000,34.166882080078125,-265.3500061035156,107.0250015258789,-27.150001525878906
1773049192697882000,34.17688208007812,-265.2750244140625,106.70625305175781,-27.225000381469727
1773049192707882000,34.18688208007813,-265.4250183105469,107.04375457763672,-27.225000381469727
1773049192717882000,34.196882080078126,-265.40625,107.2125015258789,-27.075000762939453
1773049192727882000,34.206882080078124,-265.3125,107.62500762939453,-26.756250381469727
1773049192737882000,34.21688208007812,-265.3500061035156,107.26875305175781,-26.887500762939453
1773049192747882000,34.22688208007813,-265.01251220703125,107.4000015258789,-26.92500114440918
1773049192757882000,34.236882080078125,-264.63751220703125,107.3062515258789,-26.887500762939453
1773049192767882000,34.24688208007812,-264.84375,107.19375610351562,-26.906251907348633
1773049192777882000,34.25688208007813,-265.1437683105469,107.43750762939453,-26.868751525878906
1773049192787882000,34.266882080078126,-265.10626220703125,107.13750457763672,-27.037500381469727
1773049192797882000,34.276882080078124,-265.0875244140625,106.76250457763672,-27.318750381469727
1773049192807882000,34.28688208007812,-265.4437561035156,106.44375610351562,-27.506250381469727
1773049192817882000,34.29688208007813,-265.29376220703125,106.3687515258789,-27.11250114440918
1773049192827882000,34.306882080078125,-265.2375183105469,106.10625457763672,-27.11250114440918
1773049192837882000,34.31688208007812,-265.3312683105469,106.06875610351562,-27.075000762939453
1773049192847882000,34.32688208007813,-265.1812744140625,106.33125305175781,-27.056251525878906
1773049192857882000,34.33688208007813,-265.0500183105469,106.3687515258789,-26.962501525878906
1773049192867882000,34.346882080078124,-265.0687561035156,106.38750457763672,-26.681251525878906
1773049192877882000,34.35688208007812,-265.0875244140625,106.51875305175781,-26.512500762939453
1773049192887882000,34.36688208007813,-264.8062744140625,106.21875762939453,-26.45625114440918
1773049192897882000,34.376882080078126,-264.91876220703125,106.44375610351562,-26.625001907348633
1773049192907882000,34.386882080078124,-264.84375,106.50000762939453,-26.493751525878906
1773049192917882000,34.39688208007812,-264.75,106.61250305175781,-26.306251525878906
1773049192927882000,34.40688208007813,-264.73126220703125,106.8375015258789,-26.006250381469727
1773049192937882000,34.416882080078125,-264.6750183105469,106.70625305175781,-25.98750114440918
1773049192947882000,34.42688208007812,-264.84375,106.8375015258789,-26.043750762939453
1773049192957882000,34.43688208007813,-264.9000244140625,106.9312515258789,-25.912500381469727
1773049192967882000,34.446882080078126,-264.8812561035156,106.9312515258789,-25.950000762939453
1773049192977882000,34.456882080078124,-264.82501220703125,106.76250457763672,-25.968751907348633
1773049192987882000,34.46688208007812,-264.8812561035156,106.72500610351562,-26.08125114440918
1773049192997882000,34.47688208007813,-265.01251220703125,106.6500015258789,-26.100000381469727
1773049193007882000,34.486882080078125,-264.7875061035156,106.61250305175781,-26.343751907348633
1773049193017882000,34.49688208007812,-264.6187744140625,106.57500457763672,-26.493751525878906
1773049193027882000,34.50688208007813,-264.7125244140625,106.50000762939453,-26.587501525878906
1773049193037882000,34.516882080078126,-264.8625183105469,106.31250762939453,-26.775001525878906
1773049193047882000,34.526882080078124,-264.9000244140625,106.42500305175781,-26.775001525878906
1773049193057882000,34.53688208007812,-264.91876220703125,106.3687515258789,-26.906251907348633
1773049193067882000,34.54688208007813,-264.8625183105469,106.4625015258789,-26.775001525878906
1773049193077882000,34.556882080078125,-264.84375,106.35000610351562,-26.92500114440918
1773049193087882000,34.56688208007812,-265.01251220703125,106.10625457763672,-26.73750114440918
1773049193097882000,34.57688208007813,-265.1625061035156,106.33125305175781,-26.681251525878906
1773049193107882000,34.58688208007813,-264.75,106.05000305175781,-26.943750381469727
1773049193117882000,34.596882080078124,-264.54376220703125,106.31250762939453,-26.662500381469727
1773049193127882000,34.60688208007812,-264.375,106.10625457763672,-26.587501525878906
1773049193137882000,34.61688208007813,-264.3937683105469,105.97500610351562,-26.625001907348633
1773049193147882000,34.626882080078126,-264.4312744140625,105.91875457763672,-26.587501525878906
1773049193157882000,34.636882080078124,-264.5625,106.05000305175781,-26.287500381469727
1773049193167882000,34.64688208007812,-264.6000061035156,106.23750305175781,-26.156251907348633
1773049193177882000,34.65688208007813,-264.63751220703125,105.93750762939453,-26.250001907348633
1773049193187882000,34.666882080078125,-264.7875061035156,106.10625457763672,-25.89375114440918
1773049193197882000,34.67688208007812,-264.75,106.06875610351562,-26.100000381469727
1773049193207882000,34.68688208007813,-264.7687683105469,106.42500305175781,-25.856250762939453
1773049193217882000,34.696882080078126,-265.01251220703125,106.66875457763672,-25.837501525878906
1773049193227882000,34.706882080078124,-265.03125,106.87500762939453,-25.762500762939453
1773049193237882000,34.71688208007812,-264.9375,106.87500762939453,-26.062501907348633
1773049193247882000,34.72688208007813,-265.0687561035156,106.85625457763672,-26.17500114440918
1773049193257882000,34.736882080078125,-264.9937744140625,106.9312515258789,-26.156251907348633
1773049193267882000,34.74688208007812,-264.9562683105469,106.9312515258789,-26.08125114440918
1773049193277882000,34.75688208007813,-264.9937744140625,106.8375015258789,-25.89375114440918
1773049193287882000,34.766882080078126,-265.10626220703125,106.61250305175781,-26.043750762939453
1773049193297882000,34.776882080078124,-264.8625183105469,106.5562515258789,-25.912500381469727
1773049193307882000,34.78688208007812,-264.7687683105469,106.25625610351562,-25.950000762939453
1773049193317882000,34.79688208007813,-264.65625,106.35000610351562,-25.668750762939453
1773049193327882000,34.806882080078125,-264.82501220703125,106.29375457763672,-25.743751525878906
1773049193337882000,34.81688208007812,-264.6750183105469,106.25625610351562,-25.781251907348633
1773049193347882000,34.82688208007813,-264.9000244140625,106.31250762939453,-25.912500381469727
1773049193357882000,34.83688208007813,-264.7125244140625,106.50000762939453,-25.931251525878906
1773049193367882000,34.846882080078124,-264.65625,106.6500015258789,-25.89375114440918
1773049193377882000,34.85688208007812,-264.6000061035156,106.76250457763672,-25.80000114440918
1773049193387882000,34.86688208007813,-264.3000183105469,106.80000305175781,-25.743751525878906
1773049193397882000,34.876882080078126,-264.35626220703125,106.63125610351562,-25.875001907348633
1773049193407882000,34.886882080078124,-263.9437561035156,106.44375610351562,-25.818750381469727
1773049193417882000,34.89688208007812,-264.16876220703125,106.53750610351562,-25.743751525878906
1773049193427882000,34.90688208007813,-263.70001220703125,106.38750457763672,-25.668750762939453
1773049193437882000,34.916882080078125,-263.8312683105469,106.33125305175781,-25.781251907348633
1773049193447882000,34.92688208007812,-263.88751220703125,106.35000610351562,-25.80000114440918
1773049193457882000,34.93688208007813,-263.8312683105469,106.21875762939453,-26.025001525878906
1773049193467882000,34.946882080078126,-264,106.1812515258789,-26.400001525878906
1773049193477882000,34.956882080078124,-263.8500061035156,106.03125762939453,-26.306251525878906
1773049193487882000,34.96688208007812,-263.79376220703125,105.88125610351562,-26.400001525878906
1773049193497882000,34.97688208007813,-263.5875244140625,105.54375457763672,-26.156251907348633
1773049193507882000,34.986882080078125,-263.8312683105469,104.88750457763672,-26.231250762939453
1773049193517882000,34.99688208007812,-263.8125,104.28750610351562,-26.118751525878906
1773049193527882000,35.00688208007813,-263.6625061035156,103.53750610351562,-26.08125114440918
1773049193537882000,35.016882080078126,-263.4750061035156,102.97500610351562,-25.856250762939453
1773049193547882000,35.026882080078124,-263.4750061035156,102.50625610351562,-25.500001907348633
1773049193567882000,35.04688208007813,-263.1187744140625,101.90625762939453,-24.918750762939453
1773049193577882000,35.056882080078125,-263.4000244140625,102.00000762939453,-25.012500762939453
1773049193587882000,35.06688208007812,-263.41876220703125,102.35625457763672,-24.825000762939453
1773049193597882000,35.07688208007813,-263.4375,102.39375305175781,-24.937501907348633
1773049193607882000,35.08688208007813,-263.1937561035156,102.76875305175781,-25.087501525878906
1773049193617882000,35.096882080078124,-263.4000244140625,103.33125305175781,-24.993751525878906
1773049193627882000,35.10688208007812,-263.7562561035156,103.9312515258789,-25.200000762939453
1773049193637882000,35.11688208007813,-264.1125183105469,104.64375305175781,-25.312501907348633
1773049193647882000,35.126882080078126,-264.07501220703125,105.11250305175781,-25.481250762939453
1773049193657882000,35.136882080078124,-263.8500061035156,105.54375457763672,-25.256250381469727
1773049193667882000,35.14688208007812,-263.8500061035156,106.25625610351562,-25.293750762939453
1773049193677882000,35.15688208007813,-264.09375,107.10000610351562,-25.23750114440918
1773049193687882000,35.166882080078125,-264.35626220703125,107.56875610351562,-25.125001907348633
1773049193697882000,35.17688208007812,-264.2062683105469,107.60625457763672,-25.312501907348633
1773049193707882000,35.18688208007813,-264.09375,107.6812515258789,-25.068750381469727
1773049193717882000,35.196882080078126,-264.1500244140625,107.53125762939453,-25.087501525878906
1773049193727882000,35.206882080078124,-264.35626220703125,107.55000305175781,-25.125001907348633
1773049193737882000,35.21688208007812,-264.3937683105469,107.3062515258789,-25.33125114440918
1773049193747882000,35.22688208007813,-264.2437744140625,106.63125610351562,-25.61250114440918
1773049193757882000,35.236882080078125,-263.88751220703125,106.25625610351562,-25.406251907348633
1773049193767882000,35.24688208007812,-264.0562744140625,106.06875610351562,-25.537500381469727
1773049193777882000,35.25688208007813,-263.9625244140625,105.88125610351562,-25.462501525878906
1773049193787882000,35.266882080078126,-263.8125,105.76875305175781,-25.668750762939453
1773049193797882000,35.276882080078124,-263.6625061035156,105.65625762939453,-25.51875114440918
1773049193807882000,35.28688208007812,-263.8125,105.63750457763672,-25.443750381469727
1773049193817882000,35.29688208007813,-263.7750244140625,105.4312515258789,-25.462501525878906
1773049193827882000,35.306882080078125,-263.70001220703125,105.48750305175781,-25.200000762939453
1773049193837882000,35.31688208007812,-263.6625061035156,105.22500610351562,-25.293750762939453
1773049193847882000,35.32688208007813,-263.5500183105469,105.2437515258789,-25.293750762939453
1773049193857882000,35.33688208007813,-263.8500061035156,105.26250457763672,-25.312501907348633
1773049193867882000,35.346882080078124,-263.5875244140625,105.37500762939453,-25.106250762939453
1773049193877882000,35.35688208007812,-263.4750061035156,105.31875610351562,-25.181251525878906
1773049193887882000,35.36688208007813,-263.23126220703125,105.39375305175781,-25.087501525878906
1773049193897882000,35.376882080078126,-263.1937561035156,105.46875762939453,-25.312501907348633
1773049193907882000,35.386882080078124,-263.3625183105469,105.7125015258789,-25.368751525878906
1773049193917882000,35.39688208007812,-263.4750061035156,105.95625305175781,-25.481250762939453
1773049193927882000,35.40688208007813,-263.4750061035156,105.97500610351562,-25.556251525878906
1773049193937882000,35.416882080078125,-263.1000061035156,106.14375305175781,-25.668750762939453
1773049193947882000,35.42688208007812,-263.4562683105469,105.93750762939453,-25.818750381469727
1773049193957882000,35.43688208007813,-263.4000244140625,106.12500762939453,-26.043750762939453
1773049193967882000,35.446882080078126,-263.4937744140625,105.78750610351562,-26.118751525878906
1773049193977882000,35.456882080078124,-263.79376220703125,106.03125762939453,-25.743751525878906
1773049193987882000,35.46688208007812,-263.71875,106.14375305175781,-25.818750381469727
1773049193997882000,35.47688208007813,-263.60626220703125,106.29375457763672,-25.80000114440918
1773049194007882000,35.486882080078125,-263.2875061035156,106.01250457763672,-25.556251525878906
1773049194017882000,35.49688208007812,-263.6625061035156,106.0875015258789,-25.350000381469727
1773049194027882000,35.50688208007813,-263.71875,106.20000457763672,-25.443750381469727
1773049194037882000,35.516882080078126,-263.8500061035156,106.16250610351562,-25.556251525878906
1773049194047882000,35.526882080078124,-263.88751220703125,106.53750610351562,-25.70625114440918
1773049194057882000,35.53688208007812,-263.70001220703125,106.63125610351562,-25.856250762939453
1773049194067882000,35.54688208007813,-263.79376220703125,106.61250305175781,-25.650001525878906
1773049194077882000,35.556882080078125,-264.0375061035156,106.44375610351562,-25.80000114440918
1773049194087882000,35.56688208007812,-264.46875,106.81875610351562,-25.875001907348633
1773049194097882000,35.57688208007813,-264.4875183105469,106.57500457763672,-26.025001525878906
1773049194107882000,35.58688208007813,-264.2437744140625,106.53750610351562,-26.043750762939453
1773049194117882000,35.596882080078124,-264.54376220703125,106.80000305175781,-25.762500762939453
1773049194127882000,35.60688208007812,-264.375,106.59375762939453,-26.156251907348633
1773049194137882000,35.61688208007813,-264.35626220703125,106.59375762939453,-26.287500381469727
1773049194147882000,35.626882080078126,-264.2437744140625,106.50000762939453,-26.437501907348633
1773049194157882000,35.636882080078124,-264.1500244140625,106.70625305175781,-26.381250381469727
1773049194167882000,35.64688208007812,-264.0187683105469,106.63125610351562,-26.381250381469727
1773049194177882000,35.65688208007813,-264,106.85625457763672,-26.493751525878906
1773049194187882000,35.666882080078125,-264.1312561035156,106.80000305175781,-26.437501907348633
1773049194197882000,35.67688208007812,-263.8125,106.42500305175781,-26.45625114440918
1773049194207882000,35.68688208007813,-263.8125,106.63125610351562,-26.193750381469727
1773049194217882000,35.696882080078126,-263.8500061035156,106.59375762939453,-26.043750762939453
1773049194227882000,35.706882080078124,-264.07501220703125,106.89375305175781,-26.08125114440918
1773049194237882000,35.71688208007812,-263.8687744140625,106.78125762939453,-25.912500381469727
1773049194247882000,35.72688208007813,-264.0375061035156,106.80000305175781,-25.931251525878906
1773049194257882000,35.736882080078125,-264.0375061035156,106.68750762939453,-25.743751525878906
1773049194267882000,35.74688208007812,-264.1500244140625,107.00625610351562,-25.462501525878906
1773049194277882000,35.75688208007813,-264.5062561035156,107.00625610351562,-25.500001907348633
1773049194287882000,35.766882080078126,-264.6000061035156,107.08125305175781,-25.51875114440918
1773049194297882000,35.776882080078124,-264.5062561035156,106.85625457763672,-25.631250381469727
1773049194307882000,35.78688208007812,-264.4312744140625,106.5562515258789,-25.70625114440918
1773049194317882000,35.79688208007813,-264.3375244140625,106.7437515258789,-25.687501907348633
1773049194327882000,35.806882080078125,-264.0375061035156,106.51875305175781,-25.687501907348633
1773049194337882000,35.81688208007812,-263.8125,106.5562515258789,-25.500001907348633
1773049194347882000,35.82688208007813,-263.625,106.2750015258789,-25.668750762939453
1773049194357882000,35.83688208007813,-263.41876220703125,106.40625762939453,-25.631250381469727
1773049194367882000,35.846882080078124,-263.3062744140625,106.14375305175781,-25.537500381469727
1773049194377882000,35.85688208007812,-263.32501220703125,106.29375457763672,-25.51875114440918
1773049194387882000,35.86688208007813,-263.32501220703125,106.5562515258789,-25.23750114440918
1773049194397882000,35.876882080078126,-263.4562683105469,106.3687515258789,-25.462501525878906
1773049194407882000,35.886882080078124,-263.60626220703125,106.8375015258789,-25.350000381469727
1773049194417882000,35.89688208007812,-263.53125,106.76250457763672,-25.631250381469727
1773049194427882000,35.90688208007813,-263.6437683105469,106.72500610351562,-25.80000114440918
1773049194437882000,35.916882080078125,-263.70001220703125,106.57500457763672,-26.025001525878906
1773049194447882000,35.92688208007812,-263.6625061035156,106.80000305175781,-25.837501525878906
1773049194457882000,35.93688208007813,-263.70001220703125,106.72500610351562,-25.80000114440918
1773049194467882000,35.946882080078126,-263.79376220703125,106.44375610351562,-25.98750114440918
1773049194477882000,35.956882080078124,-264.09375,106.57500457763672,-26.006250381469727
1773049194487882000,35.96688208007812,-264.07501220703125,106.20000457763672,-26.118751525878906
1773049194497882000,35.97688208007813,-264.2437744140625,106.5562515258789,-25.98750114440918
1773049194507882000,35.986882080078125,-264.16876220703125,106.59375762939453,-25.762500762939453
1773049194517882000,35.99688208007812,-264.1875,106.78125762939453,-25.631250381469727
1773049194527882000,36.00688208007813,-264.375,106.70625305175781,-25.837501525878906
1773049194537882000,36.016882080078126,-264.3375244140625,106.72500610351562,-25.762500762939453
1773049194547882000,36.026882080078124,-264.3187561035156,106.8375015258789,-25.931251525878906
1773049194557882000,36.03688208007812,-264.1125183105469,106.91250610351562,-25.537500381469727
1773049194567882000,36.04688208007813,-264.26251220703125,107.1187515258789,-25.725000381469727
1773049194577882000,36.056882080078125,-264.26251220703125,106.72500610351562,-25.762500762939453
1773049194587882000,36.06688208007812,-264.1875,106.66875457763672,-25.743751525878906
1773049194597882000,36.07688208007813,-264.2250061035156,106.51875305175781,-25.668750762939453
1773049194607882000,36.08688208007813,-264.3937683105469,106.57500457763672,-25.537500381469727
1773049194617882000,36.096882080078124,-264.5250244140625,106.68750762939453,-25.500001907348633
1773049194627882000,36.10688208007812,-264.375,106.72500610351562,-25.218751907348633
1773049194637882000,36.11688208007813,-264.5812683105469,106.5562515258789,-25.51875114440918
1773049194647882000,36.126882080078126,-264.5812683105469,106.40625762939453,-25.181251525878906
1773049194657882000,36.136882080078124,-264.65625,106.53750610351562,-25.256250381469727
1773049194667882000,36.14688208007812,-264.91876220703125,106.85625457763672,-25.350000381469727
1773049194677882000,36.15688208007813,-264.8812561035156,107.06250762939453,-25.350000381469727
1773049194687882000,36.166882080078125,-264.9000244140625,107.10000610351562,-25.387500762939453
1773049194697882000,36.17688208007812,-264.7875061035156,106.87500762939453,-25.51875114440918
1773049194707882000,36.18688208007813,-265.0875244140625,106.59375762939453,-25.668750762939453
1773049194717882000,36.196882080078126,-265.01251220703125,106.53750610351562,-25.406251907348633
1773049194727882000,36.206882080078124,-265.0500183105469,106.5562515258789,-25.631250381469727
1773049194747882000,36.22688208007813,-264.9937744140625,106.40625762939453,-25.443750381469727
1773049194757882000,36.236882080078125,-265.1812744140625,106.33125305175781,-25.762500762939453
1773049194767882000,36.24688208007812,-265.1437683105469,106.53750610351562,-25.818750381469727
1773049194777882000,36.25688208007813,-265.57501220703125,106.8375015258789,-25.80000114440918
1773049194787882000,36.266882080078126,-265.8375244140625,107.43750762939453,-25.725000381469727
1773049194797882000,36.276882080078124,-266.3062744140625,107.55000305175781,-26.043750762939453
1773049194807882000,36.28688208007812,-266.34375,107.55000305175781,-25.950000762939453
1773049194817882000,36.29688208007813,-266.5875244140625,107.79375457763672,-25.875001907348633
1773049194827882000,36.306882080078125,-266.7375183105469,107.64375305175781,-26.100000381469727
1773049194837882000,36.31688208007812,-266.53125,107.70000457763672,-25.762500762939453
1773049194847882000,36.32688208007813,-266.5687561035156,107.3062515258789,-25.70625114440918
1773049194857882000,36.33688208007813,-266.1937561035156,107.28750610351562,-25.481250762939453
1773049194867882000,36.346882080078124,-266.0062561035156,106.9312515258789,-25.387500762939453
1773049194877882000,36.35688208007812,-265.66876220703125,106.76250457763672,-25.368751525878906
1773049194887882000,36.36688208007813,-265.8375244140625,106.91250610351562,-25.70625114440918
1773049194897882000,36.376882080078126,-265.8375244140625,106.81875610351562,-26.137500762939453
1773049194907882000,36.386882080078124,-265.78125,107.04375457763672,-26.006250381469727
1773049194917882000,36.39688208007812,-265.7250061035156,106.89375305175781,-26.343751907348633
1773049194927882000,36.40688208007813,-265.5562744140625,106.9312515258789,-26.418750762939453
1773049194937882000,36.416882080078125,-265.8375244140625,107.08125305175781,-26.36250114440918
1773049194947882000,36.42688208007812,-265.78125,106.98750305175781,-26.493751525878906
1773049194957882000,36.43688208007813,-265.66876220703125,107.34375762939453,-26.55000114440918
1773049194967882000,36.446882080078126,-265.2375183105469,107.17500305175781,-26.212501525878906
1773049194977882000,36.456882080078124,-265.0687561035156,106.91250610351562,-26.006250381469727
1773049194987882000,36.46688208007812,-265.1625061035156,106.81875610351562,-26.156251907348633
1773049194997882000,36.47688208007813,-265.01251220703125,107.06250762939453,-25.687501907348633
1773049195007882000,36.486882080078125,-265.1812744140625,107.19375610351562,-25.80000114440918
1773049195017882000,36.49688208007812,-264.84375,107.06250762939453,-26.306251525878906
1773049195027882000,36.50688208007813,-264.5062561035156,107.00625610351562,-26.512500762939453
1773049195037882000,36.516882080078126,-264.7875061035156,106.81875610351562,-26.512500762939453
1773049195047882000,36.526882080078124,-265.125,106.7437515258789,-26.775001525878906
1773049195057882000,36.53688208007812,-265.03125,106.33125305175781,-26.943750381469727
1773049195067882000,36.54688208007813,-264.75,106.0875015258789,-26.718751907348633
1773049195077882000,36.556882080078125,-265.1812744140625,105.86250305175781,-26.793750762939453
1773049195087882000,36.56688208007812,-264.9562683105469,105.84375762939453,-26.681251525878906
1773049195097882000,36.57688208007813,-265.0500183105469,105.73125457763672,-26.531251907348633
1773049195107882000,36.58688208007813,-265.4625244140625,105.91875457763672,-26.325000762939453
1773049195117882000,36.596882080078124,-265.38751220703125,106.01250457763672,-26.137500762939453
1773049195127882000,36.60688208007812,-265.125,106.03125762939453,-25.875001907348633
1773049195137882000,36.61688208007813,-265.1625061035156,106.3687515258789,-25.856250762939453
1773049195147882000,36.626882080078126,-265.4625244140625,106.42500305175781,-25.762500762939453
1773049195157882000,36.636882080078124,-265.5375061035156,106.6500015258789,-26.043750762939453
1773049195167882000,36.64688208007812,-265.7250061035156,106.33125305175781,-26.006250381469727
1773049195177882000,36.65688208007813,-265.8000183105469,106.14375305175781,-25.968751907348633
1773049195187882000,36.666882080078125,-265.5187683105469,105.76875305175781,-25.856250762939453
1773049195197882000,36.67688208007812,-265.6312561035156,105.41250610351562,-26.156251907348633
1773049195207882000,36.68688208007813,-265.59375,105.45000457763672,-26.137500762939453
1773049195217882000,36.696882080078126,-265.5187683105469,105.35625457763672,-25.762500762939453
1773049195227882000,36.706882080078124,-265.8187561035156,105.50625610351562,-26.062501907348633
1773049195237882000,36.71688208007812,-265.5562744140625,105.45000457763672,-25.837501525878906
1773049195247882000,36.72688208007813,-265.59375,105.56250762939453,-25.818750381469727
1773049195257882000,36.736882080078125,-265.5562744140625,105.7125015258789,-25.725000381469727
1773049195267882000,36.74688208007812,-265.8187561035156,105.91875457763672,-25.912500381469727
1773049195277882000,36.75688208007813,-265.5562744140625,106.03125762939453,-25.743751525878906
1773049195287882000,36.766882080078126,-265.6312561035156,106.06875610351562,-25.70625114440918
1773049195297882000,36.776882080078124,-265.48126220703125,106.16250610351562,-25.762500762939453
1773049195307882000,36.78688208007812,-265.21875,106.23750305175781,-25.743751525878906
1773049195317882000,36.79688208007813,-265.2750244140625,105.97500610351562,-25.875001907348633
1773049195327882000,36.806882080078125,-265.0875244140625,105.97500610351562,-25.875001907348633
1773049195337882000,36.81688208007812,-265.125,106.06875610351562,-26.08125114440918
1773049195347882000,36.82688208007813,-264.9000244140625,106.0875015258789,-25.950000762939453
1773049195357882000,36.83688208007813,-265.01251220703125,106.21875762939453,-25.931251525878906
1773049195367882000,36.846882080078124,-264.9562683105469,106.12500762939453,-26.343751907348633
1773049195377882000,36.85688208007812,-265.0500183105469,106.1812515258789,-26.568750381469727
1773049195387882000,36.86688208007813,-264.7687683105469,105.91875457763672,-26.64375114440918
1773049195397882000,36.876882080078126,-264.8625183105469,105.88125610351562,-26.906251907348633
1773049195407882000,36.886882080078124,-264.9000244140625,105.95625305175781,-26.981250762939453
1773049195417882000,36.89688208007812,-264.5812683105469,105.5250015258789,-26.906251907348633
1773049195427882000,36.90688208007813,-264.5062561035156,105.69375610351562,-27.093751907348633
1773049195437882000,36.916882080078125,-264.46875,105.88125610351562,-27.11250114440918
1773049195447882000,36.92688208007812,-264.4312744140625,105.93750762939453,-27.01875114440918
1773049195457882000,36.93688208007813,-264.2250061035156,106.01250457763672,-26.962501525878906
1773049195467882000,36.946882080078126,-264.26251220703125,106.01250457763672,-27.075000762939453
1773049195477882000,36.956882080078124,-264.09375,106.1812515258789,-26.83125114440918
1773049195487882000,36.96688208007812,-264.2437744140625,106.16250610351562,-27.225000381469727
1773049195497882000,36.97688208007813,-264.28125,106.48125457763672,-27.356250762939453
1773049195507882000,36.986882080078125,-264.16876220703125,106.25625610351562,-27.356250762939453
1773049195517882000,36.99688208007812,-263.9250183105469,105.91875457763672,-27.468751907348633
1773049195527882000,37.00688208007813,-264.1125183105469,106.1812515258789,-27.412500381469727
1773049195537882000,37.016882080078126,-264.16876220703125,106.21875762939453,-27.48750114440918
1773049195547882000,37.026882080078124,-263.9437561035156,106.59375762939453,-27.450000762939453
1773049195557882000,37.03688208007812,-263.8312683105469,106.85625457763672,-27.506250381469727
1773049195567882000,37.04688208007813,-263.4000244140625,106.7437515258789,-27.187501907348633
1773049195577882000,37.056882080078125,-263.51251220703125,106.78125762939453,-27.187501907348633
1773049195587882000,37.06688208007812,-263.5687561035156,106.80000305175781,-27.11250114440918
1773049195597882000,37.07688208007813,-263.51251220703125,106.68750762939453,-27.337501525878906
1773049195607882000,37.08688208007813,-263.34375,106.4625015258789,-27.262500762939453
1773049195617882000,37.096882080078124,-263.5875244140625,106.51875305175781,-27.225000381469727
1773049195627882000,37.10688208007812,-263.71875,106.1812515258789,-27.30000114440918
1773049195637882000,37.11688208007813,-263.7750244140625,105.67500305175781,-27.356250762939453
1773049195647882000,37.126882080078126,-263.9625244140625,105.95625305175781,-27.281251907348633
1773049195657882000,37.136882080078124,-263.8687744140625,105.97500610351562,-27.075000762939453
1773049195667882000,37.14688208007812,-263.90625,105.9000015258789,-27.337501525878906
1773049195677882000,37.15688208007813,-263.90625,106.0875015258789,-27.20625114440918
1773049195687882000,37.166882080078125,-263.8312683105469,106.20000457763672,-27.431251525878906
1773049195697882000,37.17688208007812,-263.70001220703125,105.97500610351562,-27.637500762939453
1773049195707882000,37.18688208007813,-263.60626220703125,106.20000457763672,-27.506250381469727
1773049195717882000,37.196882080078126,-263.3625183105469,106.48125457763672,-27.600000381469727
1773049195727882000,37.206882080078124,-263.25,106.31250762939453,-27.750001907348633
1773049195737882000,37.21688208007812,-263.4562683105469,106.3687515258789,-27.900001525878906
1773049195747882000,37.22688208007813,-263.4375,106.40625762939453,-27.975000381469727
1773049195757882000,37.236882080078125,-263.6812744140625,106.61250305175781,-27.937501907348633
1773049195767882000,37.24688208007812,-263.6625061035156,106.59375762939453,-27.825000762939453
1773049195777882000,37.25688208007813,-263.6812744140625,106.7437515258789,-27.900001525878906
1773049195787882000,37.266882080078126,-263.71875,106.76250457763672,-27.881250381469727
1773049195797882000,37.276882080078124,-263.90625,106.68750762939453,-27.900001525878906
1773049195807882000,37.28688208007812,-264,106.85625457763672,-27.993751525878906
1773049195817882000,37.29688208007813,-263.90625,106.80000305175781,-28.05000114440918
1773049195827882000,37.306882080078125,-264.1500244140625,107.10000610351562,-27.881250381469727
1773049195837882000,37.31688208007812,-263.8125,107.2125015258789,-27.731250762939453
1773049195847882000,37.32688208007813,-264.07501220703125,106.9312515258789,-28.012500762939453
1773049195857882000,37.33688208007813,-263.625,106.85625457763672,-27.993751525878906
1773049195867882000,37.346882080078124,-263.6437683105469,106.76250457763672,-28.125001907348633
1773049195877882000,37.35688208007812,-263.70001220703125,106.80000305175781,-28.125001907348633
1773049195887882000,37.36688208007813,-263.7562561035156,106.76250457763672,-28.087501525878906
1773049195897882000,37.376882080078126,-263.6812744140625,106.42500305175781,-28.181251525878906
1773049195907882000,37.386882080078124,-263.2875061035156,106.33125305175781,-28.087501525878906
1773049195917882000,37.39688208007812,-263.3625183105469,106.10625457763672,-28.106250762939453
1773049195927882000,37.40688208007813,-262.95001220703125,106.21875762939453,-27.750001907348633
1773049195937882000,37.416882080078125,-263.51251220703125,106.59375762939453,-27.787500381469727
1773049195947882000,37.42688208007812,-263.4562683105469,106.6500015258789,-27.76875114440918
1773049195957882000,37.43688208007813,-263.34375,106.38750457763672,-27.993751525878906
1773049195967882000,37.446882080078126,-263.1750183105469,106.35000610351562,-28.068750381469727
1773049195977882000,37.456882080078124,-263.1937561035156,106.57500457763672,-27.975000381469727
1773049195987882000,37.46688208007812,-263.1750183105469,106.44375610351562,-28.162500381469727
1773049195997882000,37.47688208007813,-263.15625,106.50000762939453,-28.387500762939453
1773049196007882000,37.486882080078125,-263.2875061035156,106.7437515258789,-28.443750381469727
1773049196017882000,37.49688208007812,-263.2687683105469,106.3687515258789,-28.387500762939453
1773049196027882000,37.50688208007813,-263.2125244140625,106.29375457763672,-28.575000762939453
1773049196037882000,37.516882080078126,-262.96875,106.48125457763672,-28.312501907348633
1773049196047882000,37.526882080078124,-263.04376220703125,106.20000457763672,-28.462501525878906
1773049196057882000,37.53688208007812,-262.8187561035156,106.3687515258789,-28.51875114440918
1773049196067882000,37.54688208007813,-262.7437744140625,106.4625015258789,-28.537500381469727
1773049196077882000,37.556882080078125,-262.78125,106.35000610351562,-28.593751907348633
1773049196087882000,37.56688208007812,-262.78125,105.9937515258789,-28.912500381469727
1773049196097882000,37.57688208007813,-262.59375,105.91875457763672,-28.70625114440918
1773049196107882000,37.58688208007813,-262.7250061035156,106.05000305175781,-28.481250762939453
1773049196117882000,37.596882080078124,-262.85626220703125,106.10625457763672,-28.61250114440918
1773049196127882000,37.60688208007812,-262.8000183105469,106.5562515258789,-28.387500762939453
1773049196137882000,37.61688208007813,-262.96875,106.53750610351562,-28.443750381469727
1773049196147882000,37.626882080078126,-263.3625183105469,106.50000762939453,-28.218751907348633
1773049196157882000,37.636882080078124,-263.3812561035156,106.35000610351562,-28.368751525878906
1773049196167882000,37.64688208007812,-263.2687683105469,106.4625015258789,-28.106250762939453
1773049196177882000,37.65688208007813,-263.41876220703125,106.3687515258789,-28.312501907348633
1773049196187882000,37.666882080078125,-263.4750061035156,106.25625610351562,-28.312501907348633
1773049196197882000,37.67688208007812,-263.5687561035156,106.2750015258789,-28.068750381469727
1773049196207882000,37.68688208007813,-263.70001220703125,106.29375457763672,-27.95625114440918
1773049196217882000,37.696882080078126,-263.8312683105469,106.05000305175781,-27.750001907348633
1773049196227882000,37.706882080078124,-263.6625061035156,106.23750305175781,-27.86250114440918
1773049196237882000,37.71688208007812,-263.8312683105469,106.6500015258789,-27.881250381469727
1773049196247882000,37.72688208007813,-264.0562744140625,106.8375015258789,-28.031251907348633
1773049196257882000,37.736882080078125,-263.8687744140625,107.06250762939453,-27.937501907348633
1773049196267882000,37.74688208007812,-263.7562561035156,107.0250015258789,-28.23750114440918
1773049196277882000,37.75688208007813,-263.8312683105469,107.06250762939453,-28.293750762939453
1773049196287882000,37.766882080078126,-263.6437683105469,106.78125762939453,-28.70625114440918
1773049196297882000,37.776882080078124,-263.6625061035156,106.81875610351562,-29.025001525878906
1773049196307882000,37.78688208007812,-263.7375183105469,106.61250305175781,-29.08125114440918
1773049196317882000,37.79688208007813,-263.4375,106.31250762939453,-28.912500381469727
1773049196327882000,37.806882080078125,-263.4375,106.01250457763672,-28.98750114440918
1773049196337882000,37.81688208007812,-263.3625183105469,106.0875015258789,-28.89375114440918
1773049196347882000,37.82688208007813,-263.41876220703125,106.10625457763672,-28.818750381469727
1773049196357882000,37.83688208007813,-263.4562683105469,106.01250457763672,-28.89375114440918
1773049196367882000,37.846882080078124,-263.4375,106.10625457763672,-28.500001907348633
1773049196377882000,37.85688208007812,-263.32501220703125,106.1812515258789,-28.106250762939453
1773049196387882000,37.86688208007813,-263.2875061035156,105.93750762939453,-28.087501525878906
1773049196397882000,37.876882080078126,-263.2125244140625,105.9937515258789,-28.031251907348633
1773049196407882000,37.886882080078124,-263.15625,106.01250457763672,-28.087501525878906
1773049196417882000,37.89688208007812,-263.1937561035156,106.03125762939453,-28.162500381469727
1773049196427882000,37.90688208007813,-263.04376220703125,106.0875015258789,-27.918750762939453
1773049196437882000,37.916882080078125,-262.8187561035156,106.25625610351562,-27.937501907348633
1773049196447882000,37.92688208007812,-262.76251220703125,106.14375305175781,-27.975000381469727
1773049196457882000,37.93688208007813,-262.8937683105469,106.23750305175781,-28.181251525878906
1773049196467882000,37.946882080078126,-262.57501220703125,106.5562515258789,-28.218751907348633
1773049196477882000,37.956882080078124,-262.76251220703125,106.53750610351562,-28.218751907348633
1773049196487882000,37.96688208007812,-262.66876220703125,106.40625762939453,-28.05000114440918
1773049196497882000,37.97688208007813,-262.6875,106.23750305175781,-27.937501907348633
1773049196507882000,37.986882080078125,-262.8187561035156,106.31250762939453,-28.125001907348633
1773049196517882000,37.99688208007812,-262.76251220703125,106.12500762939453,-28.350000381469727
1773049196527882000,38.00688208007813,-263.0250244140625,106.33125305175781,-28.51875114440918
1773049196537882000,38.016882080078126,-262.95001220703125,106.35000610351562,-28.387500762939453
1773049196547882000,38.026882080078124,-263.32501220703125,106.2750015258789,-28.481250762939453
1773049196557882000,38.03688208007812,-263.2687683105469,106.31250762939453,-28.575000762939453
1773049196567882000,38.04688208007813,-263.1000061035156,106.70625305175781,-28.462501525878906
1773049196577882000,38.056882080078125,-263.15625,106.68750762939453,-28.762500762939453
1773049196587882000,38.06688208007812,-263.04376220703125,106.8375015258789,-28.556251525878906
1773049196597882000,38.07688208007813,-263.32501220703125,106.89375305175781,-28.42500114440918
1773049196607882000,38.08688208007813,-263.0062561035156,106.68750762939453,-28.33125114440918
1773049196617882000,38.096882080078124,-263.0062561035156,106.68750762939453,-28.500001907348633
1773049196627882000,38.10688208007812,-262.96875,106.81875610351562,-28.293750762939453
1773049196637882000,38.11688208007813,-263.0625,106.7437515258789,-28.200000762939453
1773049196647882000,38.126882080078126,-263.0812683105469,106.51875305175781,-28.481250762939453
1773049196657882000,38.136882080078124,-263.0250244140625,106.50000762939453,-28.42500114440918
1773049196667882000,38.14688208007812,-263.0812683105469,106.21875762939453,-28.443750381469727
1773049196677882000,38.15688208007813,-262.95001220703125,106.3687515258789,-28.443750381469727
1773049196687882000,38.166882080078125,-263.1937561035156,106.61250305175781,-28.33125114440918
1773049196697882000,38.17688208007812,-263.0625,106.5562515258789,-28.23750114440918
1773049196707882000,38.18688208007813,-262.7062683105469,106.38750457763672,-28.181251525878906
1773049196717882000,38.196882080078126,-262.5187683105469,106.44375610351562,-28.256250381469727
1773049196727882000,38.206882080078124,-262.6312561035156,106.5562515258789,-28.031251907348633
1773049196737882000,38.21688208007812,-262.66876220703125,106.4625015258789,-28.012500762939453
1773049196747882000,38.22688208007813,-262.57501220703125,106.5562515258789,-27.825000762939453
1773049196757882000,38.236882080078125,-262.76251220703125,106.6500015258789,-27.693750381469727
1773049196767882000,38.24688208007812,-262.66876220703125,106.4625015258789,-27.900001525878906
1773049196777882000,38.25688208007813,-262.7250061035156,106.40625762939453,-28.106250762939453
1773049196787882000,38.266882080078126,-263.15625,106.51875305175781,-28.312501907348633
1773049196797882000,38.276882080078124,-263.25,106.53750610351562,-28.368751525878906
1773049196807882000,38.28688208007812,-263.25,106.51875305175781,-28.350000381469727
1773049196817882000,38.29688208007813,-263.2125244140625,106.78125762939453,-28.312501907348633
1773049196827882000,38.306882080078125,-263.1187744140625,106.63125610351562,-28.462501525878906
1773049196837882000,38.31688208007812,-262.66876220703125,106.20000457763672,-28.631250381469727
1773049196847882000,38.32688208007813,-262.7062683105469,106.33125305175781,-28.406251907348633
1773049196857882000,38.33688208007813,-262.8000183105469,106.38750457763672,-28.462501525878906
1773049196867882000,38.346882080078124,-262.66876220703125,106.35000610351562,-28.556251525878906
1773049196877882000,38.35688208007812,-262.48126220703125,106.31250762939453,-28.650001525878906
1773049196887882000,38.36688208007813,-262.4250183105469,106.35000610351562,-28.481250762939453
1773049196897882000,38.376882080078126,-262.38751220703125,106.35000610351562,-28.443750381469727
1773049196907882000,38.386882080078124,-262.4437561035156,106.35000610351562,-28.537500381469727
1773049196917882000,38.39688208007812,-262.6312561035156,106.42500305175781,-28.631250381469727
1773049196927882000,38.40688208007813,-262.4625244140625,106.35000610351562,-28.89375114440918
1773049196937882000,38.416882080078125,-262.4625244140625,106.25625610351562,-28.650001525878906
1773049196947882000,38.42688208007812,-262.38751220703125,106.21875762939453,-28.500001907348633
1773049196957882000,38.43688208007813,-262.3687744140625,106.12500762939453,-28.481250762939453
1773049196967882000,38.446882080078126,-262.38751220703125,106.01250457763672,-28.912500381469727
1773049196977882000,38.456882080078124,-262.5375061035156,105.97500610351562,-29.100000381469727
1773049196987882000,38.46688208007812,-262.59375,105.9937515258789,-28.98750114440918
1773049196997882000,38.47688208007813,-262.38751220703125,106.10625457763672,-28.781251907348633
1773049197007882000,38.486882080078125,-262.4625244140625,105.95625305175781,-28.80000114440918
1773049197017882000,38.49688208007812,-262.3500061035156,106.20000457763672,-28.931251525878906
1773049197027882000,38.50688208007813,-262.4625244140625,106.12500762939453,-29.137500762939453
1773049197037882000,38.516882080078126,-262.5187683105469,106.2750015258789,-28.98750114440918
1773049197047882000,38.526882080078124,-262.6125183105469,106.2750015258789,-28.781251907348633
1773049197057882000,38.53688208007812,-262.6312561035156,106.06875610351562,-28.668750762939453
1773049197067882000,38.54688208007813,-262.6312561035156,106.20000457763672,-28.781251907348633
1773049197077882000,38.556882080078125,-262.76251220703125,106.14375305175781,-28.781251907348633
1773049197087882000,38.56688208007812,-262.76251220703125,106.10625457763672,-28.762500762939453
1773049197097882000,38.57688208007813,-262.57501220703125,105.69375610351562,-28.89375114440918
1773049197107882000,38.58688208007813,-262.40625,105.60000610351562,-28.875001907348633
1773049197117882000,38.596882080078124,-262.3125,105.58125305175781,-29.025001525878906
1773049197127882000,38.60688208007812,-262.1437683105469,105.76875305175781,-29.26875114440918
1773049197137882000,38.61688208007813,-262.2375183105469,106.12500762939453,-29.306251525878906
1773049197147882000,38.626882080078126,-261.9937744140625,105.95625305175781,-29.306251525878906
1773049197157882000,38.636882080078124,-261.8625183105469,106.03125762939453,-29.250001907348633
1773049197167882000,38.64688208007812,-262.01251220703125,106.21875762939453,-29.193750381469727
1773049197177882000,38.65688208007813,-262.0875244140625,106.3687515258789,-28.950000762939453
1773049197187882000,38.666882080078125,-262.10626220703125,106.7437515258789,-28.650001525878906
1773049197197882000,38.67688208007812,-262.2375183105469,106.66875457763672,-28.556251525878906
1773049197207882000,38.68688208007813,-262.20001220703125,106.50000762939453,-28.500001907348633
1773049197217882000,38.696882080078126,-261.9750061035156,106.29375457763672,-28.762500762939453
1773049197227882000,38.706882080078124,-262.29376220703125,106.51875305175781,-28.912500381469727
1773049197237882000,38.71688208007812,-262.5,106.44375610351562,-29.08125114440918
1773049197247882000,38.72688208007813,-262.59375,106.23750305175781,-29.306251525878906
1773049197257882000,38.736882080078125,-262.5562744140625,106.29375457763672,-29.325000762939453
1773049197267882000,38.74688208007812,-262.5562744140625,106.20000457763672,-29.343751907348633
1773049197277882000,38.75688208007813,-262.59375,106.33125305175781,-29.193750381469727
1773049197287882000,38.766882080078126,-262.875,106.44375610351562,-29.062501907348633
1773049197297882000,38.776882080078124,-262.76251220703125,106.51875305175781,-29.062501907348633
1773049197307882000,38.78688208007812,-262.48126220703125,106.40625762939453,-29.006250381469727
1773049197317882000,38.79688208007813,-262.7437744140625,106.48125457763672,-28.98750114440918
1773049197327882000,38.806882080078125,-262.5,106.78125762939453,-28.743751525878906
1773049197337882000,38.81688208007812,-262.8000183105469,106.63125610351562,-28.98750114440918
1773049197347882000,38.82688208007813,-262.9312744140625,106.63125610351562,-29.156251907348633
1773049197357882000,38.83688208007813,-262.9125061035156,106.33125305175781,-29.26875114440918
1773049197367882000,38.846882080078124,-262.7250061035156,106.2750015258789,-29.343751907348633
1773049197377882000,38.85688208007812,-262.6312561035156,106.20000457763672,-28.931251525878906
1773049197387882000,38.86688208007813,-262.875,106.29375457763672,-28.912500381469727
1773049197397882000,38.876882080078126,-262.6125183105469,106.31250762939453,-29.156251907348633
1773049197407882000,38.886882080078124,-262.7062683105469,105.95625305175781,-29.231250762939453
1773049197417882000,38.89688208007812,-262.5,106.12500762939453,-29.062501907348633
1773049197427882000,38.90688208007813,-262.2750244140625,105.97500610351562,-29.17500114440918
1773049197437882000,38.916882080078125,-262.2750244140625,106.06875610351562,-29.231250762939453
1773049197447882000,38.92688208007812,-262.1812744140625,106.21875762939453,-29.212501525878906
1773049197457882000,38.93688208007813,-262.1812744140625,106.35000610351562,-29.325000762939453
1773049197467882000,38.946882080078126,-262.3125,106.23750305175781,-29.287500381469727
1773049197477882000,38.956882080078124,-262.4625244140625,106.20000457763672,-29.137500762939453
1773049197487882000,38.96688208007812,-262.2562561035156,106.48125457763672,-29.08125114440918
1773049197497882000,38.97688208007813,-262.1437683105469,106.40625762939453,-29.118751525878906
1773049197507882000,38.986882080078125,-262.5562744140625,106.4625015258789,-28.875001907348633
1773049197517882000,38.99688208007812,-262.76251220703125,106.61250305175781,-28.818750381469727
1773049197527882000,39.00688208007813,-262.8000183105469,106.44375610351562,-28.762500762939453
1773049197537882000,39.016882080078126,-263.0625,106.31250762939453,-28.781251907348633
1773049197547882000,39.026882080078124,-262.78125,106.31250762939453,-28.856250762939453
1773049197557882000,39.03688208007812,-262.5562744140625,106.31250762939453,-28.931251525878906
1773049197567882000,39.04688208007813,-262.5562744140625,106.16250610351562,-29.08125114440918
1773049197577882000,39.056882080078125,-262.6125183105469,106.2750015258789,-28.968751907348633
1773049197587882000,39.06688208007812,-262.3312683105469,106.23750305175781,-29.043750762939453
1773049197597882000,39.07688208007813,-262.125,106.40625762939453,-29.043750762939453
1773049197607882000,39.08688208007813,-262.3312683105469,106.33125305175781,-29.137500762939453
1773049197617882000,39.096882080078124,-262.1625061035156,106.38750457763672,-29.193750381469727
1773049197627882000,39.10688208007812,-262.5562744140625,106.4625015258789,-29.08125114440918
1773049197637882000,39.11688208007813,-262.7062683105469,106.48125457763672,-29.025001525878906
1773049197647882000,39.126882080078126,-262.8000183105469,106.63125610351562,-29.006250381469727
1773049197657882000,39.136882080078124,-263.15625,106.63125610351562,-29.381250381469727
1773049197667882000,39.14688208007812,-263.2687683105469,106.89375305175781,-29.418750762939453
1773049197677882000,39.15688208007813,-263.2875061035156,106.8375015258789,-29.45625114440918
1773049197687882000,39.166882080078125,-263.32501220703125,106.91250610351562,-29.418750762939453
1773049197697882000,39.17688208007812,-263.4375,106.87500762939453,-29.606250762939453
1773049197707882000,39.18688208007813,-263.25,106.81875610351562,-29.64375114440918
1773049197717882000,39.196882080078126,-263.2125244140625,106.85625457763672,-29.531251907348633
1773049197727882000,39.206882080078124,-263.2687683105469,106.80000305175781,-29.606250762939453
1773049197737882000,39.21688208007812,-262.9125061035156,106.87500762939453,-29.418750762939453
1773049197747882000,39.22688208007813,-262.6500244140625,106.68750762939453,-29.662500381469727
1773049197757882000,39.236882080078125,-262.5,106.72500610351562,-29.83125114440918
1773049197767882000,39.24688208007812,-262.3312683105469,106.51875305175781,-29.718751907348633
1773049197777882000,39.25688208007813,-262.3125,106.59375762939453,-29.64375114440918
1773049197787882000,39.266882080078126,-262.3687744140625,106.53750610351562,-29.962501525878906
1773049197797882000,39.276882080078124,-262.2375183105469,106.59375762939453,-30.01875114440918
1773049197807882000,39.28688208007812,-262.2375183105469,106.61250305175781,-29.700000762939453
1773049197817882000,39.29688208007813,-262.3687744140625,106.53750610351562,-29.568750381469727
1773049197827882000,39.306882080078125,-262.48126220703125,106.53750610351562,-29.343751907348633
1773049197837882000,39.31688208007812,-262.8187561035156,106.1812515258789,-29.400001525878906
1773049197847882000,39.32688208007813,-262.7250061035156,106.3687515258789,-29.512500762939453
1773049197857882000,39.33688208007813,-262.7250061035156,106.38750457763672,-29.512500762939453
1773049197867882000,39.346882080078124,-262.9125061035156,106.25625610351562,-29.400001525878906
1773049197877882000,39.35688208007812,-263.1187744140625,106.0875015258789,-29.475000381469727
1773049197887882000,39.36688208007813,-263.0062561035156,105.7125015258789,-29.718751907348633
1773049197897882000,39.376882080078126,-263.0625,105.63750457763672,-29.812501907348633
1773049197907882000,39.386882080078124,-263.1187744140625,105.60000610351562,-29.887500762939453
1773049197917882000,39.39688208007812,-263.0812683105469,105.73125457763672,-29.981250762939453
1773049197927882000,39.40688208007813,-263.1750183105469,105.65625762939453,-29.962501525878906
1773049197937882000,39.416882080078125,-262.8375244140625,105.39375305175781,-30.01875114440918
1773049197947882000,39.42688208007812,-262.7437744140625,105.45000457763672,-29.943750381469727
1773049197957882000,39.43688208007813,-262.8937683105469,105.31875610351562,-30.01875114440918
1773049197967882000,39.446882080078126,-262.9125061035156,105.58125305175781,-30.056251525878906
1773049197977882000,39.456882080078124,-262.8375244140625,105.5250015258789,-30.225000381469727
1773049197987882000,39.46688208007812,-262.875,105.58125305175781,-30.131250381469727
1773049197997882000,39.47688208007813,-262.6125183105469,105.7125015258789,-29.943750381469727
1773049198007882000,39.486882080078125,-262.5562744140625,105.9000015258789,-29.981250762939453
1773049198017882000,39.49688208007812,-263.04376220703125,106.2750015258789,-29.793750762939453
1773049198027882000,39.50688208007813,-262.8375244140625,106.35000610351562,-29.700000762939453
1773049198037882000,39.516882080078126,-262.6500244140625,106.53750610351562,-29.756250381469727
1773049198047882000,39.526882080078124,-262.66876220703125,106.48125457763672,-29.756250381469727
1773049198057882000,39.53688208007812,-262.57501220703125,106.38750457763672,-29.756250381469727
1773049198067882000,39.54688208007813,-262.4625244140625,106.3687515258789,-29.775001525878906
1773049198077882000,39.556882080078125,-262.5562744140625,106.0875015258789,-29.83125114440918
1773049198087882000,39.56688208007812,-262.5375061035156,105.88125610351562,-29.868751525878906
1773049198097882000,39.57688208007813,-262.38751220703125,105.5250015258789,-30.037500381469727
1773049198107882000,39.58688208007813,-262.38751220703125,105.8062515258789,-29.718751907348633
1773049198117882000,39.596882080078124,-262.21875,105.86250305175781,-29.45625114440918
1773049198127882000,39.60688208007812,-262.29376220703125,106.10625457763672,-29.55000114440918
1773049198137882000,39.61688208007813,-262.4250183105469,106.1812515258789,-29.662500381469727
1773049198147882000,39.626882080078126,-262.4625244140625,106.23750305175781,-29.73750114440918
1773049198157882000,39.636882080078124,-262.38751220703125,106.6500015258789,-29.55000114440918
1773049198167882000,39.64688208007812,-262.4625244140625,106.80000305175781,-29.400001525878906
1773049198177882000,39.65688208007813,-262.6125183105469,107.04375457763672,-29.587501525878906
1773049198187882000,39.666882080078125,-262.8000183105469,106.85625457763672,-30.075000762939453
1773049198197882000,39.67688208007812,-262.7437744140625,106.91250610351562,-30.056251525878906
1773049198207882000,39.68688208007813,-262.59375,106.98750305175781,-29.700000762939453
1773049198217882000,39.696882080078126,-262.875,106.96875762939453,-29.437501907348633
1773049198227882000,39.706882080078124,-262.9125061035156,106.91250610351562,-29.437501907348633
1773049198237882000,39.71688208007812,-263.1187744140625,106.57500457763672,-29.493751525878906
1773049198247882000,39.72688208007813,-263.13751220703125,106.66875457763672,-29.662500381469727
1773049198257882000,39.736882080078125,-262.96875,106.91250610351562,-29.287500381469727
1773049198267882000,39.74688208007812,-262.9125061035156,106.9312515258789,-29.025001525878906
1773049198277882000,39.75688208007813,-262.8937683105469,106.89375305175781,-29.343751907348633
1773049198287882000,39.766882080078126,-262.7062683105469,106.63125610351562,-29.45625114440918
1773049198297882000,39.776882080078124,-262.4437561035156,106.6500015258789,-29.531251907348633
1773049198307882000,39.78688208007812,-262.3687744140625,106.48125457763672,-29.606250762939453
1773049198317882000,39.79688208007813,-262.38751220703125,106.70625305175781,-29.587501525878906
1773049198327882000,39.806882080078125,-262.29376220703125,106.40625762939453,-29.437501907348633
1773049198337882000,39.81688208007812,-262.4437561035156,106.25625610351562,-29.437501907348633
1773049198347882000,39.82688208007813,-262.2562561035156,106.29375457763672,-29.606250762939453
1773049198357882000,39.83688208007813,-262.5562744140625,106.25625610351562,-29.531251907348633
1773049198367882000,39.846882080078124,-262.8937683105469,106.42500305175781,-29.681251525878906
1773049198377882000,39.85688208007812,-262.6875,106.61250305175781,-29.681251525878906
1773049198387882000,39.86688208007813,-262.66876220703125,106.81875610351562,-29.400001525878906
1773049198397882000,39.876882080078126,-262.57501220703125,106.70625305175781,-29.531251907348633
1773049198407882000,39.886882080078124,-262.8937683105469,106.87500762939453,-29.606250762939453
1773049198417882000,39.89688208007812,-262.78125,106.8375015258789,-29.83125114440918
1773049198427882000,39.90688208007813,-262.96875,106.50000762939453,-30.01875114440918
1773049198437882000,39.916882080078125,-262.8375244140625,106.5562515258789,-29.756250381469727
1773049198447882000,39.92688208007812,-262.9125061035156,106.44375610351562,-29.83125114440918
1773049198457882000,39.93688208007813,-263.0062561035156,106.40625762939453,-29.718751907348633
1773049198467882000,39.946882080078126,-262.95001220703125,106.16250610351562,-30.150001525878906
1773049198477882000,39.956882080078124,-262.96875,106.3687515258789,-30.131250381469727
1773049198487882000,39.96688208007812,-262.7437744140625,106.25625610351562,-29.812501907348633
1773049198497882000,39.97688208007813,-262.5562744140625,106.01250457763672,-29.850000381469727
1773049198507882000,39.986882080078125,-262.59375,106.1812515258789,-29.718751907348633
1773049198517882000,39.99688208007812,-262.59375,106.10625457763672,-29.73750114440918
1773049198527882000,40.00688208007813,-262.6500244140625,106.05000305175781,-29.887500762939453
1773049198547882000,40.026882080078124,-262.875,106.03125762939453,-29.606250762939453
1773049198557882000,40.03688208007812,-262.66876220703125,105.93750762939453,-29.718751907348633
1773049198567882000,40.04688208007813,-262.7437744140625,105.93750762939453,-29.943750381469727
1773049198577882000,40.056882080078125,-263.0812683105469,106.20000457763672,-29.73750114440918
1773049198587882000,40.06688208007812,-263.0812683105469,106.31250762939453,-29.681251525878906
1773049198597882000,40.07688208007813,-263.1000061035156,106.16250610351562,-29.718751907348633
1773049198607882000,40.08688208007813,-262.9312744140625,106.20000457763672,-29.418750762939453
1773049198617882000,40.096882080078124,-262.85626220703125,106.44375610351562,-29.250001907348633
1773049198627882000,40.10688208007812,-263.0062561035156,106.63125610351562,-29.250001907348633
1773049198637882000,40.11688208007813,-262.96875,106.80000305175781,-28.950000762939453
1773049198647882000,40.126882080078126,-263.0812683105469,106.7437515258789,-29.043750762939453
1773049198657882000,40.136882080078124,-263.0812683105469,106.80000305175781,-28.968751907348633
1773049198667882000,40.14688208007812,-262.96875,106.85625457763672,-28.968751907348633
1773049198677882000,40.15688208007813,-263.04376220703125,106.9312515258789,-29.17500114440918
1773049198687882000,40.166882080078125,-263.1750183105469,107.10000610351562,-29.343751907348633
1773049198697882000,40.17688208007812,-263.15625,107.00625610351562,-29.325000762939453
1773049198707882000,40.18688208007813,-263.0625,106.78125762939453,-29.212501525878906
1773049198717882000,40.196882080078126,-263.0812683105469,106.50000762939453,-29.17500114440918
1773049198727882000,40.206882080078124,-262.8937683105469,106.78125762939453,-29.118751525878906
1773049198737882000,40.21688208007812,-262.6875,106.59375762939453,-29.400001525878906
1773049198747882000,40.22688208007813,-262.76251220703125,106.38750457763672,-29.55000114440918
1773049198757882000,40.236882080078125,-262.7062683105469,106.35000610351562,-29.475000381469727
1773049198767882000,40.24688208007812,-262.7062683105469,106.63125610351562,-29.100000381469727
1773049198777882000,40.25688208007813,-262.8187561035156,106.63125610351562,-29.193750381469727
1773049198787882000,40.266882080078126,-262.9125061035156,107.08125305175781,-29.250001907348633
1773049198797882000,40.276882080078124,-263.2875061035156,107.32500457763672,-29.400001525878906
1773049198807882000,40.28688208007812,-263.6812744140625,107.6812515258789,-29.418750762939453
1773049198817882000,40.29688208007813,-264.16876220703125,108.26250457763672,-29.343751907348633
1773049198827882000,40.306882080078125,-264.3000183105469,108.76875305175781,-29.26875114440918
1773049198837882000,40.31688208007812,-264.4312744140625,109.12500762939453,-29.250001907348633
1773049198847882000,40.32688208007813,-264.375,108.88125610351562,-29.512500762939453
1773049198857882000,40.33688208007813,-264.5625,109.25625610351562,-29.531251907348633
1773049198867882000,40.346882080078124,-264.5625,108.84375762939453,-29.662500381469727
1773049198877882000,40.35688208007812,-264.35626220703125,108.78750610351562,-29.756250381469727
1773049198887882000,40.36688208007813,-263.8312683105469,108.26250457763672,-29.64375114440918
1773049198897882000,40.376882080078126,-263.53125,107.81250762939453,-29.512500762939453
1773049198907882000,40.386882080078124,-263.2875061035156,107.55000305175781,-29.343751907348633
1773049198917882000,40.39688208007812,-263.1187744140625,107.55000305175781,-29.043750762939453
1773049198927882000,40.40688208007813,-262.9312744140625,107.55000305175781,-29.025001525878906
1773049198937882000,40.416882080078125,-262.8187561035156,107.38125610351562,-28.89375114440918
1773049198947882000,40.42688208007812,-262.7062683105469,107.55000305175781,-28.80000114440918
1773049198957882000,40.43688208007813,-262.8375244140625,107.6812515258789,-28.631250381469727
1773049198967882000,40.446882080078126,-263.13751220703125,107.83125305175781,-28.70625114440918
1773049198977882000,40.456882080078124,-262.9875183105469,107.56875610351562,-29.006250381469727
1773049198987882000,40.46688208007812,-263.1937561035156,107.60625457763672,-28.912500381469727
1773049198997882000,40.47688208007813,-263.2875061035156,107.71875762939453,-29.118751525878906
1773049199007882000,40.486882080078125,-263.51251220703125,107.7750015258789,-29.118751525878906
1773049199017882000,40.49688208007812,-263.2875061035156,107.56875610351562,-29.26875114440918
1773049199027882000,40.50688208007813,-263.5500183105469,107.79375457763672,-29.343751907348633
1773049199037882000,40.516882080078126,-263.34375,107.60625457763672,-29.381250381469727
1773049199047882000,40.526882080078124,-263.2125244140625,107.53125762939453,-29.343751907348633
1773049199057882000,40.53688208007812,-263.3812561035156,107.88750457763672,-29.100000381469727
1773049199067882000,40.54688208007813,-263.1750183105469,107.8687515258789,-29.062501907348633
1773049199077882000,40.556882080078125,-263.32501220703125,107.55000305175781,-29.025001525878906
1773049199087882000,40.56688208007812,-263.3625183105469,107.62500762939453,-28.912500381469727
1773049199097882000,40.57688208007813,-263.71875,108.09375762939453,-28.743751525878906
1773049199107882000,40.58688208007813,-263.4375,107.8687515258789,-28.743751525878906
1773049199117882000,40.596882080078124,-263.6812744140625,107.98125457763672,-28.743751525878906
1773049199127882000,40.60688208007812,-264.07501220703125,108.13125610351562,-28.725000381469727
1773049199137882000,40.61688208007813,-263.8500061035156,107.98125457763672,-28.725000381469727
1773049199147882000,40.626882080078126,-264.2250061035156,108.16875457763672,-28.631250381469727
1773049199157882000,40.636882080078124,-264.26251220703125,108.13125610351562,-28.687501907348633
1773049199167882000,40.64688208007812,-264.1125183105469,107.75625610351562,-28.668750762939453
1773049199177882000,40.65688208007813,-263.8125,107.3062515258789,-28.98750114440918
1773049199187882000,40.666882080078125,-263.98126220703125,107.2125015258789,-29.025001525878906
1773049199197882000,40.67688208007812,-263.98126220703125,107.13750457763672,-29.025001525878906
1773049199207882000,40.68688208007813,-263.88751220703125,106.80000305175781,-29.025001525878906
1773049199217882000,40.696882080078126,-264.1500244140625,106.57500457763672,-29.025001525878906
1773049199227882000,40.706882080078124,-264.0562744140625,106.40625762939453,-29.287500381469727
1773049199237882000,40.71688208007812,-264.2437744140625,106.25625610351562,-29.512500762939453
1773049199247882000,40.72688208007813,-264.63751220703125,106.23750305175781,-29.700000762939453
1773049199257882000,40.736882080078125,-264.5625,106.14375305175781,-29.493751525878906
1773049199267882000,40.74688208007812,-264.65625,105.93750762939453,-29.493751525878906
1773049199277882000,40.75688208007813,-264.4875183105469,105.8062515258789,-29.587501525878906
1773049199287882000,40.766882080078126,-264.16876220703125,105.93750762939453,-29.55000114440918
1773049199297882000,40.776882080078124,-263.9437561035156,106.01250457763672,-29.531251907348633
1773049199307882000,40.78688208007812,-263.8687744140625,105.9000015258789,-29.681251525878906
1773049199317882000,40.79688208007813,-263.4562683105469,106.01250457763672,-29.568750381469727
1773049199327882000,40.806882080078125,-263.1937561035156,106.1812515258789,-29.437501907348633
1773049199337882000,40.81688208007812,-263.2875061035156,106.33125305175781,-29.26875114440918
1773049199347882000,40.82688208007813,-263.15625,106.4625015258789,-29.137500762939453
1773049199357882000,40.83688208007813,-263.23126220703125,106.38750457763672,-29.006250381469727
1773049199367882000,40.846882080078124,-263.32501220703125,106.35000610351562,-29.137500762939453
1773049199377882000,40.85688208007812,-263.3812561035156,106.66875457763672,-28.80000114440918
1773049199387882000,40.86688208007813,-263.32501220703125,106.7437515258789,-28.575000762939453
1773049199397882000,40.876882080078126,-263.32501220703125,106.61250305175781,-28.556251525878906
1773049199407882000,40.886882080078124,-263.5500183105469,106.53750610351562,-28.593751907348633
1773049199417882000,40.89688208007812,-263.4000244140625,106.53750610351562,-28.500001907348633
1773049199427882000,40.90688208007813,-263.4375,106.7437515258789,-28.443750381469727
1773049199437882000,40.916882080078125,-263.1937561035156,106.78125762939453,-28.406251907348633
1773049199447882000,40.92688208007812,-262.9125061035156,106.68750762939453,-28.406251907348633
1773049199457882000,40.93688208007813,-262.6875,106.63125610351562,-28.70625114440918
1773049199467882000,40.946882080078126,-262.8187561035156,106.53750610351562,-28.818750381469727
1773049199477882000,40.956882080078124,-262.9312744140625,106.8375015258789,-28.462501525878906
1773049199487882000,40.96688208007812,-262.6312561035156,106.89375305175781,-28.293750762939453
1773049199497882000,40.97688208007813,-262.57501220703125,107.0250015258789,-28.312501907348633
1773049199507882000,40.986882080078125,-262.4437561035156,107.06250762939453,-28.406251907348633
1773049199517882000,40.99688208007812,-262.76251220703125,107.43750762939453,-28.443750381469727
1773049199527882000,41.00688208007813,-263.0250244140625,107.51250457763672,-28.275001525878906
1773049199537882000,41.016882080078126,-263.32501220703125,107.56875610351562,-28.443750381469727
1773049199547882000,41.026882080078124,-263.15625,107.51250457763672,-28.14375114440918
1773049199557882000,41.03688208007812,-263.1000061035156,107.36250305175781,-28.481250762939453
1773049199567882000,41.04688208007813,-263.0625,107.25000762939453,-28.837501525878906
1773049199577882000,41.056882080078125,-263.32501220703125,107.17500305175781,-28.98750114440918
1773049199587882000,41.06688208007812,-263.25,107.00625610351562,-29.306251525878906
1773049199597882000,41.07688208007813,-263.1750183105469,106.70625305175781,-29.625001907348633
1773049199607882000,41.08688208007813,-263.32501220703125,106.98750305175781,-29.662500381469727
1773049199617882000,41.096882080078124,-263.2125244140625,106.87500762939453,-29.606250762939453
1773049199627882000,41.10688208007812,-263.4375,106.81875610351562,-29.92500114440918
1773049199637882000,41.11688208007813,-263.625,106.61250305175781,-29.775001525878906
1773049199647882000,41.126882080078126,-263.3625183105469,106.61250305175781,-29.64375114440918
1773049199657882000,41.136882080078124,-263.4562683105469,106.40625762939453,-29.850000381469727
1773049199667882000,41.14688208007812,-263.6812744140625,106.29375457763672,-29.625001907348633
1773049199677882000,41.15688208007813,-263.9250183105469,106.35000610351562,-29.437501907348633
1773049199687882000,41.166882080078125,-264.0187683105469,106.21875762939453,-29.906251907348633
1773049199697882000,41.17688208007812,-264.16876220703125,106.1812515258789,-29.906251907348633
1773049199707882000,41.18688208007813,-263.9437561035156,106.29375457763672,-29.906251907348633
1773049199717882000,41.196882080078126,-263.5500183105469,106.33125305175781,-30.093751907348633
1773049199727882000,41.206882080078124,-263.98126220703125,106.42500305175781,-30.093751907348633
1773049199737882000,41.21688208007812,-263.71875,106.53750610351562,-29.793750762939453
1773049199747882000,41.22688208007813,-263.4750061035156,106.76250457763672,-29.83125114440918
1773049199757882000,41.236882080078125,-263.3062744140625,106.59375762939453,-29.775001525878906
1773049199767882000,41.24688208007812,-263.1937561035156,106.63125610351562,-29.531251907348633
1773049199777882000,41.25688208007813,-263.1187744140625,106.76250457763672,-29.587501525878906
1773049199787882000,41.266882080078126,-263.15625,106.9312515258789,-29.587501525878906
1773049199797882000,41.276882080078124,-263.1187744140625,107.08125305175781,-29.55000114440918
1773049199807882000,41.28688208007812,-263.0625,107.08125305175781,-29.662500381469727
1773049199817882000,41.29688208007813,-263.2125244140625,107.25000762939453,-29.718751907348633
1773049199827882000,41.306882080078125,-263.4000244140625,107.38125610351562,-29.55000114440918
1773049199837882000,41.31688208007812,-263.4750061035156,107.36250305175781,-29.662500381469727
1773049199847882000,41.32688208007813,-263.2687683105469,107.41875457763672,-29.493751525878906
1773049199857882000,41.33688208007813,-262.9875183105469,107.25000762939453,-29.36250114440918
1773049199867882000,41.346882080078124,-263.1750183105469,107.38125610351562,-29.55000114440918
1773049199877882000,41.35688208007812,-263.41876220703125,107.6812515258789,-29.662500381469727
1773049199887882000,41.36688208007813,-263.2125244140625,107.9625015258789,-29.512500762939453
1773049199897882000,41.376882080078126,-263.2687683105469,107.88750457763672,-29.756250381469727
1773049199907882000,41.386882080078124,-263.2125244140625,107.73750305175781,-29.681251525878906
1773049199917882000,41.39688208007812,-263.23126220703125,108.00000762939453,-29.718751907348633
1773049199927882000,41.40688208007813,-263.4750061035156,107.8687515258789,-29.850000381469727
1773049199937882000,41.416882080078125,-263.625,107.81250762939453,-29.981250762939453
1773049199947882000,41.42688208007812,-263.41876220703125,107.55000305175781,-29.868751525878906
1773049199957882000,41.43688208007813,-263.4562683105469,107.60625457763672,-29.718751907348633
1773049199967882000,41.446882080078126,-264,107.60625457763672,-29.868751525878906
1773049199977882000,41.456882080078124,-263.9437561035156,107.9625015258789,-29.943750381469727
1773049199987882000,41.46688208007812,-264.1312561035156,108.09375762939453,-30.131250381469727
1773049199997882000,41.47688208007813,-264.1500244140625,108.30000305175781,-29.793750762939453
1773049200007882000,41.486882080078125,-264.1875,108.39375305175781,-29.73750114440918
1773049200017882000,41.49688208007812,-264.5062561035156,108.50625610351562,-29.55000114440918
1773049200027882000,41.50688208007813,-264.84375,108.5250015258789,-29.662500381469727
1773049200037882000,41.516882080078126,-264.82501220703125,108.45000457763672,-29.568750381469727
1773049200047882000,41.526882080078124,-264.4312744140625,108.48750305175781,-29.325000762939453
1773049200057882000,41.53688208007812,-264.6187744140625,108.28125762939453,-29.17500114440918
1773049200067882000,41.54688208007813,-264.3187561035156,108.07500457763672,-29.100000381469727
1773049200077882000,41.556882080078125,-264.35626220703125,108.07500457763672,-29.325000762939453
1773049200087882000,41.56688208007812,-264.4125061035156,108.0562515258789,-29.343751907348633
1773049200097882000,41.57688208007813,-264.2250061035156,108.1500015258789,-29.193750381469727
1773049200107882000,41.58688208007813,-264.2250061035156,108.18750762939453,-29.062501907348633
1773049200117882000,41.596882080078124,-264.3375244140625,108.13125610351562,-29.100000381469727
1773049200127882000,41.60688208007812,-264.3375244140625,107.90625762939453,-29.156251907348633
1773049200137882000,41.61688208007813,-264.1312561035156,107.75625610351562,-29.043750762939453
1773049200147882000,41.626882080078126,-264.3000183105469,107.81250762939453,-29.212501525878906
1773049200157882000,41.636882080078124,-264.2437744140625,107.85000610351562,-29.025001525878906
1773049200167882000,41.64688208007812,-264.2437744140625,107.8687515258789,-29.231250762939453
1773049200177882000,41.65688208007813,-264.54376220703125,107.88750457763672,-29.512500762939453
1773049200187882000,41.666882080078125,-264.3375244140625,107.79375457763672,-29.531251907348633
1773049200197882000,41.67688208007812,-264.2062683105469,107.70000457763672,-29.36250114440918
1773049200207882000,41.68688208007813,-264.4125061035156,107.64375305175781,-29.475000381469727
1773049200217882000,41.696882080078126,-264.6187744140625,107.7750015258789,-29.700000762939453
1773049200227882000,41.706882080078124,-264.9375,107.73750305175781,-29.73750114440918
1773049200237882000,41.71688208007812,-264.9937744140625,107.45625305175781,-30.093751907348633
1773049200247882000,41.72688208007813,-264.9000244140625,107.75625610351562,-29.812501907348633
1773049200257882000,41.736882080078125,-264.6187744140625,108.01875305175781,-29.606250762939453
1773049200267882000,41.74688208007812,-264.5812683105469,108.03750610351562,-29.718751907348633
1773049200277882000,41.75688208007813,-264.75,107.9625015258789,-29.943750381469727
1773049200287882000,41.766882080078126,-264.73126220703125,108.28125762939453,-30.000001907348633
1773049200297882000,41.776882080078124,-264.6187744140625,108.35625457763672,-29.812501907348633
1773049200307882000,41.78688208007812,-264.4312744140625,108.58125305175781,-29.718751907348633
1773049200317882000,41.79688208007813,-264.3937683105469,108.46875762939453,-29.681251525878906
1773049200327882000,41.806882080078125,-264.2062683105469,108.03750610351562,-29.906251907348633
1773049200337882000,41.81688208007812,-264.2437744140625,107.92500305175781,-29.943750381469727
1773049200347882000,41.82688208007813,-264.54376220703125,108.0562515258789,-29.981250762939453
1773049200357882000,41.83688208007813,-264.2250061035156,108.01875305175781,-29.981250762939453
1773049200367882000,41.846882080078124,-264.2250061035156,107.88750457763672,-30.093751907348633
1773049200377882000,41.85688208007812,-264.1125183105469,107.7750015258789,-30.262500762939453
1773049200387882000,41.86688208007813,-263.88751220703125,107.88750457763672,-30.243751525878906
1773049200397882000,41.876882080078126,-263.9250183105469,108.03750610351562,-30.093751907348633
1773049200407882000,41.886882080078124,-264.26251220703125,108.2437515258789,-29.92500114440918
1773049200417882000,41.89688208007812,-264.4875183105469,108.22500610351562,-30.11250114440918
1773049200427882000,41.90688208007813,-264.28125,108.48750305175781,-29.868751525878906
1773049200437882000,41.916882080078125,-264.5625,108.67500305175781,-29.962501525878906
1773049200447882000,41.92688208007812,-264.6000061035156,108.5250015258789,-29.812501907348633
1773049200457882000,41.93688208007813,-264.6750183105469,108.60000610351562,-29.718751907348633
1773049200467882000,41.946882080078126,-264.7125244140625,108.54375457763672,-29.662500381469727
1773049200477882000,41.956882080078124,-264.75,108.88125610351562,-29.625001907348633
1773049200487882000,41.96688208007812,-264.75,109.05000305175781,-29.756250381469727
1773049200497882000,41.97688208007813,-264.7125244140625,108.95625305175781,-29.681251525878906
1773049200507882000,41.986882080078125,-264.75,108.93750762939453,-29.681251525878906
1773049200517882000,41.99688208007812,-264.6750183105469,109.01250457763672,-29.625001907348633
1773049200537882000,42.016882080078126,-264.45001220703125,108.7125015258789,-30.093751907348633
1773049200547882000,42.026882080078124,-264.84375,108.58125305175781,-30.187501907348633
1773049200557882000,42.03688208007812,-264.9937744140625,108.46875762939453,-30.375001907348633
1773049200567882000,42.04688208007813,-264.7875061035156,108.30000305175781,-30.375001907348633
1773049200577882000,42.056882080078125,-264.6750183105469,108.2437515258789,-30.48750114440918
1773049200587882000,42.06688208007812,-264.3375244140625,107.88750457763672,-30.67500114440918
1773049200597882000,42.07688208007813,-264.5062561035156,108.01875305175781,-30.562501907348633
1773049200607882000,42.08688208007813,-264.82501220703125,108.16875457763672,-30.787500381469727
1773049200617882000,42.096882080078124,-264.8062744140625,108.39375305175781,-30.39375114440918
1773049200627882000,42.10688208007812,-264.65625,108.18750762939453,-30.412500381469727
1773049200637882000,42.11688208007813,-264.5062561035156,107.79375457763672,-30.637500762939453
1773049200647882000,42.126882080078126,-264.54376220703125,107.88750457763672,-30.58125114440918
1773049200657882000,42.136882080078124,-264.5250244140625,108.01875305175781,-30.543750762939453
1773049200667882000,42.14688208007812,-264.7125244140625,108.46875762939453,-30.450000762939453
1773049200677882000,42.15688208007813,-264.1500244140625,108.22500610351562,-30.506250381469727
1773049200687882000,42.166882080078125,-263.79376220703125,108.2437515258789,-30.243751525878906
1773049200697882000,42.17688208007812,-264,108.67500305175781,-30.262500762939453
1773049200707882000,42.18688208007813,-264.1500244140625,108.78750610351562,-30.356250762939453
1773049200717882000,42.196882080078126,-264.1875,108.8062515258789,-30.056251525878906
1773049200727882000,42.206882080078124,-264.35626220703125,108.7125015258789,-30.000001907348633
1773049200737882000,42.21688208007812,-264.1500244140625,108.73125457763672,-30.187501907348633
1773049200747882000,42.22688208007813,-264.35626220703125,108.50625610351562,-30.168750762939453
1773049200757882000,42.236882080078125,-264.9000244140625,108.65625762939453,-30.337501525878906
1773049200767882000,42.24688208007812,-265.125,108.56250762939453,-30.39375114440918
1773049200777882000,42.25688208007813,-264.9750061035156,108.2437515258789,-30.356250762939453
1773049200787882000,42.266882080078126,-264.91876220703125,108.6187515258789,-30.356250762939453
1773049200797882000,42.276882080078124,-264.9000244140625,108.9937515258789,-30.225000381469727
1773049200807882000,42.28688208007812,-264.9000244140625,109.03125762939453,-30.412500381469727
1773049200817882000,42.29688208007813,-265.0875244140625,108.91875457763672,-30.58125114440918
1773049200827882000,42.306882080078125,-265.01251220703125,108.93750762939453,-30.787500381469727
1773049200837882000,42.31688208007812,-264.73126220703125,109.12500762939453,-30.637500762939453
1773049200847882000,42.32688208007813,-264.75,109.1812515258789,-30.656251907348633
1773049200857882000,42.33688208007813,-264.8625183105469,109.16250610351562,-30.750001907348633
1773049200867882000,42.346882080078124,-264.6750183105469,109.12500762939453,-30.67500114440918
1773049200877882000,42.35688208007812,-264.6000061035156,109.16250610351562,-31.012500762939453
1773049200887882000,42.36688208007813,-264.4312744140625,109.21875762939453,-31.14375114440918
1773049200897882000,42.376882080078126,-264.3187561035156,109.33125305175781,-30.95625114440918
1773049200907882000,42.386882080078124,-264.2437744140625,109.1812515258789,-30.993751525878906
1773049200917882000,42.39688208007812,-264.3000183105469,108.93750762939453,-31.087501525878906
1773049200927882000,42.40688208007813,-264.2437744140625,109.25625610351562,-31.125001907348633
1773049200937882000,42.416882080078125,-263.9250183105469,109.31250762939453,-31.05000114440918
1773049200947882000,42.42688208007812,-263.8500061035156,109.33125305175781,-31.012500762939453
1773049200957882000,42.43688208007813,-263.8500061035156,109.01250457763672,-31.012500762939453
1773049200967882000,42.446882080078126,-264,109.20000457763672,-30.918750762939453
1773049200977882000,42.456882080078124,-264.1125183105469,109.3687515258789,-30.787500381469727
1773049200987882000,42.46688208007812,-264.26251220703125,109.72500610351562,-30.806251525878906
1773049200997882000,42.47688208007813,-264.45001220703125,109.7437515258789,-30.787500381469727
1773049201007882000,42.486882080078125,-264.5812683105469,109.48125457763672,-30.900001525878906
1773049201017882000,42.49688208007812,-264.75,109.6500015258789,-30.95625114440918
1773049201027882000,42.50688208007813,-264.9562683105469,109.50000762939453,-31.200000762939453
1773049201037882000,42.516882080078126,-264.9937744140625,109.59375762939453,-31.293750762939453
1773049201047882000,42.526882080078124,-265.0500183105469,109.2750015258789,-31.275001525878906
1773049201057882000,42.53688208007812,-265.03125,109.23750305175781,-31.200000762939453
1773049201067882000,42.54688208007813,-264.91876220703125,109.29375457763672,-31.012500762939453
1773049201077882000,42.556882080078125,-265.01251220703125,109.5562515258789,-31.162500381469727
1773049201087882000,42.56688208007812,-264.75,109.44375610351562,-31.05000114440918
1773049201097882000,42.57688208007813,-264.8812561035156,109.44375610351562,-30.918750762939453
1773049201107882000,42.58688208007813,-265.03125,109.96875762939453,-30.693750381469727
1773049201117882000,42.596882080078124,-265.48126220703125,110.34375762939453,-30.806251525878906
1773049201127882000,42.60688208007812,-265.3500061035156,110.3062515258789,-31.200000762939453
1773049201137882000,42.61688208007813,-265.3500061035156,110.28750610351562,-31.293750762939453
1773049201147882000,42.626882080078126,-265.3125,110.26875305175781,-31.275001525878906
1773049201157882000,42.636882080078124,-265.40625,110.15625762939453,-31.275001525878906
1773049201167882000,42.64688208007812,-265.66876220703125,110.4000015258789,-31.481250762939453
1773049201177882000,42.65688208007813,-265.6312561035156,110.19375610351562,-31.837501525878906
1773049201187882000,42.666882080078125,-265.4250183105469,109.72500610351562,-31.781251907348633
1773049201197882000,42.67688208007812,-264.9000244140625,109.66875457763672,-31.275001525878906
1773049201207882000,42.68688208007813,-264.8625183105469,109.91250610351562,-30.843751907348633
1773049201217882000,42.696882080078126,-265.01251220703125,110.00625610351562,-30.86250114440918
1773049201227882000,42.706882080078124,-265.0500183105469,109.78125762939453,-30.95625114440918
1773049201237882000,42.71688208007812,-264.9562683105469,109.85625457763672,-30.843751907348633
1773049201247882000,42.72688208007813,-265.0687561035156,110.2125015258789,-30.750001907348633
1773049201257882000,42.736882080078125,-264.91876220703125,110.28750610351562,-30.825000762939453
1773049201267882000,42.74688208007812,-264.84375,110.1187515258789,-31.031251907348633
1773049201277882000,42.75688208007813,-264.84375,109.81875610351562,-31.51875114440918
1773049201287882000,42.766882080078126,-264.8625183105469,109.87500762939453,-31.575000762939453
1773049201297882000,42.776882080078124,-264.7125244140625,109.89375305175781,-31.51875114440918
1773049201307882000,42.78688208007812,-264.7125244140625,109.85625457763672,-31.687501907348633
1773049201317882000,42.79688208007813,-264.6750183105469,109.68750762939453,-31.950000762939453
1773049201327882000,42.806882080078125,-264.3375244140625,109.21875762939453,-31.725000381469727
1773049201337882000,42.81688208007812,-264.28125,109.23750305175781,-31.406251907348633
1773049201347882000,42.82688208007813,-264.3000183105469,109.6500015258789,-31.387500762939453
1773049201357882000,42.83688208007813,-264.3375244140625,109.78125762939453,-31.125001907348633
1773049201367882000,42.846882080078124,-264.2250061035156,109.78125762939453,-31.05000114440918
1773049201377882000,42.85688208007812,-264.28125,109.8375015258789,-31.125001907348633
1773049201387882000,42.86688208007813,-264.375,110.08125305175781,-31.312501907348633
1773049201397882000,42.876882080078126,-264.3187561035156,110.3062515258789,-31.125001907348633
1773049201407882000,42.886882080078124,-264.4125061035156,110.38125610351562,-31.125001907348633
1773049201417882000,42.89688208007812,-264.54376220703125,110.5875015258789,-31.312501907348633
1773049201427882000,42.90688208007813,-264.6187744140625,110.64375305175781,-31.33125114440918
1773049201437882000,42.916882080078125,-264.5625,111.00000762939453,-31.368751525878906
1773049201447882000,42.92688208007812,-264.73126220703125,111.03750610351562,-31.406251907348633
1773049201457882000,42.93688208007813,-264.63751220703125,111.00000762939453,-31.14375114440918
1773049201467882000,42.946882080078126,-264.6000061035156,111.03750610351562,-30.731250762939453
1773049201477882000,42.956882080078124,-264.65625,111.22500610351562,-30.86250114440918
1773049201487882000,42.96688208007812,-264.45001220703125,111.46875762939453,-30.881250381469727
1773049201497882000,42.97688208007813,-264.65625,111.22500610351562,-30.918750762939453
1773049201507882000,42.986882080078125,-264.6187744140625,111.01875305175781,-30.937501907348633
1773049201517882000,42.99688208007812,-264.9750061035156,110.75625610351562,-30.918750762939453
1773049201527882000,43.00688208007813,-265.01251220703125,111.09375762939453,-30.881250381469727
1773049201537882000,43.016882080078126,-265.0687561035156,110.8687515258789,-31.368751525878906
1773049201547882000,43.026882080078124,-265.0500183105469,110.47500610351562,-31.593751907348633
1773049201557882000,43.03688208007812,-265.1625061035156,110.1187515258789,-31.406251907348633
1773049201567882000,43.04688208007813,-265.40625,110.23125457763672,-31.293750762939453
1773049201577882000,43.056882080078125,-265.5562744140625,110.56875610351562,-31.218751907348633
1773049201587882000,43.06688208007812,-265.4625244140625,110.45625305175781,-31.162500381469727
1773049201597882000,43.07688208007813,-265.2562561035156,110.64375305175781,-31.275001525878906
1773049201607882000,43.08688208007813,-265.1625061035156,110.41875457763672,-31.23750114440918
1773049201617882000,43.096882080078124,-265.2375183105469,110.64375305175781,-31.200000762939453
1773049201627882000,43.10688208007812,-265.3125,111.2437515258789,-31.218751907348633
1773049201637882000,43.11688208007813,-265.2750244140625,111.5250015258789,-31.42500114440918
1773049201647882000,43.126882080078126,-265.40625,111.20625305175781,-31.556251525878906
1773049201657882000,43.136882080078124,-265.29376220703125,111.22500610351562,-31.406251907348633
1773049201667882000,43.14688208007812,-265.4250183105469,111.73125457763672,-31.33125114440918
1773049201677882000,43.15688208007813,-265.38751220703125,111.8062515258789,-31.387500762939453
1773049201687882000,43.166882080078125,-265.3312683105469,111.67500305175781,-31.481250762939453
1773049201697882000,43.17688208007812,-265.3500061035156,111.50625610351562,-31.42500114440918
1773049201707882000,43.18688208007813,-265.3125,111.37500762939453,-31.312501907348633
1773049201717882000,43.196882080078126,-265.29376220703125,111.3375015258789,-31.106250762939453
1773049201727882000,43.206882080078124,-265.3500061035156,111.48750305175781,-31.481250762939453
1773049201737882000,43.21688208007812,-265.3312683105469,111.13125610351562,-31.837501525878906
1773049201747882000,43.22688208007813,-265.29376220703125,110.56875610351562,-31.950000762939453
1773049201757882000,43.236882080078125,-265.4437561035156,110.4937515258789,-31.762500762939453
1773049201767882000,43.24688208007812,-265.40625,110.73750305175781,-31.650001525878906
1773049201777882000,43.25688208007813,-265.29376220703125,110.85000610351562,-31.537500381469727
1773049201787882000,43.266882080078126,-265.29376220703125,110.71875762939453,-31.80000114440918
1773049201797882000,43.276882080078124,-265.03125,110.64375305175781,-32.00625228881836
1773049201807882000,43.28688208007812,-264.9562683105469,110.62500762939453,-31.687501907348633
1773049201817882000,43.29688208007813,-264.9000244140625,110.85000610351562,-31.556251525878906
1773049201827882000,43.306882080078125,-265.01251220703125,111.03750610351562,-31.556251525878906
1773049201837882000,43.31688208007812,-264.9562683105469,110.79375457763672,-31.818750381469727
1773049201847882000,43.32688208007813,-265.0500183105469,110.71875762939453,-32.00625228881836
1773049201857882000,43.33688208007813,-265.20001220703125,110.75625610351562,-32.0625
1773049201867882000,43.346882080078124,-265.2750244140625,110.92500305175781,-31.875001907348633
1773049201877882000,43.35688208007812,-265.4437561035156,110.90625762939453,-31.537500381469727
1773049201887882000,43.36688208007813,-265.4250183105469,111.00000762939453,-31.537500381469727
1773049201897882000,43.376882080078126,-265.38751220703125,111.4312515258789,-31.443750381469727
1773049201907882000,43.386882080078124,-265.3500061035156,111.69375610351562,-31.350000381469727
1773049201917882000,43.39688208007812,-265.3500061035156,111.95625305175781,-31.162500381469727
1773049201927882000,43.40688208007813,-265.59375,112.03125762939453,-31.087501525878906
1773049201937882000,43.416882080078125,-265.7250061035156,112.3687515258789,-31.293750762939453
1773049201947882000,43.42688208007812,-266.0812683105469,112.80000305175781,-31.368751525878906
1773049201957882000,43.43688208007813,-266.2125244140625,113.25000762939453,-31.856250762939453
1773049201967882000,43.446882080078126,-266.4750061035156,113.23125457763672,-32.306251525878906
1773049201977882000,43.456882080078124,-266.79376220703125,112.78125762939453,-32.45625305175781
1773049201987882000,43.46688208007812,-266.8687744140625,112.95000457763672,-32.70000076293945
1773049201997882000,43.47688208007813,-266.90625,113.2125015258789,-33.03750228881836
1773049202007882000,43.486882080078125,-266.6812744140625,113.43750762939453,-32.92500305175781
1773049202017882000,43.49688208007812,-266.60626220703125,113.47500610351562,-32.56875228881836
1773049202027882000,43.50688208007813,-266.3062744140625,112.78125762939453,-32.56875228881836
1773049202037882000,43.516882080078126,-266.34375,112.5562515258789,-32.04375076293945
1773049202047882000,43.526882080078124,-266.0625,112.95000457763672,-31.725000381469727
1773049202057882000,43.53688208007812,-265.7437744140625,112.9312515258789,-31.687501907348633
1773049202077882000,43.556882080078125,-265.6125183105469,112.85625457763672,-31.406251907348633
1773049202087882000,43.56688208007812,-265.7062683105469,112.95000457763672,-31.668750762939453
1773049202097882000,43.57688208007813,-265.9312744140625,113.13750457763672,-32.118751525878906
1773049202107882000,43.58688208007813,-266.0625,113.88750457763672,-32.26875305175781
1773049202117882000,43.596882080078124,-266.2875061035156,114.37500762939453,-32.75625228881836
1773049202127882000,43.60688208007812,-266.53125,114.39375305175781,-33.01875305175781
1773049202137882000,43.61688208007813,-266.4562683105469,114.75000762939453,-33.01875305175781
1773049202147882000,43.626882080078126,-266.60626220703125,114.86250305175781,-33.056251525878906
1773049202157882000,43.636882080078124,-266.4562683105469,114.69375610351562,-33.13125228881836
1773049202167882000,43.64688208007812,-266.5500183105469,114.6187515258789,-33.01875305175781
1773049202177882000,43.65688208007813,-266.15625,114.7125015258789,-32.775001525878906
1773049202187882000,43.666882080078125,-265.9312744140625,114.67500305175781,-32.64375305175781
1773049202197882000,43.67688208007812,-265.5,114.39375305175781,-32.625
1773049202207882000,43.68688208007813,-265.3312683105469,114.11250305175781,-32.41875076293945
1773049202217882000,43.696882080078126,-265.5375061035156,114.30000305175781,-32.38125228881836
1773049202227882000,43.706882080078124,-265.9875183105469,114.45000457763672,-32.212501525878906
1773049202237882000,43.71688208007812,-266.0812683105469,114.50625610351562,-32.28750228881836
1773049202247882000,43.72688208007813,-266.1000061035156,114.45000457763672,-32.45625305175781
1773049202257882000,43.736882080078125,-266.2687683105469,114.35625457763672,-32.66250228881836
1773049202267882000,43.74688208007812,-266.2875061035156,114.5250015258789,-32.51250076293945
1773049202277882000,43.75688208007813,-266.6625061035156,114.73125457763672,-32.625
1773049202287882000,43.766882080078126,-266.79376220703125,114.86250305175781,-33
1773049202297882000,43.776882080078124,-266.79376220703125,114.67500305175781,-33.26250076293945
1773049202307882000,43.78688208007812,-266.53125,114.67500305175781,-33.375
1773049202317882000,43.79688208007813,-266.8687744140625,115.01250457763672,-33.54375076293945
1773049202327882000,43.806882080078125,-267.2437744140625,115.44375610351562,-33.78750228881836
1773049202337882000,43.81688208007812,-267.5625,115.50000762939453,-33.993751525878906
1773049202347882000,43.82688208007813,-267.73126220703125,115.16250610351562,-34.29375076293945
1773049202357882000,43.83688208007813,-267.5625,115.16250610351562,-34.29375076293945
1773049202367882000,43.846882080078124,-267.5250244140625,115.53750610351562,-34.05000305175781
1773049202377882000,43.85688208007812,-267.6000061035156,115.70625305175781,-34.10625076293945
1773049202387882000,43.86688208007813,-267.4875183105469,115.85625457763672,-34.275001525878906
1773049202397882000,43.876882080078126,-267.16876220703125,115.70625305175781,-34.25625228881836
1773049202407882000,43.886882080078124,-266.90625,115.63125610351562,-34.38750076293945
1773049202417882000,43.89688208007812,-266.8687744140625,115.72500610351562,-34.21875
1773049202427882000,43.90688208007813,-266.8500061035156,115.85625457763672,-34.275001525878906
1773049202437882000,43.916882080078125,-267.0187683105469,115.51875305175781,-34.40625
1773049202447882000,43.92688208007812,-266.7375183105469,115.40625762939453,-34.35000228881836
1773049202457882000,43.93688208007813,-266.32501220703125,115.57500457763672,-34.06875228881836
1773049202467882000,43.946882080078126,-266.2125244140625,115.50000762939453,-34.21875
1773049202477882000,43.956882080078124,-266.1187744140625,115.25625610351562,-34.21875
1773049202487882000,43.96688208007812,-265.6875,115.1812515258789,-33.69375228881836
1773049202497882000,43.97688208007813,-265.1812744140625,115.21875762939453,-33.54375076293945
1773049202507882000,43.986882080078125,-265.10626220703125,115.38750457763672,-33.45000076293945
1773049202517882000,43.99688208007812,-264.91876220703125,115.72500610351562,-33.26250076293945
1773049202527882000,44.00688208007813,-265.1437683105469,115.38750457763672,-33.618751525878906
1773049202537882000,44.016882080078126,-265.6312561035156,115.21875762939453,-33.993751525878906
1773049202547882000,44.026882080078124,-265.59375,115.10625457763672,-33.82500076293945
1773049202557882000,44.03688208007812,-265.7062683105469,115.40625762939453,-33.76875305175781
1773049202567882000,44.04688208007813,-265.8187561035156,115.20000457763672,-34.05000305175781
1773049202577882000,44.056882080078125,-265.9875183105469,114.97500610351562,-34.01250076293945
1773049202587882000,44.06688208007812,-265.875,115.0875015258789,-33.9375
1773049202597882000,44.07688208007813,-265.9875183105469,115.16250610351562,-34.03125
1773049202607882000,44.08688208007813,-265.78125,115.31250762939453,-33.806251525878906
1773049202617882000,44.096882080078124,-265.5562744140625,115.5562515258789,-33.431251525878906
1773049202627882000,44.10688208007812,-265.5187683105469,115.48125457763672,-33.431251525878906
1773049202637882000,44.11688208007813,-265.2750244140625,115.85625457763672,-33.22500228881836
1773049202647882000,44.126882080078126,-265.29376220703125,116.23125457763672,-33.20625305175781
1773049202657882000,44.136882080078124,-265.5187683105469,116.41875457763672,-33.58125305175781
1773049202667882000,44.14688208007812,-265.5,116.17500305175781,-33.69375228881836
1773049202677882000,44.15688208007813,-265.3500061035156,116.17500305175781,-33.78750228881836
1773049202687882000,44.166882080078125,-265.5562744140625,116.60625457763672,-33.806251525878906
1773049202697882000,44.17688208007812,-265.38751220703125,116.53125762939453,-34.20000076293945
1773049202707882000,44.18688208007813,-265.6125183105469,117.00000762939453,-34.20000076293945
1773049202717882000,44.196882080078126,-265.9125061035156,116.5875015258789,-34.556251525878906
1773049202727882000,44.206882080078124,-265.8000183105469,116.5875015258789,-34.66875076293945
1773049202737882000,44.21688208007812,-265.76251220703125,116.6812515258789,-34.59375
1773049202747882000,44.22688208007813,-265.7250061035156,116.73750305175781,-34.931251525878906
1773049202757882000,44.236882080078125,-265.6312561035156,116.55000305175781,-35.0625
1773049202767882000,44.24688208007812,-265.48126220703125,116.3062515258789,-35.23125076293945
1773049202777882000,44.25688208007813,-265.38751220703125,116.1187515258789,-35.38125228881836
1773049202787882000,44.266882080078126,-265.3312683105469,116.00625610351562,-35.53125
1773049202797882000,44.276882080078124,-265.0500183105469,115.95000457763672,-35.775001525878906
1773049202807882000,44.28688208007812,-264.9937744140625,115.70625305175781,-35.71875
1773049202817882000,44.29688208007813,-264.9562683105469,115.59375762939453,-35.85000228881836
1773049202827882000,44.306882080078125,-265.125,115.96875762939453,-35.66250228881836
1773049202837882000,44.31688208007812,-265.01251220703125,116.17500305175781,-35.625
1773049202847882000,44.32688208007813,-265.1812744140625,116.00625610351562,-35.66250228881836
1773049202857882000,44.33688208007813,-265.4437561035156,115.8375015258789,-35.400001525878906
1773049202867882000,44.346882080078124,-265.1812744140625,115.78125762939453,-35.4375
1773049202877882000,44.35688208007812,-265.2562561035156,115.89375305175781,-35.34375
1773049202887882000,44.36688208007813,-265.40625,116.0250015258789,-35.34375
1773049202897882000,44.376882080078126,-264.9750061035156,115.7437515258789,-35.45625305175781
1773049202907882000,44.386882080078124,-264.7687683105469,115.23750305175781,-35.60625076293945
1773049202917882000,44.39688208007812,-264.73126220703125,115.3687515258789,-35.41875076293945
1773049202927882000,44.40688208007813,-264.5812683105469,115.7437515258789,-35.47500228881836
1773049202937882000,44.416882080078125,-264.65625,115.8375015258789,-35.71875
1773049202947882000,44.42688208007812,-264.46875,115.61250305175781,-35.85000228881836
1773049202957882000,44.43688208007813,-264,115.44375610351562,-35.73750305175781
1773049202967882000,44.446882080078126,-263.90625,115.48125457763672,-35.868751525878906
1773049202977882000,44.456882080078124,-264.1500244140625,115.61250305175781,-35.85000228881836
1773049202987882000,44.46688208007812,-264.35626220703125,115.89375305175781,-35.85000228881836
1773049202997882000,44.47688208007813,-264.4312744140625,115.76250457763672,-36.16875076293945
1773049203007882000,44.486882080078125,-264.45001220703125,115.7437515258789,-36.22500228881836
1773049203017882000,44.49688208007812,-264.1312561035156,116.04375457763672,-36.31875228881836
1773049203027882000,44.50688208007813,-264.2437744140625,116.0250015258789,-36.375
1773049203037882000,44.516882080078126,-264.4125061035156,116.13750457763672,-36.50625228881836
1773049203047882000,44.526882080078124,-264.45001220703125,116.17500305175781,-36.69375228881836
1773049203057882000,44.53688208007812,-264.28125,116.32500457763672,-37.06875228881836
1773049203067882000,44.54688208007813,-264.3187561035156,116.23125457763672,-37.181251525878906
1773049203077882000,44.556882080078125,-264.2062683105469,116.23125457763672,-37.125
1773049203087882000,44.56688208007812,-264.35626220703125,116.38125610351562,-37.087501525878906
1773049203097882000,44.57688208007813,-264.375,116.51250457763672,-37.01250076293945
1773049203107882000,44.58688208007813,-264.6000061035156,116.92500305175781,-37.20000076293945
1773049203117882000,44.596882080078124,-264.6937561035156,117.13125610351562,-37.40625
1773049203127882000,44.60688208007812,-264.5250244140625,117.09375762939453,-37.29375076293945
1773049203137882000,44.61688208007813,-264.5812683105469,117.20625305175781,-36.76875305175781
1773049203147882000,44.626882080078126,-264.375,117.4312515258789,-36.75
1773049203157882000,44.636882080078124,-264.5062561035156,117.4312515258789,-36.712501525878906
1773049203167882000,44.64688208007812,-264.26251220703125,117.20625305175781,-36.9375
1773049203177882000,44.65688208007813,-264.2062683105469,117.18750762939453,-36.78750228881836
1773049203187882000,44.666882080078125,-264.09375,117.30000305175781,-36.76875305175781
1773049203197882000,44.67688208007812,-264.09375,117.46875762939453,-36.50625228881836
1773049203207882000,44.68688208007813,-264.09375,117.54375457763672,-36.58125305175781
1773049203217882000,44.696882080078126,-264.09375,117.35625457763672,-36.63750076293945
1773049203227882000,44.706882080078124,-264.1125183105469,117.13125610351562,-36.5625
1773049203237882000,44.71688208007812,-263.9437561035156,117.31875610351562,-36.431251525878906
1773049203247882000,44.72688208007813,-264.0187683105469,117.35625457763672,-36.31875228881836
1773049203257882000,44.736882080078125,-263.9250183105469,117.03750610351562,-36.58125305175781
1773049203267882000,44.74688208007812,-263.7562561035156,116.92500305175781,-35.90625
1773049203277882000,44.75688208007813,-263.8125,117.00000762939453,-36
1773049203287882000,44.766882080078126,-263.8312683105469,117.18750762939453,-35.8125
1773049203297882000,44.776882080078124,-263.98126220703125,117.3375015258789,-35.962501525878906
1773049203307882000,44.78688208007812,-264.0187683105469,117.41250610351562,-36.150001525878906
1773049203317882000,44.79688208007813,-264.1125183105469,117.35625457763672,-36.28125
1773049203327882000,44.806882080078125,-264.1312561035156,117.46875762939453,-36.03750228881836
1773049203337882000,44.81688208007812,-264.54376220703125,117.65625762939453,-36.22500228881836
1773049203347882000,44.82688208007813,-264.9375,117.63750457763672,-36.84375
1773049203357882000,44.83688208007813,-265.5,117.67500305175781,-36.97500228881836
1773049203367882000,44.846882080078124,-265.6125183105469,117.7125015258789,-37.181251525878906
1773049203377882000,44.85688208007812,-265.8375244140625,118.48125457763672,-37.181251525878906
1773049203387882000,44.86688208007813,-266.0250244140625,118.98750305175781,-37.20000076293945
1773049203397882000,44.876882080078126,-266.2875061035156,119.06250762939453,-37.462501525878906
1773049203407882000,44.886882080078124,-266.53125,119.38125610351562,-38.00625228881836
1773049203417882000,44.89688208007812,-266.4375,119.62500762939453,-38.10000228881836
1773049203427882000,44.90688208007813,-266.60626220703125,120.03750610351562,-38.212501525878906
1773049203437882000,44.916882080078125,-266.4750061035156,119.79375457763672,-38.41875076293945
1773049203447882000,44.92688208007812,-266.4750061035156,119.60625457763672,-38.53125
1773049203457882000,44.93688208007813,-265.7437744140625,118.89375305175781,-38.45625305175781
1773049203467882000,44.946882080078126,-265.5375061035156,118.40625762939453,-38.45625305175781
1773049203477882000,44.956882080078124,-265.2750244140625,118.3687515258789,-38.681251525878906
1773049203487882000,44.96688208007812,-264.9375,118.06875610351562,-38.70000076293945
1773049203497882000,44.97688208007813,-264.75,117.86250305175781,-38.51250076293945
1773049203507882000,44.986882080078125,-264.1312561035156,117.86250305175781,-38.34375
1773049203517882000,44.99688208007812,-263.7375183105469,118.29375457763672,-38.23125076293945
1773049203527882000,45.00688208007813,-263.71875,118.5562515258789,-38.13750076293945
1773049203537882000,45.016882080078126,-264.0187683105469,118.51875305175781,-38.4375
1773049203547882000,45.026882080078124,-263.8500061035156,118.7437515258789,-38.55000305175781
1773049203557882000,45.03688208007812,-263.2687683105469,118.8375015258789,-38.34375
1773049203567882000,45.04688208007813,-262.6500244140625,118.78125762939453,-38.15625
1773049203577882000,45.056882080078125,-262.5562744140625,118.98750305175781,-38.08125305175781
1773049203587882000,45.06688208007812,-262.3500061035156,118.70625305175781,-38.118751525878906
1773049203597882000,45.07688208007813,-262.10626220703125,118.29375457763672,-38.26875305175781
1773049203607882000,45.08688208007813,-261.75,118.01250457763672,-38.587501525878906
1773049203617882000,45.096882080078124,-261.6750183105469,118.2750015258789,-38.66250228881836
1773049203627882000,45.10688208007812,-261.54376220703125,118.38750457763672,-38.493751525878906
1773049203637882000,45.11688208007813,-262.1437683105469,118.3687515258789,-38.400001525878906
1773049203647882000,45.126882080078126,-262.6312561035156,118.7437515258789,-38.32500076293945
1773049203657882000,45.136882080078124,-262.5187683105469,118.61250305175781,-38.493751525878906
1773049203667882000,45.14688208007812,-262.5375061035156,118.66875457763672,-38.56875228881836
1773049203677882000,45.15688208007813,-262.5375061035156,118.87500762939453,-38.400001525878906
1773049203687882000,45.166882080078125,-262.5187683105469,119.1187515258789,-38.10000228881836
1773049203697882000,45.17688208007812,-262.3500061035156,119.32500457763672,-38.15625
1773049203707882000,45.18688208007813,-262.0875244140625,119.17500305175781,-38.55000305175781
1773049203717882000,45.196882080078126,-261.75,119.3062515258789,-38.73750305175781
1773049203727882000,45.206882080078124,-261.5812683105469,118.87500762939453,-38.94375228881836
1773049203737882000,45.21688208007812,-261.4125061035156,119.2125015258789,-39.056251525878906
1773049203747882000,45.22688208007813,-261.5062561035156,119.41875457763672,-39.46875
1773049203757882000,45.236882080078125,-261.375,119.53125762939453,-39.48750305175781
1773049203767882000,45.24688208007812,-261.4125061035156,119.4000015258789,-39.75
1773049203777882000,45.25688208007813,-261.2437744140625,119.38125610351562,-39.82500076293945
1773049203787882000,45.266882080078126,-261.6187744140625,119.90625762939453,-39.60000228881836
1773049203797882000,45.276882080078124,-261.8812561035156,120.13125610351562,-39.525001525878906
1773049203807882000,45.28688208007812,-262.1437683105469,120.65625762939453,-39.65625
1773049203817882000,45.29688208007813,-262.38751220703125,120.7125015258789,-39.69375228881836
1773049203827882000,45.306882080078125,-262.6125183105469,120.93750762939453,-39.375
1773049203837882000,45.31688208007812,-262.9125061035156,121.70625305175781,-39.26250076293945
1773049203847882000,45.32688208007813,-262.85626220703125,122.13750457763672,-39.30000305175781
1773049203857882000,45.33688208007813,-263.23126220703125,122.10000610351562,-39.30000305175781
1773049203867882000,45.346882080078124,-263.1000061035156,121.78125762939453,-39.22500228881836
1773049203877882000,45.35688208007812,-262.9875183105469,121.80000305175781,-39.28125
1773049203887882000,45.36688208007813,-262.8000183105469,121.87500762939453,-39.03750228881836
1773049203897882000,45.376882080078126,-262.78125,122.15625762939453,-38.85000228881836
1773049203907882000,45.386882080078124,-262.59375,122.04375457763672,-38.90625
1773049203917882000,45.39688208007812,-262.3125,121.40625762939453,-38.98125076293945
1773049203927882000,45.40688208007813,-262.3125,121.23750305175781,-38.85000228881836
1773049203937882000,45.416882080078125,-261.9375,121.70625305175781,-38.41875076293945
1773049203947882000,45.42688208007812,-262.1625061035156,122.08125305175781,-38.60625076293945
1773049203957882000,45.43688208007813,-262.1625061035156,122.1187515258789,-38.90625
1773049203967882000,45.446882080078126,-262.10626220703125,122.23125457763672,-38.8125
1773049203977882000,45.456882080078124,-262.10626220703125,122.17500305175781,-38.75625228881836
1773049203987882000,45.46688208007812,-262.01251220703125,122.36250305175781,-38.493751525878906
1773049203997882000,45.47688208007813,-262.21875,122.62500762939453,-38.587501525878906
1773049204007882000,45.486882080078125,-262.1437683105469,122.92500305175781,-38.56875228881836
1773049204017882000,45.49688208007812,-262.48126220703125,122.90625762939453,-38.8125
1773049204027882000,45.50688208007813,-262.40625,123.20625305175781,-38.53125
1773049204037882000,45.516882080078126,-262.3312683105469,123.20625305175781,-38.25
1773049204047882000,45.526882080078124,-262.3500061035156,123.0562515258789,-38.493751525878906
1773049204057882000,45.53688208007812,-262.3500061035156,123.26250457763672,-38.587501525878906
1773049204067882000,45.54688208007813,-262.5,123.35625457763672,-38.64375305175781
1773049204077882000,45.556882080078125,-262.4437561035156,123.2437515258789,-38.70000076293945
1773049204087882000,45.56688208007812,-262.6312561035156,123.18750762939453,-38.71875
1773049204097882000,45.57688208007813,-262.48126220703125,123.31875610351562,-38.73750305175781
1773049204107882000,45.58688208007813,-262.3687744140625,123.16875457763672,-38.92500305175781
1773049204117882000,45.596882080078124,-262.57501220703125,123.82500457763672,-39.11250305175781
1773049204127882000,45.60688208007812,-262.6875,124.35000610351562,-39.22500228881836
1773049204137882000,45.61688208007813,-262.7250061035156,124.40625762939453,-39.337501525878906
1773049204147882000,45.626882080078126,-262.6125183105469,124.14375305175781,-39.45000076293945
1773049204157882000,45.636882080078124,-262.85626220703125,124.2750015258789,-39.5625
1773049204167882000,45.64688208007812,-262.8937683105469,124.63125610351562,-39.69375228881836
1773049204177882000,45.65688208007813,-263.0250244140625,124.40625762939453,-39.78750228881836
1773049204187882000,45.666882080078125,-263.13751220703125,124.25625610351562,-39.9375
1773049204197882000,45.67688208007812,-262.8375244140625,123.88125610351562,-39.712501525878906
1773049204207882000,45.68688208007813,-262.9875183105469,123.60000610351562,-39.712501525878906
1773049204217882000,45.696882080078126,-262.8000183105469,123.46875762939453,-39.88125228881836
1773049204227882000,45.706882080078124,-262.8187561035156,123.6187515258789,-39.86250305175781
1773049204237882000,45.71688208007812,-262.8187561035156,123.69375610351562,-39.60000228881836
1773049204247882000,45.72688208007813,-263.1750183105469,123.76875305175781,-39.618751525878906
1773049204257882000,45.736882080078125,-263.34375,123.8062515258789,-39.73125076293945
1773049204267882000,45.74688208007812,-263.3625183105469,123.93750762939453,-39.60000228881836
1773049204277882000,45.75688208007813,-263.4000244140625,123.45000457763672,-39.46875
1773049204287882000,45.766882080078126,-263.0625,123.0562515258789,-39.46875
1773049204297882000,45.776882080078124,-262.9125061035156,123.07500457763672,-38.94375228881836
1773049204307882000,45.78688208007812,-263.0250244140625,122.92500305175781,-38.92500305175781
1773049204317882000,45.79688208007813,-262.59375,122.64375305175781,-39.07500076293945
1773049204327882000,45.806882080078125,-262.0687561035156,122.08125305175781,-38.90625
1773049204337882000,45.81688208007812,-261.6187744140625,121.76250457763672,-38.83125305175781
1773049204347882000,45.82688208007813,-261.28125,121.5562515258789,-38.85000228881836
1773049204357882000,45.83688208007813,-261.3937683105469,121.9312515258789,-38.90625
1773049204367882000,45.846882080078124,-261.26251220703125,121.96875762939453,-39.16875076293945
1773049204377882000,45.85688208007812,-261.3937683105469,121.66875457763672,-39.63750076293945
1773049204387882000,45.86688208007813,-261.1125183105469,121.95000457763672,-39.48750305175781
1773049204397882000,45.876882080078126,-261.2250061035156,122.19375610351562,-39.525001525878906
1773049204407882000,45.886882080078124,-261.07501220703125,122.19375610351562,-39.88125228881836
1773049204417882000,45.89688208007812,-261.1312561035156,122.2125015258789,-40.06875228881836
1773049204427882000,45.90688208007813,-261.0562744140625,122.15625762939453,-40.20000076293945
1773049204437882000,45.916882080078125,-260.7375183105469,121.8375015258789,-40.16250228881836
1773049204447882000,45.92688208007812,-260.8312683105469,122.19375610351562,-39.9375
1773049204457882000,45.93688208007813,-260.90625,122.38125610351562,-39.900001525878906
1773049204467882000,45.946882080078126,-260.9250183105469,122.0250015258789,-40.29375076293945
1773049204477882000,45.956882080078124,-260.53125,121.63125610351562,-40.35000228881836
1773049204487882000,45.96688208007812,-260.34375,121.78125762939453,-40.06875228881836
1773049204497882000,45.97688208007813,-260.25,122.00625610351562,-39.806251525878906
1773049204507882000,45.986882080078125,-260.2687683105469,122.08125305175781,-39.73125076293945
1773049204517882000,45.99688208007812,-260.32501220703125,122.15625762939453,-40.03125
1773049204527882000,46.00688208007813,-260.32501220703125,122.13750457763672,-39.91875076293945
1773049204537882000,46.016882080078126,-260.2687683105469,122.23125457763672,-39.86250305175781
1773049204547882000,46.026882080078124,-260.3062744140625,122.32500457763672,-39.88125228881836
1773049204557882000,46.03688208007812,-260.4375,122.4937515258789,-39.86250305175781
1773049204567882000,46.04688208007813,-260.79376220703125,122.28750610351562,-40.181251525878906
1773049204577882000,46.056882080078125,-260.79376220703125,122.36250305175781,-40.21875
1773049204587882000,46.06688208007812,-260.6812744140625,122.41875457763672,-40.33125305175781
1773049204597882000,46.07688208007813,-260.9250183105469,122.60625457763672,-40.51875305175781
1773049204607882000,46.08688208007813,-260.7750244140625,122.45625305175781,-40.76250076293945
1773049204617882000,46.096882080078124,-260.60626220703125,122.53125762939453,-40.78125
1773049204627882000,46.10688208007812,-260.6437683105469,122.83125305175781,-40.95000076293945
1773049204637882000,46.11688208007813,-260.90625,123.3375015258789,-40.96875
1773049204647882000,46.126882080078126,-260.9437561035156,123.63750457763672,-40.80000305175781
1773049204657882000,46.136882080078124,-261,123.7125015258789,-40.85625076293945
1773049204667882000,46.14688208007812,-261.45001220703125,124.06875610351562,-40.76250076293945
1773049204677882000,46.15688208007813,-261.3000183105469,124.38750457763672,-40.462501525878906
1773049204687882000,46.166882080078125,-261.3937683105469,124.78125762939453,-40.3125
1773049204697882000,46.17688208007812,-261.4125061035156,124.78125762939453,-40.35000228881836
1773049204707882000,46.18688208007813,-261.2062683105469,125.04375457763672,-39.9375
1773049204717882000,46.196882080078126,-261.28125,125.3062515258789,-40.087501525878906
1773049204727882000,46.206882080078124,-261.26251220703125,125.9625015258789,-40.181251525878906
1773049204737882000,46.21688208007812,-261.35626220703125,126.78750610351562,-40.25625228881836
1773049204747882000,46.22688208007813,-261.1500244140625,127.21875762939453,-40.087501525878906
1773049204757882000,46.236882080078125,-261.26251220703125,127.53750610351562,-40.03125
1773049204767882000,46.24688208007812,-261.46875,128.10000610351562,-40.20000076293945
1773049204777882000,46.25688208007813,-261.63751220703125,128.85000610351562,-39.97500228881836
1773049204787882000,46.266882080078126,-261.8625183105469,129.41250610351562,-40.16250228881836
1773049204797882000,46.276882080078124,-261.6750183105469,129.8625030517578,-39.806251525878906
1773049204807882000,46.28688208007812,-261.91876220703125,130.29376220703125,-39.58125305175781
1773049204817882000,46.29688208007813,-262.01251220703125,130.5187530517578,-39.431251525878906
1773049204827882000,46.306882080078125,-262.3312683105469,130.91250610351562,-39.45000076293945
1773049204837882000,46.31688208007812,-262.76251220703125,131.40000915527344,-39.35625076293945
1773049204847882000,46.32688208007813,-262.9875183105469,131.70001220703125,-38.73750305175781
1773049204857882000,46.33688208007813,-263.60626220703125,131.88751220703125,-38.04375076293945
1773049204867882000,46.346882080078124,-264.2250061035156,131.625,-37.23750305175781
1773049204877882000,46.35688208007812,-264.9000244140625,131.0812530517578,-36.41250228881836
1773049204887882000,46.36688208007813,-264.75,130.63125610351562,-35.587501525878906
1773049204897882000,46.376882080078126,-265.3500061035156,130.46250915527344,-34.57500076293945
1773049204907882000,46.386882080078124,-265.7062683105469,130.40625,-33.58125305175781
1773049204917882000,46.39688208007812,-266.0812683105469,130.2375030517578,-32.85000228881836
1773049204927882000,46.40688208007813,-266.4750061035156,129.6750030517578,-32.32500076293945
1773049204937882000,46.416882080078125,-266.53125,129.1125030517578,-32.00625228881836
1773049204947882000,46.42688208007812,-266.3062744140625,129.22500610351562,-31.650001525878906
1773049204957882000,46.43688208007813,-266.4562683105469,129.75,-31.650001525878906
1773049204967882000,46.446882080078126,-267.09375,129.65625,-31.593751907348633
1773049204977882000,46.456882080078124,-267.0375061035156,128.98126220703125,-31.837501525878906
1773049204987882000,46.46688208007812,-267.0375061035156,128.1750030517578,-32.15625
1773049204997882000,46.47688208007813,-266.6812744140625,127.91250610351562,-32.15625
1773049205007882000,46.486882080078125,-266.7562561035156,128.15625,-32.0625
1773049205017882000,46.49688208007812,-266.7375183105469,128.15625,-32.47500228881836
1773049205027882000,46.50688208007813,-266.5875244140625,127.95000457763672,-32.775001525878906
1773049205037882000,46.516882080078126,-266.5875244140625,127.35000610351562,-33.03750228881836
1773049205047882000,46.526882080078124,-266.2687683105469,127.25625610351562,-33.243751525878906
1773049205057882000,46.53688208007812,-266.3625183105469,127.6500015258789,-33.50625228881836
1773049205067882000,46.54688208007813,-266.23126220703125,127.59375762939453,-33.63750076293945
1773049205077882000,46.556882080078125,-266.04376220703125,127.25625610351562,-33.91875076293945
1773049205087882000,46.56688208007812,-265.59375,127.01250457763672,-34.20000076293945
1773049205097882000,46.57688208007813,-265.03125,127.06875610351562,-34.23750305175781
1773049205107882000,46.58688208007813,-265.0875244140625,127.12500762939453,-34.40625
1773049205117882000,46.596882080078124,-264.9750061035156,127.21875762939453,-34.650001525878906
1773049205127882000,46.60688208007812,-264.7687683105469,127.10625457763672,-34.80000305175781
1773049205137882000,46.61688208007813,-264.5812683105469,127.14375305175781,-34.556251525878906
1773049205147882000,46.626882080078126,-264.3187561035156,127.70625305175781,-34.5
1773049205157882000,46.636882080078124,-264.3375244140625,127.91250610351562,-34.368751525878906
1773049205167882000,46.64688208007812,-264.45001220703125,127.81875610351562,-34.29375076293945
1773049205177882000,46.65688208007813,-264.9375,127.80000305175781,-34.33125305175781
1773049205187882000,46.666882080078125,-264.8625183105469,127.81875610351562,-34.087501525878906
1773049205197882000,46.67688208007812,-264.63751220703125,127.68750762939453,-34.01250076293945
1773049205207882000,46.68688208007813,-264.5812683105469,128.04376220703125,-33.712501525878906
1773049205217882000,46.696882080078126,-264.2250061035156,127.53750610351562,-33.95625305175781
1773049205227882000,46.706882080078124,-264.5250244140625,127.4625015258789,-34.29375076293945
1773049205237882000,46.71688208007812,-264.5250244140625,127.7437515258789,-34.20000076293945
1773049205247882000,46.72688208007813,-264.4875183105469,127.95000457763672,-34.38750076293945
1773049205257882000,46.736882080078125,-264.1312561035156,127.9312515258789,-34.368751525878906
1773049205267882000,46.74688208007812,-264.3375244140625,127.89375305175781,-34.743751525878906
1773049205277882000,46.75688208007813,-264.3375244140625,128.30625915527344,-34.63125228881836
1773049205287882000,46.766882080078126,-264.46875,128.32501220703125,-34.743751525878906
1773049205297882000,46.776882080078124,-264.3937683105469,128.75625610351562,-34.6875
1773049205307882000,46.78688208007812,-264.26251220703125,128.71875,-34.38750076293945
1773049205317882000,46.79688208007813,-264.3187561035156,128.70001220703125,-34.556251525878906
1773049205327882000,46.806882080078125,-264.1312561035156,128.77500915527344,-34.57500076293945
1773049205337882000,46.81688208007812,-264.375,128.94375610351562,-34.650001525878906
1773049205347882000,46.82688208007813,-264.5250244140625,129.13125610351562,-34.53750228881836
1773049205357882000,46.83688208007813,-264.65625,129.2062530517578,-34.53750228881836
1773049205367882000,46.846882080078124,-265.0687561035156,129.375,-34.743751525878906
1773049205377882000,46.85688208007812,-265.3312683105469,129.65625,-34.72500228881836
1773049205387882000,46.86688208007813,-265.3312683105469,129.78750610351562,-34.91250228881836
1773049205397882000,46.876882080078126,-265.5187683105469,129.91876220703125,-34.85625076293945
1773049205407882000,46.886882080078124,-265.8937683105469,130.40625,-34.650001525878906
1773049205417882000,46.89688208007812,-265.96875,130.6125030517578,-34.76250076293945
1773049205427882000,46.90688208007813,-265.875,130.6875,-34.6875
1773049205437882000,46.916882080078125,-265.875,130.7062530517578,-34.57500076293945
1773049205447882000,46.92688208007812,-265.6312561035156,131.15625,-34.125
1773049205457882000,46.93688208007813,-265.76251220703125,131.2687530517578,-33.84375
1773049205467882000,46.946882080078126,-266.0625,131.625,-33.35625076293945
1773049205477882000,46.956882080078124,-266.3812561035156,131.53125,-33.07500076293945
1773049205487882000,46.96688208007812,-266.53125,131.40000915527344,-32.625
1773049205497882000,46.97688208007813,-266.79376220703125,131.5500030517578,-31.725000381469727
1773049205507882000,46.986882080078125,-267.1125183105469,131.51251220703125,-31.162500381469727
1773049205517882000,46.99688208007812,-267.46875,131.60626220703125,-30.993751525878906
1773049205527882000,47.00688208007813,-267.6187744140625,131.13751220703125,-30.750001907348633
1773049205537882000,47.016882080078126,-267.91876220703125,131.10000610351562,-30.412500381469727
1773049205547882000,47.026882080078124,-268.0875244140625,131.15625,-29.962501525878906
1773049205557882000,47.03688208007812,-268.1625061035156,131.56875610351562,-29.493751525878906
1773049205567882000,47.04688208007813,-268.1812744140625,131.5500030517578,-29.512500762939453
1773049205577882000,47.056882080078125,-268.2375183105469,131.23126220703125,-29.475000381469727
1773049205587882000,47.06688208007812,-268.0687561035156,131.4562530517578,-29.17500114440918
1773049205597882000,47.07688208007813,-268.03125,131.56875610351562,-28.70625114440918
1773049205607882000,47.08688208007813,-268.10626220703125,131.9250030517578,-28.650001525878906
1773049205617882000,47.096882080078124,-268.4437561035156,131.85000610351562,-28.556251525878906
1773049205627882000,47.10688208007812,-268.3312683105469,131.60626220703125,-28.650001525878906
1773049205637882000,47.11688208007813,-268.38751220703125,131.49375915527344,-28.837501525878906
1773049205647882000,47.126882080078126,-268.6875,131.77500915527344,-28.70625114440918
1773049205657882000,47.136882080078124,-268.6875,132.2062530517578,-28.912500381469727
1773049205667882000,47.14688208007812,-268.96875,132.2062530517578,-29.231250762939453
1773049205677882000,47.15688208007813,-268.85626220703125,132.16876220703125,-29.343751907348633
1773049205687882000,47.166882080078125,-268.7250061035156,132.24375915527344,-29.343751907348633
1773049205697882000,47.17688208007812,-268.4250183105469,132.5812530517578,-29.343751907348633
1773049205707882000,47.18688208007813,-268.4625244140625,132.78750610351562,-29.36250114440918
1773049205717882000,47.196882080078126,-268.29376220703125,132.78750610351562,-29.400001525878906
1773049205727882000,47.206882080078124,-268.10626220703125,132.65625,-29.343751907348633
1773049205737882000,47.21688208007812,-268.3125,132.78750610351562,-29.36250114440918
1773049205747882000,47.22688208007813,-267.9750061035156,132.99375915527344,-29.17500114440918
1773049205757882000,47.236882080078125,-268.0500183105469,133.06875610351562,-29.137500762939453
1773049205767882000,47.24688208007812,-268.3312683105469,132.82501220703125,-29.231250762939453
1773049205777882000,47.25688208007813,-268.125,132.71250915527344,-29.681251525878906
1773049205787882000,47.266882080078126,-268.01251220703125,132.7687530517578,-29.55000114440918
1773049205797882000,47.276882080078124,-267.7125244140625,132.78750610351562,-29.475000381469727
1773049205807882000,47.28688208007812,-267.54376220703125,132.7687530517578,-29.662500381469727
1773049205817882000,47.29688208007813,-267.4312744140625,132.6750030517578,-29.587501525878906
1773049205827882000,47.306882080078125,-267.82501220703125,133.06875610351562,-29.437501907348633
1773049205837882000,47.31688208007812,-267.65625,132.9562530517578,-29.64375114440918
1773049205847882000,47.32688208007813,-267.5250244140625,133.08750915527344,-29.606250762939453
1773049205857882000,47.33688208007813,-267.6000061035156,133.16250610351562,-28.950000762939453
1773049205867882000,47.346882080078124,-267.8625183105469,133.29376220703125,-29.025001525878906
1773049205877882000,47.35688208007812,-268.4625244140625,133.46250915527344,-29.325000762939453
1773049205887882000,47.36688208007813,-268.7250061035156,133.57501220703125,-29.212501525878906
1773049205897882000,47.376882080078126,-268.8000183105469,133.57501220703125,-29.250001907348633
1773049205907882000,47.386882080078124,-268.7250061035156,133.125,-29.250001907348633
1773049205917882000,47.39688208007812,-268.875,133.55625915527344,-28.89375114440918
1773049205927882000,47.40688208007813,-268.8000183105469,133.85626220703125,-28.743751525878906
1773049205937882000,47.416882080078125,-268.96875,133.93125915527344,-29.08125114440918
1773049205947882000,47.42688208007812,-268.95001220703125,134.0625,-29.08125114440918
1773049205957882000,47.43688208007813,-268.5,134.28750610351562,-28.556251525878906
1773049205967882000,47.446882080078126,-268.48126220703125,134.6437530517578,-28.443750381469727
1773049205977882000,47.456882080078124,-268.3312683105469,134.86875915527344,-28.575000762939453
1773049205987882000,47.46688208007812,-268.2562561035156,135.3937530517578,-28.668750762939453
1773049205997882000,47.47688208007813,-268.4437561035156,135.45001220703125,-28.743751525878906
1773049206007882000,47.486882080078125,-268.76251220703125,135.71250915527344,-28.743751525878906
1773049206017882000,47.49688208007812,-268.78125,136.2375030517578,-28.593751907348633
1773049206027882000,47.50688208007813,-268.9312744140625,136.46250915527344,-28.743751525878906
1773049206037882000,47.516882080078126,-269.0250244140625,136.55625915527344,-29.08125114440918
1773049206047882000,47.526882080078124,-269.0250244140625,136.55625915527344,-29.212501525878906
1773049206057882000,47.53688208007812,-268.9875183105469,137.04376220703125,-28.931251525878906
1773049206067882000,47.54688208007813,-269.0812683105469,136.96875,-29.025001525878906
1773049206077882000,47.556882080078125,-269.13751220703125,137.02500915527344,-29.156251907348633
1773049206087882000,47.56688208007812,-269.13751220703125,136.91250610351562,-29.306251525878906
1773049206097882000,47.57688208007813,-269.0250244140625,136.8000030517578,-29.08125114440918
1773049206107882000,47.58688208007813,-268.85626220703125,136.8000030517578,-28.668750762939453
1773049206117882000,47.596882080078124,-268.875,136.81875610351562,-28.61250114440918
1773049206127882000,47.60688208007812,-268.8000183105469,136.66876220703125,-28.500001907348633
1773049206137882000,47.61688208007813,-269.0250244140625,136.4250030517578,-28.500001907348633
1773049206147882000,47.626882080078126,-268.9125061035156,136.48126220703125,-28.51875114440918
1773049206157882000,47.636882080078124,-269.0625,136.5,-28.500001907348633
1773049206167882000,47.64688208007812,-269.1937561035156,136.35000610351562,-28.481250762939453
1773049206177882000,47.65688208007813,-269.0250244140625,136.10626220703125,-28.575000762939453
1773049206187882000,47.666882080078125,-269.0062561035156,135.9562530517578,-28.818750381469727
1773049206197882000,47.67688208007812,-269.1000061035156,135.9562530517578,-28.70625114440918
1773049206207882000,47.68688208007813,-269.2125244140625,136.21875,-28.856250762939453
1773049206217882000,47.696882080078126,-269.0250244140625,136.27500915527344,-28.762500762939453
1773049206227882000,47.706882080078124,-269.0250244140625,136.5,-28.51875114440918
1773049206237882000,47.71688208007812,-268.8937683105469,136.44375610351562,-28.33125114440918
1773049206247882000,47.72688208007813,-268.95001220703125,136.85626220703125,-28.05000114440918
1773049206257882000,47.736882080078125,-269.1750183105469,137.28750610351562,-27.937501907348633
1773049206267882000,47.74688208007812,-269.13751220703125,137.38125610351562,-27.750001907348633
1773049206277882000,47.75688208007813,-269.4562683105469,137.40000915527344,-27.600000381469727
1773049206287882000,47.766882080078126,-269.4937744140625,137.41876220703125,-27.356250762939453
1773049206297882000,47.776882080078124,-269.6812744140625,137.6437530517578,-27.225000381469727
1773049206307882000,47.78688208007812,-270.0562744140625,137.2687530517578,-27.187501907348633
1773049206317882000,47.79688208007813,-270.0375061035156,137.41876220703125,-27.11250114440918
1773049206327882000,47.806882080078125,-269.7750244140625,137.2687530517578,-26.906251907348633
1773049206337882000,47.81688208007812,-270.0187683105469,137.41876220703125,-27.187501907348633
1773049206347882000,47.82688208007813,-270.0375061035156,137.79376220703125,-27.075000762939453
1773049206357882000,47.83688208007813,-269.90625,138.05625915527344,-26.943750381469727
1773049206367882000,47.846882080078124,-269.7750244140625,137.85000610351562,-26.943750381469727
1773049206377882000,47.85688208007812,-269.8125,138.0187530517578,-26.943750381469727
1773049206387882000,47.86688208007813,-269.3812561035156,138.3000030517578,-27.01875114440918
1773049206397882000,47.876882080078126,-269.1000061035156,138.65625,-26.887500762939453
1773049206407882000,47.886882080078124,-269.13751220703125,138.73126220703125,-26.92500114440918
1773049206417882000,47.89688208007812,-268.8937683105469,138.45001220703125,-26.662500381469727
1773049206427882000,47.90688208007813,-269.2125244140625,138.33750915527344,-26.64375114440918
1773049206437882000,47.916882080078125,-269.1000061035156,138.50625610351562,-26.73750114440918
1773049206447882000,47.92688208007812,-269.23126220703125,138.6750030517578,-26.812501907348633
1773049206457882000,47.93688208007813,-269.1937561035156,138.26251220703125,-26.756250381469727
1773049206467882000,47.946882080078126,-269.60626220703125,138.28125,-26.568750381469727
1773049206477882000,47.956882080078124,-269.8312683105469,138.26251220703125,-26.606250762939453
1773049206487882000,47.96688208007812,-269.9250183105469,138.45001220703125,-26.73750114440918
1773049206497882000,47.97688208007813,-269.9437561035156,138.43125915527344,-26.662500381469727
1773049206507882000,47.986882080078125,-269.7750244140625,138.43125915527344,-26.681251525878906
1773049206517882000,47.99688208007812,-270,138.22500610351562,-26.55000114440918
1773049206527882000,48.00688208007813,-269.9625244140625,138.46875,-26.325000762939453
1773049206537882000,48.016882080078126,-269.9437561035156,138.63751220703125,-26.45625114440918
1773049206547882000,48.026882080078124,-269.70001220703125,138.69375610351562,-26.662500381469727
1773049206557882000,48.03688208007812,-269.8312683105469,138.61875915527344,-26.681251525878906
1773049206567882000,48.04688208007813,-269.90625,138.4875030517578,-26.36250114440918
1773049206577882000,48.056882080078125,-270.0187683105469,138.90000915527344,-26.512500762939453
1773049206587882000,48.06688208007812,-270.07501220703125,138.9375,-26.587501525878906
1773049206597882000,48.07688208007813,-269.9437561035156,138.88125610351562,-26.531251907348633
1773049206607882000,48.08688208007813,-269.9437561035156,138.8625030517578,-26.418750762939453
1773049206617882000,48.096882080078124,-270.0375061035156,139.18125915527344,-26.343751907348633
1773049206627882000,48.10688208007812,-269.98126220703125,139.44375610351562,-26.287500381469727
1773049206637882000,48.11688208007813,-270.0375061035156,139.65000915527344,-26.325000762939453
1773049206647882000,48.126882080078126,-269.5875244140625,139.63125610351562,-26.512500762939453
1773049206657882000,48.136882080078124,-269.8125,139.53750610351562,-26.118751525878906
1773049206667882000,48.14688208007812,-269.7750244140625,139.6875,-25.968751907348633
1773049206677882000,48.15688208007813,-269.8125,140.10000610351562,-25.818750381469727
1773049206687882000,48.166882080078125,-269.79376220703125,140.49375915527344,-25.818750381469727
1773049206697882000,48.17688208007812,-269.6437683105469,140.19375610351562,-25.650001525878906
1773049206707882000,48.18688208007813,-269.625,140.0812530517578,-25.687501907348633
1773049206717882000,48.196882080078126,-269.51251220703125,140.13751220703125,-25.350000381469727
1773049206727882000,48.206882080078124,-269.8125,140.5500030517578,-25.05000114440918
1773049206737882000,48.21688208007812,-269.625,140.56875610351562,-25.293750762939453
1773049206747882000,48.22688208007813,-269.7375183105469,140.4562530517578,-25.350000381469727
1773049206757882000,48.236882080078125,-269.4000244140625,140.38125610351562,-25.181251525878906
1773049206767882000,48.24688208007812,-269.51251220703125,140.25,-25.125001907348633
1773049206777882000,48.25688208007813,-269.6812744140625,140.34375,-24.975000381469727
1773049206787882000,48.266882080078126,-269.8687744140625,140.3625030517578,-24.731250762939453
1773049206797882000,48.276882080078124,-269.8687744140625,139.85626220703125,-24.787500381469727
1773049206807882000,48.28688208007812,-269.79376220703125,139.59375,-25.087501525878906
1773049206817882000,48.29688208007813,-269.6437683105469,139.59375,-24.993751525878906
1773049206827882000,48.306882080078125,-269.5687561035156,139.91250610351562,-24.693750381469727
1773049206837882000,48.31688208007812,-269.7750244140625,139.72500610351562,-24.937501907348633
1773049206847882000,48.32688208007813,-269.625,139.3125,-25.200000762939453
1773049206857882000,48.33688208007813,-269.625,139.25625610351562,-25.462501525878906
1773049206867882000,48.346882080078124,-269.6437683105469,139.03125,-25.443750381469727
1773049206877882000,48.35688208007812,-269.7750244140625,139.59375,-25.462501525878906
1773049206887882000,48.36688208007813,-269.6812744140625,139.46250915527344,-25.462501525878906
1773049206897882000,48.376882080078126,-269.8312683105469,139.38751220703125,-25.42500114440918
1773049206907882000,48.386882080078124,-269.71875,139.06875610351562,-25.462501525878906
1773049206917882000,48.39688208007812,-269.8312683105469,139.08750915527344,-25.350000381469727
1773049206927882000,48.40688208007813,-269.90625,139.03125,-24.95625114440918
1773049206937882000,48.416882080078125,-269.8312683105469,139.1437530517578,-24.431251525878906
1773049206947882000,48.42688208007812,-270.1125183105469,139.44375610351562,-24.20625114440918
1773049206957882000,48.43688208007813,-270.375,139.2375030517578,-24.150001525878906
1773049206967882000,48.446882080078126,-270.91876220703125,139.10626220703125,-23.850000381469727
1773049206977882000,48.456882080078124,-270.9562683105469,138.91876220703125,-23.662500381469727
1773049206987882000,48.46688208007812,-271.1812744140625,138.61875915527344,-23.587501525878906
1773049206997882000,48.47688208007813,-271.5562744140625,138.71250915527344,-23.325000762939453
1773049207007882000,48.486882080078125,-271.875,139.01251220703125,-23.118751525878906
1773049207017882000,48.49688208007812,-272.1937561035156,138.97500610351562,-23.306251525878906
1773049207027882000,48.50688208007813,-272.1187744140625,138.60000610351562,-23.25
1773049207037882000,48.516882080078126,-272.2875061035156,138.54376220703125,-23.08125114440918
1773049207047882000,48.526882080078124,-272.4750061035156,138.78750610351562,-22.950000762939453
1773049207057882000,48.53688208007812,-272.71875,139.06875610351562,-22.875
1773049207067882000,48.54688208007813,-272.98126220703125,138.99375915527344,-23.025001525878906
1773049207077882000,48.556882080078125,-272.8125,139.25625610351562,-22.78125
1773049207087882000,48.56688208007812,-273,139.57501220703125,-22.70625114440918
1773049207097882000,48.57688208007813,-273.0187683105469,139.74375915527344,-22.575000762939453
1773049207107882000,48.58688208007813,-273.16876220703125,140.0625,-22.293750762939453
1773049207117882000,48.596882080078124,-273.0187683105469,140.25,-21.975000381469727
1773049207127882000,48.60688208007812,-273.4312744140625,140.4375,-21.5625
1773049207137882000,48.61688208007813,-273.73126220703125,140.4375,-21.1875
1773049207147882000,48.626882080078126,-273.9937744140625,141.05625915527344,-20.36250114440918
1773049207157882000,48.636882080078124,-274.8187561035156,141.4875030517578,-19.70625114440918
1773049207167882000,48.64688208007812,-275.51251220703125,141.73126220703125,-18.787500381469727
1773049207177882000,48.65688208007813,-276.5250244140625,142.10626220703125,-17.381250381469727
1773049207187882000,48.666882080078125,-277.38751220703125,142.3125,-15.543750762939453
1773049207197882000,48.67688208007812,-278.7750244140625,142.3125,-13.406250953674316
1773049207207882000,48.68688208007813,-280.0500183105469,142.2375030517578,-10.5
1773049207217882000,48.696882080078126,-282.45001220703125,142.4250030517578,-6.731250286102295
1773049207227882000,48.706882080078124,-285.5062561035156,142.53750610351562,-2.3625001907348633
1773049207237882000,48.71688208007812,-289.01251220703125,142.27500915527344,2.6812500953674316
1773049207247882000,48.72688208007813,-293.51251220703125,141.99375915527344,8.418750762939453
1773049207257882000,48.736882080078125,-298.40625,141.375,14.925000190734863
1773049207267882000,48.74688208007812,-304.3500061035156,140.79376220703125,21.543750762939453
1773049207277882000,48.75688208007813,-310.6875,140.38125610351562,28.912500381469727
1773049207287882000,48.766882080078126,-317.6437683105469,139.8937530517578,36.41250228881836
1773049207297882000,48.776882080078124,-323.9625244140625,139.29376220703125,43.5
1773049207307882000,48.78688208007812,-329.70001220703125,138.88125610351562,49.593753814697266
1773049207317882000,48.79688208007813,-334.3125,137.86875915527344,54.656253814697266
1773049207327882000,48.806882080078125,-337.9125061035156,137.28750610351562,58.406253814697266
1773049207337882000,48.81688208007812,-340.59375,137.10000610351562,60.69375228881836
1773049207347882000,48.82688208007813,-342.0375061035156,137.0625,62.32500076293945
1773049207357882000,48.83688208007813,-342.1125183105469,137.4562530517578,62.55000305175781
1773049207367882000,48.846882080078124,-340.95001220703125,137.8125,61.406253814697266
1773049207377882000,48.85688208007812,-339.63751220703125,138.28125,59.23125076293945
1773049207387882000,48.86688208007813,-337.875,138.15000915527344,57.07500076293945
1773049207397882000,48.876882080078126,-336.1500244140625,138.50625610351562,54.45000076293945
1773049207407882000,48.886882080078124,-334.01251220703125,138.61875915527344,52.51875305175781
1773049207417882000,48.89688208007812,-332.3062744140625,139.01251220703125,50.70000076293945
1773049207427882000,48.90688208007813,-330.3937683105469,139.7062530517578,48.54375076293945
1773049207437882000,48.916882080078125,-328.95001220703125,140.19375610351562,46.181251525878906
1773049207447882000,48.92688208007812,-327.5625,140.51251220703125,43.81875228881836
1773049207457882000,48.93688208007813,-325.95001220703125,140.34375,42.20625305175781
1773049207467882000,48.946882080078126,-324.1125183105469,140.21250915527344,40.81875228881836
1773049207477882000,48.956882080078124,-322.85626220703125,140.41876220703125,39.75
1773049207487882000,48.96688208007812,-321.75,140.94375610351562,38.66250228881836
1773049207497882000,48.97688208007813,-320.90625,141.54376220703125,37.96875
1773049207507882000,48.986882080078125,-320.51251220703125,141.46875,37.38750076293945
1773049207517882000,48.99688208007812,-319.85626220703125,140.79376220703125,37.20000076293945
1773049207527882000,49.00688208007813,-319.29376220703125,140.3625030517578,37.44375228881836
1773049207537882000,49.016882080078126,-318.9750061035156,140.38125610351562,37.66875076293945
1773049207547882000,49.026882080078124,-319.3312683105469,140.86875915527344,37.85625076293945
1773049207557882000,49.03688208007812,-319.7437744140625,141.3000030517578,38.17500305175781
1773049207567882000,49.04688208007813,-320.3625183105469,141.375,38.38125228881836
1773049207577882000,49.056882080078125,-320.3625183105469,140.66250610351562,38.47500228881836
1773049207587882000,49.06688208007812,-320.7375183105469,140.49375915527344,39.03750228881836
1773049207597882000,49.07688208007813,-321.4125061035156,140.1750030517578,39.78750228881836
1773049207607882000,49.08688208007813,-322.38751220703125,140.56875610351562,40.81875228881836
1773049207617882000,49.096882080078124,-323.625,141.13125610351562,41.868751525878906
1773049207627882000,49.10688208007812,-324.9750061035156,141.3937530517578,43.10625076293945
1773049207637882000,49.11688208007813,-326.34375,140.8312530517578,45.03750228881836
1773049207647882000,49.126882080078126,-327.8625183105469,140.25,46.96875
1773049207657882000,49.136882080078124,-329.70001220703125,139.93125915527344,48.712501525878906
1773049207667882000,49.14688208007812,-331.1437683105469,139.57501220703125,50.64375305175781
1773049207677882000,49.15688208007813,-332.8687744140625,140.38125610351562,52.57500076293945
1773049207687882000,49.166882080078125,-334.29376220703125,140.4375,54.187503814697266
1773049207697882000,49.17688208007812,-335.7375183105469,140.3625030517578,55.743751525878906
1773049207707882000,49.18688208007813,-336.9000244140625,139.875,57.281253814697266
1773049207717882000,49.196882080078126,-337.57501220703125,139.8937530517578,58.181251525878906
1773049207727882000,49.206882080078124,-338.2125244140625,140.13751220703125,59.23125076293945
1773049207737882000,49.21688208007812,-338.7750244140625,140.8125,60.187503814697266
1773049207747882000,49.22688208007813,-339.3375244140625,141.71250915527344,60.76875305175781
1773049207757882000,49.236882080078125,-339.9937744140625,141.6750030517578,61.218753814697266
1773049207767882000,49.24688208007812,-340.6125183105469,141.6750030517578,61.837501525878906
1773049207777882000,49.25688208007813,-340.5,141.375,62.45625305175781
1773049207787882000,49.266882080078126,-340.6312561035156,141.4875030517578,62.60625076293945
1773049207797882000,49.276882080078124,-341.0250244140625,142.18125915527344,62.94375228881836
1773049207807882000,49.28688208007812,-341.2687683105469,142.57501220703125,63.03750228881836
1773049207817882000,49.29688208007813,-341.5875244140625,142.35000610351562,63.26250076293945
1773049207827882000,49.306882080078125,-341.9437561035156,141.69375610351562,63.22500228881836
1773049207837882000,49.31688208007812,-341.625,141.3000030517578,63.20625305175781
1773049207847882000,49.32688208007813,-341.3625183105469,141.03750610351562,63.01875305175781
1773049207857882000,49.33688208007813,-341.60626220703125,141.35626220703125,62.906253814697266
1773049207867882000,49.346882080078124,-341.9250183105469,142.125,63.000003814697266
1773049207877882000,49.35688208007812,-342.1875,142.01251220703125,62.56875228881836
1773049207887882000,49.36688208007813,-342.35626220703125,141.80625915527344,62.19375228881836
1773049207897882000,49.376882080078126,-342.2062683105469,142.06875610351562,61.968753814697266
1773049207907882000,49.386882080078124,-341.90625,142.36875915527344,62.13750076293945
1773049207917882000,49.39688208007812,-342.3937683105469,143.4562530517578,62.41875076293945
1773049207927882000,49.40688208007813,-342.7125244140625,144,62.38125228881836
1773049207937882000,49.416882080078125,-342.73126220703125,144.0187530517578,62.45625305175781
1773049207947882000,49.42688208007812,-342.5250244140625,143.34375,62.28750228881836
1773049207957882000,49.43688208007813,-342.1500244140625,143.4562530517578,62.775001525878906
1773049207967882000,49.446882080078126,-342.2062683105469,144.09375,63.41250228881836
1773049207977882000,49.456882080078124,-342.35626220703125,144.52500915527344,63.63750076293945
1773049207987882000,49.46688208007812,-342.73126220703125,144.63751220703125,63.54375076293945
1773049207997882000,49.47688208007813,-342.7875061035156,143.85000610351562,63.48750305175781
1773049208007882000,49.486882080078125,-342.73126220703125,143.56875610351562,63.712501525878906
1773049208017882000,49.49688208007812,-342.91876220703125,143.94375610351562,63.78750228881836
1773049208027882000,49.50688208007813,-343.1625061035156,144.80625915527344,64.05000305175781
1773049208037882000,49.516882080078126,-343.5187683105469,144.90000915527344,63.97500228881836
1773049208047882000,49.526882080078124,-343.3312683105469,144.54376220703125,63.60000228881836
1773049208057882000,49.53688208007812,-343.4625244140625,144.3000030517578,63.69375228881836
1773049208067882000,49.54688208007813,-343.48126220703125,144.4875030517578,64.06875610351562
1773049208077882000,49.556882080078125,-343.8000183105469,145.125,64.01250457763672
1773049208087882000,49.56688208007812,-344.1187744140625,145.59375,64.20000457763672
1773049208097882000,49.57688208007813,-343.8937683105469,145.18125915527344,64.2750015258789
1773049208107882000,49.58688208007813,-344.04376220703125,144.50625610351562,64.25625610351562
1773049208117882000,49.596882080078124,-344.4000244140625,144.8625030517578,64.59375
1773049208127882000,49.60688208007812,-344.53125,145.40625,64.80000305175781
1773049208137882000,49.61688208007813,-344.32501220703125,145.4250030517578,64.89375305175781
1773049208147882000,49.626882080078126,-344.5500183105469,145.6125030517578,64.89375305175781
1773049208157882000,49.636882080078124,-344.2687683105469,145.7062530517578,65.10000610351562
1773049208167882000,49.64688208007812,-344.23126220703125,145.9875030517578,65.15625
1773049208177882000,49.65688208007813,-344.6625061035156,146.75625610351562,65.28750610351562
1773049208187882000,49.666882080078125,-344.3625183105469,147.16876220703125,65.70000457763672
1773049208197882000,49.67688208007812,-343.8375244140625,147.15000915527344,65.47500610351562
1773049208207882000,49.68688208007813,-344.23126220703125,147.05625915527344,65.3062515258789
1773049208217882000,49.696882080078126,-344.9625244140625,147.73126220703125,65.04375457763672
1773049208227882000,49.706882080078124,-345.1125183105469,147.80625915527344,65.0250015258789
1773049208237882000,49.71688208007812,-345.3187561035156,147.60000610351562,65.2125015258789
1773049208247882000,49.72688208007813,-345.3000183105469,147.33750915527344,65.41875457763672
1773049208257882000,49.736882080078125,-345.4875183105469,146.7375030517578,65.4937515258789
1773049208267882000,49.74688208007812,-345.9375,146.96250915527344,65.17500305175781
1773049208277882000,49.75688208007813,-346.1812744140625,146.68125915527344,65.34375
1773049208287882000,49.766882080078126,-346.03125,146.3625030517578,65.71875
1773049208297882000,49.776882080078124,-345.65625,145.72500610351562,66.22500610351562
1773049208307882000,49.78688208007812,-345.46875,145.83750915527344,66.35625457763672
1773049208317882000,49.79688208007813,-345.28125,145.96875,66.20625305175781
1773049208327882000,49.806882080078125,-345.6187744140625,145.9875030517578,66.01875305175781
1773049208337882000,49.81688208007812,-345.6750183105469,146.3625030517578,66
1773049208347882000,49.82688208007813,-345.73126220703125,146.34375,66.20625305175781
1773049208357882000,49.83688208007813,-345.7687683105469,146.38125610351562,66.20625305175781
1773049208367882000,49.846882080078124,-345.7125244140625,146.88751220703125,66.6187515258789
1773049208377882000,49.85688208007812,-345.7687683105469,147.24375915527344,66.75
1773049208387882000,49.86688208007813,-345.9750061035156,147.3000030517578,66.9000015258789
1773049208397882000,49.876882080078126,-346.1625061035156,147.50625610351562,67.1812515258789
1773049208407882000,49.886882080078124,-345.8625183105469,147.8625030517578,67.42500305175781
1773049208417882000,49.89688208007812,-345.8812561035156,148.1437530517578,67.81875610351562
1773049208427882000,49.90688208007813,-345.6750183105469,148.3125,67.96875
1773049208437882000,49.916882080078125,-345.73126220703125,148.63125610351562,68.19375610351562
1773049208447882000,49.92688208007812,-345.7687683105469,148.6125030517578,68.08125305175781
1773049208457882000,49.93688208007813,-346.0687561035156,148.81875610351562,68.00625610351562
1773049208467882000,49.946882080078126,-346.0687561035156,149.11875915527344,67.98750305175781
1773049208477882000,49.956882080078124,-346.01251220703125,149.68125915527344,67.89375305175781
1773049208487882000,49.96688208007812,-346.21875,149.96250915527344,68.04375457763672
1773049208497882000,49.97688208007813,-346.01251220703125,150.28125,68.36250305175781
1773049208507882000,49.986882080078125,-346.1625061035156,150.65625,68.73750305175781
1773049208517882000,49.99688208007812,-346.4250183105469,151.21875,68.73750305175781
1773049208527882000,50.00688208007813,-346.5,151.44375610351562,68.83125305175781
1773049208537882000,50.016882080078126,-346.125,151.74375915527344,69.2437515258789
1773049208547882000,50.026882080078124,-346.1812744140625,151.83750915527344,69.30000305175781
1773049208557882000,50.03688208007812,-346.0687561035156,151.46250915527344,69.2437515258789
1773049208567882000,50.04688208007813,-345.9750061035156,151.66876220703125,69.20625305175781
1773049208577882000,50.056882080078125,-345.7875061035156,151.91250610351562,68.94375610351562
1773049208587882000,50.06688208007812,-345.9375,152.0625,68.75625610351562
1773049208597882000,50.07688208007813,-345.9375,152.1750030517578,68.75625610351562
1773049208607882000,50.08688208007813,-345.9562683105469,152.7375030517578,68.4375
1773049208617882000,50.096882080078124,-345.75,153.1125030517578,67.96875
1773049208627882000,50.10688208007812,-345.46875,153.15000915527344,67.5
1773049208637882000,50.11688208007813,-345.2250061035156,153.4875030517578,67.57500457763672
1773049208647882000,50.126882080078126,-344.90625,153.7687530517578,67.16250610351562
1773049208657882000,50.136882080078124,-344.8312683105469,153.80625915527344,66.84375
1773049208667882000,50.14688208007812,-344.5687561035156,154.125,66.5625
1773049208677882000,50.15688208007813,-344.1000061035156,154.16250610351562,66.35625457763672
1773049208687882000,50.166882080078125,-343.76251220703125,154.01251220703125,66.2437515258789
1773049208697882000,50.17688208007812,-344.0062561035156,154.10626220703125,66.0562515258789
1773049208707882000,50.18688208007813,-343.8000183105469,154.48126220703125,66.3375015258789
1773049208717882000,50.196882080078126,-343.6125183105469,154.78125,66.20625305175781
1773049208727882000,50.206882080078124,-343.40625,154.9875030517578,66.16875457763672
1773049208737882000,50.21688208007812,-343.3312683105469,155.0625,65.73750305175781
1773049208747882000,50.22688208007813,-343.1437683105469,155.00625610351562,65.64375305175781
1773049208757882000,50.236882080078125,-342.9750061035156,155.11875915527344,65.4375
1773049208767882000,50.24688208007812,-342.6187744140625,155.32501220703125,65.25
1773049208777882000,50.25688208007813,-342,155.25,65.19375610351562
1773049208787882000,50.266882080078126,-341.6625061035156,155.30625915527344,64.98750305175781
1773049208807882000,50.28688208007812,-341.60626220703125,155.32501220703125,64.80000305175781
1773049208817882000,50.29688208007813,-341.4000244140625,155.32501220703125,64.9312515258789
1773049208827882000,50.306882080078125,-341.04376220703125,155.34375,64.78125
1773049208837882000,50.31688208007812,-340.7437744140625,155.41876220703125,64.70625305175781
1773049208847882000,50.32688208007813,-340.7250061035156,155.32501220703125,64.7437515258789
1773049208857882000,50.33688208007813,-340.78125,155.3625030517578,64.5
1773049208867882000,50.346882080078124,-340.8000183105469,155.4375,64.25625610351562
1773049208877882000,50.35688208007812,-340.4250183105469,155.40000915527344,64.20000457763672
1773049208887882000,50.36688208007813,-340.1437683105469,155.40000915527344,64.01250457763672
1773049208897882000,50.376882080078126,-339.9750061035156,155.625,63.843753814697266
1773049208907882000,50.386882080078124,-340.01251220703125,156,63.78750228881836
1773049208917882000,50.39688208007812,-339.9937744140625,156.33750915527344,63.843753814697266
1773049208927882000,50.40688208007813,-340.01251220703125,156.43125915527344,63.562503814697266
1773049208937882000,50.416882080078125,-340.01251220703125,156.46875,63.91875076293945
1773049208947882000,50.42688208007812,-339.9937744140625,156.5625,64.14375305175781
1773049208957882000,50.43688208007813,-339.9937744140625,156.61875915527344,64.10625457763672
1773049208967882000,50.446882080078126,-340.5375061035156,156.82501220703125,63.900001525878906
1773049208977882000,50.456882080078124,-340.7250061035156,156.5812530517578,64.01250457763672
1773049208987882000,50.46688208007812,-340.5375061035156,156.05625915527344,63.88125228881836
1773049208997882000,50.47688208007813,-340.3125,155.15625,64.16250610351562
1773049209007882000,50.486882080078125,-340.20001220703125,154.65000915527344,64.40625
1773049209017882000,50.49688208007812,-340.01251220703125,154.3125,64.35000610351562
1773049209027882000,50.50688208007813,-339.6937561035156,153.73126220703125,64.38750457763672
1773049209037882000,50.516882080078126,-339.46875,153.24375915527344,64.61250305175781
1773049209047882000,50.526882080078124,-338.9250183105469,152.56875610351562,65.0250015258789
1773049209057882000,50.53688208007812,-338.5500183105469,152.13751220703125,65.10000610351562
1773049209067882000,50.54688208007813,-338.625,152.0625,65.41875457763672
1773049209077882000,50.556882080078125,-338.8125,152.19375610351562,65.5875015258789
1773049209087882000,50.56688208007812,-338.98126220703125,152.00625610351562,65.85000610351562
1773049209097882000,50.57688208007813,-339.375,151.78125,65.9625015258789
1773049209107882000,50.58688208007813,-339.8625183105469,151.74375915527344,66.1875
1773049209117882000,50.596882080078124,-340.29376220703125,151.6875,66.50625610351562
1773049209127882000,50.60688208007812,-340.7437744140625,151.85626220703125,66.88125610351562
1773049209137882000,50.61688208007813,-341.0625,151.96875,67.35000610351562
1773049209147882000,50.626882080078126,-341.1750183105469,151.81875610351562,67.89375305175781
1773049209157882000,50.636882080078124,-341.53125,152.02500915527344,68.23125457763672
1773049209167882000,50.64688208007812,-341.625,152.13751220703125,68.53125
1773049209177882000,50.65688208007813,-341.98126220703125,152.3625030517578,68.98125457763672
1773049209187882000,50.666882080078125,-342.35626220703125,152.47500610351562,69.1875
1773049209197882000,50.67688208007812,-342.9375,152.56875610351562,69.54375457763672
1773049209207882000,50.68688208007813,-343.125,152.5500030517578,69.54375457763672
1773049209217882000,50.696882080078126,-343.4250183105469,152.625,69.78750610351562
1773049209227882000,50.706882080078124,-343.6312561035156,152.79376220703125,69.78750610351562
1773049209237882000,50.71688208007812,-343.85626220703125,152.58750915527344,69.60000610351562
1773049209247882000,50.72688208007813,-344.1937561035156,153.09375,69.69375610351562
1773049209257882000,50.736882080078125,-344.0812683105469,153.24375915527344,69.6187515258789
1773049209267882000,50.74688208007812,-343.9312744140625,153.26251220703125,69.5625
1773049209277882000,50.75688208007813,-343.4250183105469,153.60000610351562,69.41250610351562
1773049209287882000,50.766882080078126,-343.6500244140625,153.61875915527344,69.60000610351562
1773049209297882000,50.776882080078124,-343.57501220703125,153.82501220703125,69.45000457763672
1773049209307882000,50.78688208007812,-343.85626220703125,153.88125610351562,69.35625457763672
1773049209317882000,50.79688208007813,-343.9312744140625,154.21875,69.26250457763672
1773049209327882000,50.806882080078125,-343.6125183105469,154.0500030517578,69.16875457763672
1773049209337882000,50.81688208007812,-343.3687744140625,153.91876220703125,69.0562515258789
1773049209347882000,50.82688208007813,-343.40625,153.91876220703125,69.09375
1773049209357882000,50.83688208007813,-343.3125,153.7687530517578,68.90625
1773049209367882000,50.846882080078124,-343.0500183105469,153.9562530517578,68.83125305175781
1773049209377882000,50.85688208007812,-342.91876220703125,153.69375610351562,68.32500457763672
1773049209387882000,50.86688208007813,-342.5250244140625,153.9562530517578,67.6875
1773049209397882000,50.876882080078126,-341.88751220703125,153.6750030517578,67.14375305175781
1773049209407882000,50.886882080078124,-341.5500183105469,153.43125915527344,66.6187515258789
1773049209417882000,50.89688208007812,-341.23126220703125,153.50625610351562,66.39375305175781
1773049209427882000,50.90688208007813,-340.8000183105469,153.78750610351562,65.7750015258789
1773049209437882000,50.916882080078125,-340.40625,153.90000915527344,65.19375610351562
1773049209447882000,50.92688208007812,-339.6937561035156,153.41250610351562,64.53750610351562
1773049209457882000,50.93688208007813,-339.0562744140625,153.22500610351562,64.40625
1773049209467882000,50.946882080078126,-338.7375183105469,153.1875,64.72500610351562
1773049209477882000,50.956882080078124,-338.70001220703125,153.31875610351562,64.98750305175781
1773049209487882000,50.96688208007812,-338.53125,153.3000030517578,64.57500457763672
1773049209497882000,50.97688208007813,-338.0625,153.0187530517578,64.20000457763672
1773049209507882000,50.986882080078125,-337.5375061035156,152.4375,64.06875610351562
1773049209517882000,50.99688208007812,-337.5,152.25,63.937503814697266
1773049209527882000,51.00688208007813,-337.21875,152.47500610351562,63.86250305175781
1773049209537882000,51.016882080078126,-337.5187683105469,152.7375030517578,63.750003814697266
1773049209547882000,51.026882080078124,-337.2750244140625,152.23126220703125,63.243751525878906
1773049209557882000,51.03688208007812,-336.8625183105469,151.83750915527344,63.03750228881836
1773049209567882000,51.04688208007813,-336.75,151.96875,63.187503814697266
1773049209577882000,51.056882080078125,-337.10626220703125,152.2687530517578,63.26250076293945
1773049209587882000,51.06688208007812,-337.3500061035156,152.6437530517578,63.41250228881836
1773049209597882000,51.07688208007813,-337.2375183105469,152.625,63.69375228881836
1773049209607882000,51.08688208007813,-337.5,152.53125,63.78750228881836
1773049209617882000,51.096882080078124,-337.4250183105469,152.71875,64.06875610351562
1773049209627882000,51.10688208007812,-337.4437561035156,153.43125915527344,64.33125305175781
1773049209637882000,51.11688208007813,-337.7062683105469,154.125,64.40625
1773049209647882000,51.126882080078126,-338.13751220703125,154.3125,64.2750015258789
1773049209657882000,51.136882080078124,-338.04376220703125,154.27500915527344,64.23750305175781
1773049209667882000,51.14688208007812,-338.13751220703125,154.6125030517578,64.38750457763672
1773049209677882000,51.15688208007813,-338.7375183105469,155.0812530517578,64.5562515258789
1773049209687882000,51.166882080078125,-339,155.49375915527344,64.48125457763672
1773049209697882000,51.17688208007812,-339.3187561035156,155.23126220703125,64.01250457763672
1773049209707882000,51.18688208007813,-339.45001220703125,154.95001220703125,64.23750305175781
1773049209717882000,51.196882080078126,-339.6000061035156,155.04376220703125,64.20000457763672
1773049209727882000,51.206882080078124,-339.3187561035156,155.32501220703125,64.61250305175781
1773049209737882000,51.21688208007812,-339.2062683105469,155.10000610351562,64.80000305175781
1773049209747882000,51.22688208007813,-338.98126220703125,154.36875915527344,64.6875
1773049209757882000,51.236882080078125,-338.4937744140625,153.90000915527344,64.35000610351562
1773049209767882000,51.24688208007812,-338.15625,153.69375610351562,64.2750015258789
1773049209777882000,51.25688208007813,-337.76251220703125,153.63751220703125,64.4625015258789
1773049209787882000,51.266882080078126,-337.76251220703125,153.3937530517578,64.01250457763672
1773049209797882000,51.276882080078124,-337.5375061035156,152.71875,63.76875305175781
1773049209807882000,51.28688208007812,-337.59375,152.21250915527344,63.656253814697266
1773049209817882000,51.29688208007813,-337.66876220703125,152.58750915527344,63.69375228881836
1773049209827882000,51.306882080078125,-337.6875,152.85000610351562,63.78750228881836
1773049209837882000,51.31688208007812,-337.7062683105469,152.8125,64.06875610351562
1773049209847882000,51.32688208007813,-337.8000183105469,152.60626220703125,64.20000457763672
1773049209857882000,51.33688208007813,-338.04376220703125,152.9250030517578,64.38750457763672
1773049209867882000,51.346882080078124,-338.2687683105469,153.375,64.5
1773049209877882000,51.35688208007812,-338.4375,153.9375,64.875
1773049209887882000,51.36688208007813,-338.4750061035156,154.10626220703125,64.9312515258789
1773049209897882000,51.376882080078126,-338.7375183105469,153.99375915527344,64.96875
1773049209907882000,51.386882080078124,-338.9250183105469,154.3125,65.0250015258789
1773049209917882000,51.39688208007812,-339.2437744140625,154.66876220703125,64.85625457763672
1773049209927882000,51.40688208007813,-339.4125061035156,154.74375915527344,64.875
1773049209937882000,51.416882080078125,-339.3375244140625,154.38751220703125,64.89375305175781
1773049209947882000,51.42688208007812,-338.98126220703125,153.78750610351562,65.10000610351562
1773049209957882000,51.43688208007813,-339.16876220703125,153.45001220703125,65.15625
1773049209967882000,51.446882080078126,-339.0187683105469,153.26251220703125,65.2125015258789
1773049209977882000,51.456882080078124,-338.6437683105469,153.09375,65.1187515258789
1773049209987882000,51.46688208007812,-338.7375183105469,152.60626220703125,65.04375457763672
1773049209997882000,51.47688208007813,-338.34375,152.28750610351562,65.38125610351562
1773049210007882000,51.486882080078125,-338.4750061035156,152.15625,65.4375
1773049210017882000,51.49688208007812,-338.6437683105469,152.0625,65.55000305175781
1773049210027882000,51.50688208007813,-338.79376220703125,151.9875030517578,65.4000015258789
1773049210037882000,51.516882080078126,-338.4562683105469,151.81875610351562,65.45625305175781
1773049210047882000,51.526882080078124,-338.4937744140625,151.83750915527344,65.56875610351562
1773049210057882000,51.53688208007812,-339.0187683105469,151.7062530517578,65.64375305175781
1773049210067882000,51.54688208007813,-338.9625244140625,151.74375915527344,65.79375457763672
1773049210077882000,51.556882080078125,-339.07501220703125,151.46250915527344,65.6812515258789
1773049210087882000,51.56688208007812,-339,151.63125610351562,66.09375
1773049210097882000,51.57688208007813,-339.0562744140625,151.96875,66.30000305175781
1773049210107882000,51.58688208007813,-339.3937683105469,152.1750030517578,66.26250457763672
1773049210117882000,51.596882080078124,-339.8062744140625,152.2687530517578,65.92500305175781
1773049210127882000,51.60688208007812,-340.0875244140625,152.11875915527344,65.70000457763672
1773049210137882000,51.61688208007813,-340.1625061035156,152.30625915527344,65.7750015258789
1773049210147882000,51.626882080078126,-340.57501220703125,152.4375,65.94375610351562
1773049210157882000,51.636882080078124,-340.9312744140625,152.53125,65.83125305175781
1773049210167882000,51.64688208007812,-340.7250061035156,152.47500610351562,65.34375
1773049210177882000,51.65688208007813,-340.5,152.32501220703125,64.96875
1773049210187882000,51.666882080078125,-340.1625061035156,152.34375,65.28750610351562
1773049210197882000,51.67688208007812,-339.9562683105469,152.40000915527344,65.51250457763672
1773049210207882000,51.68688208007813,-339.7125244140625,152.4375,65.36250305175781
1773049210217882000,51.696882080078126,-339.2437744140625,152.5500030517578,65.10000610351562
1773049210227882000,51.706882080078124,-338.6625061035156,152.5500030517578,65.0625
1773049210237882000,51.71688208007812,-338.51251220703125,152.71875,65.00625610351562
1773049210247882000,51.72688208007813,-338.5500183105469,152.71875,64.96875
1773049210257882000,51.736882080078125,-338.70001220703125,152.6437530517578,64.875
1773049210267882000,51.74688208007812,-338.60626220703125,152.58750915527344,64.51875305175781
1773049210277882000,51.75688208007813,-338.60626220703125,152.71875,64.38750457763672
1773049210287882000,51.766882080078126,-338.7562561035156,152.94375610351562,64.61250305175781
1773049210297882000,51.776882080078124,-338.9250183105469,152.66250610351562,64.72500610351562
1773049210307882000,51.78688208007812,-339.0375061035156,152.49375915527344,64.21875
1773049210317882000,51.79688208007813,-339.0187683105469,152.625,64.21875
1773049210327882000,51.806882080078125,-339.0562744140625,152.4375,64.53750610351562
1773049210337882000,51.81688208007812,-338.9250183105469,152.3625030517578,64.61250305175781
1773049210347882000,51.82688208007813,-339.0187683105469,152.625,64.9312515258789
1773049210357882000,51.83688208007813,-339.3000183105469,152.4375,64.89375305175781
1773049210367882000,51.846882080078124,-339.4312744140625,152.34375,64.875
1773049210377882000,51.85688208007812,-339.3000183105469,152.1750030517578,64.78125
1773049210387882000,51.86688208007813,-339.2250061035156,151.91250610351562,65.08125305175781
1773049210397882000,51.876882080078126,-339.46875,151.85626220703125,65.04375457763672
1773049210407882000,51.886882080078124,-339.7875061035156,151.93125915527344,64.89375305175781
1773049210417882000,51.89688208007812,-339.7687683105469,151.83750915527344,64.875
1773049210427882000,51.90688208007813,-339.84375,151.1437530517578,64.63125610351562
1773049210437882000,51.916882080078125,-339.6750183105469,151.03125,64.51875305175781
1773049210447882000,51.92688208007812,-339.4312744140625,150.7687530517578,64.59375
1773049210457882000,51.93688208007813,-339.5812683105469,150.88125610351562,64.70625305175781
1773049210467882000,51.946882080078126,-339.7875061035156,150.7687530517578,64.48125457763672
1773049210477882000,51.956882080078124,-339.5250244140625,150.4875030517578,64.29375457763672
1773049210487882000,51.96688208007812,-339.6937561035156,150.41250610351562,64.20000457763672
1773049210497882000,51.97688208007813,-339.84375,150.43125915527344,64.35000610351562
1773049210507882000,51.986882080078125,-339.7125244140625,150.7687530517578,64.23750305175781
1773049210517882000,51.99688208007812,-339.5625,150.99375915527344,64.33125305175781
1773049210527882000,52.00688208007813,-339.46875,151.16250610351562,64.20000457763672
1773049210537882000,52.016882080078126,-339.0187683105469,151.3312530517578,64.16250610351562
1773049210547882000,52.026882080078124,-338.4750061035156,151.6875,63.95625305175781
1773049210557882000,52.03688208007812,-337.8937683105469,151.7062530517578,63.375003814697266
1773049210567882000,52.04688208007813,-336.7687683105469,151.91250610351562,62.625003814697266
1773049210577882000,52.056882080078125,-335.70001220703125,151.93125915527344,61.312503814697266
1773049210587882000,52.06688208007812,-334.7250061035156,151.78125,59.88750076293945
1773049210597882000,52.07688208007813,-333.5062561035156,151.63125610351562,58.20000076293945
1773049210607882000,52.08688208007813,-331.8937683105469,151.5187530517578,56.08125305175781
1773049210617882000,52.096882080078124,-329.98126220703125,151.53750610351562,53.60625076293945
1773049210627882000,52.10688208007812,-327.6000061035156,151.63125610351562,50.79375076293945
1773049210637882000,52.11688208007813,-325.01251220703125,151.91250610351562,47.66250228881836
1773049210647882000,52.126882080078126,-322.2375183105469,151.95001220703125,44.025001525878906
1773049210657882000,52.136882080078124,-319.0687561035156,152.23126220703125,40.42500305175781
1773049210667882000,52.14688208007812,-315.5812683105469,152.88751220703125,36.712501525878906
1773049210677882000,52.15688208007813,-311.90625,153.15000915527344,32.56875228881836
1773049210687882000,52.166882080078125,-308.5500183105469,153.6750030517578,28.33125114440918
1773049210697882000,52.17688208007812,-305.0812683105469,153.9562530517578,23.83125114440918
1773049210707882000,52.18688208007813,-301.875,154.48126220703125,19.856250762939453
1773049210717882000,52.196882080078126,-298.6312561035156,154.875,15.975000381469727
1773049210727882000,52.206882080078124,-295.4437561035156,155.40000915527344,12.075000762939453
1773049210737882000,52.21688208007812,-292.5375061035156,155.75625610351562,8.4375
1773049210747882000,52.22688208007813,-289.8375244140625,156,5.006250381469727
1773049210757882000,52.236882080078125,-287.2875061035156,156.65625,1.9500000476837158
1773049210767882000,52.24688208007812,-285.1312561035156,156.91876220703125,-0.9750000238418579
1773049210777882000,52.25688208007813,-283.21875,157.16250610351562,-3.543750047683716
1773049210787882000,52.266882080078126,-281.34375,157.1437530517578,-6.187500476837158
1773049210797882000,52.276882080078124,-279.73126220703125,157.0500030517578,-8.193750381469727
1773049210807882000,52.28688208007812,-278.2125244140625,156.9375,-9.80625057220459
1773049210817882000,52.29688208007813,-277.1812744140625,156.91876220703125,-11.512500762939453
1773049210827882000,52.306882080078125,-276.2437744140625,156.78750610351562,-12.937500953674316
1773049210837882000,52.31688208007812,-275.5500183105469,156.35626220703125,-14.418750762939453
1773049210847882000,52.32688208007813,-274.48126220703125,156.24375915527344,-15.675000190734863
1773049210857882000,52.33688208007813,-273.7875061035156,156.0187530517578,-16.6875
1773049210867882000,52.346882080078124,-273.07501220703125,155.88751220703125,-17.100000381469727
1773049210877882000,52.35688208007812,-272.625,155.79376220703125,-17.850000381469727
1773049210887882000,52.36688208007813,-272.1750183105469,155.58750915527344,-18.58125114440918
1773049210897882000,52.376882080078126,-271.59375,155.53125,-18.918750762939453
1773049210907882000,52.386882080078124,-271.1812744140625,155.47500610351562,-19.181251525878906
1773049210917882000,52.39688208007812,-270.8062744140625,155.47500610351562,-19.387500762939453
1773049210927882000,52.40688208007813,-270.54376220703125,155.4375,-19.387500762939453
1773049210937882000,52.416882080078125,-270.5062561035156,155.90625,-19.462501525878906
1773049210947882000,52.42688208007812,-270.63751220703125,156.0187530517578,-20.006250381469727
1773049210957882000,52.43688208007813,-270.5812683105469,156.16876220703125,-19.80000114440918
1773049210967882000,52.446882080078126,-270.7125244140625,156.35626220703125,-19.668750762939453
1773049210977882000,52.456882080078124,-270.6187744140625,156.35626220703125,-19.78125
1773049210987882000,52.46688208007812,-270.8812561035156,156.43125915527344,-20.100000381469727
1773049210997882000,52.47688208007813,-270.9562683105469,156.5625,-19.96875
1773049211007882000,52.486882080078125,-271.01251220703125,156.52500915527344,-19.856250762939453
1773049211017882000,52.49688208007812,-270.9375,156.03750610351562,-19.96875
1773049211027882000,52.50688208007813,-270.63751220703125,156.16876220703125,-19.78125
1773049211037882000,52.516882080078126,-270.54376220703125,155.94375610351562,-20.25
1773049211047882000,52.526882080078124,-270.5062561035156,155.94375610351562,-20.15625
1773049211057882000,52.53688208007812,-270.65625,156.41250610351562,-19.78125
1773049211067882000,52.54688208007813,-270.6187744140625,156.46875,-19.70625114440918
1773049211077882000,52.556882080078125,-270.4312744140625,156.13125610351562,-20.100000381469727
1773049211087882000,52.56688208007812,-270.5062561035156,156.28125,-20.212501525878906
1773049211097882000,52.57688208007813,-270.2250061035156,156.60000610351562,-19.931251525878906
1773049211107882000,52.58688208007813,-270.6000061035156,156.5812530517578,-20.025001525878906
1773049211117882000,52.596882080078124,-270.8812561035156,156.9375,-19.837501525878906
1773049211127882000,52.60688208007812,-270.75,156.80625915527344,-20.100000381469727
1773049211137882000,52.61688208007813,-270.7687683105469,156.45001220703125,-20.71875
1773049211147882000,52.626882080078126,-270.6937561035156,156.22500610351562,-20.662500381469727
1773049211157882000,52.636882080078124,-270.8625183105469,156.52500915527344,-20.26875114440918
1773049211167882000,52.64688208007812,-270.91876220703125,156.3937530517578,-20.381250381469727
1773049211177882000,52.65688208007813,-271.10626220703125,156.45001220703125,-20.512500762939453
1773049211187882000,52.666882080078125,-270.7875061035156,156.1125030517578,-20.512500762939453
1773049211197882000,52.67688208007812,-270.375,156,-20.231250762939453
1773049211207882000,52.68688208007813,-270.54376220703125,156.24375915527344,-20.15625
1773049211217882000,52.696882080078126,-270.6187744140625,156.26251220703125,-20.100000381469727
1773049211227882000,52.706882080078124,-270.45001220703125,156.33750915527344,-20.418750762939453
1773049211237882000,52.71688208007812,-270.3937683105469,156.375,-20.625
1773049211247882000,52.72688208007813,-270.1312561035156,156.43125915527344,-20.73750114440918
1773049211257882000,52.736882080078125,-270.35626220703125,156.24375915527344,-21.09375
1773049211267882000,52.74688208007812,-270.3375244140625,156.5625,-21.20625114440918
1773049211277882000,52.75688208007813,-270.5062561035156,156.45001220703125,-21.693750381469727
1773049211287882000,52.766882080078126,-270.35626220703125,156.4875030517578,-21.86250114440918
1773049211297882000,52.776882080078124,-270.4875183105469,156.1125030517578,-21.9375
1773049211307882000,52.78688208007812,-270.4125061035156,155.98126220703125,-21.881250381469727
1773049211317882000,52.79688208007813,-270.2250061035156,155.85000610351562,-22.387500762939453
1773049211327882000,52.806882080078125,-270.3187561035156,155.71875,-22.556251525878906
1773049211337882000,52.81688208007812,-270.0187683105469,155.4375,-22.443750381469727
1773049211347882000,52.82688208007813,-270.1500244140625,155.30625915527344,-22.668750762939453
1773049211357882000,52.83688208007813,-270.0187683105469,155.40000915527344,-22.818750381469727
1773049211367882000,52.846882080078124,-269.53125,154.8937530517578,-22.931251525878906
1773049211377882000,52.85688208007812,-269.0062561035156,154.85626220703125,-23.100000381469727
1773049211387882000,52.86688208007813,-268.875,155.02500915527344,-23.306251525878906
1773049211397882000,52.876882080078126,-268.57501220703125,154.875,-23.006250381469727
1773049211407882000,52.886882080078124,-268.4437561035156,154.8000030517578,-23.26875114440918
1773049211417882000,52.89688208007812,-268.2750244140625,154.8000030517578,-23.90625
1773049211427882000,52.90688208007813,-267.84375,154.72500610351562,-23.962501525878906
1773049211437882000,52.916882080078125,-267.7125244140625,154.55625915527344,-23.962501525878906
1773049211447882000,52.92688208007812,-268.2375183105469,154.74375915527344,-24.075000762939453
1773049211457882000,52.93688208007813,-268.21875,154.76251220703125,-24.281251907348633
1773049211467882000,52.946882080078126,-267.8062744140625,154.875,-24.262500762939453
1773049211477882000,52.956882080078124,-267.9562683105469,154.93125915527344,-24.468751907348633
1773049211487882000,52.96688208007812,-267.82501220703125,155.23126220703125,-24.243751525878906
1773049211497882000,52.97688208007813,-267.6000061035156,155.28750610351562,-23.943750381469727
1773049211507882000,52.986882080078125,-267.7875061035156,155.23126220703125,-24.037500381469727
1773049211517882000,52.99688208007812,-267.91876220703125,155.38125610351562,-24.150001525878906
1773049211527882000,53.00688208007813,-267.6000061035156,155.3625030517578,-24.468751907348633
1773049211537882000,53.016882080078126,-267.2437744140625,155.23126220703125,-24.356250762939453
1773049211547882000,53.026882080078124,-267.63751220703125,154.81875610351562,-24.750001907348633
1773049211557882000,53.03688208007812,-267.6000061035156,154.74375915527344,-24.843751907348633
1773049211567882000,53.04688208007813,-267.46875,154.4250030517578,-24.937501907348633
1773049211577882000,53.056882080078125,-267.6750183105469,154.44375610351562,-24.937501907348633
1773049211587882000,53.06688208007812,-267.3000183105469,154.4250030517578,-25.05000114440918
1773049211597882000,53.07688208007813,-267.0375061035156,154.27500915527344,-25.181251525878906
1773049211607882000,53.08688208007813,-266.9437561035156,154.06875610351562,-24.843751907348633
1773049211617882000,53.096882080078124,-267.2250061035156,154.20001220703125,-24.787500381469727
1773049211627882000,53.10688208007812,-267.0375061035156,154.25625610351562,-24.693750381469727
1773049211637882000,53.11688208007813,-266.6625061035156,154.125,-24.76875114440918
1773049211647882000,53.126882080078126,-266.70001220703125,154.1437530517578,-24.95625114440918
1773049211657882000,53.136882080078124,-266.53125,154.1437530517578,-25.068750381469727
1773049211667882000,53.14688208007812,-266.7562561035156,153.8625030517578,-25.443750381469727
1773049211677882000,53.15688208007813,-266.6437683105469,153.69375610351562,-25.575000762939453
1773049211687882000,53.166882080078125,-266.6812744140625,154.01251220703125,-25.687501907348633
1773049211697882000,53.17688208007812,-266.34375,153.97500610351562,-25.556251525878906
1773049211707882000,53.18688208007813,-266.3062744140625,153.90000915527344,-25.687501907348633
1773049211717882000,53.196882080078126,-266.32501220703125,154.0500030517578,-25.725000381469727
1773049211727882000,53.206882080078124,-266.3062744140625,153.99375915527344,-25.80000114440918
1773049211737882000,53.21688208007812,-266.2875061035156,153.9375,-25.968751907348633
1773049211747882000,53.22688208007813,-266.1000061035156,154.08750915527344,-25.80000114440918
1773049211757882000,53.236882080078125,-266.1937561035156,154.35000610351562,-25.875001907348633
1773049211767882000,53.24688208007812,-266.1187744140625,154.18125915527344,-26.100000381469727
1773049211777882000,53.25688208007813,-266.4000244140625,154.29376220703125,-26.36250114440918
1773049211787882000,53.266882080078126,-266.8125,154.20001220703125,-26.212501525878906
1773049211797882000,53.276882080078124,-267.1312561035156,154.16250610351562,-26.325000762939453
1773049211807882000,53.28688208007812,-267.09375,154.29376220703125,-26.250001907348633
1773049211817882000,53.29688208007813,-267.07501220703125,154.29376220703125,-26.062501907348633
1773049211827882000,53.306882080078125,-267.16876220703125,154.27500915527344,-26.137500762939453
1773049211837882000,53.31688208007812,-267.1125183105469,154.06875610351562,-26.062501907348633
1773049211847882000,53.32688208007813,-267.28125,154.16250610351562,-26.17500114440918
1773049211857882000,53.33688208007813,-267.3375244140625,153.97500610351562,-26.475000381469727
1773049211867882000,53.346882080078124,-266.98126220703125,154.03125,-26.625001907348633
1773049211877882000,53.35688208007812,-266.7562561035156,153.90000915527344,-26.381250381469727
1773049211887882000,53.36688208007813,-266.71875,153.45001220703125,-26.83125114440918
1773049211897882000,53.376882080078126,-266.7562561035156,153.15000915527344,-27.318750381469727
1773049211907882000,53.386882080078124,-266.8125,153.3000030517578,-27.30000114440918
1773049211917882000,53.39688208007812,-266.8500061035156,153.33750915527344,-27.600000381469727
1773049211927882000,53.40688208007813,-266.8500061035156,153.05625915527344,-27.825000762939453
1773049211937882000,53.416882080078125,-266.4937744140625,152.88751220703125,-27.918750762939453
1773049211947882000,53.42688208007812,-266.3625183105469,152.90625,-28.293750762939453
1773049211957882000,53.43688208007813,-266.2875061035156,152.9250030517578,-28.481250762939453
1773049211967882000,53.446882080078126,-266.3625183105469,153,-28.256250381469727
1773049211977882000,53.456882080078124,-266.4375,153.22500610351562,-28.125001907348633
1773049211987882000,53.46688208007812,-266.4000244140625,152.85000610351562,-28.293750762939453
1773049211997882000,53.47688208007813,-266.0250244140625,152.56875610351562,-28.162500381469727
1773049212007882000,53.486882080078125,-265.85626220703125,152.8312530517578,-28.031251907348633
1773049212017882000,53.49688208007812,-265.78125,152.8125,-28.012500762939453
1773049212027882000,53.50688208007813,-265.40625,152.71875,-28.031251907348633
1773049212037882000,53.516882080078126,-265.10626220703125,152.625,-28.275001525878906
1773049212047882000,53.526882080078124,-264.9375,152.53125,-28.42500114440918
1773049212057882000,53.53688208007812,-264.8625183105469,152.23126220703125,-28.42500114440918
1773049212067882000,53.54688208007813,-264.9562683105469,152.47500610351562,-28.51875114440918
1773049212077882000,53.556882080078125,-265.1437683105469,152.51251220703125,-28.687501907348633
1773049212087882000,53.56688208007812,-264.91876220703125,152.21250915527344,-28.80000114440918
1773049212097882000,53.57688208007813,-264.9562683105469,152.1750030517578,-28.818750381469727
1773049212107882000,53.58688208007813,-265.0875244140625,152.2687530517578,-28.687501907348633
1773049212117882000,53.596882080078124,-265.125,152.38125610351562,-28.668750762939453
1773049212127882000,53.60688208007812,-265.01251220703125,152.53125,-28.725000381469727
1773049212137882000,53.61688208007813,-264.5062561035156,152.6437530517578,-28.743751525878906
1773049212147882000,53.626882080078126,-264.28125,152.58750915527344,-28.443750381469727
1773049212157882000,53.636882080078124,-264.35626220703125,152.5500030517578,-28.218751907348633
1773049212167882000,53.64688208007812,-264.46875,152.40000915527344,-28.256250381469727
1773049212177882000,53.65688208007813,-264.4312744140625,152.49375915527344,-28.312501907348633
1773049212187882000,53.666882080078125,-264.6187744140625,152.28750610351562,-28.575000762939453
1773049212197882000,53.67688208007812,-264.65625,151.9875030517578,-28.61250114440918
1773049212207882000,53.68688208007813,-264.65625,151.83750915527344,-28.818750381469727
1773049212217882000,53.696882080078126,-264.9375,151.7062530517578,-29.193750381469727
1773049212227882000,53.706882080078124,-264.8812561035156,151.72500610351562,-29.418750762939453
1773049212237882000,53.71688208007812,-264.9562683105469,151.8000030517578,-29.625001907348633
1773049212247882000,53.72688208007813,-264.91876220703125,152.04376220703125,-30.000001907348633
1773049212257882000,53.736882080078125,-265.29376220703125,152.11875915527344,-30.056251525878906
1773049212267882000,53.74688208007812,-265.03125,152.28750610351562,-29.962501525878906
1773049212277882000,53.75688208007813,-265.2375183105469,152.5500030517578,-30.01875114440918
1773049212287882000,53.766882080078126,-265.20001220703125,152.68125915527344,-29.775001525878906
1773049212297882000,53.776882080078124,-265.2375183105469,152.8125,-29.64375114440918
1773049212307882000,53.78688208007812,-265.21875,152.71875,-29.756250381469727
1773049212317882000,53.79688208007813,-265.03125,152.75625610351562,-29.73750114440918
1773049212327882000,53.806882080078125,-264.9375,152.71875,-29.381250381469727
1773049212337882000,53.81688208007812,-264.8062744140625,152.49375915527344,-29.381250381469727
1773049212347882000,53.82688208007813,-264.82501220703125,152.23126220703125,-29.475000381469727
1773049212357882000,53.83688208007813,-265.01251220703125,152.23126220703125,-29.531251907348633
1773049212367882000,53.846882080078124,-264.9562683105469,151.83750915527344,-29.718751907348633
1773049212377882000,53.85688208007812,-264.84375,151.76251220703125,-29.812501907348633
1773049212387882000,53.86688208007813,-264.7125244140625,151.6875,-30.093751907348633
1773049212397882000,53.876882080078126,-264.6750183105469,151.6875,-30.225000381469727
1773049212407882000,53.886882080078124,-264.73126220703125,151.55625915527344,-30.318750381469727
1773049212417882000,53.89688208007812,-264.6000061035156,151.66876220703125,-30.30000114440918
1773049212427882000,53.90688208007813,-264.7687683105469,151.65000915527344,-30.412500381469727
1773049212437882000,53.916882080078125,-264.5250244140625,151.21875,-30.618751525878906
1773049212447882000,53.92688208007812,-264.2250061035156,151.40625,-30.412500381469727
1773049212457882000,53.93688208007813,-264.09375,151.40625,-30.450000762939453
1773049212467882000,53.946882080078126,-264.09375,151.44375610351562,-30.262500762939453
1773049212477882000,53.956882080078124,-263.8687744140625,151.2375030517578,-30.281251907348633
1773049212487882000,53.96688208007812,-263.8687744140625,151.36875915527344,-30.39375114440918
1773049212497882000,53.97688208007813,-263.7750244140625,151.10626220703125,-30.450000762939453
1773049212507882000,53.986882080078125,-263.5687561035156,151.125,-30.412500381469727
1773049212517882000,53.99688208007812,-263.70001220703125,151.16250610351562,-30.58125114440918
1773049212527882000,54.00688208007813,-263.7375183105469,150.80625915527344,-30.95625114440918
1773049212537882000,54.016882080078126,-263.5687561035156,150.69375610351562,-30.843751907348633
1773049212547882000,54.026882080078124,-263.60626220703125,150.61875915527344,-30.787500381469727
1773049212557882000,54.03688208007812,-263.9437561035156,150.6750030517578,-30.86250114440918
1773049212567882000,54.04688208007813,-264.0375061035156,150.52500915527344,-31.275001525878906
1773049212577882000,54.056882080078125,-263.8312683105469,150.6750030517578,-31.443750381469727
1773049212587882000,54.06688208007812,-263.90625,150.54376220703125,-31.481250762939453
1773049212597882000,54.07688208007813,-263.41876220703125,150.4875030517578,-30.937501907348633
1773049212607882000,54.08688208007813,-263.7375183105469,150.69375610351562,-30.76875114440918
1773049212617882000,54.096882080078124,-263.71875,150.69375610351562,-31.087501525878906
1773049212627882000,54.10688208007812,-263.3625183105469,150.5812530517578,-31.312501907348633
1773049212637882000,54.11688208007813,-263.3062744140625,150.50625610351562,-31.593751907348633
1773049212647882000,54.126882080078126,-262.9875183105469,150.5625,-31.350000381469727
1773049212657882000,54.136882080078124,-263.2687683105469,150.61875915527344,-31.387500762939453
1773049212667882000,54.14688208007812,-263.13751220703125,150.91876220703125,-31.575000762939453
1773049212677882000,54.15688208007813,-263.25,151.10626220703125,-31.856250762939453
1773049212687882000,54.166882080078125,-263.41876220703125,151.35000610351562,-31.875001907348633
1773049212697882000,54.17688208007812,-263.53125,151.4250030517578,-31.912500381469727
1773049212707882000,54.18688208007813,-263.88751220703125,151.6875,-31.89375114440918
1773049212717882000,54.196882080078126,-263.41876220703125,151.5187530517578,-31.631250381469727
1773049212727882000,54.206882080078124,-263.53125,151.6875,-31.70625114440918
1773049212737882000,54.21688208007812,-263.1937561035156,151.5,-31.968751907348633
1773049212747882000,54.22688208007813,-263.13751220703125,151.36875915527344,-31.98750114440918
1773049212757882000,54.236882080078125,-263.1187744140625,151.2375030517578,-32.10000228881836
1773049212767882000,54.24688208007812,-262.66876220703125,151.18125915527344,-32.4375
1773049212777882000,54.25688208007813,-262.8187561035156,151.1437530517578,-32.64375305175781
1773049212787882000,54.266882080078126,-262.7062683105469,151.10626220703125,-32.64375305175781
1773049212797882000,54.276882080078124,-262.76251220703125,151.21875,-33
1773049212807882000,54.28688208007812,-262.5375061035156,151.10626220703125,-33.03750228881836
1773049212817882000,54.29688208007813,-262.48126220703125,151.125,-32.75625228881836
1773049212827882000,54.306882080078125,-262.5375061035156,151.125,-32.83125305175781
1773049212837882000,54.31688208007812,-262.5562744140625,151.40625,-32.962501525878906
1773049212847882000,54.32688208007813,-262.2750244140625,151.125,-32.962501525878906
1773049212857882000,54.33688208007813,-262.10626220703125,151.20001220703125,-32.625
1773049212867882000,54.346882080078124,-262.01251220703125,151.0500030517578,-32.94375228881836
1773049212877882000,54.35688208007812,-261.9562683105469,151.3312530517578,-32.92500305175781
1773049212887882000,54.36688208007813,-261.82501220703125,151.01251220703125,-33.13125228881836
1773049212897882000,54.376882080078126,-262.01251220703125,151.0500030517578,-33.375
1773049212907882000,54.386882080078124,-261.9937744140625,150.90000915527344,-33.39375305175781
1773049212917882000,54.39688208007812,-262.21875,150.60000610351562,-33.712501525878906
1773049212927882000,54.40688208007813,-262.4625244140625,150.61875915527344,-33.84375
1773049212937882000,54.416882080078125,-262.3687744140625,150.35626220703125,-34.01250076293945
1773049212947882000,54.42688208007812,-262.3500061035156,150.52500915527344,-33.97500228881836
1773049212957882000,54.43688208007813,-262.3500061035156,150.26251220703125,-33.9375
1773049212967882000,54.446882080078126,-262.57501220703125,150.46875,-33.97500228881836
1773049212977882000,54.456882080078124,-262.5375061035156,150.54376220703125,-33.806251525878906
1773049212987882000,54.46688208007812,-262.4250183105469,150.75,-33.82500076293945
1773049212997882000,54.47688208007813,-261.9562683105469,150.7687530517578,-33.65625
1773049213007882000,54.486882080078125,-261.7687683105469,150.97500610351562,-33.58125305175781
1773049213017882000,54.49688208007812,-261.6750183105469,151.16250610351562,-33.712501525878906
1773049213027882000,54.50688208007813,-261.5625,150.78750610351562,-33.58125305175781
1773049213037882000,54.516882080078126,-261.7875061035156,150.78750610351562,-33.58125305175781
1773049213047882000,54.526882080078124,-261.7687683105469,150.52500915527344,-33.65625
1773049213057882000,54.53688208007812,-261.5812683105469,150.35626220703125,-33.75
1773049213067882000,54.54688208007813,-261.5625,150.0187530517578,-34.087501525878906
1773049213077882000,54.556882080078125,-261.63751220703125,150.26251220703125,-34.29375076293945
1773049213087882000,54.56688208007812,-262.0875244140625,150.24375915527344,-34.38750076293945
1773049213097882000,54.57688208007813,-262.2562561035156,150.1875,-34.275001525878906
1773049213107882000,54.58688208007813,-262.3500061035156,150.28125,-34.35000228881836
1773049213117882000,54.596882080078124,-262.0687561035156,150.33750915527344,-34.3125
1773049213127882000,54.60688208007812,-262.21875,150.63751220703125,-34.20000076293945
1773049213137882000,54.61688208007813,-262.5,150.63751220703125,-34.23750305175781
1773049213147882000,54.626882080078126,-262.6125183105469,150.88125610351562,-33.88125228881836
1773049213157882000,54.636882080078124,-262.6125183105469,150.78750610351562,-33.67500305175781
1773049213167882000,54.64688208007812,-262.4250183105469,150.73126220703125,-33.46875
1773049213177882000,54.65688208007813,-262.2562561035156,150.7687530517578,-33.618751525878906
1773049213187882000,54.666882080078125,-262.1625061035156,150.88125610351562,-33.75
1773049213197882000,54.67688208007812,-262.1812744140625,150.82501220703125,-33.78750228881836
1773049213207882000,54.68688208007813,-261.9562683105469,150.7687530517578,-33.806251525878906
1773049213217882000,54.696882080078126,-261.8062744140625,150.99375915527344,-34.06875228881836
1773049213227882000,54.706882080078124,-261.7875061035156,151.08750915527344,-34.23750305175781
1773049213237882000,54.71688208007812,-261.84375,151.16250610351562,-34.29375076293945
1773049213247882000,54.72688208007813,-261.75,151.35000610351562,-34.556251525878906
1773049213257882000,54.736882080078125,-261.75,151.5,-34.57500076293945
1773049213267882000,54.74688208007812,-261.5625,151.44375610351562,-34.44375228881836
1773049213277882000,54.75688208007813,-261.5625,151.48126220703125,-34.72500228881836
1773049213287882000,54.766882080078126,-261.5625,151.46250915527344,-34.85625076293945
1773049213297882000,54.776882080078124,-261.4312744140625,151.36875915527344,-34.76250076293945
1773049213307882000,54.78688208007812,-261.35626220703125,151.1437530517578,-34.76250076293945
1773049213317882000,54.79688208007813,-261.1875,151.18125915527344,-34.81875228881836
1773049213327882000,54.806882080078125,-261,150.8625030517578,-34.96875
1773049213337882000,54.81688208007812,-260.9625244140625,150.9562530517578,-35.15625
1773049213347882000,54.82688208007813,-261.1312561035156,151.16250610351562,-35.32500076293945
1773049213357882000,54.83688208007813,-261.1500244140625,151.16250610351562,-35.400001525878906
1773049213367882000,54.846882080078124,-260.8312683105469,151.0500030517578,-35.587501525878906
1773049213377882000,54.85688208007812,-260.7375183105469,151.125,-35.90625
1773049213387882000,54.86688208007813,-260.5875244140625,151.16250610351562,-35.73750305175781
1773049213397882000,54.876882080078126,-260.7562561035156,150.84375,-35.868751525878906
1773049213407882000,54.886882080078124,-260.5687561035156,150.54376220703125,-36
1773049213417882000,54.89688208007812,-260.3812561035156,150.46875,-36.11250305175781
1773049213427882000,54.90688208007813,-260.3812561035156,150.16876220703125,-36.39375305175781
1773049213437882000,54.916882080078125,-260.32501220703125,150.16876220703125,-36.375
1773049213447882000,54.92688208007812,-260.5500183105469,150.43125915527344,-36.431251525878906
1773049213457882000,54.93688208007813,-260.4375,150.28125,-36.48750305175781
1773049213467882000,54.946882080078126,-260.3625183105469,150.3000030517578,-36.9375
1773049213477882000,54.956882080078124,-260.41876220703125,150.35626220703125,-37.125
1773049213487882000,54.96688208007812,-260.5875244140625,150.5625,-37.23750305175781
1773049213497882000,54.97688208007813,-260.6437683105469,150.54376220703125,-37.42500305175781
1773049213507882000,54.986882080078125,-260.60626220703125,150.7687530517578,-37.5
1773049213517882000,54.99688208007812,-260.5687561035156,150.69375610351562,-37.743751525878906
1773049213527882000,55.00688208007813,-260.41876220703125,150.54376220703125,-37.70625305175781
1773049213537882000,55.016882080078126,-260.2875061035156,150.50625610351562,-37.650001525878906
1773049213547882000,55.026882080078124,-259.8375244140625,150.52500915527344,-37.837501525878906
1773049213557882000,55.03688208007812,-259.4625244140625,150.6750030517578,-37.72500228881836
1773049213567882000,55.04688208007813,-259.2562561035156,150.9375,-37.48125076293945
1773049213577882000,55.056882080078125,-259.0687561035156,150.88125610351562,-37.38750076293945
1773049213587882000,55.06688208007812,-258.84375,150.78750610351562,-37.29375076293945
1773049213597882000,55.07688208007813,-258.8812561035156,150.69375610351562,-37.5
1773049213607882000,55.08688208007813,-258.75,150.78750610351562,-37.80000305175781
1773049213617882000,55.096882080078124,-258.9000244140625,150.84375,-37.98750305175781
1773049213627882000,55.10688208007812,-259.1812744140625,151.08750915527344,-37.72500228881836
1773049213637882000,55.11688208007813,-258.8625183105469,150.88125610351562,-38.08125305175781
1773049213647882000,55.126882080078126,-259.0687561035156,150.6750030517578,-38.38125228881836
1773049213657882000,55.136882080078124,-259.10626220703125,150.50625610351562,-38.56875228881836
1773049213667882000,55.14688208007812,-258.9750061035156,150.45001220703125,-38.55000305175781
1773049213677882000,55.15688208007813,-258.6937561035156,150.69375610351562,-38.400001525878906
1773049213687882000,55.166882080078125,-258.63751220703125,150.3937530517578,-38.306251525878906
1773049213697882000,55.17688208007812,-258.4312744140625,150.15000915527344,-38.36250305175781
1773049213707882000,55.18688208007813,-258.3375244140625,149.96250915527344,-38.47500228881836
1773049213717882000,55.196882080078126,-258.4312744140625,150.0187530517578,-38.306251525878906
1773049213727882000,55.206882080078124,-258.1312561035156,150.375,-38.25
1773049213737882000,55.21688208007812,-258.1125183105469,150.43125915527344,-37.95000076293945
1773049213747882000,55.22688208007813,-258.2437744140625,150.43125915527344,-38.34375
1773049213757882000,55.236882080078125,-258.1312561035156,150.1875,-38.56875228881836
1773049213767882000,55.24688208007812,-258.0562744140625,150.26251220703125,-38.8125
1773049213777882000,55.25688208007813,-258.1875,150.26251220703125,-38.71875
1773049213787882000,55.266882080078126,-258.0375061035156,150.31875610351562,-38.92500305175781
1773049213797882000,55.276882080078124,-258.2437744140625,150.28125,-39.28125
1773049213807882000,55.28688208007812,-258.3375244140625,150.15000915527344,-39.45000076293945
1773049213817882000,55.29688208007813,-258.35626220703125,150.1875,-39.63750076293945
1773049213827882000,55.306882080078125,-258.1875,150.3000030517578,-39.525001525878906
1773049213837882000,55.31688208007812,-258.3000183105469,150.33750915527344,-39.86250305175781
1773049213847882000,55.32688208007813,-258.09375,150.4875030517578,-39.75
1773049213857882000,55.33688208007813,-257.90625,150.7687530517578,-40.05000305175781
1773049213867882000,55.346882080078124,-257.79376220703125,150.61875915527344,-39.993751525878906
1773049213877882000,55.35688208007812,-257.70001220703125,150.80625915527344,-40.087501525878906
1773049213887882000,55.36688208007813,-257.5687561035156,150.82501220703125,-40.33125305175781
1773049213897882000,55.376882080078126,-257.3812561035156,150.63751220703125,-40.650001525878906
1773049213907882000,55.386882080078124,-257.51251220703125,150.46875,-40.70625305175781
1773049213917882000,55.39688208007812,-257.4937744140625,150.50625610351562,-40.57500076293945
1773049213927882000,55.40688208007813,-257.53125,150.4875030517578,-40.72500228881836
1773049213937882000,55.416882080078125,-257.53125,150.63751220703125,-40.80000305175781
1773049213947882000,55.42688208007812,-257.71875,150.5625,-40.837501525878906
1773049213957882000,55.43688208007813,-257.6437683105469,150.50625610351562,-40.556251525878906
1773049213967882000,55.446882080078126,-257.4937744140625,150.28125,-40.40625
1773049213977882000,55.456882080078124,-257.5875244140625,150.43125915527344,-40.61250305175781
1773049213987882000,55.46688208007812,-257.1937561035156,150.52500915527344,-40.66875076293945
1773049213997882000,55.47688208007813,-257.1187744140625,150.65625,-40.40625
1773049214007882000,55.486882080078125,-257.2875061035156,150.6750030517578,-40.29375076293945
1773049214017882000,55.49688208007812,-257.0812683105469,150.33750915527344,-40.462501525878906
1773049214027882000,55.50688208007813,-256.9875183105469,150.69375610351562,-40.85625076293945
1773049214037882000,55.516882080078126,-257.0812683105469,150.61875915527344,-41.15625
1773049214047882000,55.526882080078124,-257.1000061035156,150.73126220703125,-41.400001525878906
1773049214057882000,55.53688208007812,-257.04376220703125,150.84375,-41.36250305175781
1773049214067882000,55.54688208007813,-257.32501220703125,151.08750915527344,-41.51250076293945
1773049214077882000,55.556882080078125,-257.2125244140625,151.03125,-41.85000228881836
1773049214087882000,55.56688208007812,-257.25,151.36875915527344,-42.150001525878906
1773049214097882000,55.57688208007813,-257.6625061035156,151.4250030517578,-42.30000305175781
1773049214107882000,55.58688208007813,-257.9250183105469,151.08750915527344,-42.60000228881836
1773049214117882000,55.596882080078124,-257.8500061035156,151.35000610351562,-42.76875305175781
1773049214127882000,55.60688208007812,-258.16876220703125,151.48126220703125,-43.087501525878906
1773049214137882000,55.61688208007813,-257.9250183105469,151.48126220703125,-43.14375305175781
1773049214147882000,55.626882080078126,-257.625,151.38751220703125,-43.38750076293945
1773049214157882000,55.636882080078124,-257.41876220703125,151.25625610351562,-43.38750076293945
1773049214167882000,55.64688208007812,-257.2875061035156,151.10626220703125,-43.44375228881836
1773049214177882000,55.65688208007813,-257.04376220703125,151.16250610351562,-43.368751525878906
1773049214187882000,55.666882080078125,-256.8937683105469,151.5,-43.10625076293945
1773049214197882000,55.67688208007812,-256.6312561035156,151.08750915527344,-43.01250076293945
1773049214207882000,55.68688208007813,-256.0687561035156,150.80625915527344,-42.75
1773049214217882000,55.696882080078126,-256.2750244140625,150.75,-42.73125076293945
1773049214227882000,55.706882080078124,-256.3687744140625,150.69375610351562,-42.712501525878906
1773049214237882000,55.71688208007812,-256.7062683105469,150.71250915527344,-42.95625305175781
1773049214247882000,55.72688208007813,-256.3312683105469,150.5625,-43.10625076293945
1773049214257882000,55.736882080078125,-256.40625,150.3937530517578,-43.33125305175781
1773049214267882000,55.74688208007812,-256.3312683105469,150.26251220703125,-43.21875
1773049214277882000,55.75688208007813,-256.40625,150.375,-43.48125076293945
1773049214287882000,55.766882080078126,-256.5562744140625,150.60000610351562,-43.63125228881836
1773049214297882000,55.776882080078124,-256.3125,150.26251220703125,-43.6875
1773049214307882000,55.78688208007812,-256.1625061035156,150.09375,-43.48125076293945
1773049214317882000,55.79688208007813,-256.03125,150.35626220703125,-43.275001525878906
1773049214327882000,55.806882080078125,-256.38751220703125,150.15000915527344,-43.35000228881836
1773049214337882000,55.81688208007812,-256.1812744140625,150.33750915527344,-43.23750305175781
1773049214347882000,55.82688208007813,-256.1625061035156,150.26251220703125,-43.44375228881836
1773049214357882000,55.83688208007813,-256.40625,150.35626220703125,-43.368751525878906
1773049214367882000,55.846882080078124,-256.5375061035156,150.35626220703125,-43.40625
1773049214377882000,55.85688208007812,-256.7250061035156,150.6750030517578,-43.78125
1773049214387882000,55.86688208007813,-256.6312561035156,150.65625,-43.85625076293945
1773049214397882000,55.876882080078126,-256.29376220703125,150.41250610351562,-43.89375305175781
1773049214407882000,55.886882080078124,-255.91876220703125,150.61875915527344,-43.91250228881836
1773049214417882000,55.89688208007812,-255.80625915527344,150.54376220703125,-44.306251525878906
1773049214427882000,55.90688208007813,-255.46876525878906,150.31875610351562,-44.66250228881836
1773049214437882000,55.916882080078125,-254.88751220703125,150.2062530517578,-44.73750305175781
1773049214447882000,55.92688208007812,-254.56875610351562,149.98126220703125,-44.85000228881836
1773049214457882000,55.93688208007813,-254.38125610351562,149.90625,-44.60625076293945
1773049214467882000,55.946882080078126,-254.3625030517578,149.94375610351562,-44.75625228881836
1773049214477882000,55.956882080078124,-254.28750610351562,149.85000610351562,-45.09375
1773049214487882000,55.96688208007812,-254.41876220703125,149.60626220703125,-44.962501525878906
1773049214497882000,55.97688208007813,-254.02500915527344,149.51251220703125,-44.56875228881836
1773049214507882000,55.986882080078125,-254.1750030517578,149.70001220703125,-44.41875076293945
1773049214517882000,55.99688208007812,-254.51251220703125,149.4375,-44.625
1773049214527882000,56.00688208007813,-254.60626220703125,149.51251220703125,-44.66250228881836
1773049214537882000,56.016882080078126,-254.3625030517578,149.19375610351562,-44.681251525878906
1773049214547882000,56.026882080078124,-254.23126220703125,149.2687530517578,-44.625
1773049214557882000,56.03688208007812,-254.13751220703125,149.25,-44.47500228881836
1773049214567882000,56.04688208007813,-253.91250610351562,149.32501220703125,-44.60625076293945
1773049214577882000,56.056882080078125,-254.15626525878906,149.625,-44.493751525878906
1773049214587882000,56.06688208007812,-253.8937530517578,149.47500610351562,-44.400001525878906
1773049214597882000,56.07688208007813,-253.6125030517578,149.56875610351562,-44.212501525878906
1773049214607882000,56.08688208007813,-253.48126220703125,149.6437530517578,-44.25
1773049214617882000,56.096882080078124,-253.6125030517578,149.86875915527344,-44.212501525878906
1773049214627882000,56.10688208007812,-253.76251220703125,149.66250610351562,-44.36250305175781
1773049214637882000,56.11688208007813,-253.93125915527344,149.4562530517578,-44.41875076293945
1773049214647882000,56.126882080078126,-254.06251525878906,149.5500030517578,-44.45625305175781
1773049214657882000,56.136882080078124,-253.8937530517578,149.02500915527344,-44.8125
1773049214667882000,56.14688208007812,-254.02500915527344,149.21250915527344,-44.98125076293945
1773049214677882000,56.15688208007813,-253.83750915527344,149.30625915527344,-44.83125305175781
1773049214687882000,56.166882080078125,-253.50001525878906,148.95001220703125,-44.88750076293945
1773049214697882000,56.17688208007812,-253.27500915527344,149.10000610351562,-45.09375
1773049214707882000,56.18688208007813,-253.10626220703125,148.83750915527344,-45.46875
1773049214717882000,56.196882080078126,-252.88125610351562,149.0625,-45.50625228881836
1773049214727882000,56.206882080078124,-252.7687530517578,148.8000030517578,-45.5625
1773049214737882000,56.21688208007812,-252.90000915527344,149.1750030517578,-45.45000076293945
1773049214747882000,56.22688208007813,-252.71250915527344,149.04376220703125,-45.35625076293945
1773049214757882000,56.236882080078125,-252.82501220703125,149.00625610351562,-45.712501525878906
1773049214767882000,56.24688208007812,-253.01251220703125,149.19375610351562,-45.806251525878906
1773049214777882000,56.25688208007813,-253.0500030517578,149.02500915527344,-46.01250076293945
1773049214787882000,56.266882080078126,-252.93751525878906,149.2687530517578,-45.86250305175781
1773049214797882000,56.276882080078124,-253.03126525878906,148.9875030517578,-45.82500076293945
1773049214807882000,56.28688208007812,-253.03126525878906,148.9875030517578,-45.95625305175781
1773049214817882000,56.29688208007813,-253.01251220703125,148.74375915527344,-46.25625228881836
1773049214827882000,56.306882080078125,-253.12501525878906,148.96875,-46.42500305175781
1773049214837882000,56.31688208007812,-253.10626220703125,149.0625,-46.53750228881836
1773049214847882000,56.32688208007813,-253.08750915527344,149.02500915527344,-46.53750228881836
1773049214857882000,56.33688208007813,-252.99375915527344,149.13751220703125,-46.5
1773049214867882000,56.346882080078124,-253.03126525878906,149.0625,-46.44375228881836
1773049214877882000,56.35688208007812,-253.01251220703125,149.3625030517578,-46.462501525878906
1773049214887882000,56.36688208007813,-252.9562530517578,149.70001220703125,-46.42500305175781
1773049214897882000,56.376882080078126,-253.10626220703125,149.9250030517578,-46.48125076293945
1773049214907882000,56.386882080078124,-253.03126525878906,149.70001220703125,-46.462501525878906
1773049214917882000,56.39688208007812,-252.8625030517578,149.41876220703125,-46.3125
1773049214927882000,56.40688208007813,-252.99375915527344,149.40000915527344,-46.57500076293945
1773049214937882000,56.416882080078125,-253.0500030517578,149.11875915527344,-46.66875076293945
1773049214947882000,56.42688208007812,-252.97500610351562,149.34375,-46.95000076293945
1773049214957882000,56.43688208007813,-252.78750610351562,149.0625,-47.32500076293945
1773049214967882000,56.446882080078126,-252.99375915527344,148.59375,-47.47500228881836
1773049214977882000,56.456882080078124,-252.84376525878906,148.35000610351562,-47.55000305175781
1773049214987882000,56.46688208007812,-252.52500915527344,148.125,-47.94375228881836
1773049214997882000,56.47688208007813,-252.46876525878906,147.9375,-48.375003814697266
1773049215007882000,56.486882080078125,-252.0187530517578,147.78750610351562,-48.22500228881836
1773049215017882000,56.49688208007812,-252.07501220703125,147.6750030517578,-48.375003814697266
1773049215027882000,56.50688208007813,-252.1125030517578,147.16876220703125,-48.67500305175781
1773049215037882000,56.516882080078126,-252.18751525878906,147.05625915527344,-49.06875228881836
1773049215047882000,56.526882080078124,-251.9250030517578,146.90625,-49.23750305175781
1773049215057882000,56.53688208007812,-251.7375030517578,146.58750915527344,-49.35000228881836
1773049215067882000,56.54688208007813,-252.05625915527344,146.53125,-49.33125305175781
1773049215077882000,56.556882080078125,-252.18751525878906,146.56875610351562,-49.14375305175781
1773049215087882000,56.56688208007812,-252.28126525878906,146.41876220703125,-49.218753814697266
1773049215097882000,56.57688208007813,-252.0187530517578,146.34375,-49.06875228881836
1773049215107882000,56.58688208007813,-251.94375610351562,146.4562530517578,-48.86250305175781
1773049215117882000,56.596882080078124,-251.85000610351562,146.51251220703125,-48.656253814697266
1773049215127882000,56.60688208007812,-251.4562530517578,146.3625030517578,-48.750003814697266
1773049215137882000,56.61688208007813,-251.60626220703125,146.41876220703125,-48.67500305175781
1773049215147882000,56.626882080078126,-251.53126525878906,146.19375610351562,-48.54375076293945
1773049215157882000,56.636882080078124,-251.70001220703125,146.28750610351562,-48.60000228881836
1773049215167882000,56.64688208007812,-251.98126220703125,146.4375,-48.806251525878906
1773049215177882000,56.65688208007813,-252.2062530517578,146.4375,-49.05000305175781
1773049215187882000,56.666882080078125,-252.33750915527344,146.4375,-49.33125305175781
1773049215197882000,56.67688208007812,-252.61875915527344,146.4375,-49.42500305175781
1773049215207882000,56.68688208007813,-252.84376525878906,146.5500030517578,-49.38750076293945
1773049215217882000,56.696882080078126,-252.54376220703125,146.3625030517578,-49.556251525878906
1773049215227882000,56.706882080078124,-252.52500915527344,146.60626220703125,-49.875003814697266
1773049215237882000,56.71688208007812,-252.45001220703125,146.6437530517578,-49.91250228881836
1773049215247882000,56.72688208007813,-252.22500610351562,146.47500610351562,-50.04375076293945
1773049215257882000,56.736882080078125,-252.15000915527344,146.11875915527344,-50.04375076293945
1773049215267882000,56.74688208007812,-252.09376525878906,145.9875030517578,-49.85625076293945
1773049215277882000,56.75688208007813,-251.96250915527344,146.02500915527344,-49.837501525878906
1773049215287882000,56.766882080078126,-252.3000030517578,145.95001220703125,-50.025001525878906
1773049215297882000,56.776882080078124,-252.75001525878906,146.13751220703125,-50.23125076293945
1773049215307882000,56.78688208007812,-252.65626525878906,146.04376220703125,-50.17500305175781
1773049215317882000,56.79688208007813,-252.84376525878906,145.96875,-49.968753814697266
1773049215327882000,56.806882080078125,-253.01251220703125,145.96875,-49.781253814697266
1773049215337882000,56.81688208007812,-253.12501525878906,146.25,-49.837501525878906
1773049215347882000,56.82688208007813,-253.48126220703125,146.38125610351562,-49.931251525878906
1773049215357882000,56.83688208007813,-253.35000610351562,146.19375610351562,-49.593753814697266
1773049215367882000,56.846882080078124,-253.16250610351562,146.3625030517578,-49.35000228881836
1773049215377882000,56.85688208007812,-252.88125610351562,146.38125610351562,-48.91875076293945
1773049215387882000,56.86688208007813,-252.97500610351562,146.40000915527344,-48.60000228881836
1773049215397882000,56.876882080078126,-252.50625610351562,146.4562530517578,-48.69375228881836
1773049215407882000,56.886882080078124,-252.37501525878906,146.7375030517578,-48.41250228881836
1773049215417882000,56.89688208007812,-252.43125915527344,146.85000610351562,-48.281253814697266
1773049215427882000,56.90688208007813,-252.26251220703125,147.0187530517578,-48.13125228881836
1773049215437882000,56.916882080078125,-252.88125610351562,147.13125610351562,-48.39375305175781
1773049215447882000,56.92688208007812,-252.7687530517578,146.98126220703125,-48.48750305175781
1773049215457882000,56.93688208007813,-253.01251220703125,147.05625915527344,-48.48750305175781
1773049215467882000,56.946882080078126,-253.01251220703125,147.16876220703125,-48.60000228881836
1773049215477882000,56.956882080078124,-253.36875915527344,147.33750915527344,-48.69375228881836
1773049215487882000,56.96688208007812,-253.65000915527344,147.15000915527344,-48.91875076293945
1773049215497882000,56.97688208007813,-253.83750915527344,147.05625915527344,-49.10625076293945
1773049215507882000,56.986882080078125,-253.96876525878906,146.86875915527344,-48.937503814697266
1773049215517882000,56.99688208007812,-253.76251220703125,146.79376220703125,-49.16250228881836
1773049215527882000,57.00688208007813,-254.23126220703125,146.90625,-49.20000076293945
1773049215537882000,57.016882080078126,-254.23126220703125,146.85000610351562,-49.51875305175781
1773049215547882000,57.026882080078124,-254.11875915527344,146.625,-49.35000228881836
1773049215557882000,57.03688208007812,-254.15626525878906,146.1750030517578,-49.500003814697266
1773049215567882000,57.04688208007813,-253.66876220703125,146.13751220703125,-49.462501525878906
1773049215577882000,57.056882080078125,-253.3312530517578,146.13751220703125,-49.218753814697266
1773049215587882000,57.06688208007812,-253.01251220703125,145.95001220703125,-49.218753814697266
1773049215597882000,57.07688208007813,-252.63751220703125,145.96875,-48.78750228881836
1773049215607882000,57.08688208007813,-252.41250610351562,145.9875030517578,-48.618751525878906
1773049215617882000,57.096882080078124,-252.31875610351562,145.81875610351562,-48.375003814697266
1773049215627882000,57.10688208007812,-252.41250610351562,145.76251220703125,-48.54375076293945
1773049215637882000,57.11688208007813,-252.5812530517578,146.02500915527344,-48.50625228881836
1773049215647882000,57.126882080078126,-253.16250610351562,146.2687530517578,-48.562503814697266
1773049215657882000,57.136882080078124,-253.6125030517578,146.23126220703125,-48.900001525878906
1773049215667882000,57.14688208007812,-253.65000915527344,146.56875610351562,-49.10625076293945
1773049215677882000,57.15688208007813,-253.8937530517578,146.7375030517578,-49.14375305175781
1773049215687882000,57.166882080078125,-253.81875610351562,146.70001220703125,-49.031253814697266
1773049215697882000,57.17688208007812,-254.02500915527344,146.90625,-49.125003814697266
1773049215707882000,57.18688208007813,-254.25001525878906,146.88751220703125,-49.16250228881836
1773049215717882000,57.196882080078126,-254.06251525878906,146.98126220703125,-48.95625305175781
1773049215727882000,57.206882080078124,-253.91250610351562,146.98126220703125,-48.82500076293945
1773049215737882000,57.21688208007812,-254.02500915527344,147.31875610351562,-48.73125076293945
1773049215747882000,57.22688208007813,-254.30625915527344,147.13125610351562,-48.69375228881836
1773049215757882000,57.236882080078125,-254.25001525878906,146.90625,-48.91875076293945
1773049215767882000,57.24688208007812,-254.60626220703125,146.86875915527344,-48.88125228881836
1773049215777882000,57.25688208007813,-254.60626220703125,146.86875915527344,-48.88125228881836
1773049215787882000,57.266882080078126,-254.32501220703125,146.66250610351562,-48.843753814697266
1773049215797882000,57.276882080078124,-253.81875610351562,146.32501220703125,-48.900001525878906
1773049215807882000,57.28688208007812,-253.55625915527344,145.95001220703125,-48.88125228881836
1773049215817882000,57.29688208007813,-252.88125610351562,145.74375915527344,-48.67500305175781
1773049215827882000,57.306882080078125,-252.78750610351562,145.8937530517578,-48.50625228881836
1773049215837882000,57.31688208007812,-252.7687530517578,145.74375915527344,-48.39375305175781
1773049215847882000,57.32688208007813,-252.15000915527344,145.5,-48.45000076293945
1773049215857882000,57.33688208007813,-251.66250610351562,145.48126220703125,-48.187503814697266
1773049215867882000,57.346882080078124,-251.66250610351562,145.7062530517578,-48.16875076293945
1773049215877882000,57.35688208007812,-252.1125030517578,145.8000030517578,-48.281253814697266
1773049215887882000,57.36688208007813,-252.22500610351562,145.8000030517578,-48.30000305175781
1773049215897882000,57.376882080078126,-252.75001525878906,145.6875,-48.22500228881836
1773049215907882000,57.386882080078124,-252.45001220703125,145.5,-48.16875076293945
1773049215917882000,57.39688208007812,-252.60000610351562,145.57501220703125,-48.20625305175781
1773049215927882000,57.40688208007813,-252.78750610351562,145.83750915527344,-48.58125305175781
1773049215937882000,57.416882080078125,-253.0500030517578,145.59375,-48.86250305175781
1773049215947882000,57.42688208007812,-253.16250610351562,145.57501220703125,-48.937503814697266
1773049215957882000,57.43688208007813,-253.20001220703125,145.6125030517578,-49.06875228881836
1773049215967882000,57.446882080078126,-253.3312530517578,145.74375915527344,-49.368751525878906
1773049215977882000,57.456882080078124,-253.08750915527344,145.875,-49.368751525878906
1773049215987882000,57.46688208007812,-253.1437530517578,145.85626220703125,-49.66875076293945
1773049215997882000,57.47688208007813,-253.0500030517578,145.93125915527344,-49.743751525878906
1773049216007882000,57.486882080078125,-253.18125915527344,145.83750915527344,-49.44375228881836
1773049216017882000,57.49688208007812,-252.93751525878906,145.85626220703125,-49.51875305175781
1773049216027882000,57.50688208007813,-252.75001525878906,146.0625,-49.406253814697266
1773049216037882000,57.516882080078126,-252.9562530517578,145.93125915527344,-49.29375076293945
1773049216047882000,57.526882080078124,-252.99375915527344,145.83750915527344,-49.23750305175781
1773049216057882000,57.53688208007812,-253.16250610351562,145.78125,-49.44375228881836
1773049216067882000,57.54688208007813,-253.40626525878906,145.9875030517578,-49.16250228881836
1773049216077882000,57.556882080078125,-253.4250030517578,146.10000610351562,-49.087501525878906
1773049216087882000,57.56688208007812,-253.25625610351562,146.2687530517578,-49.181251525878906
1773049216097882000,57.57688208007813,-253.5187530517578,146.3625030517578,-49.10625076293945
1773049216107882000,57.58688208007813,-253.74375915527344,146.25,-49.16250228881836
1773049216117882000,57.596882080078124,-253.6125030517578,146.21250915527344,-48.900001525878906
1773049216127882000,57.60688208007812,-253.76251220703125,146.30625915527344,-48.91875076293945
1773049216137882000,57.61688208007813,-253.96876525878906,146.21250915527344,-48.88125228881836
1773049216147882000,57.626882080078126,-253.93125915527344,146.10000610351562,-49.218753814697266
1773049216157882000,57.636882080078124,-254.04376220703125,146.15625,-49.10625076293945
1773049216167882000,57.64688208007812,-254.60626220703125,146.28750610351562,-48.95625305175781
1773049216177882000,57.65688208007813,-254.68125915527344,146.30625915527344,-48.97500228881836
1773049216187882000,57.666882080078125,-254.53126525878906,146.41876220703125,-48.88125228881836
1773049216197882000,57.67688208007812,-254.28750610351562,146.47500610351562,-49.06875228881836
1773049216207882000,57.68688208007813,-253.7062530517578,146.1750030517578,-48.656253814697266
1773049216217882000,57.696882080078126,-253.53750610351562,146.32501220703125,-48.562503814697266
1773049216227882000,57.706882080078124,-253.63125610351562,146.13751220703125,-48.48750305175781
1773049216237882000,57.71688208007812,-253.65000915527344,146.04376220703125,-48.618751525878906
1773049216247882000,57.72688208007813,-253.2375030517578,145.96875,-48.67500305175781
1773049216257882000,57.736882080078125,-253.20001220703125,145.8937530517578,-48.76875305175781
1773049216267882000,57.74688208007812,-253.27500915527344,145.5187530517578,-48.843753814697266
1773049216277882000,57.75688208007813,-253.1437530517578,145.36875915527344,-48.937503814697266
1773049216287882000,57.766882080078126,-253.5187530517578,145.6875,-48.900001525878906
1773049216297882000,57.776882080078124,-253.27500915527344,145.6875,-48.712501525878906
1773049216307882000,57.78688208007812,-253.20001220703125,145.81875610351562,-48.48750305175781
1773049216317882000,57.79688208007813,-253.0500030517578,145.63125610351562,-48.39375305175781
1773049216327882000,57.806882080078125,-253.06875610351562,145.6125030517578,-48.337501525878906
1773049216337882000,57.81688208007812,-252.97500610351562,145.57501220703125,-48.01875305175781
1773049216347882000,57.82688208007813,-253.21876525878906,145.91250610351562,-47.90625
1773049216357882000,57.83688208007813,-253.6125030517578,146.15625,-47.88750076293945
1773049216367882000,57.846882080078124,-253.4250030517578,146.10000610351562,-48.093753814697266
1773049216377882000,57.85688208007812,-253.38751220703125,145.8000030517578,-48.35625076293945
1773049216387882000,57.86688208007813,-253.36875915527344,145.81875610351562,-48.45000076293945
1773049216397882000,57.876882080078126,-253.48126220703125,145.81875610351562,-48.48750305175781
1773049216407882000,57.886882080078124,-253.5187530517578,145.5187530517578,-48.63750076293945
1773049216417882000,57.89688208007812,-253.36875915527344,145.35000610351562,-48.78750228881836
1773049216427882000,57.90688208007813,-253.36875915527344,145.3125,-48.95625305175781
1773049216437882000,57.916882080078125,-253.1437530517578,145.44375610351562,-48.82500076293945
1773049216447882000,57.92688208007812,-253.29376220703125,145.44375610351562,-48.86250305175781
1773049216457882000,57.93688208007813,-253.35000610351562,145.66876220703125,-49.031253814697266
1773049216467882000,57.946882080078126,-253.5187530517578,145.59375,-49.368751525878906
1773049216477882000,57.956882080078124,-253.57501220703125,145.66876220703125,-49.53750228881836
1773049216487882000,57.96688208007812,-253.66876220703125,145.6125030517578,-49.48125076293945
1773049216497882000,57.97688208007813,-253.8937530517578,145.66876220703125,-49.48125076293945
1773049216507882000,57.986882080078125,-253.48126220703125,145.66876220703125,-49.368751525878906
1773049216517882000,57.99688208007812,-253.63125610351562,145.7062530517578,-49.20000076293945
1773049216527882000,58.00688208007813,-253.57501220703125,145.55625915527344,-49.10625076293945
1773049216537882000,58.016882080078126,-253.5187530517578,145.5,-48.750003814697266
1773049216547882000,58.026882080078124,-253.3312530517578,145.65000915527344,-48.468753814697266
1773049216557882000,58.03688208007812,-253.1437530517578,145.46250915527344,-48.41250228881836
1773049216567882000,58.04688208007813,-253.1437530517578,145.875,-48.16875076293945
1773049216577882000,58.056882080078125,-253.21876525878906,145.93125915527344,-48.431251525878906
1773049216587882000,58.06688208007812,-253.7062530517578,145.875,-48.50625228881836
1773049216597882000,58.07688208007813,-253.72500610351562,145.78125,-48.73125076293945
1773049216607882000,58.08688208007813,-253.83750915527344,145.95001220703125,-48.69375228881836
1773049216617882000,58.096882080078124,-254.06251525878906,146.0812530517578,-48.843753814697266
1773049216627882000,58.10688208007812,-254.15626525878906,145.9875030517578,-49.125003814697266
1773049216637882000,58.11688208007813,-254.5500030517578,146.11875915527344,-49.10625076293945
1773049216647882000,58.126882080078126,-254.51251220703125,146.0812530517578,-49.20000076293945
1773049216657882000,58.136882080078124,-254.40000915527344,146.28750610351562,-48.86250305175781
1773049216667882000,58.14688208007812,-254.23126220703125,146.25,-48.806251525878906
1773049216677882000,58.15688208007813,-254.1750030517578,146.0812530517578,-48.73125076293945
1773049216687882000,58.166882080078125,-254.10000610351562,146.0625,-48.712501525878906
1773049216697882000,58.17688208007812,-253.83750915527344,145.95001220703125,-48.525001525878906
1773049216707882000,58.18688208007813,-253.55625915527344,145.72500610351562,-48.13125228881836
1773049216717882000,58.196882080078126,-253.12501525878906,145.8000030517578,-47.98125076293945
1773049216727882000,58.206882080078124,-252.90000915527344,145.76251220703125,-47.90625
1773049216737882000,58.21688208007812,-252.88125610351562,145.7062530517578,-47.98125076293945
1773049216747882000,58.22688208007813,-252.8625030517578,145.81875610351562,-47.79375076293945
1773049216757882000,58.236882080078125,-252.84376525878906,145.93125915527344,-47.962501525878906
1773049216767882000,58.24688208007812,-252.6750030517578,145.74375915527344,-48.20625305175781
1773049216777882000,58.25688208007813,-252.71250915527344,145.72500610351562,-48.26250076293945
1773049216787882000,58.266882080078126,-252.99375915527344,146.0812530517578,-48.26250076293945
1773049216797882000,58.276882080078124,-252.7687530517578,146.10000610351562,-48.187503814697266
1773049216807882000,58.28688208007812,-252.91876220703125,145.91250610351562,-48.39375305175781
1773049216817882000,58.29688208007813,-252.90000915527344,145.93125915527344,-48.35625076293945
1773049216827882000,58.306882080078125,-252.63751220703125,145.78125,-48.562503814697266
1773049216837882000,58.31688208007812,-252.78750610351562,145.65000915527344,-48.562503814697266
1773049216847882000,58.32688208007813,-253.08750915527344,145.83750915527344,-48.63750076293945
1773049216857882000,58.33688208007813,-252.88125610351562,145.72500610351562,-48.843753814697266
1773049216867882000,58.346882080078124,-252.50625610351562,145.63125610351562,-48.95625305175781
1773049216877882000,58.35688208007812,-252.75001525878906,145.55625915527344,-49.16250228881836
1773049216887882000,58.36688208007813,-252.6750030517578,145.57501220703125,-49.05000305175781
1773049216897882000,58.376882080078126,-252.35626220703125,145.36875915527344,-49.181251525878906
1773049216907882000,58.386882080078124,-252.4875030517578,145.6125030517578,-49.14375305175781
1773049216917882000,58.39688208007812,-252.43125915527344,145.53750610351562,-48.900001525878906
1773049216927882000,58.40688208007813,-252.16876220703125,145.4250030517578,-48.48750305175781
1773049216937882000,58.416882080078125,-252.3000030517578,145.38751220703125,-48.712501525878906
1773049216947882000,58.42688208007812,-252.3000030517578,145.20001220703125,-48.656253814697266
1773049216957882000,58.43688208007813,-252.2062530517578,145.1437530517578,-48.48750305175781
1773049216967882000,58.446882080078126,-252.2062530517578,145.44375610351562,-48.750003814697266
1773049216977882000,58.456882080078124,-252.3937530517578,145.66876220703125,-48.50625228881836
1773049216987882000,58.46688208007812,-252.3937530517578,145.5187530517578,-48.562503814697266
1773049216997882000,58.47688208007813,-252.05625915527344,145.57501220703125,-48.63750076293945
1773049217007882000,58.486882080078125,-252.07501220703125,145.6125030517578,-48.88125228881836
1773049217017882000,58.49688208007812,-252.16876220703125,145.76251220703125,-48.69375228881836
1773049217027882000,58.50688208007813,-252.16876220703125,146.02500915527344,-48.562503814697266
1773049217037882000,58.516882080078126,-252.3000030517578,146.11875915527344,-48.63750076293945
1773049217047882000,58.526882080078124,-252.46876525878906,145.95001220703125,-48.63750076293945
1773049217057882000,58.53688208007812,-252.5812530517578,145.9875030517578,-48.750003814697266
1773049217067882000,58.54688208007813,-252.3000030517578,145.875,-48.69375228881836
1773049217077882000,58.556882080078125,-252.54376220703125,145.9875030517578,-48.91875076293945
1773049217087882000,58.56688208007812,-252.54376220703125,145.66876220703125,-48.78750228881836
1773049217097882000,58.57688208007813,-252.52500915527344,145.6125030517578,-48.750003814697266
1773049217107882000,58.58688208007813,-252.54376220703125,145.5187530517578,-48.76875305175781
1773049217117882000,58.596882080078124,-252.37501525878906,145.40625,-48.63750076293945
1773049217127882000,58.60688208007812,-252.13125610351562,145.5,-48.337501525878906
1773049217137882000,58.61688208007813,-251.94375610351562,145.40625,-48.150001525878906
1773049217147882000,58.626882080078126,-252.26251220703125,145.6875,-48.26250076293945
1773049217157882000,58.636882080078124,-252.3000030517578,145.74375915527344,-48.22500228881836
1773049217167882000,58.64688208007812,-252.35626220703125,146.19375610351562,-48.281253814697266
1773049217177882000,58.65688208007813,-252.35626220703125,146.30625915527344,-48.093753814697266
1773049217187882000,58.666882080078125,-252.31875610351562,146.38125610351562,-47.94375228881836
1773049217197882000,58.67688208007812,-252.56251525878906,146.23126220703125,-48.187503814697266
1773049217207882000,58.68688208007813,-252.3937530517578,146.1750030517578,-48.281253814697266
1773049217217882000,58.696882080078126,-252.69375610351562,146.21250915527344,-48.35625076293945
1773049217227882000,58.706882080078124,-252.82501220703125,146.4562530517578,-48.13125228881836
1773049217237882000,58.71688208007812,-252.52500915527344,146.58750915527344,-48
1773049217247882000,58.72688208007813,-252.73126220703125,146.5500030517578,-48.01875305175781
1773049217257882000,58.736882080078125,-253.1437530517578,146.77500915527344,-48.50625228881836
1773049217267882000,58.74688208007812,-253.57501220703125,146.90625,-48.806251525878906
1773049217277882000,58.75688208007813,-253.44375610351562,147.28125,-48.525001525878906
1773049217287882000,58.766882080078126,-253.87501525878906,147.41250610351562,-48.562503814697266
1773049217297882000,58.776882080078124,-253.9875030517578,147.5812530517578,-48.63750076293945
1773049217307882000,58.78688208007812,-253.85626220703125,147.31875610351562,-48.78750228881836
1773049217317882000,58.79688208007813,-254.10000610351562,147.3937530517578,-48.618751525878906
1773049217327882000,58.806882080078125,-253.9875030517578,147.54376220703125,-48.806251525878906
1773049217337882000,58.81688208007812,-253.7062530517578,147.43125915527344,-48.69375228881836
1773049217347882000,58.82688208007813,-253.72500610351562,147.26251220703125,-48.78750228881836
1773049217357882000,58.83688208007813,-253.95001220703125,147.3000030517578,-48.82500076293945
1773049217367882000,58.846882080078124,-254.06251525878906,147.1125030517578,-48.900001525878906
1773049217377882000,58.85688208007812,-253.68751525878906,146.8312530517578,-48.82500076293945
1773049217387882000,58.86688208007813,-253.68751525878906,146.7375030517578,-48.750003814697266
1773049217397882000,58.876882080078126,-253.40626525878906,146.5500030517578,-48.82500076293945
1773049217407882000,58.886882080078124,-253.40626525878906,146.41876220703125,-48.525001525878906
1773049217417882000,58.89688208007812,-253.06875610351562,146.38125610351562,-48.13125228881836
1773049217427882000,58.90688208007813,-252.75001525878906,146.32501220703125,-47.94375228881836
1773049217437882000,58.916882080078125,-252.28126525878906,146.10000610351562,-48.03750228881836
1773049217447882000,58.92688208007812,-251.56875610351562,146.13751220703125,-47.83125305175781
1773049217457882000,58.93688208007813,-251.79376220703125,146.1750030517578,-47.98125076293945
1773049217467882000,58.946882080078126,-251.70001220703125,146.0812530517578,-48.07500076293945
1773049217477882000,58.956882080078124,-251.75625610351562,145.8000030517578,-48.22500228881836
1773049217487882000,58.96688208007812,-251.62501525878906,145.46250915527344,-48.48750305175781
1773049217497882000,58.97688208007813,-251.86875915527344,145.35000610351562,-48.562503814697266
1773049217507882000,58.986882080078125,-251.8312530517578,145.18125915527344,-48.525001525878906
1773049217517882000,58.99688208007812,-251.96250915527344,145.20001220703125,-48.67500305175781
1773049217527882000,59.00688208007813,-252.26251220703125,145.3125,-48.76875305175781
1773049217537882000,59.016882080078126,-252.15000915527344,145.44375610351562,-48.82500076293945
1773049217547882000,59.026882080078124,-251.90626525878906,145.36875915527344,-48.750003814697266
1773049217557882000,59.03688208007812,-252.28126525878906,145.63125610351562,-48.806251525878906
1773049217567882000,59.04688208007813,-252.41250610351562,145.6875,-48.45000076293945
1773049217577882000,59.056882080078125,-252.35626220703125,145.6125030517578,-48.63750076293945
1773049217587882000,59.06688208007812,-252.24375915527344,145.83750915527344,-48.806251525878906
1773049217597882000,59.07688208007813,-252.3000030517578,146.02500915527344,-48.656253814697266
1773049217607882000,59.08688208007813,-252.28126525878906,145.74375915527344,-48.843753814697266
1773049217617882000,59.096882080078124,-252.13125610351562,145.46250915527344,-48.41250228881836
1773049217627882000,59.10688208007812,-252.3000030517578,145.83750915527344,-48.31875228881836
1773049217637882000,59.11688208007813,-252.2062530517578,146.00625610351562,-47.98125076293945
1773049217647882000,59.126882080078126,-252.28126525878906,146.15625,-48.20625305175781
1773049217657882000,59.136882080078124,-252.26251220703125,146.28750610351562,-48.187503814697266
1773049217667882000,59.14688208007812,-252.41250610351562,146.0812530517578,-48.150001525878906
1773049217677882000,59.15688208007813,-252.35626220703125,146.10000610351562,-48.07500076293945
1773049217687882000,59.166882080078125,-252.50625610351562,146.32501220703125,-47.79375076293945
1773049217697882000,59.17688208007812,-252.5812530517578,146.49375915527344,-48.056251525878906
1773049217707882000,59.18688208007813,-252.61875915527344,146.28750610351562,-47.90625
1773049217717882000,59.196882080078126,-252.60000610351562,146.32501220703125,-47.962501525878906
1773049217727882000,59.206882080078124,-252.5812530517578,146.23126220703125,-48.01875305175781
1773049217737882000,59.21688208007812,-252.45001220703125,146.0812530517578,-47.90625
1773049217747882000,59.22688208007813,-252.52500915527344,145.96875,-47.775001525878906
1773049217757882000,59.236882080078125,-252.54376220703125,145.65000915527344,-47.71875
1773049217767882000,59.24688208007812,-252.54376220703125,145.48126220703125,-47.73750305175781
1773049217777882000,59.25688208007813,-252.61875915527344,145.72500610351562,-47.962501525878906
1773049217787882000,59.266882080078126,-252.33750915527344,145.6875,-48.150001525878906
1773049217797882000,59.276882080078124,-252.4875030517578,145.63125610351562,-48.30000305175781
1773049217807882000,59.28688208007812,-252.35626220703125,145.76251220703125,-48.093753814697266
1773049217817882000,59.29688208007813,-252.52500915527344,145.81875610351562,-48.03750228881836
1773049217827882000,59.306882080078125,-252.31875610351562,145.9875030517578,-48.11250305175781
1773049217837882000,59.31688208007812,-252.22500610351562,146.19375610351562,-48.375003814697266
1773049217847882000,59.32688208007813,-252.13125610351562,146.32501220703125,-48.26250076293945
1773049217857882000,59.33688208007813,-252.09376525878906,146.30625915527344,-48.056251525878906
1773049217867882000,59.346882080078124,-252.45001220703125,146.32501220703125,-48.093753814697266
1773049217877882000,59.35688208007812,-251.98126220703125,146.1750030517578,-48.243751525878906
1773049217887882000,59.36688208007813,-252.1125030517578,146.28750610351562,-48.13125228881836
1773049217897882000,59.376882080078126,-251.75625610351562,146.2687530517578,-48.07500076293945
1773049217907882000,59.386882080078124,-252.07501220703125,146.19375610351562,-48.150001525878906
1773049217917882000,59.39688208007812,-252.33750915527344,146.10000610351562,-48.187503814697266
1773049217927882000,59.40688208007813,-252.18751525878906,145.91250610351562,-48.39375305175781
1773049217937882000,59.416882080078125,-252.22500610351562,145.78125,-48.45000076293945
1773049217947882000,59.42688208007812,-252.26251220703125,145.8937530517578,-48.48750305175781
1773049217957882000,59.43688208007813,-252.41250610351562,145.78125,-48.41250228881836
1773049217967882000,59.446882080078126,-252.28126525878906,145.66876220703125,-48.58125305175781
1773049217977882000,59.456882080078124,-252.6750030517578,145.95001220703125,-48.618751525878906
1773049217987882000,59.46688208007812,-252.3937530517578,146.0812530517578,-48.50625228881836
1773049217997882000,59.47688208007813,-252.45001220703125,146.23126220703125,-48.281253814697266
1773049218007882000,59.486882080078125,-252.61875915527344,146.38125610351562,-48.26250076293945
1773049218017882000,59.49688208007812,-252.60000610351562,146.28750610351562,-48.187503814697266
1773049218027882000,59.50688208007813,-252.60000610351562,146.13751220703125,-48.243751525878906
1773049218037882000,59.516882080078126,-252.50625610351562,146.3625030517578,-48
1773049218047882000,59.526882080078124,-252.3000030517578,146.30625915527344,-47.92500305175781
1773049218057882000,59.53688208007812,-252.16876220703125,146.2687530517578,-47.962501525878906
1773049218067882000,59.54688208007813,-252.16876220703125,146.1750030517578,-48.07500076293945
1773049218077882000,59.556882080078125,-251.96250915527344,146.25,-47.88750076293945
1773049218087882000,59.56688208007812,-252.3000030517578,146.40000915527344,-47.70000076293945
1773049218097882000,59.57688208007813,-252.3000030517578,146.40000915527344,-47.75625228881836
1773049218107882000,59.58688208007813,-252.09376525878906,146.28750610351562,-47.64375305175781
1773049218117882000,59.596882080078124,-252.1125030517578,146.28750610351562,-47.681251525878906
1773049218127882000,59.60688208007812,-252.3000030517578,146.10000610351562,-47.868751525878906
1773049218137882000,59.61688208007813,-252.41250610351562,146.1750030517578,-48.056251525878906
1773049218147882000,59.626882080078126,-252.65626525878906,146.13751220703125,-47.90625
1773049218157882000,59.636882080078124,-252.65626525878906,145.93125915527344,-48.16875076293945
1773049218167882000,59.64688208007812,-252.31875610351562,145.65000915527344,-48.656253814697266
1773049218177882000,59.65688208007813,-252.00001525878906,145.66876220703125,-48.712501525878906
1773049218187882000,59.666882080078125,-252.07501220703125,145.85626220703125,-48.86250305175781
1773049218197882000,59.67688208007812,-252.05625915527344,145.78125,-48.993751525878906
1773049218207882000,59.68688208007813,-252.00001525878906,145.96875,-48.900001525878906
1773049218217882000,59.696882080078126,-251.96250915527344,146.04376220703125,-48.67500305175781
1773049218227882000,59.706882080078124,-251.71876525878906,146.19375610351562,-48.78750228881836
1773049218237882000,59.71688208007812,-251.96250915527344,146.25,-48.91875076293945
1773049218247882000,59.72688208007813,-251.98126220703125,146.51251220703125,-48.562503814697266
1773049218257882000,59.736882080078125,-252.35626220703125,146.32501220703125,-48.69375228881836
1773049218267882000,59.74688208007812,-252.31875610351562,146.30625915527344,-48.69375228881836
1773049218277882000,59.75688208007813,-252.35626220703125,146.28750610351562,-48.843753814697266
1773049218287882000,59.766882080078126,-252.43125915527344,146.4375,-48.97500228881836
1773049218297882000,59.776882080078124,-252.46876525878906,146.28750610351562,-49.087501525878906
1773049218307882000,59.78688208007812,-252.28126525878906,146.25,-48.993751525878906
1773049218317882000,59.79688208007813,-251.75625610351562,146.41876220703125,-48.69375228881836
1773049218327882000,59.806882080078125,-251.62501525878906,146.15625,-48.806251525878906
1773049218337882000,59.81688208007812,-251.8312530517578,146.32501220703125,-48.73125076293945
1773049218347882000,59.82688208007813,-252.07501220703125,146.40000915527344,-48.50625228881836
1773049218357882000,59.83688208007813,-252.3000030517578,146.34375,-48.243751525878906
1773049218367882000,59.846882080078124,-252.26251220703125,146.25,-48.337501525878906
1773049218377882000,59.85688208007812,-252.1125030517578,146.15625,-48.35625076293945
1773049218387882000,59.86688208007813,-252.43125915527344,146.30625915527344,-48.63750076293945
1773049218397882000,59.876882080078126,-252.65626525878906,146.1750030517578,-48.806251525878906
1773049218407882000,59.886882080078124,-252.56251525878906,146.51251220703125,-48.76875305175781
1773049218417882000,59.89688208007812,-252.26251220703125,146.38125610351562,-48.712501525878906
1773049218427882000,59.90688208007813,-252.07501220703125,146.32501220703125,-48.750003814697266
1773049218437882000,59.916882080078125,-251.75625610351562,146.13751220703125,-48.69375228881836
1773049218447882000,59.92688208007812,-251.53126525878906,146.02500915527344,-48.562503814697266
1773049218457882000,59.93688208007813,-251.40000915527344,145.93125915527344,-48.41250228881836
1773049218467882000,59.946882080078126,-251.56875610351562,146.02500915527344,-48.431251525878906
1773049218477882000,59.956882080078124,-251.66250610351562,146.10000610351562,-48.562503814697266
1773049218487882000,59.96688208007812,-251.71876525878906,145.59375,-48.63750076293945
1773049218497882000,59.97688208007813,-251.90626525878906,145.875,-48.618751525878906
1773049218507882000,59.986882080078125,-252.05625915527344,145.96875,-48.712501525878906
1773049218517882000,59.99688208007812,-252.33750915527344,146.1750030517578,-48.76875305175781
1773049218527882000,60.00688208007813,-252.6750030517578,146.2687530517578,-48.78750228881836
1773049218537882000,60.016882080078126,-252.9562530517578,146.49375915527344,-48.843753814697266
1773049218547882000,60.026882080078124,-252.73126220703125,146.21250915527344,-48.562503814697266
1773049218557882000,60.03688208007812,-252.69375610351562,146.19375610351562,-48.35625076293945
1773049218567882000,60.04688208007813,-252.78750610351562,146.66250610351562,-48.22500228881836
1773049218577882000,60.056882080078125,-252.75001525878906,146.53125,-48.13125228881836
1773049218587882000,60.06688208007812,-252.56251525878906,146.23126220703125,-48.150001525878906
1773049218597882000,60.07688208007813,-252.65626525878906,146.2687530517578,-48.30000305175781
1773049218607882000,60.08688208007813,-252.52500915527344,146.30625915527344,-48.337501525878906
1773049218617882000,60.096882080078124,-252.4875030517578,146.23126220703125,-48.39375305175781
1773049218627882000,60.10688208007812,-252.5812530517578,146.21250915527344,-48.525001525878906
1773049218637882000,60.11688208007813,-252.5812530517578,146.30625915527344,-48.525001525878906
1773049218647882000,60.126882080078126,-252.71250915527344,146.11875915527344,-48.562503814697266
1773049218657882000,60.136882080078124,-252.75001525878906,146.15625,-48.76875305175781
1773049218667882000,60.14688208007812,-252.78750610351562,146.30625915527344,-48.97500228881836
1773049218677882000,60.15688208007813,-252.63751220703125,146.1750030517578,-49.10625076293945
1773049218687882000,60.166882080078125,-252.52500915527344,145.91250610351562,-49.031253814697266
1773049218697882000,60.17688208007812,-252.43125915527344,145.63125610351562,-48.97500228881836
1773049218707882000,60.18688208007813,-252.50625610351562,145.55625915527344,-49.01250076293945
1773049218717882000,60.196882080078126,-252.50625610351562,145.27500915527344,-48.86250305175781
1773049218727882000,60.206882080078124,-252.46876525878906,145.1437530517578,-48.86250305175781
1773049218737882000,60.21688208007812,-252.2062530517578,145.08750915527344,-48.67500305175781
1773049218747882000,60.22688208007813,-252.03750610351562,144.99375915527344,-48.45000076293945
1773049218757882000,60.236882080078125,-252.16876220703125,144.99375915527344,-48.45000076293945
1773049218767882000,60.24688208007812,-252.07501220703125,145.3312530517578,-48.39375305175781
1773049218777882000,60.25688208007813,-252.22500610351562,145.8000030517578,-48.431251525878906
1773049218787882000,60.266882080078126,-252.22500610351562,145.9875030517578,-48.16875076293945
1773049218797882000,60.276882080078124,-252.15000915527344,145.95001220703125,-48.39375305175781
1773049218807882000,60.28688208007812,-252.05625915527344,146.25,-48.13125228881836
1773049218817882000,60.29688208007813,-252.03750610351562,146.11875915527344,-48.26250076293945
1773049218827882000,60.306882080078125,-252.16876220703125,146.21250915527344,-48.35625076293945
1773049218837882000,60.31688208007812,-252.03750610351562,146.1750030517578,-48.41250228881836
1773049218847882000,60.32688208007813,-252.24375915527344,146.04376220703125,-48.375003814697266
1773049218857882000,60.33688208007813,-251.96250915527344,145.83750915527344,-48.45000076293945
1773049218867882000,60.346882080078124,-251.81251525878906,145.65000915527344,-48.67500305175781
1773049218877882000,60.35688208007812,-252.00001525878906,146.00625610351562,-48.67500305175781
1773049218887882000,60.36688208007813,-252.1125030517578,145.76251220703125,-49.10625076293945
1773049218897882000,60.376882080078126,-252.3000030517578,145.76251220703125,-49.05000305175781
1773049218907882000,60.386882080078124,-252.3937530517578,145.91250610351562,-48.76875305175781
1773049218917882000,60.39688208007812,-252.4875030517578,146.19375610351562,-48.712501525878906
1773049218927882000,60.40688208007813,-252.45001220703125,146.11875915527344,-48.78750228881836
1773049218937882000,60.416882080078125,-252.75001525878906,145.83750915527344,-48.750003814697266
1773049218947882000,60.42688208007812,-252.3937530517578,145.95001220703125,-48.525001525878906
1773049218957882000,60.43688208007813,-252.1125030517578,145.72500610351562,-48.45000076293945
1773049218967882000,60.446882080078126,-252.0187530517578,145.91250610351562,-48.22500228881836
1773049218977882000,60.456882080078124,-252.1125030517578,146.11875915527344,-48.150001525878906
1773049218987882000,60.46688208007812,-251.94375610351562,146.02500915527344,-48.30000305175781
1773049218997882000,60.47688208007813,-251.94375610351562,146.11875915527344,-47.962501525878906
1773049219007882000,60.486882080078125,-252.05625915527344,146.60626220703125,-47.83125305175781
1773049219017882000,60.49688208007812,-251.96250915527344,146.96250915527344,-47.8125
1773049219027882000,60.50688208007813,-252.3000030517578,147.03750610351562,-47.88750076293945
1773049219037882000,60.516882080078126,-252.61875915527344,147.22500610351562,-47.85000228881836
1773049219047882000,60.526882080078124,-252.56251525878906,147.0187530517578,-47.8125
1773049219057882000,60.53688208007812,-252.60000610351562,147.07501220703125,-47.90625
1773049219067882000,60.54688208007813,-252.82501220703125,147.1875,-47.94375228881836
1773049219077882000,60.556882080078125,-252.9562530517578,146.9250030517578,-48.01875305175781
1773049219087882000,60.56688208007812,-252.75001525878906,146.4375,-47.98125076293945
1773049219097882000,60.57688208007813,-252.54376220703125,146.30625915527344,-47.85000228881836
1773049219107882000,60.58688208007813,-252.60000610351562,146.23126220703125,-47.962501525878906
1773049219117882000,60.596882080078124,-252.31875610351562,146.04376220703125,-48.01875305175781
1773049219127882000,60.60688208007812,-252.3937530517578,146.13751220703125,-48.150001525878906
1773049219137882000,60.61688208007813,-252.15000915527344,146.11875915527344,-48.22500228881836
1773049219147882000,60.626882080078126,-251.96250915527344,145.78125,-48.243751525878906
1773049219157882000,60.636882080078124,-251.88751220703125,145.91250610351562,-48.150001525878906
1773049219167882000,60.64688208007812,-252.09376525878906,146.23126220703125,-48.26250076293945
1773049219177882000,60.65688208007813,-252.35626220703125,146.47500610351562,-48.26250076293945
1773049219187882000,60.666882080078125,-252.28126525878906,146.34375,-48
1773049219197882000,60.67688208007812,-252.22500610351562,146.2687530517578,-47.90625
1773049219207882000,60.68688208007813,-252.31875610351562,146.30625915527344,-47.70000076293945
1773049219217882000,60.696882080078126,-252.63751220703125,146.21250915527344,-47.55000305175781
1773049219227882000,60.706882080078124,-252.78750610351562,146.38125610351562,-47.587501525878906
1773049219237882000,60.71688208007812,-252.91876220703125,146.38125610351562,-48.03750228881836
1773049219247882000,60.72688208007813,-252.88125610351562,146.40000915527344,-47.868751525878906
1773049219257882000,60.736882080078125,-252.7687530517578,146.15625,-47.868751525878906
1773049219267882000,60.74688208007812,-252.91876220703125,146.1750030517578,-48.056251525878906
1773049219277882000,60.75688208007813,-253.21876525878906,146.49375915527344,-48.11250305175781
1773049219287882000,60.766882080078126,-253.21876525878906,146.58750915527344,-48.22500228881836
1773049219297882000,60.776882080078124,-252.93751525878906,146.60626220703125,-48.243751525878906
1773049219307882000,60.78688208007812,-252.99375915527344,146.90625,-48.01875305175781
1773049219317882000,60.79688208007813,-252.88125610351562,146.60626220703125,-47.92500305175781
1773049219327882000,60.806882080078125,-253.06875610351562,146.38125610351562,-48.281253814697266
1773049219337882000,60.81688208007812,-253.18125915527344,146.32501220703125,-48.468753814697266
1773049219347882000,60.82688208007813,-253.0500030517578,146.34375,-48.45000076293945
1773049219357882000,60.83688208007813,-252.80625915527344,146.00625610351562,-48.63750076293945
1773049219367882000,60.846882080078124,-252.91876220703125,145.6125030517578,-48.937503814697266
1773049219377882000,60.85688208007812,-252.9562530517578,145.5,-48.91875076293945
1773049219387882000,60.86688208007813,-252.69375610351562,145.46250915527344,-49.06875228881836
1773049219397882000,60.876882080078126,-252.73126220703125,145.72500610351562,-49.01250076293945
1773049219407882000,60.886882080078124,-252.61875915527344,145.91250610351562,-48.900001525878906
1773049219417882000,60.89688208007812,-252.9562530517578,145.93125915527344,-49.05000305175781
1773049219427882000,60.90688208007813,-252.8625030517578,146.0625,-49.031253814697266
1773049219437882000,60.916882080078125,-253.06875610351562,146.28750610351562,-48.78750228881836
1773049219447882000,60.92688208007812,-252.73126220703125,146.68125915527344,-48.468753814697266
1773049219457882000,60.93688208007813,-252.7687530517578,146.79376220703125,-48.618751525878906
1773049219467882000,60.946882080078126,-252.88125610351562,146.88751220703125,-48.63750076293945
1773049219477882000,60.956882080078124,-252.63751220703125,146.625,-48.50625228881836
1773049219487882000,60.96688208007812,-252.65626525878906,146.53125,-48.48750305175781
1773049219497882000,60.97688208007813,-252.43125915527344,146.5500030517578,-48.26250076293945
1773049219507882000,60.986882080078125,-252.69375610351562,146.3625030517578,-48.39375305175781
1773049219517882000,60.99688208007812,-252.60000610351562,146.2687530517578,-48.375003814697266
1773049219527882000,61.00688208007813,-252.84376525878906,146.10000610351562,-48.468753814697266
1773049219537882000,61.016882080078126,-252.9562530517578,146.21250915527344,-48.45000076293945
1773049219547882000,61.026882080078124,-253.01251220703125,146.00625610351562,-48.60000228881836
1773049219557882000,61.03688208007812,-253.27500915527344,146.10000610351562,-48.900001525878906
1773049219567882000,61.04688208007813,-253.20001220703125,145.74375915527344,-48.95625305175781
1773049219577882000,61.056882080078125,-253.29376220703125,145.7062530517578,-48.806251525878906
1773049219587882000,61.06688208007812,-253.40626525878906,145.875,-48.69375228881836
1773049219597882000,61.07688208007813,-253.53750610351562,145.81875610351562,-48.91875076293945
1773049219607882000,61.08688208007813,-253.25625610351562,145.76251220703125,-48.82500076293945
1773049219617882000,61.096882080078124,-252.9562530517578,145.7062530517578,-48.618751525878906
1773049219627882000,61.10688208007812,-253.03126525878906,145.93125915527344,-48.50625228881836
1773049219637882000,61.11688208007813,-252.90000915527344,145.875,-48.13125228881836
1773049219647882000,61.126882080078126,-252.56251525878906,146.10000610351562,-48.11250305175781
1773049219657882000,61.136882080078124,-252.41250610351562,146.0812530517578,-48.337501525878906
1773049219667882000,61.14688208007812,-252.28126525878906,146.0812530517578,-48.187503814697266
1773049219677882000,61.15688208007813,-252.28126525878906,146.02500915527344,-48.187503814697266
1773049219687882000,61.166882080078125,-252.50625610351562,146.10000610351562,-48.22500228881836
1773049219697882000,61.17688208007812,-252.88125610351562,146.10000610351562,-48.22500228881836
1773049219707882000,61.18688208007813,-252.84376525878906,145.78125,-48.26250076293945
1773049219717882000,61.196882080078126,-252.97500610351562,145.9875030517578,-48.50625228881836
1773049219727882000,61.206882080078124,-253.25625610351562,146.00625610351562,-48.63750076293945
1773049219737882000,61.21688208007812,-253.06875610351562,146.02500915527344,-48.712501525878906
1773049219747882000,61.22688208007813,-252.80625915527344,146.11875915527344,-48.806251525878906
1773049219757882000,61.236882080078125,-252.52500915527344,146.25,-48.468753814697266
1773049219767882000,61.24688208007812,-252.45001220703125,146.30625915527344,-48.58125305175781
1773049219777882000,61.25688208007813,-252.3000030517578,146.40000915527344,-48.750003814697266
1773049219787882000,61.266882080078126,-252.3000030517578,146.21250915527344,-48.82500076293945
1773049219797882000,61.276882080078124,-252.1125030517578,146.02500915527344,-48.63750076293945
1773049219807882000,61.28688208007812,-252.03750610351562,146.2687530517578,-48.45000076293945
1773049219817882000,61.29688208007813,-252.07501220703125,146.38125610351562,-48.31875228881836
1773049219827882000,61.306882080078125,-252.05625915527344,146.13751220703125,-48.50625228881836
1773049219837882000,61.31688208007812,-252.3000030517578,146.28750610351562,-48.712501525878906
1773049219847882000,61.32688208007813,-252.43125915527344,146.1750030517578,-48.656253814697266
1773049219857882000,61.33688208007813,-252.52500915527344,146.10000610351562,-48.468753814697266
1773049219867882000,61.346882080078124,-252.78750610351562,146.6437530517578,-48.60000228881836
1773049219877882000,61.35688208007812,-252.88125610351562,146.79376220703125,-48.78750228881836
1773049219887882000,61.36688208007813,-252.8625030517578,146.68125915527344,-48.95625305175781
1773049219897882000,61.376882080078126,-253.01251220703125,146.66250610351562,-48.95625305175781
1773049219907882000,61.386882080078124,-253.08750915527344,146.85000610351562,-48.900001525878906
1773049219917882000,61.39688208007812,-252.73126220703125,146.60626220703125,-48.900001525878906
1773049219927882000,61.40688208007813,-252.4875030517578,146.75625610351562,-48.91875076293945
1773049219937882000,61.416882080078125,-252.45001220703125,146.47500610351562,-48.937503814697266
1773049219947882000,61.42688208007812,-252.3000030517578,146.28750610351562,-48.69375228881836
1773049219957882000,61.43688208007813,-252.24375915527344,146.13751220703125,-48.50625228881836
1773049219967882000,61.446882080078126,-252.22500610351562,145.9875030517578,-48.337501525878906
1773049219977882000,61.456882080078124,-251.88751220703125,146.10000610351562,-48.30000305175781
1773049219987882000,61.46688208007812,-251.9250030517578,146.00625610351562,-48.31875228881836
1773049219997882000,61.47688208007813,-252.28126525878906,146.02500915527344,-48.58125305175781
1773049220007882000,61.486882080078125,-252.52500915527344,145.93125915527344,-48.525001525878906
1773049220017882000,61.49688208007812,-252.43125915527344,146.13751220703125,-48.54375076293945
1773049220027882000,61.50688208007813,-252.15000915527344,146.00625610351562,-48.41250228881836
1773049220037882000,61.516882080078126,-252.31875610351562,146.21250915527344,-48.375003814697266
1773049220047882000,61.526882080078124,-252.35626220703125,146.28750610351562,-48.30000305175781
1773049220057882000,61.53688208007812,-252.56251525878906,146.25,-48.54375076293945
1773049220067882000,61.54688208007813,-252.61875915527344,146.11875915527344,-48.525001525878906
1773049220077882000,61.556882080078125,-252.43125915527344,146.04376220703125,-48.39375305175781
1773049220087882000,61.56688208007812,-252.1125030517578,146.21250915527344,-48.22500228881836
1773049220097882000,61.57688208007813,-252.03750610351562,146.1750030517578,-48.22500228881836
1773049220107882000,61.58688208007813,-252.16876220703125,146.1750030517578,-48.39375305175781
1773049220117882000,61.596882080078124,-252.33750915527344,145.8937530517578,-48.375003814697266
1773049220127882000,61.60688208007812,-252.37501525878906,145.81875610351562,-48.31875228881836
1773049220137882000,61.61688208007813,-252.26251220703125,145.74375915527344,-47.962501525878906
1773049220147882000,61.626882080078126,-252.1125030517578,145.8937530517578,-47.75625228881836
1773049220157882000,61.636882080078124,-252.28126525878906,146.0812530517578,-47.53125
1773049220167882000,61.64688208007812,-252.4875030517578,146.1750030517578,-47.64375305175781
1773049220177882000,61.65688208007813,-252.52500915527344,146.32501220703125,-47.60625076293945
1773049220187882000,61.666882080078125,-252.3937530517578,146.34375,-47.73750305175781
1773049220197882000,61.67688208007812,-252.03750610351562,146.23126220703125,-47.868751525878906
1773049220207882000,61.68688208007813,-252.16876220703125,146.10000610351562,-47.98125076293945
1773049220217882000,61.696882080078126,-252.63751220703125,146.0812530517578,-48.337501525878906
1773049220227882000,61.706882080078124,-252.84376525878906,146.19375610351562,-48.525001525878906
1773049220237882000,61.71688208007812,-252.8625030517578,146.4562530517578,-48.48750305175781
1773049220247882000,61.72688208007813,-252.80625915527344,146.2687530517578,-48.562503814697266
1773049220257882000,61.736882080078125,-252.71250915527344,146.0812530517578,-48.76875305175781
1773049220267882000,61.74688208007812,-252.8625030517578,145.96875,-48.562503814697266
1773049220277882000,61.75688208007813,-252.80625915527344,146.10000610351562,-48.618751525878906
1773049220287882000,61.766882080078126,-252.73126220703125,146.10000610351562,-48.45000076293945
1773049220297882000,61.776882080078124,-252.3000030517578,146.02500915527344,-48.187503814697266
1773049220307882000,61.78688208007812,-252.35626220703125,145.875,-48.30000305175781
1773049220317882000,61.79688208007813,-252.45001220703125,145.5,-48.375003814697266
1773049220327882000,61.806882080078125,-252.56251525878906,145.29376220703125,-48.41250228881836
1773049220337882000,61.81688208007812,-252.65626525878906,145.29376220703125,-48.41250228881836
1773049220347882000,61.82688208007813,-252.50625610351562,145.27500915527344,-48.525001525878906
1773049220357882000,61.83688208007813,-252.75001525878906,145.5,-48.618751525878906
1773049220367882000,61.846882080078124,-252.45001220703125,145.76251220703125,-48.712501525878906
1773049220377882000,61.85688208007812,-252.52500915527344,145.83750915527344,-48.63750076293945
1773049220387882000,61.86688208007813,-252.4875030517578,145.8937530517578,-48.41250228881836
1773049220397882000,61.876882080078126,-252.26251220703125,145.875,-48.39375305175781
1773049220407882000,61.886882080078124,-252.18751525878906,145.93125915527344,-48.22500228881836
1773049220417882000,61.89688208007812,-252.35626220703125,146.21250915527344,-47.90625
1773049220427882000,61.90688208007813,-252.43125915527344,146.60626220703125,-47.8125
1773049220437882000,61.916882080078125,-252.09376525878906,146.51251220703125,-47.8125
1773049220447882000,61.92688208007812,-252.3000030517578,146.40000915527344,-47.83125305175781
1773049220457882000,61.93688208007813,-252.3937530517578,146.4562530517578,-47.962501525878906
1773049220467882000,61.946882080078126,-252.63751220703125,146.66250610351562,-48.22500228881836
1773049220477882000,61.956882080078124,-252.7687530517578,147.09375,-48.468753814697266
1773049220487882000,61.96688208007812,-252.8625030517578,147.3000030517578,-48.562503814697266
1773049220497882000,61.97688208007813,-252.60000610351562,146.77500915527344,-48.88125228881836
1773049220507882000,61.986882080078125,-252.56251525878906,146.68125915527344,-48.806251525878906
1773049220517882000,61.99688208007812,-252.73126220703125,146.66250610351562,-48.54375076293945
1773049220527882000,62.00688208007813,-252.82501220703125,146.6437530517578,-48.656253814697266
1773049220537882000,62.016882080078126,-252.82501220703125,146.77500915527344,-48.73125076293945
1773049220547882000,62.026882080078124,-252.37501525878906,146.5500030517578,-48.562503814697266
1773049220557882000,62.03688208007812,-252.24375915527344,146.0625,-48.31875228881836
1773049220567882000,62.04688208007813,-252.16876220703125,145.8937530517578,-48.468753814697266
1773049220577882000,62.056882080078125,-252.61875915527344,146.1750030517578,-48.41250228881836
1773049220587882000,62.06688208007812,-252.71250915527344,146.11875915527344,-48.31875228881836
1773049220597882000,62.07688208007813,-252.78750610351562,146.11875915527344,-48.20625305175781
1773049220607882000,62.08688208007813,-252.54376220703125,146.41876220703125,-48.01875305175781
1773049220617882000,62.096882080078124,-252.50625610351562,146.30625915527344,-48.03750228881836
1773049220627882000,62.10688208007812,-252.63751220703125,146.30625915527344,-47.98125076293945
1773049220637882000,62.11688208007813,-252.46876525878906,146.49375915527344,-47.8125
1773049220647882000,62.126882080078126,-252.46876525878906,146.4375,-47.64375305175781
1773049220657882000,62.136882080078124,-252.24375915527344,146.5500030517578,-47.23125076293945
1773049220667882000,62.14688208007812,-252.15000915527344,146.3625030517578,-47.13750076293945
1773049220677882000,62.15688208007813,-252.00001525878906,146.30625915527344,-47.118751525878906
1773049220687882000,62.166882080078125,-252.24375915527344,145.81875610351562,-47.4375
1773049220697882000,62.17688208007812,-252.16876220703125,145.91250610351562,-47.10000228881836
1773049220707882000,62.18688208007813,-251.79376220703125,145.85626220703125,-46.931251525878906
1773049220717882000,62.196882080078126,-252.09376525878906,145.85626220703125,-47.17500305175781
1773049220727882000,62.206882080078124,-252.13125610351562,146.00625610351562,-47.23125076293945
1773049220737882000,62.21688208007812,-252.2062530517578,146.0625,-47.625
1773049220747882000,62.22688208007813,-252.3000030517578,146.2687530517578,-47.79375076293945
1773049220757882000,62.236882080078125,-252.16876220703125,146.41876220703125,-47.868751525878906
1773049220767882000,62.24688208007812,-251.96250915527344,146.60626220703125,-47.70000076293945
1773049220777882000,62.25688208007813,-251.86875915527344,146.4562530517578,-47.94375228881836
1773049220787882000,62.266882080078126,-252.15000915527344,146.6437530517578,-48.13125228881836
1773049220797882000,62.276882080078124,-252.0187530517578,146.88751220703125,-47.98125076293945
1773049220807882000,62.28688208007812,-251.88751220703125,146.8125,-48.11250305175781
1773049220817882000,62.29688208007813,-251.71876525878906,146.7375030517578,-48.056251525878906
1773049220827882000,62.306882080078125,-251.60626220703125,146.6437530517578,-48.16875076293945
1773049220837882000,62.31688208007812,-251.60626220703125,146.68125915527344,-48.13125228881836
1773049220847882000,62.32688208007813,-251.79376220703125,146.96250915527344,-48.11250305175781
1773049220857882000,62.33688208007813,-252.03750610351562,146.8312530517578,-48.16875076293945
1773049220867882000,62.346882080078124,-252.13125610351562,146.88751220703125,-47.98125076293945
1773049220877882000,62.35688208007812,-252.24375915527344,146.56875610351562,-48.13125228881836
1773049220887882000,62.36688208007813,-252.28126525878906,146.47500610351562,-47.83125305175781
1773049220897882000,62.376882080078126,-252.1125030517578,146.23126220703125,-47.868751525878906
1773049220907882000,62.386882080078124,-251.96250915527344,146.0812530517578,-47.79375076293945
1773049220917882000,62.39688208007812,-252.28126525878906,145.875,-48.056251525878906
1773049220927882000,62.40688208007813,-252.2062530517578,145.72500610351562,-48.16875076293945
1773049220937882000,62.416882080078125,-252.1125030517578,145.81875610351562,-48.337501525878906
1773049220947882000,62.42688208007812,-252.13125610351562,145.53750610351562,-48.73125076293945
1773049220957882000,62.43688208007813,-252.0187530517578,145.91250610351562,-48.656253814697266
1773049220967882000,62.446882080078126,-252.0187530517578,146.28750610351562,-48.88125228881836
1773049220977882000,62.456882080078124,-252.16876220703125,146.56875610351562,-48.82500076293945
1773049220987882000,62.46688208007812,-252.2062530517578,146.71875,-49.031253814697266
1773049220997882000,62.47688208007813,-252.05625915527344,146.8125,-48.993751525878906
1773049221007882000,62.486882080078125,-251.9250030517578,146.7375030517578,-48.82500076293945
1773049221017882000,62.49688208007812,-252.13125610351562,146.79376220703125,-48.618751525878906
1773049221027882000,62.50688208007813,-252.35626220703125,147.0187530517578,-48.468753814697266
1773049221037882000,62.516882080078126,-252.37501525878906,146.6437530517578,-48.54375076293945
1773049221047882000,62.526882080078124,-252.52500915527344,146.4562530517578,-48.806251525878906
1773049221057882000,62.53688208007812,-252.46876525878906,146.41876220703125,-48.91875076293945
1773049221067882000,62.54688208007813,-252.52500915527344,146.66250610351562,-48.76875305175781
1773049221077882000,62.556882080078125,-252.50625610351562,146.79376220703125,-48.67500305175781
1773049221087882000,62.56688208007812,-252.71250915527344,146.66250610351562,-48.73125076293945
1773049221097882000,62.57688208007813,-252.71250915527344,146.60626220703125,-48.82500076293945
1773049221107882000,62.58688208007813,-252.45001220703125,146.56875610351562,-48.712501525878906
1773049221117882000,62.596882080078124,-252.61875915527344,146.77500915527344,-48.82500076293945
1773049221127882000,62.60688208007812,-252.43125915527344,146.58750915527344,-48.41250228881836
1773049221137882000,62.61688208007813,-252.52500915527344,146.34375,-48.60000228881836
1773049221147882000,62.626882080078126,-252.73126220703125,146.0812530517578,-48.750003814697266
1773049221157882000,62.636882080078124,-253.03126525878906,146.0812530517578,-48.97500228881836
1773049221167882000,62.64688208007812,-253.12501525878906,146.21250915527344,-49.181251525878906
1773049221177882000,62.65688208007813,-252.90000915527344,146.15625,-49.29375076293945
1773049221187882000,62.666882080078125,-252.8625030517578,146.0812530517578,-49.25625228881836
1773049221197882000,62.67688208007812,-252.63751220703125,145.93125915527344,-48.97500228881836
1773049221207882000,62.68688208007813,-252.90000915527344,146.10000610351562,-49.275001525878906
1773049221217882000,62.696882080078126,-252.9562530517578,146.19375610351562,-49.06875228881836
1773049221227882000,62.706882080078124,-252.60000610351562,146.19375610351562,-48.95625305175781
1773049221237882000,62.71688208007812,-252.5812530517578,146.25,-48.76875305175781
1773049221247882000,62.72688208007813,-252.6750030517578,146.38125610351562,-48.656253814697266
1773049221257882000,62.736882080078125,-252.61875915527344,146.4562530517578,-48.45000076293945
1773049221267882000,62.74688208007812,-252.69375610351562,146.40000915527344,-48.712501525878906
1773049221277882000,62.75688208007813,-252.91876220703125,146.41876220703125,-49.181251525878906
1773049221287882000,62.766882080078126,-252.90000915527344,146.34375,-49.05000305175781
1773049221297882000,62.776882080078124,-252.82501220703125,146.28750610351562,-49.01250076293945
1773049221307882000,62.78688208007812,-253.03126525878906,146.0625,-49.181251525878906
1773049221317882000,62.79688208007813,-252.88125610351562,146.0812530517578,-49.48125076293945
1773049221327882000,62.806882080078125,-252.71250915527344,145.9875030517578,-49.61250305175781
1773049221337882000,62.81688208007812,-252.61875915527344,145.91250610351562,-49.81875228881836
1773049221347882000,62.82688208007813,-252.65626525878906,146.0625,-49.781253814697266
1773049221357882000,62.83688208007813,-252.5812530517578,145.875,-49.61250305175781
1773049221367882000,62.846882080078124,-252.52500915527344,146.04376220703125,-49.500003814697266
1773049221377882000,62.85688208007812,-252.60000610351562,146.34375,-49.687503814697266
1773049221387882000,62.86688208007813,-252.65626525878906,146.47500610351562,-49.29375076293945
1773049221397882000,62.876882080078126,-252.61875915527344,146.3625030517578,-48.97500228881836
1773049221407882000,62.886882080078124,-252.5812530517578,146.4375,-48.937503814697266
1773049221417882000,62.89688208007812,-252.65626525878906,146.56875610351562,-48.712501525878906
1773049221427882000,62.90688208007813,-252.15000915527344,146.34375,-48.656253814697266
1773049221437882000,62.916882080078125,-251.96250915527344,146.58750915527344,-48.750003814697266
1773049221447882000,62.92688208007812,-251.5500030517578,146.58750915527344,-48.656253814697266
1773049221457882000,62.93688208007813,-251.34376525878906,146.30625915527344,-48.54375076293945
1773049221467882000,62.946882080078126,-251.1750030517578,146.49375915527344,-48.82500076293945
1773049221477882000,62.956882080078124,-250.91250610351562,146.4562530517578,-48.60000228881836
1773049221487882000,62.96688208007812,-250.57501220703125,146.4562530517578,-48.468753814697266
1773049221497882000,62.97688208007813,-250.72500610351562,146.32501220703125,-48.73125076293945
1773049221507882000,62.986882080078125,-251.04376220703125,146.11875915527344,-48.806251525878906
1773049221517882000,62.99688208007812,-251.13751220703125,146.00625610351562,-48.712501525878906
1773049221527882000,63.00688208007813,-251.40000915527344,145.8000030517578,-49.01250076293945
1773049221537882000,63.016882080078126,-251.34376525878906,145.91250610351562,-49.01250076293945
1773049221547882000,63.026882080078124,-251.56875610351562,145.78125,-49.125003814697266
1773049221557882000,63.03688208007812,-251.86875915527344,145.81875610351562,-49.51875305175781
1773049221567882000,63.04688208007813,-252.2062530517578,146.04376220703125,-49.42500305175781
1773049221577882000,63.056882080078125,-252.28126525878906,145.95001220703125,-49.125003814697266
1773049221587882000,63.06688208007812,-252.3000030517578,146.41876220703125,-49.181251525878906
1773049221597882000,63.07688208007813,-252.41250610351562,146.75625610351562,-48.78750228881836
1773049221607882000,63.08688208007813,-252.45001220703125,146.75625610351562,-48.78750228881836
1773049221617882000,63.096882080078124,-252.6750030517578,146.8312530517578,-48.806251525878906
1773049221627882000,63.10688208007812,-252.43125915527344,146.86875915527344,-48.60000228881836
1773049221637882000,63.11688208007813,-252.45001220703125,146.7375030517578,-48.375003814697266
1773049221647882000,63.126882080078126,-252.5812530517578,146.4562530517578,-48.58125305175781
1773049221657882000,63.136882080078124,-252.43125915527344,146.8125,-48.76875305175781
1773049221667882000,63.14688208007812,-252.35626220703125,146.66250610351562,-48.562503814697266
1773049221677882000,63.15688208007813,-252.24375915527344,146.5500030517578,-49.01250076293945
1773049221687882000,63.166882080078125,-252.16876220703125,146.8312530517578,-48.937503814697266
1773049221697882000,63.17688208007812,-252.28126525878906,146.94375610351562,-48.937503814697266
1773049221707882000,63.18688208007813,-252.45001220703125,147.1125030517578,-49.218753814697266
1773049221717882000,63.196882080078126,-252.22500610351562,147.45001220703125,-49.218753814697266
1773049221727882000,63.206882080078124,-252.1125030517578,147.50625610351562,-49.218753814697266
1773049221737882000,63.21688208007812,-252.28126525878906,147.43125915527344,-48.900001525878906
1773049221747882000,63.22688208007813,-252.41250610351562,147.41250610351562,-49.10625076293945
1773049221757882000,63.236882080078125,-252.46876525878906,147.13125610351562,-49.14375305175781
1773049221767882000,63.24688208007812,-252.56251525878906,147,-49.087501525878906
1773049221777882000,63.25688208007813,-252.35626220703125,147.1125030517578,-49.031253814697266
1773049221787882000,63.266882080078126,-252.09376525878906,147.13125610351562,-48.806251525878906
1773049221797882000,63.276882080078124,-251.94375610351562,146.85000610351562,-48.993751525878906
1773049221807882000,63.28688208007812,-251.96250915527344,146.49375915527344,-49.14375305175781
1773049221817882000,63.29688208007813,-251.7375030517578,146.4375,-49.20000076293945
1773049221827882000,63.306882080078125,-251.6437530517578,146.4375,-49.16250228881836
1773049221837882000,63.31688208007812,-251.58750915527344,146.66250610351562,-49.01250076293945
1773049221847882000,63.32688208007813,-251.5500030517578,146.75625610351562,-48.86250305175781
1773049221857882000,63.33688208007813,-251.6437530517578,146.3625030517578,-48.900001525878906
1773049221867882000,63.346882080078124,-251.86875915527344,146.32501220703125,-48.806251525878906
1773049221877882000,63.35688208007812,-251.94375610351562,146.70001220703125,-48.618751525878906
1773049221887882000,63.36688208007813,-251.49375915527344,147.03750610351562,-48.35625076293945
1773049221897882000,63.376882080078126,-251.32501220703125,146.96250915527344,-48.525001525878906
1773049221907882000,63.386882080078124,-251.34376525878906,147.09375,-48.54375076293945
1773049221917882000,63.39688208007812,-251.3625030517578,147.28125,-48.41250228881836
1773049221927882000,63.40688208007813,-251.41876220703125,147.1875,-48.562503814697266
1773049221937882000,63.416882080078125,-251.25001525878906,147.07501220703125,-48.750003814697266
1773049221947882000,63.42688208007812,-251.25001525878906,147.03750610351562,-49.031253814697266
1773049221957882000,63.43688208007813,-251.28750610351562,146.96250915527344,-48.937503814697266
1773049221967882000,63.446882080078126,-251.7375030517578,146.9250030517578,-48.806251525878906
1773049221977882000,63.456882080078124,-251.98126220703125,146.90625,-48.86250305175781
1773049221987882000,63.46688208007812,-252.1125030517578,147.03750610351562,-48.843753814697266
1773049221997882000,63.47688208007813,-252.18751525878906,146.98126220703125,-48.97500228881836
1773049222007882000,63.486882080078125,-252.22500610351562,147.03750610351562,-48.843753814697266
1773049222017882000,63.49688208007812,-252.33750915527344,147.3000030517578,-48.54375076293945
1773049222027882000,63.50688208007813,-252.37501525878906,147.41250610351562,-48.50625228881836
1773049222037882000,63.516882080078126,-252.54376220703125,147.3000030517578,-48.63750076293945
1773049222047882000,63.526882080078124,-252.5812530517578,147.5812530517578,-48.67500305175781
1773049222057882000,63.53688208007812,-252.56251525878906,147.99375915527344,-48.50625228881836
1773049222067882000,63.54688208007813,-252.50625610351562,147.90000915527344,-48.35625076293945
1773049222077882000,63.556882080078125,-252.45001220703125,147.9562530517578,-48.468753814697266
1773049222087882000,63.56688208007812,-252.33750915527344,148.03125,-48.431251525878906
1773049222097882000,63.57688208007813,-252.33750915527344,148.1437530517578,-48.35625076293945
1773049222107882000,63.58688208007813,-252.46876525878906,148.125,-48.01875305175781
1773049222117882000,63.596882080078124,-252.52500915527344,147.84375,-48.07500076293945
1773049222127882000,63.60688208007812,-252.22500610351562,147.35626220703125,-48.31875228881836
1773049222137882000,63.61688208007813,-252.13125610351562,146.90625,-48.468753814697266
1773049222147882000,63.626882080078126,-252.31875610351562,146.77500915527344,-48.525001525878906
1773049222157882000,63.636882080078124,-252.46876525878906,146.71875,-48.618751525878906
1773049222167882000,63.64688208007812,-252.52500915527344,146.60626220703125,-48.806251525878906
1773049222177882000,63.65688208007813,-252.45001220703125,146.34375,-49.087501525878906
1773049222187882000,63.666882080078125,-252.31875610351562,146.41876220703125,-49.218753814697266
1773049222197882000,63.67688208007812,-252.09376525878906,146.625,-49.14375305175781
1773049222207882000,63.68688208007813,-252.18751525878906,146.88751220703125,-49.031253814697266
1773049222217882000,63.696882080078126,-252.28126525878906,146.90625,-48.91875076293945
1773049222227882000,63.706882080078124,-252.18751525878906,147.22500610351562,-48.97500228881836
1773049222237882000,63.71688208007812,-251.94375610351562,147.1125030517578,-48.76875305175781
1773049222247882000,63.72688208007813,-252.05625915527344,147.1125030517578,-48.86250305175781
1773049222257882000,63.736882080078125,-252.22500610351562,147.22500610351562,-48.78750228881836
1773049222267882000,63.74688208007812,-251.9250030517578,146.96250915527344,-49.031253814697266
1773049222277882000,63.75688208007813,-252.05625915527344,146.9250030517578,-48.993751525878906
1773049222287882000,63.766882080078126,-252.1125030517578,146.88751220703125,-48.88125228881836
1773049222297882000,63.776882080078124,-252.16876220703125,147.03750610351562,-48.76875305175781
1773049222307882000,63.78688208007812,-252.00001525878906,146.60626220703125,-48.88125228881836
1773049222317882000,63.79688208007813,-252.0187530517578,146.56875610351562,-48.54375076293945
1773049222327882000,63.806882080078125,-251.8312530517578,146.56875610351562,-48.468753814697266
1773049222337882000,63.81688208007812,-251.98126220703125,146.7375030517578,-48.562503814697266
1773049222347882000,63.82688208007813,-252.22500610351562,146.77500915527344,-48.45000076293945
1773049222357882000,63.83688208007813,-252.3937530517578,146.98126220703125,-48.50625228881836
1773049222367882000,63.846882080078124,-252.52500915527344,147.05625915527344,-48.618751525878906
1773049222377882000,63.85688208007812,-252.45001220703125,147.09375,-48.73125076293945
1773049222387882000,63.86688208007813,-252.41250610351562,147.2062530517578,-48.60000228881836
1773049222397882000,63.876882080078126,-252.56251525878906,146.98126220703125,-48.88125228881836
1773049222407882000,63.886882080078124,-252.60000610351562,147.1875,-48.69375228881836
1773049222417882000,63.89688208007812,-252.3000030517578,147.09375,-48.60000228881836
1773049222427882000,63.90688208007813,-252.18751525878906,147.05625915527344,-48.618751525878906
1773049222437882000,63.916882080078125,-251.9250030517578,146.79376220703125,-48.63750076293945
1773049222447882000,63.92688208007812,-251.56875610351562,146.7375030517578,-48.60000228881836
1773049222457882000,63.93688208007813,-251.85000610351562,146.86875915527344,-48.69375228881836
1773049222467882000,63.946882080078126,-252.1125030517578,147.0187530517578,-48.82500076293945
1773049222477882000,63.956882080078124,-252.00001525878906,147.09375,-48.82500076293945
1773049222487882000,63.96688208007812,-251.81251525878906,146.8312530517578,-48.843753814697266
1773049222497882000,63.97688208007813,-251.71876525878906,146.94375610351562,-48.900001525878906
1773049222507882000,63.986882080078125,-251.8312530517578,147.43125915527344,-48.712501525878906
1773049222517882000,63.99688208007812,-252.09376525878906,147.63751220703125,-48.806251525878906
1773049222527882000,64.00688208007813,-252.31875610351562,147.75,-48.91875076293945
1773049222537882000,64.01688208007812,-252.22500610351562,147.45001220703125,-48.86250305175781
1773049222547882000,64.02688208007812,-252.07501220703125,147.33750915527344,-48.562503814697266
1773049222557882000,64.03688208007813,-252.00001525878906,147.46875,-48.41250228881836
1773049222567882000,64.04688208007812,-251.9250030517578,147.35626220703125,-48.431251525878906
1773049222577882000,64.05688208007813,-252.18751525878906,146.9250030517578,-48.281253814697266
1773049222587882000,64.06688208007813,-252.33750915527344,146.625,-48.45000076293945
1773049222597882000,64.07688208007812,-252.26251220703125,146.41876220703125,-48.375003814697266
1773049222607882000,64.08688208007813,-252.31875610351562,146.15625,-48.58125305175781
1773049222617882000,64.09688208007813,-252.26251220703125,146.21250915527344,-48.67500305175781
1773049222627882000,64.10688208007812,-252.2062530517578,146.30625915527344,-48.67500305175781
1773049222637882000,64.11688208007813,-252.31875610351562,146.0625,-48.993751525878906
1773049222647882000,64.12688208007812,-252.80625915527344,146.11875915527344,-48.91875076293945
1773049222657882000,64.13688208007812,-253.01251220703125,146.4562530517578,-48.73125076293945
1773049222667882000,64.14688208007813,-253.03126525878906,146.38125610351562,-48.69375228881836
1773049222677882000,64.15688208007812,-252.9562530517578,146.28750610351562,-48.48750305175781
1773049222687882000,64.16688208007812,-252.9562530517578,146.6437530517578,-48.187503814697266
1773049222697882000,64.17688208007813,-252.82501220703125,146.625,-48.16875076293945
1773049222707882000,64.18688208007812,-252.80625915527344,146.56875610351562,-48.281253814697266
1773049222717882000,64.19688208007813,-252.82501220703125,146.96250915527344,-47.94375228881836
1773049222727882000,64.20688208007813,-252.69375610351562,147.1125030517578,-47.868751525878906
1773049222737882000,64.21688208007812,-252.56251525878906,147.31875610351562,-47.92500305175781
1773049222747882000,64.22688208007813,-252.46876525878906,147.33750915527344,-47.73750305175781
1773049222757882000,64.23688208007812,-252.63751220703125,147.52500915527344,-47.88750076293945
1773049222767882000,64.24688208007812,-252.71250915527344,147.26251220703125,-47.85000228881836
1773049222777882000,64.25688208007813,-253.03126525878906,147.375,-47.71875
1773049222787882000,64.26688208007812,-253.06875610351562,147.31875610351562,-47.775001525878906
1773049222797882000,64.27688208007812,-253.08750915527344,147.22500610351562,-47.92500305175781
1773049222807882000,64.28688208007813,-253.10626220703125,147.1125030517578,-48.093753814697266
1773049222817882000,64.29688208007812,-252.93751525878906,146.9250030517578,-47.868751525878906
1773049222827882000,64.30688208007813,-253.01251220703125,146.88751220703125,-48.056251525878906
1773049222837882000,64.31688208007813,-252.88125610351562,146.88751220703125,-48.13125228881836
1773049222847882000,64.32688208007812,-252.9562530517578,146.7375030517578,-48.16875076293945
1773049222857882000,64.33688208007813,-252.61875915527344,146.70001220703125,-48.11250305175781
1773049222867882000,64.34688208007813,-252.71250915527344,146.79376220703125,-47.98125076293945
1773049222877882000,64.35688208007812,-252.65626525878906,146.7375030517578,-47.88750076293945
1773049222887882000,64.36688208007813,-252.5812530517578,146.56875610351562,-47.90625
1773049222897882000,64.37688208007812,-252.84376525878906,146.5500030517578,-48.30000305175781
1773049222907882000,64.38688208007812,-252.82501220703125,146.71875,-47.98125076293945
1773049222917882000,64.39688208007813,-252.93751525878906,146.41876220703125,-47.83125305175781
1773049222927882000,64.40688208007812,-252.9562530517578,146.58750915527344,-47.75625228881836
1773049222937882000,64.41688208007812,-253.16250610351562,146.47500610351562,-47.8125
1773049222947882000,64.42688208007813,-253.1437530517578,146.34375,-47.90625
1773049222957882000,64.43688208007812,-253.4250030517578,146.41876220703125,-47.962501525878906
1773049222967882000,64.44688208007813,-253.25625610351562,146.51251220703125,-47.92500305175781
1773049222977882000,64.45688208007813,-253.06875610351562,146.41876220703125,-47.962501525878906
1773049222987882000,64.46688208007812,-253.21876525878906,146.5500030517578,-48.150001525878906
1773049222997882000,64.47688208007813,-253.10626220703125,146.625,-48.281253814697266
1773049223007882000,64.48688208007812,-253.03126525878906,146.4375,-48.41250228881836
1773049223017882000,64.49688208007812,-253.2375030517578,146.5500030517578,-48.35625076293945
1773049223027882000,64.50688208007813,-253.3312530517578,146.5500030517578,-48.281253814697266
1773049223037882000,64.51688208007812,-253.20001220703125,146.49375915527344,-48.281253814697266
1773049223047882000,64.52688208007812,-253.3312530517578,146.6437530517578,-48.16875076293945
1773049223057882000,64.53688208007813,-253.3312530517578,146.77500915527344,-47.88750076293945
1773049223067882000,64.54688208007812,-253.27500915527344,146.60626220703125,-48.187503814697266
1773049223077882000,64.55688208007813,-253.74375915527344,147.0187530517578,-48.243751525878906
1773049223087882000,64.56688208007813,-253.91250610351562,147.16876220703125,-48.22500228881836
1773049223097882000,64.57688208007812,-253.72500610351562,147.09375,-48.187503814697266
1773049223107882000,64.58688208007813,-253.8937530517578,147,-48.30000305175781
1773049223117882000,64.59688208007813,-253.72500610351562,147.15000915527344,-48.187503814697266
1773049223127882000,64.60688208007812,-253.65000915527344,147.13125610351562,-48.16875076293945
1773049223137882000,64.61688208007813,-253.57501220703125,146.88751220703125,-48.337501525878906
1773049223147882000,64.62688208007812,-253.40626525878906,146.6437530517578,-48.243751525878906
1773049223157882000,64.63688208007812,-253.12501525878906,146.51251220703125,-48.11250305175781
1773049223167882000,64.64688208007813,-253.0500030517578,146.49375915527344,-48.22500228881836
1773049223177882000,64.65688208007812,-253.18125915527344,146.66250610351562,-48.31875228881836
1773049223187882000,64.66688208007812,-253.21876525878906,146.96250915527344,-48.281253814697266
1773049223197882000,64.67688208007813,-253.63125610351562,146.96250915527344,-48.337501525878906
1773049223207882000,64.68688208007812,-253.63125610351562,147.1125030517578,-48.20625305175781
1773049223217882000,64.69688208007813,-253.57501220703125,147.16876220703125,-48.22500228881836
1773049223227882000,64.70688208007813,-253.76251220703125,147.375,-48.243751525878906
1773049223237882000,64.71688208007812,-253.59376525878906,147.60000610351562,-48.03750228881836
1773049223247882000,64.72688208007813,-253.57501220703125,147.5812530517578,-48.093753814697266
1773049223257882000,64.73688208007812,-253.44375610351562,147.28125,-47.94375228881836
1773049223267882000,64.74688208007812,-253.27500915527344,147.3000030517578,-47.868751525878906
1773049223277882000,64.75688208007813,-252.90000915527344,147.05625915527344,-48
1773049223287882000,64.76688208007812,-252.93751525878906,146.96250915527344,-48.13125228881836
1773049223297882000,64.77688208007812,-253.20001220703125,147.07501220703125,-48.337501525878906
1773049223307882000,64.78688208007813,-252.80625915527344,146.8312530517578,-48.187503814697266
1773049223317882000,64.79688208007812,-252.82501220703125,146.41876220703125,-48.60000228881836
1773049223327882000,64.80688208007813,-252.63751220703125,146.23126220703125,-48.50625228881836
1773049223337882000,64.81688208007813,-252.37501525878906,146.625,-48.562503814697266
1773049223347882000,64.82688208007812,-252.1125030517578,146.6437530517578,-48.48750305175781
1773049223357882000,64.83688208007813,-252.2062530517578,146.86875915527344,-48.468753814697266
1773049223367882000,64.84688208007813,-252.16876220703125,146.75625610351562,-48.54375076293945
1773049223377882000,64.85688208007812,-252.15000915527344,146.625,-48.375003814697266
1773049223387882000,64.86688208007813,-252.5812530517578,146.9250030517578,-48.45000076293945
1773049223397882000,64.87688208007812,-252.63751220703125,146.85000610351562,-48.41250228881836
1773049223407882000,64.88688208007812,-252.5812530517578,147.24375915527344,-48.39375305175781
1773049223417882000,64.89688208007813,-252.7687530517578,146.88751220703125,-48.656253814697266
1773049223427882000,64.90688208007812,-252.97500610351562,146.77500915527344,-48.900001525878906
1773049223437882000,64.91688208007812,-252.97500610351562,146.9250030517578,-48.86250305175781
1773049223447882000,64.92688208007813,-253.10626220703125,147.15000915527344,-48.76875305175781
1773049223457882000,64.93688208007812,-252.99375915527344,147.07501220703125,-48.712501525878906
1773049223467882000,64.94688208007813,-252.75001525878906,146.8312530517578,-48.48750305175781
1773049223477882000,64.95688208007813,-252.82501220703125,147.13125610351562,-48.45000076293945
1773049223487882000,64.96688208007812,-252.90000915527344,146.75625610351562,-48.525001525878906
1773049223497882000,64.97688208007813,-252.90000915527344,146.8125,-48.48750305175781
1773049223507882000,64.98688208007812,-252.93751525878906,146.6437530517578,-48.22500228881836
1773049223517882000,64.99688208007812,-253.01251220703125,146.30625915527344,-48.35625076293945
1773049223527882000,65.00688208007813,-253.01251220703125,146.11875915527344,-48.48750305175781
1773049223537882000,65.01688208007812,-253.06875610351562,146.2687530517578,-48.60000228881836
1773049223547882000,65.02688208007812,-253.1437530517578,146.41876220703125,-48.656253814697266
1773049223557882000,65.03688208007813,-252.75001525878906,146.2687530517578,-48.78750228881836
1773049223567882000,65.04688208007812,-252.63751220703125,146.49375915527344,-48.50625228881836
1773049223577882000,65.05688208007813,-252.78750610351562,146.71875,-48.375003814697266
1773049223587882000,65.06688208007813,-252.84376525878906,146.90625,-48.712501525878906
1773049223597882000,65.07688208007812,-252.71250915527344,146.60626220703125,-48.76875305175781
1773049223607882000,65.08688208007813,-252.80625915527344,146.4375,-48.67500305175781
1773049223617882000,65.09688208007813,-252.82501220703125,146.23126220703125,-48.562503814697266
1773049223627882000,65.10688208007812,-252.78750610351562,145.85626220703125,-48.69375228881836
1773049223637882000,65.11688208007813,-253.10626220703125,146.13751220703125,-48.525001525878906
1773049223647882000,65.12688208007812,-253.27500915527344,145.95001220703125,-48.843753814697266
1773049223657882000,65.13688208007812,-253.25625610351562,145.85626220703125,-48.67500305175781
1773049223667882000,65.14688208007813,-252.91876220703125,145.72500610351562,-48.41250228881836
1773049223677882000,65.15688208007812,-252.75001525878906,146.04376220703125,-48.22500228881836
1773049223687882000,65.16688208007812,-252.7687530517578,146.41876220703125,-48.187503814697266
1773049223697882000,65.17688208007813,-253.25625610351562,146.77500915527344,-48.26250076293945
1773049223707882000,65.18688208007812,-253.46250915527344,147.26251220703125,-48.26250076293945
1773049223717882000,65.19688208007813,-253.44375610351562,146.90625,-48.562503814697266
1773049223727882000,65.20688208007813,-253.40626525878906,147.16876220703125,-48.375003814697266
1773049223737882000,65.21688208007812,-253.50001525878906,147.1875,-48.468753814697266
1773049223747882000,65.22688208007813,-253.74375915527344,147.15000915527344,-48.712501525878906
1773049223757882000,65.23688208007812,-253.78126525878906,147.07501220703125,-48.656253814697266
1773049223767882000,65.24688208007812,-253.7062530517578,146.86875915527344,-49.16250228881836
1773049223777882000,65.25688208007813,-253.27500915527344,146.51251220703125,-49.275001525878906
1773049223787882000,65.26688208007812,-253.1437530517578,146.30625915527344,-49.06875228881836
1773049223797882000,65.27688208007812,-253.16250610351562,146.4375,-48.86250305175781
1773049223807882200,65.28688232421875,-253.27500915527344,146.19375610351562,-48.993751525878906
1773049223817882400,65.29688232421876,-253.12501525878906,146.15625,-49.23750305175781
1773049223827882200,65.30688232421875,-252.91876220703125,146.19375610351562,-49.14375305175781
1773049223837882400,65.31688232421875,-253.0500030517578,146.13751220703125,-49.312503814697266
1773049223847882200,65.32688232421874,-252.88125610351562,146.15625,-48.95625305175781
1773049223857882400,65.33688232421875,-252.80625915527344,146.34375,-48.88125228881836
1773049223867882200,65.34688232421875,-252.84376525878906,146.38125610351562,-48.993751525878906
1773049223877882400,65.35688232421874,-252.93751525878906,146.41876220703125,-48.993751525878906
1773049223887882200,65.36688232421875,-252.88125610351562,146.75625610351562,-48.712501525878906
1773049223897882400,65.37688232421876,-252.69375610351562,146.5500030517578,-48.58125305175781
1773049223907882200,65.38688232421875,-252.9562530517578,146.49375915527344,-48.750003814697266
1773049223917882400,65.39688232421875,-253.06875610351562,146.66250610351562,-48.712501525878906
1773049223927882200,65.40688232421876,-253.01251220703125,146.56875610351562,-48.69375228881836
1773049223937882400,65.41688232421875,-253.0500030517578,146.4562530517578,-48.618751525878906
1773049223947882200,65.42688232421875,-253.1437530517578,146.41876220703125,-48.69375228881836
1773049223957882400,65.43688232421874,-253.0500030517578,146.41876220703125,-48.562503814697266
1773049223967882200,65.44688232421875,-253.18125915527344,146.21250915527344,-49.01250076293945
1773049223977882400,65.45688232421875,-253.27500915527344,146.30625915527344,-48.937503814697266
1773049223987882200,65.46688232421874,-253.27500915527344,146.66250610351562,-48.67500305175781
1773049223997882400,65.47688232421875,-253.40626525878906,146.8125,-48.525001525878906
1773049224007882200,65.48688232421875,-253.63125610351562,146.96250915527344,-48.48750305175781
1773049224017882400,65.49688232421875,-253.5187530517578,147.05625915527344,-48.562503814697266
1773049224027882200,65.50688232421875,-253.20001220703125,147.05625915527344,-48.73125076293945
1773049224037882400,65.51688232421876,-253.25625610351562,146.98126220703125,-48.86250305175781
1773049224047882200,65.52688232421875,-253.2375030517578,147.03750610351562,-48.69375228881836
1773049224057882400,65.53688232421875,-253.31251525878906,146.96250915527344,-48.91875076293945
1773049224067882200,65.54688232421876,-253.1437530517578,146.7375030517578,-49.01250076293945
1773049224077882400,65.55688232421875,-253.08750915527344,146.40000915527344,-49.25625228881836
1773049224087882200,65.56688232421875,-253.16250610351562,146.4375,-49.181251525878906
1773049224097882400,65.57688232421874,-253.06875610351562,146.4562530517578,-49.10625076293945
1773049224107882200,65.58688232421875,-253.12501525878906,146.3625030517578,-49.125003814697266
1773049224117882400,65.59688232421875,-253.16250610351562,146.30625915527344,-49.06875228881836
1773049224127882200,65.60688232421874,-252.88125610351562,146.11875915527344,-48.76875305175781
1773049224137882400,65.61688232421875,-252.88125610351562,146.19375610351562,-48.63750076293945
1773049224147882200,65.62688232421876,-253.10626220703125,146.15625,-48.468753814697266
1773049224157882400,65.63688232421875,-253.18125915527344,146.49375915527344,-48.41250228881836
1773049224167882200,65.64688232421875,-253.0500030517578,146.32501220703125,-48.562503814697266
1773049224177882400,65.65688232421876,-253.21876525878906,146.1750030517578,-48.60000228881836
1773049224187882200,65.66688232421875,-253.44375610351562,146.40000915527344,-48.431251525878906
1773049224197882400,65.67688232421875,-253.50001525878906,146.58750915527344,-48.30000305175781
1773049224207882200,65.68688232421874,-253.7062530517578,146.96250915527344,-48.41250228881836
1773049224217882400,65.69688232421875,-253.44375610351562,146.86875915527344,-48.45000076293945
1773049224227882200,65.70688232421875,-253.38751220703125,147,-48.76875305175781
1773049224237882400,65.71688232421874,-253.6125030517578,146.8125,-48.95625305175781
1773049224247882200,65.72688232421875,-253.81875610351562,147.13125610351562,-49.031253814697266
1773049224257882400,65.73688232421875,-253.72500610351562,147.16876220703125,-49.01250076293945
1773049224267882200,65.74688232421875,-253.5187530517578,147.3000030517578,-48.91875076293945
1773049224277882400,65.75688232421875,-253.46250915527344,147.24375915527344,-48.97500228881836
1773049224287882200,65.76688232421876,-253.3312530517578,147.07501220703125,-48.900001525878906
1773049224297882400,65.77688232421875,-253.50001525878906,147.375,-48.86250305175781
1773049224307882200,65.78688232421875,-253.35000610351562,147.3000030517578,-48.76875305175781
1773049224317882400,65.79688232421876,-252.88125610351562,147.45001220703125,-48.375003814697266
1773049224327882200,65.80688232421875,-252.69375610351562,147.41250610351562,-48.54375076293945
1773049224337882400,65.81688232421875,-252.61875915527344,147.5625,-48.60000228881836
1773049224347882200,65.82688232421874,-252.46876525878906,147.4875030517578,-48.69375228881836
1773049224357882400,65.83688232421875,-252.33750915527344,147.52500915527344,-48.67500305175781
1773049224367882200,65.84688232421875,-252.4875030517578,147.0187530517578,-48.95625305175781
1773049224377882400,65.85688232421874,-252.37501525878906,147.05625915527344,-48.91875076293945
1773049224387882200,65.86688232421875,-252.22500610351562,146.98126220703125,-48.73125076293945
1773049224397882400,65.87688232421876,-252.26251220703125,146.8125,-48.97500228881836
1773049224407882200,65.88688232421875,-252.13125610351562,146.4562530517578,-48.82500076293945
1773049224417882400,65.89688232421875,-252.22500610351562,146.32501220703125,-48.78750228881836
1773049224427882200,65.90688232421876,-252.24375915527344,146.28750610351562,-48.750003814697266
1773049224437882400,65.91688232421875,-252.3937530517578,146.13751220703125,-48.750003814697266
1773049224447882200,65.92688232421875,-252.46876525878906,146.68125915527344,-48.750003814697266
1773049224457882400,65.93688232421874,-252.69375610351562,146.56875610351562,-48.73125076293945
1773049224467882200,65.94688232421875,-252.97500610351562,146.5500030517578,-48.88125228881836
1773049224477882400,65.95688232421875,-252.80625915527344,146.58750915527344,-48.750003814697266
1773049224487882200,65.96688232421874,-252.99375915527344,146.6437530517578,-48.78750228881836
1773049224497882400,65.97688232421875,-252.91876220703125,146.625,-48.712501525878906
1773049224507882200,65.98688232421875,-253.1437530517578,146.40000915527344,-48.73125076293945
1773049224517882400,65.99688232421875,-252.91876220703125,146.53125,-48.656253814697266
1773049224527882200,66.00688232421875,-252.71250915527344,146.38125610351562,-48.39375305175781
1773049224537882400,66.01688232421876,-252.7687530517578,146.40000915527344,-48.35625076293945
1773049224547882200,66.02688232421875,-252.5812530517578,146.38125610351562,-48.243751525878906
1773049224557882400,66.03688232421875,-252.69375610351562,146.2687530517578,-48.31875228881836
1773049224567882200,66.04688232421876,-252.41250610351562,146.53125,-48.093753814697266
1773049224577882400,66.05688232421875,-252.52500915527344,146.6437530517578,-47.90625
1773049224587882200,66.06688232421875,-252.52500915527344,146.90625,-47.75625228881836
1773049224597882400,66.07688232421874,-252.43125915527344,146.79376220703125,-47.8125
1773049224607882200,66.08688232421875,-252.52500915527344,146.71875,-48.093753814697266
1773049224617882400,66.09688232421875,-252.45001220703125,146.58750915527344,-48.30000305175781
1773049224627882200,66.10688232421874,-252.3000030517578,146.53125,-48.54375076293945
1773049224637882400,66.11688232421875,-252.31875610351562,146.66250610351562,-48.525001525878906
1773049224647882200,66.12688232421876,-252.37501525878906,146.28750610351562,-48.67500305175781
1773049224657882400,66.13688232421875,-252.22500610351562,146.28750610351562,-48.97500228881836
1773049224667882200,66.14688232421875,-252.09376525878906,146.15625,-49.218753814697266
1773049224677882400,66.15688232421876,-252.1125030517578,146.02500915527344,-49.16250228881836
1773049224687882200,66.16688232421875,-251.88751220703125,146.04376220703125,-48.97500228881836
1773049224697882400,66.17688232421875,-251.96250915527344,146.04376220703125,-49.125003814697266
1773049224707882200,66.18688232421874,-252.22500610351562,146.0625,-48.91875076293945
1773049224717882400,66.19688232421875,-252.03750610351562,146.0812530517578,-48.937503814697266
1773049224727882200,66.20688232421875,-252.18751525878906,146.1750030517578,-48.88125228881836
1773049224737882400,66.21688232421874,-252.28126525878906,145.9875030517578,-48.86250305175781
1773049224747882200,66.22688232421875,-252.33750915527344,145.96875,-49.14375305175781
1773049224757882400,66.23688232421875,-252.61875915527344,146.1750030517578,-49.25625228881836
1773049224767882200,66.24688232421875,-252.6750030517578,146.04376220703125,-49.33125305175781
1773049224777882400,66.25688232421875,-252.50625610351562,146.02500915527344,-49.10625076293945
1773049224787882200,66.26688232421876,-252.37501525878906,145.9875030517578,-48.993751525878906
1773049224797882400,66.27688232421875,-252.73126220703125,145.8937530517578,-49.087501525878906
1773049224807882200,66.28688232421875,-252.93751525878906,145.93125915527344,-48.88125228881836
1773049224817882400,66.29688232421876,-252.75001525878906,145.72500610351562,-48.82500076293945
1773049224827882200,66.30688232421875,-252.73126220703125,145.74375915527344,-48.656253814697266
1773049224837882400,66.31688232421875,-252.56251525878906,145.7062530517578,-48.712501525878906
1773049224847882200,66.32688232421874,-252.75001525878906,145.83750915527344,-48.806251525878906
1773049224857882400,66.33688232421875,-252.73126220703125,145.83750915527344,-48.900001525878906
1773049224867882200,66.34688232421875,-252.78750610351562,145.95001220703125,-49.087501525878906
1773049224877882400,66.35688232421874,-252.6750030517578,145.8000030517578,-49.125003814697266
1773049224887882200,66.36688232421875,-252.41250610351562,146.00625610351562,-49.275001525878906
1773049224897882400,66.37688232421876,-252.43125915527344,146.11875915527344,-49.462501525878906
1773049224907882200,66.38688232421875,-252.26251220703125,146.02500915527344,-49.23750305175781
1773049224917882400,66.39688232421875,-252.43125915527344,145.85626220703125,-48.993751525878906
1773049224927882200,66.40688232421876,-252.56251525878906,145.93125915527344,-48.900001525878906
1773049224937882400,66.41688232421875,-252.60000610351562,145.91250610351562,-48.656253814697266
1773049224947882200,66.42688232421875,-252.3937530517578,145.6875,-48.39375305175781
1773049224957882400,66.43688232421874,-252.15000915527344,145.78125,-48.22500228881836
1773049224967882200,66.44688232421875,-252.07501220703125,145.57501220703125,-48.22500228881836
1773049224977882400,66.45688232421875,-252.13125610351562,145.72500610351562,-48.150001525878906
1773049224987882200,66.46688232421874,-252.09376525878906,145.6875,-48.30000305175781
1773049224997882400,66.47688232421875,-251.96250915527344,145.55625915527344,-48.50625228881836
1773049225007882200,66.48688232421875,-251.75625610351562,145.36875915527344,-48.63750076293945
1773049225017882400,66.49688232421875,-251.90626525878906,145.36875915527344,-48.900001525878906
1773049225027882200,66.50688232421875,-251.77500915527344,145.40625,-48.843753814697266
1773049225037882400,66.51688232421876,-251.79376220703125,145.3125,-48.73125076293945
1773049225047882200,66.52688232421875,-251.88751220703125,145.5,-48.750003814697266
1773049225057882400,66.53688232421875,-252.09376525878906,145.35000610351562,-48.656253814697266
1773049225067882200,66.54688232421876,-252.18751525878906,145.27500915527344,-48.63750076293945
1773049225077882400,66.55688232421875,-252.22500610351562,145.44375610351562,-48.618751525878906
1773049225087882200,66.56688232421875,-252.31875610351562,145.35000610351562,-48.41250228881836
1773049225097882400,66.57688232421874,-252.00001525878906,145.21875,-48.375003814697266
1773049225107882200,66.58688232421875,-252.4875030517578,145.36875915527344,-48.525001525878906
1773049225117882400,66.59688232421875,-252.5812530517578,145.20001220703125,-48.82500076293945
1773049225127882200,66.60688232421874,-252.4875030517578,144.73126220703125,-48.843753814697266
1773049225137882400,66.61688232421875,-252.56251525878906,144.54376220703125,-49.06875228881836
1773049225147882200,66.62688232421876,-252.54376220703125,144.69375610351562,-49.05000305175781
1773049225157882400,66.63688232421875,-252.6750030517578,144.7687530517578,-49.16250228881836
1773049225167882200,66.64688232421875,-252.45001220703125,145.01251220703125,-49.25625228881836
1773049225177882400,66.65688232421876,-252.54376220703125,144.99375915527344,-49.406253814697266
1773049225187882200,66.66688232421875,-252.4875030517578,144.9562530517578,-49.650001525878906
1773049225197882400,66.67688232421875,-252.33750915527344,145.06875610351562,-49.462501525878906
1773049225207882200,66.68688232421874,-252.28126525878906,145.21875,-49.76250076293945
1773049225217882400,66.69688232421875,-251.9250030517578,145.35000610351562,-49.44375228881836
1773049225227882200,66.70688232421875,-252.03750610351562,145.36875915527344,-49.63125228881836
1773049225237882400,66.71688232421874,-251.8312530517578,145.40625,-49.61250305175781
1773049225247882200,66.72688232421875,-252.31875610351562,145.27500915527344,-49.80000305175781
1773049225257882400,66.73688232421875,-252.33750915527344,145.4250030517578,-49.556251525878906
1773049225267882200,66.74688232421875,-252.24375915527344,145.36875915527344,-49.275001525878906
1773049225277882400,66.75688232421875,-252.61875915527344,145.4250030517578,-49.312503814697266
1773049225287882200,66.76688232421876,-252.56251525878906,145.44375610351562,-49.031253814697266
1773049225297882400,66.77688232421875,-252.78750610351562,145.36875915527344,-49.38750076293945
1773049225307882200,66.78688232421875,-252.91876220703125,145.4250030517578,-49.06875228881836
1773049225317882400,66.79688232421876,-252.56251525878906,145.10626220703125,-48.900001525878906
1773049225327882200,66.80688232421875,-252.15000915527344,144.9562530517578,-48.69375228881836
1773049225337882400,66.81688232421875,-252.07501220703125,144.6750030517578,-48.750003814697266
1773049225347882200,66.82688232421874,-252.26251220703125,144.6750030517578,-49.01250076293945
1773049225357882400,66.83688232421875,-252.18751525878906,144.90000915527344,-48.95625305175781
1773049225367882200,66.84688232421875,-252.41250610351562,145.10626220703125,-49.087501525878906
1773049225377882400,66.85688232421874,-252.43125915527344,145.35000610351562,-48.91875076293945
1773049225387882200,66.86688232421875,-252.24375915527344,145.21875,-49.087501525878906
1773049225397882400,66.87688232421876,-252.46876525878906,145.38751220703125,-49.031253814697266
1773049225407882200,66.88688232421875,-252.41250610351562,145.63125610351562,-49.087501525878906
1773049225417882400,66.89688232421875,-252.41250610351562,145.8937530517578,-48.993751525878906
1773049225427882200,66.90688232421876,-252.16876220703125,145.93125915527344,-48.91875076293945
1773049225437882400,66.91688232421875,-252.05625915527344,145.8937530517578,-48.88125228881836
1773049225447882200,66.92688232421875,-251.98126220703125,145.875,-48.843753814697266
1773049225457882400,66.93688232421874,-252.05625915527344,145.65000915527344,-49.087501525878906
1773049225467882200,66.94688232421875,-252.1125030517578,145.8000030517578,-49.181251525878906
1773049225477882400,66.95688232421875,-252.35626220703125,145.6875,-49.42500305175781
1773049225487882200,66.96688232421874,-252.56251525878906,145.6125030517578,-49.48125076293945
1773049225497882400,66.97688232421875,-252.65626525878906,145.5187530517578,-49.66875076293945
1773049225507882200,66.98688232421875,-252.5812530517578,145.5187530517578,-49.593753814697266
1773049225517882400,66.99688232421875,-252.56251525878906,145.46250915527344,-49.57500076293945
1773049225527882200,67.00688232421875,-252.3937530517578,145.125,-49.66875076293945
1773049225537882400,67.01688232421876,-252.28126525878906,145.125,-49.51875305175781
1773049225547882200,67.02688232421875,-252.0187530517578,144.9375,-49.29375076293945
1773049225557882400,67.03688232421875,-252.2062530517578,145.16250610351562,-49.33125305175781
1773049225567882200,67.04688232421876,-252.13125610351562,145.0500030517578,-49.650001525878906
1773049225577882400,67.05688232421875,-252.26251220703125,145.18125915527344,-49.57500076293945
1773049225587882200,67.06688232421875,-252.28126525878906,145.125,-49.743751525878906
1773049225597882400,67.07688232421874,-252.16876220703125,144.99375915527344,-49.875003814697266
1773049225607882200,67.08688232421875,-252.3000030517578,145.20001220703125,-49.63125228881836
1773049225617882400,67.09688232421875,-252.24375915527344,145.27500915527344,-49.593753814697266
1773049225627882200,67.10688232421874,-252.31875610351562,145.21875,-49.593753814697266
1773049225637882400,67.11688232421875,-251.98126220703125,145.10626220703125,-49.500003814697266
1773049225647882200,67.12688232421876,-251.85000610351562,144.90000915527344,-49.01250076293945
1773049225657882400,67.13688232421875,-251.66250610351562,144.80625915527344,-48.750003814697266
1773049225667882200,67.14688232421875,-251.81251525878906,144.78750610351562,-48.712501525878906
1773049225677882400,67.15688232421876,-251.88751220703125,144.60000610351562,-48.67500305175781
1773049225687882200,67.16688232421875,-251.9250030517578,144.45001220703125,-48.750003814697266
1773049225697882400,67.17688232421875,-251.94375610351562,144.65625,-48.82500076293945
1773049225707882200,67.18688232421874,-252.07501220703125,144.52500915527344,-48.73125076293945
1773049225717882400,67.19688232421875,-252.37501525878906,144.4875030517578,-48.82500076293945
1773049225727882200,67.20688232421875,-252.3000030517578,144.5812530517578,-49.01250076293945
1773049225737882400,67.21688232421874,-252.46876525878906,144.80625915527344,-49.031253814697266
1773049225747882200,67.22688232421875,-252.60000610351562,144.88125610351562,-48.97500228881836
1773049225757882400,67.23688232421875,-252.6750030517578,145.16250610351562,-48.97500228881836
1773049225767882200,67.24688232421875,-252.46876525878906,145.1437530517578,-49.218753814697266
1773049225777882400,67.25688232421875,-252.45001220703125,144.78750610351562,-49.14375305175781
1773049225787882200,67.26688232421876,-252.4875030517578,144.9562530517578,-49.087501525878906
1773049225797882400,67.27688232421875,-252.35626220703125,144.97500610351562,-49.06875228881836
1773049225807882200,67.28688232421875,-252.5812530517578,144.97500610351562,-49.16250228881836
1773049225817882400,67.29688232421876,-252.54376220703125,144.9562530517578,-49.23750305175781
1773049225827882200,67.30688232421875,-252.41250610351562,144.88125610351562,-49.33125305175781
1773049225837882400,67.31688232421875,-252.43125915527344,144.75,-49.275001525878906
1773049225847882200,67.32688232421874,-252.61875915527344,144.61875915527344,-49.312503814697266
1773049225857882400,67.33688232421875,-252.52500915527344,144.71250915527344,-49.20000076293945
1773049225867882200,67.34688232421875,-252.54376220703125,144.6750030517578,-49.44375228881836
1773049225877882400,67.35688232421874,-252.54376220703125,144.61875915527344,-49.33125305175781
1773049225887882200,67.36688232421875,-252.45001220703125,144.80625915527344,-49.181251525878906
1773049225897882400,67.37688232421876,-252.28126525878906,144.45001220703125,-49.181251525878906
1773049225907882200,67.38688232421875,-252.1125030517578,144.2062530517578,-49.218753814697266
1773049225917882400,67.39688232421875,-252.16876220703125,144.24375915527344,-49.25625228881836
1773049225927882200,67.40688232421876,-252.05625915527344,144.3000030517578,-49.218753814697266
1773049225937882400,67.41688232421875,-252.35626220703125,144.60000610351562,-49.14375305175781
1773049225947882200,67.42688232421875,-252.33750915527344,144.78750610351562,-49.16250228881836
1773049225957882400,67.43688232421874,-252.45001220703125,144.82501220703125,-49.406253814697266
1773049225967882200,67.44688232421875,-252.71250915527344,144.78750610351562,-49.462501525878906
1773049225977882400,67.45688232421875,-252.84376525878906,144.73126220703125,-49.650001525878906
1773049225987882200,67.46688232421874,-253.0500030517578,145.01251220703125,-49.61250305175781
1773049225997882400,67.47688232421875,-252.88125610351562,144.7687530517578,-49.72500228881836
1773049226007882200,67.48688232421875,-252.93751525878906,144.78750610351562,-49.63125228881836
1773049226017882400,67.49688232421875,-252.82501220703125,144.5812530517578,-49.875003814697266
1773049226027882200,67.50688232421875,-252.99375915527344,144.54376220703125,-49.875003814697266
1773049226037882400,67.51688232421876,-252.5812530517578,144.33750915527344,-49.593753814697266
1773049226047882200,67.52688232421875,-252.35626220703125,144.28125,-49.61250305175781
1773049226057882400,67.53688232421875,-252.16876220703125,144.375,-49.781253814697266
1773049226067882200,67.54688232421876,-252.07501220703125,144.2062530517578,-49.81875228881836
1773049226077882400,67.55688232421875,-252.3000030517578,144.3000030517578,-49.72500228881836
1773049226087882200,67.56688232421875,-252.26251220703125,144.26251220703125,-49.51875305175781
1773049226097882400,67.57688232421874,-252.18751525878906,144.33750915527344,-49.33125305175781
1773049226107882200,67.58688232421875,-252.13125610351562,144.35626220703125,-49.087501525878906
1773049226117882400,67.59688232421875,-252.41250610351562,144.5625,-48.993751525878906
1773049226127882200,67.60688232421874,-252.50625610351562,144.69375610351562,-48.78750228881836
1773049226137882400,67.61688232421875,-252.3937530517578,144.80625915527344,-48.54375076293945
1773049226147882200,67.62688232421876,-252.35626220703125,144.91876220703125,-48.243751525878906
1773049226157882400,67.63688232421875,-252.3937530517578,145.125,-48.07500076293945
1773049226167882200,67.64688232421875,-252.37501525878906,145.2375030517578,-48.16875076293945
1773049226177882400,67.65688232421876,-252.26251220703125,145.06875610351562,-48.243751525878906
1773049226187882200,67.66688232421875,-251.90626525878906,144.80625915527344,-48.54375076293945
1773049226197882400,67.67688232421875,-251.68125915527344,144.82501220703125,-48.73125076293945
1773049226207882200,67.68688232421874,-251.62501525878906,144.6750030517578,-48.91875076293945
1773049226217882400,67.69688232421875,-251.90626525878906,144.6750030517578,-49.06875228881836
1773049226227882200,67.70688232421875,-252.1125030517578,144.9375,-49.42500305175781
1773049226237882400,67.71688232421874,-251.96250915527344,145.03125,-49.63125228881836
1773049226247882200,67.72688232421875,-252.05625915527344,144.99375915527344,-49.57500076293945
1773049226257882400,67.73688232421875,-252.13125610351562,145.0500030517578,-49.44375228881836
1773049226267882200,67.74688232421875,-252.18751525878906,145.29376220703125,-49.181251525878906
1773049226277882400,67.75688232421875,-252.16876220703125,145.3312530517578,-48.937503814697266
1773049226287882200,67.76688232421876,-252.22500610351562,145.21875,-48.82500076293945
1773049226297882400,67.77688232421875,-252.1125030517578,145.2375030517578,-48.656253814697266
1773049226307882200,67.78688232421875,-252.07501220703125,145.01251220703125,-48.41250228881836
1773049226317882400,67.79688232421876,-251.96250915527344,145.03125,-48.187503814697266
1773049226327882200,67.80688232421875,-251.6437530517578,145.21875,-48.11250305175781
1773049226337882400,67.81688232421875,-251.60626220703125,145.44375610351562,-48.093753814697266
1773049226347882200,67.82688232421874,-251.88751220703125,145.29376220703125,-48.11250305175781
1773049226357882400,67.83688232421875,-251.94375610351562,145.25625610351562,-48.26250076293945
1773049226367882200,67.84688232421875,-251.66250610351562,145.36875915527344,-48.431251525878906
1773049226377882400,67.85688232421874,-251.85000610351562,145.3312530517578,-48.525001525878906
1773049226387882200,67.86688232421875,-252.00001525878906,145.27500915527344,-48.63750076293945
1773049226397882400,67.87688232421876,-252.3000030517578,145.08750915527344,-48.937503814697266
1773049226407882200,67.88688232421875,-252.69375610351562,145.0500030517578,-49.218753814697266
1773049226417882400,67.89688232421875,-253.0500030517578,145.03125,-49.462501525878906
1773049226427882200,67.90688232421876,-253.18125915527344,145.16250610351562,-49.63125228881836
1773049226437882400,67.91688232421875,-253.12501525878906,144.99375915527344,-49.70625305175781
1773049226447882200,67.92688232421875,-253.27500915527344,145.25625610351562,-49.368751525878906
1773049226457882400,67.93688232421874,-253.0500030517578,145.20001220703125,-49.500003814697266
1773049226467882200,67.94688232421875,-252.61875915527344,145.36875915527344,-49.462501525878906
1773049226477882400,67.95688232421875,-252.46876525878906,145.21875,-49.368751525878906
1773049226487882200,67.96688232421874,-252.60000610351562,145.27500915527344,-49.125003814697266
1773049226497882400,67.97688232421875,-252.4875030517578,145.3312530517578,-48.806251525878906
1773049226507882200,67.98688232421875,-252.26251220703125,145.20001220703125,-48.69375228881836
1773049226517882400,67.99688232421875,-252.3000030517578,145.40625,-48.58125305175781
1773049226527882200,68.00688232421875,-252.28126525878906,145.1437530517578,-48.656253814697266
1773049226537882400,68.01688232421876,-252.45001220703125,145.36875915527344,-48.525001525878906
1773049226547882200,68.02688232421875,-252.69375610351562,145.21875,-48.375003814697266
1773049226557882400,68.03688232421875,-252.45001220703125,145.3312530517578,-48.30000305175781
1773049226567882200,68.04688232421876,-252.37501525878906,145.29376220703125,-48.281253814697266
1773049226577882400,68.05688232421875,-252.52500915527344,145.27500915527344,-48.69375228881836
1773049226587882200,68.06688232421875,-252.56251525878906,145.3312530517578,-48.91875076293945
1773049226597882400,68.07688232421874,-252.88125610351562,145.27500915527344,-49.23750305175781
1773049226607882200,68.08688232421875,-252.93751525878906,145.53750610351562,-49.275001525878906
1773049226617882400,68.09688232421875,-252.90000915527344,145.46250915527344,-49.29375076293945
1773049226627882200,68.10688232421874,-252.7687530517578,145.48126220703125,-49.406253814697266
1773049226637882400,68.11688232421875,-253.08750915527344,145.38751220703125,-49.61250305175781
1773049226647882200,68.12688232421876,-253.01251220703125,145.53750610351562,-49.72500228881836
1773049226657882400,68.13688232421875,-252.8625030517578,145.40625,-49.53750228881836
1773049226667882200,68.14688232421875,-253.0500030517578,145.5187530517578,-49.181251525878906
1773049226677882400,68.15688232421876,-252.71250915527344,145.53750610351562,-49.16250228881836
1773049226687882200,68.16688232421875,-252.84376525878906,145.25625610351562,-49.33125305175781
1773049226697882400,68.17688232421875,-253.03126525878906,145.10626220703125,-49.38750076293945
1773049226707882200,68.18688232421874,-253.01251220703125,145.125,-49.406253814697266
1773049226717882400,68.19688232421875,-252.91876220703125,145.20001220703125,-49.275001525878906
1773049226727882200,68.20688232421875,-252.8625030517578,145.2375030517578,-49.125003814697266
1773049226737882400,68.21688232421874,-252.8625030517578,145.2375030517578,-49.125003814697266
1773049226747882200,68.22688232421875,-252.71250915527344,145.0500030517578,-49.462501525878906
1773049226757882400,68.23688232421875,-252.75001525878906,145.10626220703125,-49.218753814697266
1773049226767882200,68.24688232421875,-252.56251525878906,145.38751220703125,-48.900001525878906
1773049226777882400,68.25688232421875,-252.15000915527344,145.4250030517578,-48.69375228881836
1773049226787882200,68.26688232421876,-252.31875610351562,145.6125030517578,-48.525001525878906
1773049226797882400,68.27688232421875,-252.4875030517578,145.85626220703125,-48.656253814697266
1773049226807882200,68.28688232421875,-252.65626525878906,145.81875610351562,-48.82500076293945
1773049226817882400,68.29688232421876,-252.46876525878906,145.76251220703125,-48.76875305175781
1773049226827882200,68.30688232421875,-252.5812530517578,145.74375915527344,-48.69375228881836
1773049226837882400,68.31688232421875,-252.4875030517578,145.74375915527344,-48.69375228881836
1773049226847882200,68.32688232421874,-252.54376220703125,145.7062530517578,-48.900001525878906
1773049226857882400,68.33688232421875,-252.84376525878906,145.81875610351562,-48.993751525878906
1773049226867882200,68.34688232421875,-252.78750610351562,145.7062530517578,-49.312503814697266
1773049226877882400,68.35688232421874,-252.50625610351562,145.7062530517578,-49.14375305175781
1773049226887882200,68.36688232421875,-252.6750030517578,145.5,-49.23750305175781
1773049226897882400,68.37688232421876,-252.88125610351562,145.72500610351562,-49.20000076293945
1773049226907882200,68.38688232421875,-252.71250915527344,145.72500610351562,-49.10625076293945
1773049226917882400,68.39688232421875,-252.71250915527344,145.65000915527344,-49.10625076293945
1773049226927882200,68.40688232421876,-252.78750610351562,145.29376220703125,-49.20000076293945
1773049226937882400,68.41688232421875,-252.60000610351562,145.1437530517578,-49.406253814697266
1773049226947882200,68.42688232421875,-252.60000610351562,144.99375915527344,-49.593753814697266
1773049226957882400,68.43688232421874,-252.75001525878906,144.8625030517578,-49.53750228881836
1773049226967882200,68.44688232421875,-252.63751220703125,144.91876220703125,-49.593753814697266
1773049226977882400,68.45688232421875,-252.75001525878906,144.60000610351562,-49.80000305175781
1773049226987882200,68.46688232421874,-252.80625915527344,144.63751220703125,-49.743751525878906
1773049226997882400,68.47688232421875,-252.93751525878906,144.5625,-49.70625305175781
1773049227007882200,68.48688232421875,-252.97500610351562,144.78750610351562,-49.42500305175781
1773049227017882400,68.49688232421875,-253.08750915527344,145.03125,-49.20000076293945
1773049227027882200,68.50688232421875,-253.31251525878906,144.91876220703125,-49.16250228881836
1773049227037882400,68.51688232421876,-253.27500915527344,144.82501220703125,-49.05000305175781
1773049227047882200,68.52688232421875,-253.31251525878906,144.60000610351562,-48.937503814697266
1773049227057882400,68.53688232421875,-253.21876525878906,144.7687530517578,-48.50625228881836
1773049227067882200,68.54688232421876,-253.3312530517578,144.78750610351562,-48.41250228881836
1773049227077882400,68.55688232421875,-253.48126220703125,144.69375610351562,-48.712501525878906
1773049227087882200,68.56688232421875,-253.50001525878906,144.50625610351562,-49.06875228881836
1773049227097882400,68.57688232421874,-253.6125030517578,144.3937530517578,-48.97500228881836
1773049227107882200,68.58688232421875,-253.5187530517578,144.54376220703125,-48.58125305175781
1773049227117882400,68.59688232421875,-253.95001220703125,144.61875915527344,-48.63750076293945
1773049227127882200,68.60688232421874,-253.83750915527344,144.8625030517578,-48.30000305175781
1773049227137882400,68.61688232421875,-253.68751525878906,144.4875030517578,-48.73125076293945
1773049227147882200,68.62688232421876,-253.63125610351562,144.46875,-48.843753814697266
1773049227157882400,68.63688232421875,-253.57501220703125,144.63751220703125,-48.67500305175781
1773049227167882200,68.64688232421875,-253.44375610351562,144.71250915527344,-48.48750305175781
1773049227177882400,68.65688232421876,-253.29376220703125,144.63751220703125,-48.60000228881836
1773049227187882200,68.66688232421875,-253.48126220703125,144.7687530517578,-48.67500305175781
1773049227197882400,68.67688232421875,-252.93751525878906,144.97500610351562,-48.562503814697266
1773049227207882200,68.68688232421874,-252.97500610351562,144.73126220703125,-48.712501525878906
1773049227217882400,68.69688232421875,-253.0500030517578,145.10626220703125,-48.54375076293945
1773049227227882200,68.70688232421875,-252.88125610351562,144.97500610351562,-48.63750076293945
1773049227237882400,68.71688232421874,-253.03126525878906,144.90000915527344,-48.69375228881836
1773049227247882200,68.72688232421875,-253.36875915527344,145.20001220703125,-48.69375228881836
1773049227257882400,68.73688232421875,-253.5187530517578,145.10626220703125,-48.78750228881836
1773049227267882200,68.74688232421875,-253.20001220703125,144.88125610351562,-48.843753814697266
1773049227277882400,68.75688232421875,-253.35000610351562,144.60000610351562,-48.88125228881836
1773049227287882200,68.76688232421876,-253.46250915527344,144.63751220703125,-49.06875228881836
1773049227297882400,68.77688232421875,-253.55625915527344,144.375,-49.05000305175781
1773049227307882200,68.78688232421875,-253.48126220703125,144.375,-49.181251525878906
1773049227317882400,68.79688232421876,-253.27500915527344,144.22500610351562,-49.368751525878906
1773049227327882200,68.80688232421875,-253.10626220703125,143.88751220703125,-49.33125305175781
1773049227337882400,68.81688232421875,-252.97500610351562,143.9250030517578,-49.218753814697266
1773049227347882200,68.82688232421874,-252.90000915527344,144.16876220703125,-49.20000076293945
1773049227357882400,68.83688232421875,-253.01251220703125,144.2062530517578,-49.181251525878906
1773049227367882200,68.84688232421875,-252.91876220703125,144.13125610351562,-49.42500305175781
1773049227377882400,68.85688232421874,-253.06875610351562,144.16876220703125,-49.33125305175781
1773049227387882200,68.86688232421875,-253.12501525878906,144.09375,-49.031253814697266
1773049227397882400,68.87688232421876,-253.29376220703125,144.22500610351562,-48.78750228881836
1773049227407882200,68.88688232421875,-253.20001220703125,144.41250610351562,-49.087501525878906
1773049227417882400,68.89688232421875,-253.16250610351562,144.09375,-49.368751525878906
1773049227427882200,68.90688232421876,-253.18125915527344,143.94375610351562,-49.29375076293945
1773049227437882400,68.91688232421875,-253.10626220703125,143.53125,-49.51875305175781
1773049227447882200,68.92688232421875,-252.84376525878906,143.625,-49.33125305175781
1773049227457882400,68.93688232421874,-252.50625610351562,143.60626220703125,-49.16250228881836
1773049227467882200,68.94688232421875,-252.54376220703125,143.79376220703125,-49.275001525878906
1773049227477882400,68.95688232421875,-252.18751525878906,143.66250610351562,-49.38750076293945
1773049227487882200,68.96688232421874,-251.96250915527344,143.40000915527344,-49.06875228881836
1773049227497882400,68.97688232421875,-251.75625610351562,143.68125915527344,-48.95625305175781
1773049227507882200,68.98688232421875,-251.98126220703125,143.6437530517578,-48.900001525878906
1773049227517882400,68.99688232421875,-251.88751220703125,143.88751220703125,-48.937503814697266
1773049227527882200,69.00688232421875,-252.09376525878906,143.7375030517578,-49.10625076293945
1773049227537882400,69.01688232421876,-251.86875915527344,143.75625610351562,-49.406253814697266
1773049227547882200,69.02688232421875,-251.88751220703125,143.6437530517578,-49.48125076293945
1773049227557882400,69.03688232421875,-251.86875915527344,143.8312530517578,-49.462501525878906
1773049227567882200,69.04688232421876,-252.00001525878906,143.77500915527344,-49.743751525878906
1773049227577882400,69.05688232421875,-252.24375915527344,143.88751220703125,-49.593753814697266
1773049227587882200,69.06688232421875,-252.16876220703125,143.70001220703125,-49.81875228881836
1773049227597882400,69.07688232421874,-252.3000030517578,143.77500915527344,-49.968753814697266
1773049227607882200,69.08688232421875,-252.3937530517578,143.58750915527344,-49.743751525878906
1773049227617882400,69.09688232421875,-252.69375610351562,143.28750610351562,-49.875003814697266
1773049227627882200,69.10688232421874,-252.84376525878906,143.04376220703125,-49.556251525878906
1773049227637882400,69.11688232421875,-253.35000610351562,143.00625610351562,-49.53750228881836
1773049227647882200,69.12688232421876,-253.35000610351562,142.93125915527344,-49.51875305175781
1773049227657882400,69.13688232421875,-253.27500915527344,142.76251220703125,-49.42500305175781
1773049227667882200,69.14688232421875,-253.44375610351562,142.57501220703125,-49.35000228881836
1773049227677882400,69.15688232421876,-253.35000610351562,142.44375610351562,-49.48125076293945
1773049227687882200,69.16688232421875,-253.27500915527344,142.85626220703125,-49.462501525878906
1773049227697882400,69.17688232421875,-253.55625915527344,143.28750610351562,-49.44375228881836
1773049227707882200,69.18688232421874,-253.29376220703125,143.30625915527344,-49.57500076293945
1773049227717882400,69.19688232421875,-252.7687530517578,142.96875,-49.593753814697266
1773049227727882200,69.20688232421875,-252.84376525878906,142.875,-49.500003814697266
1773049227737882400,69.21688232421874,-252.90000915527344,143.02500915527344,-49.781253814697266
1773049227747882200,69.22688232421875,-252.71250915527344,143.13751220703125,-49.91250228881836
1773049227757882400,69.23688232421875,-252.65626525878906,142.93125915527344,-49.593753814697266
1773049227767882200,69.24688232421875,-252.45001220703125,142.57501220703125,-49.368751525878906
1773049227777882400,69.25688232421875,-252.26251220703125,142.20001220703125,-49.33125305175781
1773049227787882200,69.26688232421876,-252.3000030517578,142.4250030517578,-49.38750076293945
1773049227797882400,69.27688232421875,-252.63751220703125,142.74375915527344,-49.61250305175781
1773049227807882200,69.28688232421875,-252.61875915527344,142.72500610351562,-49.42500305175781
1773049227817882400,69.29688232421876,-252.78750610351562,142.63125610351562,-49.10625076293945
1773049227827882200,69.30688232421875,-252.90000915527344,142.40625,-48.78750228881836
1773049227837882400,69.31688232421875,-253.10626220703125,142.53750610351562,-48.806251525878906
1773049227847882200,69.32688232421874,-253.18125915527344,142.27500915527344,-49.05000305175781
1773049227857882400,69.33688232421875,-252.99375915527344,142.5,-48.91875076293945
1773049227867882200,69.34688232421875,-253.31251525878906,142.25625610351562,-48.78750228881836
1773049227877882400,69.35688232421874,-253.38751220703125,141.9375,-48.618751525878906
1773049227887882200,69.36688232421875,-253.53750610351562,141.88125610351562,-48.618751525878906
1773049227897882400,69.37688232421876,-253.5187530517578,141.5625,-48.48750305175781
1773049227907882200,69.38688232421875,-253.72500610351562,141.6750030517578,-48.50625228881836
1773049227917882400,69.39688232421875,-253.8937530517578,141.5625,-48.39375305175781
1773049227927882200,69.40688232421876,-254.30625915527344,141.7687530517578,-48.13125228881836
1773049227937882400,69.41688232421875,-254.88751220703125,141.8625030517578,-48
1773049227947882200,69.42688232421875,-255.15000915527344,141.9375,-47.98125076293945
1773049227957882400,69.43688232421874,-255.00001525878906,142.3312530517578,-47.47500228881836
1773049227967882200,69.44688232421875,-255.07501220703125,142.40625,-47.36250305175781
1773049227977882400,69.45688232421875,-255.1125030517578,142.55625915527344,-47.47500228881836
1773049227987882200,69.46688232421874,-254.8312530517578,142.72500610351562,-47.400001525878906
1773049227997882400,69.47688232421875,-254.47500610351562,142.44375610351562,-47.13750076293945
1773049228007882200,69.48688232421875,-254.51251220703125,142.59375,-47.26875305175781
1773049228017882400,69.49688232421875,-254.21250915527344,142.46250915527344,-47.25
1773049228027882200,69.50688232421875,-253.72500610351562,142.3312530517578,-47.19375228881836
1773049228037882400,69.51688232421876,-253.7062530517578,141.91876220703125,-47.47500228881836
1773049228047882200,69.52688232421875,-253.83750915527344,142.16250610351562,-47.60625076293945
1773049228057882400,69.53688232421875,-254.02500915527344,142.20001220703125,-47.88750076293945
1773049228067882200,69.54688232421876,-254.19375610351562,142.10626220703125,-47.962501525878906
1773049228077882400,69.55688232421875,-254.40000915527344,142.27500915527344,-48.31875228881836
1773049228087882200,69.56688232421875,-254.28750610351562,142.0500030517578,-48.243751525878906
1773049228097882400,69.57688232421874,-254.34376525878906,142.08750915527344,-48.618751525878906
1773049228107882200,69.58688232421875,-254.38125610351562,142.0500030517578,-48.900001525878906
1773049228117882400,69.59688232421875,-254.2687530517578,142.08750915527344,-48.806251525878906
1773049228127882200,69.60688232421874,-254.13751220703125,141.9375,-48.73125076293945
1773049228137882400,69.61688232421875,-253.81875610351562,141.7687530517578,-48.187503814697266
1773049228147882200,69.62688232421876,-253.74375915527344,141.52500915527344,-48.16875076293945
1773049228157882400,69.63688232421875,-253.55625915527344,141.82501220703125,-47.94375228881836
1773049228167882200,69.64688232421875,-253.25625610351562,142.1437530517578,-47.90625
1773049228177882400,69.65688232421876,-253.31251525878906,142.01251220703125,-47.51250076293945
1773049228187882200,69.66688232421875,-253.59376525878906,142.10626220703125,-47.493751525878906
1773049228197882400,69.67688232421875,-253.72500610351562,142.1437530517578,-47.66250228881836
1773049228207882200,69.68688232421874,-253.72500610351562,142.01251220703125,-47.56875228881836
1773049228217882400,69.69688232421875,-254.06251525878906,142.18125915527344,-47.88750076293945
1773049228227882200,69.70688232421875,-254.11875915527344,142.29376220703125,-48.187503814697266
1773049228237882400,69.71688232421874,-254.32501220703125,142.10626220703125,-48.26250076293945
1773049228247882200,69.72688232421875,-254.6437530517578,142.18125915527344,-48.22500228881836
1773049228257882400,69.73688232421875,-254.70001220703125,142.16250610351562,-48.50625228881836
1773049228267882200,69.74688232421875,-254.51251220703125,142.21875,-48.45000076293945
1773049228277882400,69.75688232421875,-254.41876220703125,141.91876220703125,-48.35625076293945
1773049228287882200,69.76688232421876,-254.30625915527344,142.08750915527344,-48.375003814697266
1773049228297882400,69.77688232421875,-254.00625610351562,142.01251220703125,-48.618751525878906
1773049228307882200,69.78688232421875,-253.74375915527344,142.08750915527344,-48.337501525878906
1773049228317882400,69.79688232421876,-253.44375610351562,142.10626220703125,-48.281253814697266
1773049228327882200,69.80688232421875,-253.29376220703125,141.71250915527344,-48.58125305175781
1773049228337882400,69.81688232421875,-253.20001220703125,141.61875915527344,-48.431251525878906
1773049228347882200,69.82688232421874,-253.31251525878906,141.31875610351562,-48.468753814697266
1773049228357882400,69.83688232421875,-253.4250030517578,141.4875030517578,-48.39375305175781
1773049228367882200,69.84688232421875,-253.31251525878906,141.09375,-48.67500305175781
1773049228377882400,69.85688232421874,-253.74375915527344,140.9250030517578,-48.525001525878906
1773049228387882200,69.86688232421875,-253.78126525878906,140.60626220703125,-48.375003814697266
1773049228397882400,69.87688232421876,-253.8000030517578,140.4562530517578,-48.562503814697266
1773049228407882200,69.88688232421875,-253.8000030517578,140.3625030517578,-48.41250228881836
1773049228417882400,69.89688232421875,-253.59376525878906,140.25,-48.48750305175781
1773049228427882200,69.90688232421876,-253.6125030517578,140.41876220703125,-48.58125305175781
1773049228437882400,69.91688232421875,-253.57501220703125,140.49375915527344,-48.69375228881836
1773049228447882200,69.92688232421875,-253.8000030517578,140.47500610351562,-48.31875228881836
1773049228457882400,69.93688232421874,-253.31251525878906,140.41876220703125,-48.243751525878906
1773049228467882200,69.94688232421875,-253.08750915527344,140.51251220703125,-48.45000076293945
1773049228477882400,69.95688232421875,-253.38751220703125,140.4562530517578,-48.50625228881836
1773049228487882200,69.96688232421874,-253.3312530517578,140.38125610351562,-48.618751525878906
1773049228497882400,69.97688232421875,-253.35000610351562,140.30625915527344,-48.73125076293945
1773049228507882200,69.98688232421875,-253.2375030517578,140.10000610351562,-48.63750076293945
1773049228517882400,69.99688232421875,-253.36875915527344,139.76251220703125,-48.712501525878906
1773049228527882200,70.00688232421875,-253.1437530517578,139.6125030517578,-49.218753814697266
1773049228537882400,70.01688232421876,-253.20001220703125,139.7062530517578,-49.312503814697266
1773049228547882200,70.02688232421875,-253.29376220703125,139.38751220703125,-49.10625076293945
1773049228557882400,70.03688232421875,-253.21876525878906,139.57501220703125,-48.88125228881836
1773049228567882200,70.04688232421876,-253.20001220703125,139.7062530517578,-48.78750228881836
1773049228577882400,70.05688232421875,-253.40626525878906,139.4250030517578,-48.69375228881836
1773049228587882200,70.06688232421875,-253.48126220703125,139.5187530517578,-48.431251525878906
1773049228597882400,70.07688232421874,-253.44375610351562,139.65000915527344,-48.20625305175781
1773049228607882200,70.08688232421875,-253.68751525878906,139.8937530517578,-48.16875076293945
1773049228617882400,70.09688232421875,-253.55625915527344,139.83750915527344,-48.03750228881836
1773049228627882200,70.10688232421874,-253.72500610351562,140.02500915527344,-48.150001525878906
1773049228637882400,70.11688232421875,-253.50001525878906,139.81875610351562,-48.30000305175781
1773049228647882200,70.12688232421876,-253.55625915527344,139.66876220703125,-48.150001525878906
1773049228657882400,70.13688232421875,-253.31251525878906,139.81875610351562,-47.90625
1773049228667882200,70.14688232421875,-253.4250030517578,139.76251220703125,-48
1773049228677882400,70.15688232421876,-253.29376220703125,139.5,-48.375003814697266
1773049228687882200,70.16688232421875,-252.97500610351562,138.9562530517578,-48.26250076293945
1773049228697882400,70.17688232421875,-253.06875610351562,139.06875610351562,-48.243751525878906
1773049228707882200,70.18688232421874,-253.01251220703125,139.01251220703125,-48.150001525878906
1773049228717882400,70.19688232421875,-253.16250610351562,138.60000610351562,-48.243751525878906
1773049228727882200,70.20688232421875,-252.97500610351562,138.41250610351562,-48.375003814697266
1773049228737882400,70.21688232421874,-252.97500610351562,138.4875030517578,-48.67500305175781
1773049228747882200,70.22688232421875,-252.7687530517578,138.3937530517578,-48.73125076293945
1773049228757882400,70.23688232421875,-252.90000915527344,138.24375915527344,-48.431251525878906
1773049228767882200,70.24688232421875,-252.88125610351562,138.41250610351562,-48.281253814697266
1773049228777882400,70.25688232421875,-253.01251220703125,137.96250915527344,-48.281253814697266
1773049228787882200,70.26688232421876,-253.0500030517578,137.98126220703125,-48.375003814697266
1773049228797882400,70.27688232421875,-252.99375915527344,138.13125610351562,-48.39375305175781
1773049228807882200,70.28688232421875,-253.25625610351562,138.1875,-48.54375076293945
1773049228817882400,70.29688232421876,-253.16250610351562,137.8312530517578,-48.30000305175781
1773049228827882200,70.30688232421875,-253.21876525878906,137.58750915527344,-48.618751525878906
1773049228837882400,70.31688232421875,-252.91876220703125,137.49375915527344,-48.76875305175781
1773049228847882200,70.32688232421874,-253.16250610351562,137.47500610351562,-48.750003814697266
1773049228857882400,70.33688232421875,-253.29376220703125,137.58750915527344,-48.750003814697266
1773049228867882200,70.34688232421875,-253.4250030517578,137.1750030517578,-48.806251525878906
1773049228877882400,70.35688232421874,-253.38751220703125,137.13751220703125,-48.50625228881836
1773049228887882200,70.36688232421875,-253.3312530517578,137.0625,-48.41250228881836
1773049228897882400,70.37688232421876,-253.72500610351562,137.41876220703125,-48.281253814697266
1773049228907882200,70.38688232421875,-253.76251220703125,137.0812530517578,-48.187503814697266
1773049228917882400,70.39688232421875,-253.95001220703125,137.11875915527344,-48.39375305175781
1773049228927882200,70.40688232421876,-253.8937530517578,136.8000030517578,-48.431251525878906
1773049228937882400,70.41688232421875,-253.72500610351562,136.74375915527344,-48.618751525878906
1773049228947882200,70.42688232421875,-253.57501220703125,137.0812530517578,-48.468753814697266
1773049228957882400,70.43688232421874,-253.72500610351562,137.00625610351562,-48.76875305175781
1773049228967882200,70.44688232421875,-253.74375915527344,136.85626220703125,-48.69375228881836
1773049228977882400,70.45688232421875,-253.57501220703125,136.7062530517578,-48.97500228881836
1773049228987882200,70.46688232421874,-253.53750610351562,137.0812530517578,-48.60000228881836
1773049228997882400,70.47688232421875,-253.55625915527344,137.11875915527344,-48.22500228881836
1773049229007882200,70.48688232421875,-253.55625915527344,137.41876220703125,-47.962501525878906
1773049229017882400,70.49688232421875,-253.5187530517578,137.32501220703125,-47.85000228881836
1773049229027882200,70.50688232421875,-253.57501220703125,136.9875030517578,-48.01875305175781
1773049229037882400,70.51688232421876,-253.55625915527344,136.6125030517578,-47.92500305175781
1773049229047882200,70.52688232421875,-253.46250915527344,136.36875915527344,-48.056251525878906
1773049229057882400,70.53688232421875,-253.50001525878906,136.16250610351562,-48.01875305175781
1773049229067882200,70.54688232421876,-253.50001525878906,135.78750610351562,-48.16875076293945
1773049229077882400,70.55688232421875,-253.55625915527344,135.80625915527344,-48.41250228881836
1773049229087882200,70.56688232421875,-253.72500610351562,135.6750030517578,-48.48750305175781
1773049229097882400,70.57688232421874,-253.93125915527344,135.63751220703125,-48.35625076293945
1773049229107882200,70.58688232421875,-253.87501525878906,135.60000610351562,-48.468753814697266
1773049229117882400,70.59688232421875,-253.95001220703125,135.69375610351562,-48.35625076293945
1773049229127882200,70.60688232421874,-254.06251525878906,135.9562530517578,-48.22500228881836
1773049229137882400,70.61688232421875,-254.11875915527344,135.80625915527344,-48.31875228881836
1773049229147882200,70.62688232421876,-254.32501220703125,136.06875610351562,-48.31875228881836
1773049229157882400,70.63688232421875,-254.38125610351562,136.01251220703125,-48.187503814697266
1773049229167882200,70.64688232421875,-254.40000915527344,136.01251220703125,-48.31875228881836
1773049229177882400,70.65688232421876,-254.21250915527344,136.06875610351562,-48.41250228881836
1773049229187882200,70.66688232421875,-254.25001525878906,136.10626220703125,-48.35625076293945
1773049229197882400,70.67688232421875,-253.91250610351562,135.84375,-48.281253814697266
1773049229207882200,70.68688232421874,-253.95001220703125,135.09375,-48.39375305175781
1773049229217882400,70.69688232421875,-253.96876525878906,134.86875915527344,-48.056251525878906
1773049229227882200,70.70688232421875,-253.46250915527344,134.11875915527344,-47.85000228881836
1773049229237882400,70.71688232421874,-253.4250030517578,133.63125610351562,-47.75625228881836
1773049229247882200,70.72688232421875,-253.31251525878906,133.27500915527344,-47.75625228881836
1773049229257882400,70.73688232421875,-253.48126220703125,132.24375915527344,-47.83125305175781
1773049229267882200,70.74688232421875,-253.25625610351562,131.6437530517578,-47.60625076293945
1773049229277882400,70.75688232421875,-253.27500915527344,131.56875610351562,-47.775001525878906
1773049229287882200,70.76688232421876,-253.31251525878906,131.68125915527344,-47.775001525878906
1773049229297882400,70.77688232421875,-253.1437530517578,131.4562530517578,-47.94375228881836
1773049229307882200,70.78688232421875,-253.2375030517578,131.79376220703125,-48.03750228881836
1773049229317882400,70.79688232421876,-253.29376220703125,131.86875915527344,-47.98125076293945
1773049229327882200,70.80688232421875,-253.20001220703125,131.98126220703125,-48
1773049229337882400,70.81688232421875,-253.20001220703125,132.8625030517578,-47.962501525878906
1773049229347882200,70.82688232421874,-253.35000610351562,133.40625,-48.056251525878906
1773049229357882400,70.83688232421875,-253.36875915527344,133.74375915527344,-47.85000228881836
1773049229367882200,70.84688232421875,-253.36875915527344,134.34375,-47.70000076293945
1773049229377882400,70.85688232421874,-253.31251525878906,134.96250915527344,-47.56875228881836
1773049229387882200,70.86688232421875,-253.66876220703125,135.2062530517578,-47.60625076293945
1773049229397882400,70.87688232421876,-253.63125610351562,135.52500915527344,-47.36250305175781
1773049229407882200,70.88688232421875,-253.65000915527344,135.82501220703125,-47.4375
1773049229417882400,70.89688232421875,-253.78126525878906,135.6750030517578,-47.36250305175781
1773049229427882200,70.90688232421876,-253.76251220703125,135.5812530517578,-47.38125228881836
1773049229437882400,70.91688232421875,-253.85626220703125,135.375,-47.55000305175781
1773049229447882200,70.92688232421875,-253.6125030517578,135.15000915527344,-47.71875
1773049229457882400,70.93688232421874,-253.5187530517578,135,-47.868751525878906
1773049229467882200,70.94688232421875,-253.46250915527344,134.79376220703125,-47.83125305175781
1773049229477882400,70.95688232421875,-253.66876220703125,134.4375,-48.03750228881836
1773049229487882200,70.96688232421874,-253.74375915527344,134.0625,-47.94375228881836
1773049229497882400,70.97688232421875,-253.53750610351562,133.91250610351562,-47.83125305175781
1773049229507882200,70.98688232421875,-253.6125030517578,133.76251220703125,-47.66250228881836
1773049229517882400,70.99688232421875,-253.5187530517578,133.7062530517578,-47.625
1773049229527882200,71.00688232421875,-253.29376220703125,133.48126220703125,-47.53125
1773049229537882400,71.01688232421876,-253.27500915527344,133.25625610351562,-47.60625076293945
1773049229547882200,71.02688232421875,-253.16250610351562,133.0500030517578,-47.625
1773049229557882400,71.03688232421875,-252.90000915527344,133.29376220703125,-47.625
1773049229567882200,71.04688232421876,-252.69375610351562,133.25625610351562,-47.85000228881836
1773049229577882400,71.05688232421875,-252.50625610351562,133.10626220703125,-48.093753814697266
1773049229587882200,71.06688232421875,-252.52500915527344,133.06875610351562,-48.26250076293945
1773049229597882400,71.07688232421874,-252.54376220703125,133.44375610351562,-48.187503814697266
1773049229607882200,71.08688232421875,-252.90000915527344,133.65000915527344,-48.39375305175781
1773049229617882400,71.09688232421875,-253.06875610351562,133.78125,-48.618751525878906
1773049229627882200,71.10688232421874,-253.18125915527344,134.10000610351562,-48.73125076293945
1773049229637882400,71.11688232421875,-253.2375030517578,133.95001220703125,-48.88125228881836
1773049229647882200,71.12688232421876,-253.55625915527344,134.10000610351562,-48.63750076293945
1773049229657882400,71.13688232421875,-253.66876220703125,134.4562530517578,-48.60000228881836
1773049229667882200,71.14688232421875,-253.74375915527344,134.6437530517578,-48.78750228881836
1773049229677882400,71.15688232421876,-253.81875610351562,134.53125,-48.95625305175781
1773049229687882200,71.16688232421875,-253.91250610351562,134.30625915527344,-48.88125228881836
1773049229697882400,71.17688232421875,-253.96876525878906,134.15625,-48.73125076293945
1773049229707882200,71.18688232421874,-253.68751525878906,134.1750030517578,-48.58125305175781
1773049229717882400,71.19688232421875,-253.81875610351562,134.0812530517578,-48.60000228881836
1773049229727882200,71.20688232421875,-253.76251220703125,133.9875030517578,-48.712501525878906
1773049229737882400,71.21688232421874,-253.85626220703125,133.875,-48.76875305175781
1773049229747882200,71.22688232421875,-253.91250610351562,133.81875610351562,-48.525001525878906
1773049229757882400,71.23688232421875,-253.91250610351562,133.7062530517578,-48.58125305175781
1773049229767882200,71.24688232421875,-253.81875610351562,133.85626220703125,-48.41250228881836
1773049229777882400,71.25688232421875,-253.91250610351562,134.1750030517578,-48.39375305175781
1773049229787882200,71.26688232421876,-253.95001220703125,134.04376220703125,-48.562503814697266
1773049229797882400,71.27688232421875,-253.83750915527344,134.00625610351562,-48.525001525878906
1773049229807882200,71.28688232421875,-253.74375915527344,133.96875,-48.468753814697266
1773049229817882400,71.29688232421876,-253.91250610351562,133.91250610351562,-48.48750305175781
1773049229827882200,71.30688232421875,-253.91250610351562,134.00625610351562,-48.35625076293945
1773049229837882400,71.31688232421875,-254.13751220703125,133.83750915527344,-48.30000305175781
1773049229847882200,71.32688232421874,-254.23126220703125,133.5,-48.41250228881836
1773049229857882400,71.33688232421875,-254.21250915527344,133.55625915527344,-48.26250076293945
1773049229867882200,71.34688232421875,-254.28750610351562,133.6125030517578,-48.16875076293945
1773049229877882400,71.35688232421874,-254.32501220703125,133.875,-48.11250305175781
1773049229887882200,71.36688232421875,-254.32501220703125,133.96875,-48.31875228881836
1773049229897882400,71.37688232421876,-254.2687530517578,133.7062530517578,-48.375003814697266
1773049229917882400,71.39688232421875,-254.51251220703125,134.1750030517578,-48.03750228881836
1773049229927882200,71.40688232421876,-254.60626220703125,134.38125610351562,-48.150001525878906
1773049229937882400,71.41688232421875,-254.53126525878906,134.02500915527344,-48.150001525878906
1773049229947882200,71.42688232421875,-254.70001220703125,134.0812530517578,-48.31875228881836
1773049229957882400,71.43688232421874,-254.79376220703125,133.8937530517578,-48.48750305175781
1773049229967882200,71.44688232421875,-254.90626525878906,133.95001220703125,-48.22500228881836
1773049229977882400,71.45688232421875,-254.7375030517578,134.13751220703125,-48.243751525878906
1773049229987882200,71.46688232421874,-254.43751525878906,133.93125915527344,-48.468753814697266
1773049229997882400,71.47688232421875,-254.1750030517578,133.5187530517578,-48.76875305175781
1773049230007882200,71.48688232421875,-254.11875915527344,133.48126220703125,-48.618751525878906
1773049230017882400,71.49688232421875,-254.13751220703125,133.44375610351562,-48.63750076293945
1773049230027882200,71.50688232421875,-253.93125915527344,133.29376220703125,-48.431251525878906
1773049230037882400,71.51688232421876,-253.81875610351562,133.40625,-48.20625305175781
1773049230047882200,71.52688232421875,-253.78126525878906,133.3312530517578,-48.31875228881836
1773049230057882400,71.53688232421875,-254.0812530517578,133.55625915527344,-48.16875076293945
1773049230067882200,71.54688232421876,-254.38125610351562,133.65000915527344,-48.30000305175781
1773049230077882400,71.55688232421875,-254.30625915527344,133.96875,-47.98125076293945
1773049230087882200,71.56688232421875,-254.60626220703125,134.0812530517578,-48.07500076293945
1773049230097882400,71.57688232421874,-254.8312530517578,134.21250915527344,-48.093753814697266
1773049230107882200,71.58688232421875,-254.98126220703125,134.2687530517578,-48.16875076293945
1773049230117882400,71.59688232421875,-254.81251525878906,133.95001220703125,-48.39375305175781
1773049230127882200,71.60688232421874,-254.7375030517578,133.875,-48.31875228881836
1773049230137882400,71.61688232421875,-254.66250610351562,133.6125030517578,-48.26250076293945
1773049230147882200,71.62688232421876,-254.4562530517578,133.48126220703125,-48.31875228881836
1773049230157882400,71.63688232421875,-254.51251220703125,133.3312530517578,-48.843753814697266
1773049230167882200,71.64688232421875,-254.21250915527344,133.2375030517578,-48.618751525878906
1773049230177882400,71.65688232421876,-253.95001220703125,133.03125,-48.69375228881836
1773049230187882200,71.66688232421875,-254.11875915527344,133.10626220703125,-48.843753814697266
1773049230197882400,71.67688232421875,-254.34376525878906,133.18125915527344,-48.78750228881836
1773049230207882200,71.68688232421874,-254.41876220703125,133.25625610351562,-48.67500305175781
1773049230217882400,71.69688232421875,-254.21250915527344,133.38751220703125,-48.73125076293945
1773049230227882200,71.70688232421875,-254.34376525878906,133.38751220703125,-48.69375228881836
1773049230237882400,71.71688232421874,-254.23126220703125,133.66876220703125,-48.281253814697266
1773049230247882200,71.72688232421875,-254.43751525878906,133.72500610351562,-48.63750076293945
1773049230257882400,71.73688232421875,-254.47500610351562,133.96875,-48.562503814697266
1773049230267882200,71.74688232421875,-254.47500610351562,133.93125915527344,-48.54375076293945
1773049230277882400,71.75688232421875,-254.49375915527344,134.10000610351562,-48.45000076293945
1773049230287882200,71.76688232421876,-254.25001525878906,133.8937530517578,-48.431251525878906
1773049230297882400,71.77688232421875,-254.13751220703125,133.8937530517578,-48.281253814697266
1773049230307882200,71.78688232421875,-253.8937530517578,133.93125915527344,-48.187503814697266
1773049230317882400,71.79688232421876,-254.0812530517578,133.72500610351562,-48.30000305175781
1773049230327882200,71.80688232421875,-253.93125915527344,133.7062530517578,-48.16875076293945
1773049230337882400,71.81688232421875,-253.65000915527344,133.74375915527344,-48.13125228881836
1773049230347882200,71.82688232421874,-253.50001525878906,133.74375915527344,-48.13125228881836
1773049230357882400,71.83688232421875,-253.16250610351562,133.6125030517578,-48.243751525878906
1773049230367882200,71.84688232421875,-253.44375610351562,133.85626220703125,-48.431251525878906
1773049230377882400,71.85688232421874,-253.29376220703125,133.875,-48.45000076293945
1773049230387882200,71.86688232421875,-253.55625915527344,133.7062530517578,-48.525001525878906
1773049230397882400,71.87688232421876,-253.31251525878906,133.85626220703125,-48.431251525878906
1773049230407882200,71.88688232421875,-253.3312530517578,133.85626220703125,-48.337501525878906
1773049230417882400,71.89688232421875,-253.63125610351562,134.00625610351562,-48.41250228881836
1773049230427882200,71.90688232421876,-253.31251525878906,134.00625610351562,-48.093753814697266
1773049230437882400,71.91688232421875,-253.57501220703125,134.23126220703125,-47.88750076293945
1773049230447882200,71.92688232421875,-253.48126220703125,134.34375,-47.70000076293945
1773049230457882400,71.93688232421874,-253.78126525878906,134.47500610351562,-47.70000076293945
1773049230467882200,71.94688232421875,-253.93125915527344,134.47500610351562,-47.70000076293945
1773049230477882400,71.95688232421875,-254.15626525878906,134.15625,-47.90625
1773049230487882200,71.96688232421874,-254.19375610351562,134.10000610351562,-47.83125305175781
1773049230497882400,71.97688232421875,-254.10000610351562,133.85626220703125,-47.681251525878906
1773049230507882200,71.98688232421875,-254.30625915527344,133.7062530517578,-47.868751525878906
1773049230517882400,71.99688232421875,-254.28750610351562,133.38751220703125,-47.94375228881836
1773049230527882200,72.00688232421875,-254.2687530517578,133.06875610351562,-47.85000228881836
1773049230537882400,72.01688232421876,-254.40000915527344,132.90000915527344,-48.093753814697266
1773049230547882200,72.02688232421875,-254.25001525878906,132.91876220703125,-48.11250305175781
1773049230557882400,72.03688232421875,-253.87501525878906,132.99375915527344,-47.90625
1773049230567882200,72.04688232421876,-253.66876220703125,133.01251220703125,-48.01875305175781
1773049230577882400,72.05688232421875,-253.74375915527344,133.18125915527344,-47.962501525878906
1773049230587882200,72.06688232421875,-253.7062530517578,133.20001220703125,-48.093753814697266
1773049230597882400,72.07688232421874,-253.59376525878906,133.38751220703125,-48.093753814697266
1773049230607882200,72.08688232421875,-253.57501220703125,133.48126220703125,-48.20625305175781
1773049230617882400,72.09688232421875,-253.40626525878906,133.57501220703125,-48
1773049230627882200,72.10688232421874,-253.46250915527344,133.91250610351562,-47.83125305175781
1773049230637882400,72.11688232421875,-253.59376525878906,133.81875610351562,-47.94375228881836
1773049230647882200,72.12688232421876,-253.5187530517578,133.81875610351562,-47.90625
1773049230657882400,72.13688232421875,-253.3312530517578,133.55625915527344,-47.868751525878906
1773049230667882200,72.14688232421875,-253.59376525878906,133.65000915527344,-47.75625228881836
1773049230677882400,72.15688232421876,-253.63125610351562,133.59375,-47.85000228881836
1773049230687882200,72.16688232421875,-253.68751525878906,133.59375,-47.75625228881836
1773049230697882400,72.17688232421875,-253.7062530517578,133.46250915527344,-47.94375228881836
1773049230707882200,72.18688232421874,-253.66876220703125,133.0500030517578,-48
1773049230717882400,72.19688232421875,-254.02500915527344,133.10626220703125,-47.962501525878906
1773049230727882200,72.20688232421875,-254.0812530517578,133.10626220703125,-47.83125305175781
1773049230737882400,72.21688232421874,-254.34376525878906,133.125,-47.85000228881836
1773049230747882200,72.22688232421875,-254.04376220703125,132.97500610351562,-47.775001525878906
1773049230757882400,72.23688232421875,-254.10000610351562,132.82501220703125,-47.775001525878906
1773049230767882200,72.24688232421875,-254.0812530517578,132.84375,-47.94375228881836
1773049230777882400,72.25688232421875,-253.83750915527344,132.80625915527344,-47.8125
1773049230787882200,72.26688232421876,-253.93125915527344,132.9375,-47.88750076293945
1773049230797882400,72.27688232421875,-253.78126525878906,132.99375915527344,-48.01875305175781
1773049230807882200,72.28688232421875,-253.95001220703125,132.90000915527344,-48.337501525878906
1773049230817882400,72.29688232421876,-253.8937530517578,133.03125,-48.60000228881836
1773049230827882200,72.30688232421875,-254.02500915527344,133.125,-48.562503814697266
1773049230837882400,72.31688232421875,-254.21250915527344,133.35000610351562,-48.48750305175781
1773049230847882200,72.32688232421874,-254.28750610351562,133.25625610351562,-48.63750076293945
1773049230857882400,72.33688232421875,-254.40000915527344,133.44375610351562,-48.656253814697266
1773049230867882200,72.34688232421875,-254.66250610351562,133.57501220703125,-48.525001525878906
1773049230877882400,72.35688232421874,-254.58750915527344,133.16250610351562,-48.54375076293945
1773049230887882200,72.36688232421875,-254.3625030517578,133.35000610351562,-48.150001525878906
1773049230897882400,72.37688232421876,-254.51251220703125,133.18125915527344,-48
1773049230907882200,72.38688232421875,-254.40000915527344,133.125,-48
1773049230917882400,72.39688232421875,-254.40000915527344,133.0500030517578,-47.94375228881836
1773049230927882200,72.40688232421876,-254.6437530517578,133.01251220703125,-47.73750305175781
1773049230937882400,72.41688232421875,-254.88751220703125,132.78750610351562,-47.962501525878906
1773049230947882200,72.42688232421875,-254.75625610351562,132.71250915527344,-48
1773049230957882400,72.43688232421874,-255.07501220703125,133.16250610351562,-47.83125305175781
1773049230967882200,72.44688232421875,-255.4875030517578,133.125,-47.94375228881836
1773049230977882400,72.45688232421875,-255.52500915527344,133.1437530517578,-48.056251525878906
1773049230987882200,72.46688232421874,-255.5812530517578,133.0500030517578,-48.20625305175781
1773049230997882400,72.47688232421875,-255.35626220703125,132.99375915527344,-48.20625305175781
1773049231007882200,72.48688232421875,-255.43125915527344,132.9562530517578,-48.468753814697266
1773049231017882400,72.49688232421875,-255.28126525878906,133.01251220703125,-48.39375305175781
1773049231027882200,72.50688232421875,-255.1125030517578,132.97500610351562,-48.67500305175781
1773049231037882400,72.51688232421876,-254.94375610351562,132.6750030517578,-48.63750076293945
1773049231047882200,72.52688232421875,-254.75625610351562,132.31875610351562,-48.900001525878906
1773049231057882400,72.53688232421875,-254.58750915527344,132.31875610351562,-49.087501525878906
1773049231067882200,72.54688232421876,-254.81251525878906,132.3937530517578,-49.181251525878906
1773049231077882400,72.55688232421875,-254.79376220703125,132.15000915527344,-49.312503814697266
1773049231087882200,72.56688232421875,-254.49375915527344,132.16876220703125,-49.218753814697266
1773049231097882400,72.57688232421874,-254.41876220703125,132.13125610351562,-49.10625076293945
1773049231107882200,72.58688232421875,-254.23126220703125,131.98126220703125,-48.900001525878906
1773049231117882400,72.59688232421875,-254.11875915527344,132,-49.087501525878906
1773049231127882200,72.60688232421874,-254.04376220703125,132.16876220703125,-48.63750076293945
1773049231137882400,72.61688232421875,-254.15626525878906,132.22500610351562,-48.468753814697266
1773049231147882200,72.62688232421876,-254.04376220703125,132.24375915527344,-48.26250076293945
1773049231157882400,72.63688232421875,-254.21250915527344,132.61875915527344,-48.31875228881836
1773049231167882200,72.64688232421875,-254.28750610351562,132.3937530517578,-48.187503814697266
1773049231177882400,72.65688232421876,-254.34376525878906,132.45001220703125,-48.31875228881836
1773049231187882200,72.66688232421875,-254.4562530517578,132.45001220703125,-48.45000076293945
1773049231197882400,72.67688232421875,-254.3625030517578,132.6750030517578,-48.468753814697266
1773049231207882200,72.68688232421874,-254.00625610351562,132.52500915527344,-48.60000228881836
1773049231217882400,72.69688232421875,-253.91250610351562,132.43125915527344,-48.468753814697266
1773049231227882200,72.70688232421875,-253.83750915527344,132.43125915527344,-48.69375228881836
1773049231237882400,72.71688232421874,-253.87501525878906,132.3000030517578,-48.843753814697266
1773049231247882200,72.72688232421875,-254.0812530517578,132.35626220703125,-49.06875228881836
1773049231257882400,72.73688232421875,-253.93125915527344,132.05625915527344,-48.843753814697266
1773049231267882200,72.74688232421875,-253.8937530517578,131.94375610351562,-48.806251525878906
1773049231277882400,72.75688232421875,-253.8000030517578,131.77500915527344,-48.712501525878906
1773049231287882200,72.76688232421876,-253.96876525878906,131.88751220703125,-48.843753814697266
1773049231297882400,72.77688232421875,-253.87501525878906,131.9250030517578,-48.88125228881836
1773049231307882200,72.78688232421875,-253.7062530517578,131.8312530517578,-48.712501525878906
1773049231317882400,72.79688232421876,-253.8000030517578,131.98126220703125,-48.26250076293945
1773049231327882200,72.80688232421875,-253.57501220703125,132.24375915527344,-47.98125076293945
1773049231337882400,72.81688232421875,-253.87501525878906,132.46875,-48.056251525878906
1773049231347882200,72.82688232421874,-253.78126525878906,132.60000610351562,-47.92500305175781
1773049231357882400,72.83688232421875,-253.81875610351562,132.8625030517578,-47.775001525878906
1773049231367882200,72.84688232421875,-253.9875030517578,132.90000915527344,-47.90625
1773049231377882400,72.85688232421874,-253.95001220703125,132.82501220703125,-47.88750076293945
1773049231387882200,72.86688232421875,-254.10000610351562,132.91876220703125,-48
1773049231397882400,72.87688232421876,-253.91250610351562,132.6750030517578,-48.07500076293945
1773049231407882200,72.88688232421875,-253.74375915527344,132.26251220703125,-48.35625076293945
1773049231417882400,72.89688232421875,-253.57501220703125,131.96250915527344,-48.69375228881836
1773049231427882200,72.90688232421876,-253.68751525878906,132,-48.618751525878906
1773049231437882400,72.91688232421875,-253.76251220703125,131.8125,-48.656253814697266
1773049231447882200,72.92688232421875,-253.65000915527344,131.94375610351562,-48.69375228881836
1773049231457882400,72.93688232421874,-253.46250915527344,132.03750610351562,-48.82500076293945
1773049231467882200,72.94688232421875,-253.12501525878906,132.07501220703125,-48.73125076293945
1773049231477882400,72.95688232421875,-252.73126220703125,132.22500610351562,-48.97500228881836
1773049231487882200,72.96688232421874,-252.54376220703125,132.41250610351562,-48.656253814697266
1773049231497882400,72.97688232421875,-252.65626525878906,132.69375610351562,-48.41250228881836
1773049231507882200,72.98688232421875,-252.43125915527344,132.61875915527344,-48.60000228881836
1773049231517882400,72.99688232421875,-252.35626220703125,132.60000610351562,-48.76875305175781
1773049231527882200,73.00688232421875,-252.2062530517578,132.41250610351562,-48.618751525878906
1773049231537882400,73.01688232421876,-252.2062530517578,132.24375915527344,-48.60000228881836
1773049231547882200,73.02688232421875,-252.54376220703125,132.07501220703125,-48.618751525878906
1773049231557882400,73.03688232421875,-252.69375610351562,132,-48.39375305175781
1773049231567882200,73.04688232421876,-252.90000915527344,132.1125030517578,-48.67500305175781
1773049231577882400,73.05688232421875,-252.78750610351562,132.13125610351562,-48.656253814697266
1773049231587882200,73.06688232421875,-253.18125915527344,132.22500610351562,-48.67500305175781
1773049231597882400,73.07688232421874,-253.18125915527344,132.2062530517578,-48.562503814697266
1773049231607882200,73.08688232421875,-253.21876525878906,132.1875,-48.54375076293945
1773049231617882400,73.09688232421875,-253.36875915527344,132.33750915527344,-48.35625076293945
1773049231627882200,73.10688232421874,-253.3312530517578,132.69375610351562,-48.39375305175781
1773049231637882400,73.11688232421875,-253.31251525878906,132.5812530517578,-48.82500076293945
1773049231647882200,73.12688232421876,-253.4250030517578,132.46875,-48.63750076293945
1773049231657882400,73.13688232421875,-253.18125915527344,132.60000610351562,-48.48750305175781
1773049231667882200,73.14688232421875,-253.20001220703125,132.52500915527344,-48.50625228881836
1773049231677882400,73.15688232421876,-253.3312530517578,132.54376220703125,-48.618751525878906
1773049231687882200,73.16688232421875,-253.53750610351562,132.9562530517578,-48.76875305175781
1773049231697882400,73.17688232421875,-253.53750610351562,133.03125,-49.087501525878906
1773049231707882200,73.18688232421874,-253.78126525878906,132.8625030517578,-49.16250228881836
1773049231717882400,73.19688232421875,-254.00625610351562,133.125,-48.76875305175781
1773049231727882200,73.20688232421875,-253.91250610351562,133.21875,-48.95625305175781
1773049231737882400,73.21688232421874,-253.96876525878906,133.0500030517578,-49.01250076293945
1773049231747882200,73.22688232421875,-253.96876525878906,133.0500030517578,-48.900001525878906
1773049231757882400,73.23688232421875,-254.00625610351562,133.0500030517578,-49.20000076293945
1773049231767882200,73.24688232421875,-254.04376220703125,132.65625,-49.500003814697266
1773049231777882400,73.25688232421875,-254.15626525878906,132.54376220703125,-49.53750228881836
1773049231787882200,73.26688232421876,-253.83750915527344,132.3937530517578,-49.593753814697266
1773049231797882400,73.27688232421875,-253.81875610351562,132.3937530517578,-49.462501525878906
1773049231807882200,73.28688232421875,-253.81875610351562,132.52500915527344,-49.51875305175781
1773049231817882400,73.29688232421876,-253.78126525878906,132.4875030517578,-49.76250076293945
1773049231827882200,73.30688232421875,-253.5187530517578,132.43125915527344,-49.80000305175781
1773049231837882400,73.31688232421875,-253.2375030517578,132.4875030517578,-49.35000228881836
1773049231847882200,73.32688232421874,-253.12501525878906,132.69375610351562,-48.88125228881836
1773049231857882400,73.33688232421875,-252.8625030517578,132.4875030517578,-48.82500076293945
1773049231867882200,73.34688232421875,-252.80625915527344,132.45001220703125,-48.86250305175781
1773049231877882400,73.35688232421874,-252.90000915527344,132.16876220703125,-49.16250228881836
1773049231887882200,73.36688232421875,-253.10626220703125,132.07501220703125,-49.10625076293945
1773049231897882400,73.37688232421876,-253.03126525878906,131.88751220703125,-49.125003814697266
1773049231907882200,73.38688232421875,-252.9562530517578,132.1875,-49.10625076293945
1773049231917882400,73.39688232421875,-253.01251220703125,132.46875,-49.33125305175781
1773049231927882200,73.40688232421876,-253.16250610351562,132.65625,-49.35000228881836
1773049231937882400,73.41688232421875,-253.27500915527344,132.91876220703125,-49.23750305175781
1773049231947882200,73.42688232421875,-253.35000610351562,132.9562530517578,-49.10625076293945
1773049231957882400,73.43688232421874,-253.25625610351562,133.10626220703125,-48.993751525878906
1773049231967882200,73.44688232421875,-253.35000610351562,133.0500030517578,-48.900001525878906
1773049231977882400,73.45688232421875,-253.7062530517578,133.36875915527344,-48.82500076293945
1773049231987882200,73.46688232421874,-253.65000915527344,133.3125,-48.69375228881836
1773049231997882400,73.47688232421875,-253.78126525878906,132.8625030517578,-48.76875305175781
1773049232007882200,73.48688232421875,-253.55625915527344,132.60000610351562,-48.88125228881836
1773049232017882400,73.49688232421875,-253.59376525878906,132.5812530517578,-48.97500228881836
1773049232027882200,73.50688232421875,-253.66876220703125,132.63751220703125,-49.20000076293945
1773049232037882400,73.51688232421876,-253.63125610351562,132.54376220703125,-49.312503814697266
1773049232047882200,73.52688232421875,-253.29376220703125,132.52500915527344,-49.556251525878906
1773049232057882400,73.53688232421875,-253.16250610351562,132.63751220703125,-49.53750228881836
1773049232067882200,73.54688232421876,-253.29376220703125,132.61875915527344,-49.650001525878906
1773049232077882400,73.55688232421875,-253.16250610351562,132.73126220703125,-49.70625305175781
1773049232087882200,73.56688232421875,-252.93751525878906,132.5625,-49.781253814697266
1773049232097882400,73.57688232421874,-252.9562530517578,132.6750030517578,-49.556251525878906
1773049232107882200,73.58688232421875,-252.90000915527344,132.69375610351562,-49.48125076293945
1773049232117882400,73.59688232421875,-252.80625915527344,132.71250915527344,-49.66875076293945
1773049232127882200,73.60688232421874,-252.8625030517578,132.71250915527344,-49.53750228881836
1773049232137882400,73.61688232421875,-252.9562530517578,132.3937530517578,-49.650001525878906
1773049232147882200,73.62688232421876,-252.99375915527344,132.3000030517578,-49.650001525878906
1773049232157882400,73.63688232421875,-252.97500610351562,132.63751220703125,-49.687503814697266
1773049232167882200,73.64688232421875,-253.06875610351562,132.71250915527344,-49.48125076293945
1773049232177882400,73.65688232421876,-253.06875610351562,132.78750610351562,-49.63125228881836
1773049232187882200,73.66688232421875,-253.12501525878906,132.84375,-49.42500305175781
1773049232197882400,73.67688232421875,-253.01251220703125,132.78750610351562,-49.14375305175781
1773049232207882200,73.68688232421874,-253.08750915527344,132.61875915527344,-49.14375305175781
1773049232217882400,73.69688232421875,-252.9562530517578,132.52500915527344,-49.25625228881836
1773049232227882200,73.70688232421875,-253.01251220703125,132.375,-49.23750305175781
1773049232237882400,73.71688232421874,-253.08750915527344,132.4875030517578,-48.993751525878906
1773049232247882200,73.72688232421875,-253.12501525878906,132.52500915527344,-49.275001525878906
1773049232257882400,73.73688232421875,-253.1437530517578,132.13125610351562,-49.42500305175781
1773049232267882200,73.74688232421875,-252.9562530517578,131.96250915527344,-49.57500076293945
1773049232277882400,73.75688232421875,-253.01251220703125,132.0187530517578,-49.57500076293945
1773049232287882200,73.76688232421876,-252.93751525878906,132.0187530517578,-49.650001525878906
1773049232297882400,73.77688232421875,-252.88125610351562,131.94375610351562,-49.312503814697266
1773049232307882200,73.78688232421875,-252.56251525878906,132.05625915527344,-49.312503814697266
1773049232317882400,73.79688232421876,-252.45001220703125,131.5500030517578,-49.406253814697266
1773049232327882200,73.80688232421875,-252.6750030517578,131.4562530517578,-49.406253814697266
1773049232337882400,73.81688232421875,-252.6750030517578,131.49375915527344,-49.593753814697266
1773049232347882200,73.82688232421874,-252.71250915527344,131.6437530517578,-49.462501525878906
1773049232357882400,73.83688232421875,-252.73126220703125,131.75625610351562,-49.51875305175781
1773049232367882200,73.84688232421875,-252.65626525878906,131.9250030517578,-49.406253814697266
1773049232377882400,73.85688232421874,-252.7687530517578,132.1875,-49.593753814697266
1773049232387882200,73.86688232421875,-252.99375915527344,132.1875,-49.66875076293945
1773049232397882400,73.87688232421876,-253.16250610351562,132.3937530517578,-49.44375228881836
1773049232407882200,73.88688232421875,-253.03126525878906,132.4875030517578,-49.312503814697266
1773049232417882400,73.89688232421875,-253.12501525878906,132.5625,-48.88125228881836
1773049232427882200,73.90688232421876,-253.3312530517578,132.5625,-48.91875076293945
1773049232437882400,73.91688232421875,-253.03126525878906,132.5625,-48.993751525878906
1773049232447882200,73.92688232421875,-252.93751525878906,132.5812530517578,-48.95625305175781
1773049232457882400,73.93688232421874,-252.82501220703125,132.82501220703125,-48.78750228881836
1773049232467882200,73.94688232421875,-252.6750030517578,132.82501220703125,-48.750003814697266
1773049232477882400,73.95688232421875,-252.52500915527344,132.7687530517578,-48.937503814697266
1773049232487882200,73.96688232421874,-252.54376220703125,132.71250915527344,-48.806251525878906
1773049232497882400,73.97688232421875,-252.41250610351562,132.71250915527344,-48.900001525878906
1773049232507882200,73.98688232421875,-252.18751525878906,132.73126220703125,-48.993751525878906
1773049232517882400,73.99688232421875,-252.46876525878906,132.61875915527344,-48.843753814697266
1773049232527882200,74.00688232421875,-252.6750030517578,132.35626220703125,-49.125003814697266
1773049232537882400,74.01688232421876,-252.90000915527344,132.16876220703125,-49.312503814697266
1773049232547882200,74.02688232421875,-253.21876525878906,132.16876220703125,-49.275001525878906
1773049232557882400,74.03688232421875,-253.40626525878906,131.9250030517578,-49.38750076293945
1773049232567882200,74.04688232421876,-253.29376220703125,132,-49.593753814697266
1773049232577882400,74.05688232421875,-253.36875915527344,131.98126220703125,-49.743751525878906
1773049232587882200,74.06688232421875,-253.50001525878906,131.86875915527344,-49.70625305175781
1773049232597882400,74.07688232421874,-253.5187530517578,131.9250030517578,-49.875003814697266
1773049232607882200,74.08688232421875,-253.57501220703125,132.3000030517578,-49.76250076293945
1773049232617882400,74.09688232421875,-253.27500915527344,132.03750610351562,-49.81875228881836
1773049232627882200,74.10688232421874,-252.93751525878906,132.0187530517578,-49.837501525878906
1773049232637882400,74.11688232421875,-252.97500610351562,132.28125,-49.687503814697266
1773049232647882200,74.12688232421876,-253.10626220703125,132.07501220703125,-49.743751525878906
1773049232657882400,74.13688232421875,-252.97500610351562,131.96250915527344,-49.743751525878906
1773049232667882200,74.14688232421875,-252.9562530517578,132.03750610351562,-49.66875076293945
1773049232677882400,74.15688232421876,-252.90000915527344,132.13125610351562,-49.48125076293945
1773049232687882200,74.16688232421875,-252.65626525878906,132,-49.38750076293945
1773049232697882400,74.17688232421875,-252.71250915527344,132.31875610351562,-49.25625228881836
1773049232707882200,74.18688232421874,-252.56251525878906,132.43125915527344,-49.125003814697266
1773049232717882400,74.19688232421875,-252.75001525878906,132.35626220703125,-48.993751525878906
1773049232727882200,74.20688232421875,-252.8625030517578,132.54376220703125,-48.82500076293945
1773049232737882400,74.21688232421874,-253.10626220703125,132.82501220703125,-48.712501525878906
1773049232747882200,74.22688232421875,-253.20001220703125,132.82501220703125,-48.843753814697266
1773049232757882400,74.23688232421875,-253.18125915527344,132.4875030517578,-49.031253814697266
1773049232767882200,74.24688232421875,-253.10626220703125,132.375,-49.125003814697266
1773049232777882400,74.25688232421875,-252.8625030517578,132.07501220703125,-49.181251525878906
1773049232787882200,74.26688232421876,-252.99375915527344,131.8125,-49.275001525878906
1773049232797882400,74.27688232421875,-252.80625915527344,131.90625,-49.42500305175781
1773049232807882200,74.28688232421875,-252.80625915527344,132.0187530517578,-49.087501525878906
1773049232817882400,74.29688232421876,-252.60000610351562,131.90625,-49.125003814697266
1773049232827882200,74.30688232421875,-252.45001220703125,131.86875915527344,-49.25625228881836
1773049232837882400,74.31688232421875,-252.4875030517578,132.1875,-49.29375076293945
1773049232847882200,74.32688232421874,-252.6750030517578,132.375,-49.14375305175781
1773049232857882400,74.33688232421875,-252.9562530517578,132.4875030517578,-49.23750305175781
1773049232867882200,74.34688232421875,-252.99375915527344,132.61875915527344,-49.33125305175781
1773049232877882400,74.35688232421874,-252.88125610351562,132.43125915527344,-49.51875305175781
1773049232887882200,74.36688232421875,-252.8625030517578,132.33750915527344,-49.781253814697266
1773049232897882400,74.37688232421876,-252.84376525878906,132.43125915527344,-49.556251525878906
1773049232907882200,74.38688232421875,-252.84376525878906,132.3000030517578,-49.25625228881836
1773049232917882400,74.39688232421875,-252.84376525878906,132.2062530517578,-49.275001525878906
1773049232927882200,74.40688232421876,-252.8625030517578,132.13125610351562,-49.275001525878906
1773049232937882400,74.41688232421875,-252.8625030517578,132.24375915527344,-48.95625305175781
1773049232947882200,74.42688232421875,-253.01251220703125,132.26251220703125,-48.82500076293945
1773049232957882400,74.43688232421874,-253.06875610351562,132.375,-48.900001525878906
1773049232967882200,74.44688232421875,-252.99375915527344,132.26251220703125,-48.78750228881836
1773049232977882400,74.45688232421875,-253.08750915527344,132.13125610351562,-48.750003814697266
1773049232987882200,74.46688232421874,-253.16250610351562,132.1875,-48.843753814697266
1773049232997882400,74.47688232421875,-253.27500915527344,131.9250030517578,-48.900001525878906
1773049233007882200,74.48688232421875,-253.36875915527344,131.85000610351562,-49.125003814697266
1773049233017882400,74.49688232421875,-253.5187530517578,131.8312530517578,-49.368751525878906
1773049233027882200,74.50688232421875,-253.46250915527344,131.88751220703125,-49.500003814697266
1773049233037882400,74.51688232421876,-253.57501220703125,131.98126220703125,-49.48125076293945
1773049233047882200,74.52688232421875,-253.65000915527344,132.1875,-49.837501525878906
1773049233057882400,74.53688232421875,-253.83750915527344,132.31875610351562,-50.04375076293945
1773049233067882200,74.54688232421876,-253.74375915527344,132.4875030517578,-50.04375076293945
1773049233077882400,74.55688232421875,-253.7062530517578,132.7687530517578,-49.931251525878906
1773049233087882200,74.56688232421875,-253.66876220703125,132.6750030517578,-49.687503814697266
1773049233097882400,74.57688232421874,-253.40626525878906,132.41250610351562,-49.687503814697266
1773049233107882200,74.58688232421875,-253.3312530517578,132.3000030517578,-49.44375228881836
1773049233117882400,74.59688232421875,-252.99375915527344,132.45001220703125,-49.01250076293945
1773049233127882200,74.60688232421874,-252.73126220703125,132.31875610351562,-48.86250305175781
1773049233137882400,74.61688232421875,-252.60000610351562,132.15000915527344,-48.97500228881836
1773049233147882200,74.62688232421876,-252.73126220703125,132.1125030517578,-48.97500228881836
1773049233157882400,74.63688232421875,-252.46876525878906,131.9250030517578,-48.937503814697266
1773049233167882200,74.64688232421875,-252.60000610351562,132,-49.125003814697266
1773049233177882400,74.65688232421876,-252.61875915527344,131.94375610351562,-49.29375076293945
1773049233187882200,74.66688232421875,-252.50625610351562,131.86875915527344,-49.38750076293945
1773049233197882400,74.67688232421875,-252.69375610351562,131.88751220703125,-49.687503814697266
1773049233207882200,74.68688232421874,-252.78750610351562,131.86875915527344,-49.61250305175781
1773049233217882400,74.69688232421875,-252.78750610351562,132.1875,-49.44375228881836
1773049233227882200,74.70688232421875,-253.01251220703125,132.33750915527344,-49.61250305175781
1773049233237882400,74.71688232421874,-253.08750915527344,132.5812530517578,-49.66875076293945
1773049233247882200,74.72688232421875,-252.99375915527344,132.8625030517578,-49.44375228881836
1773049233257882400,74.73688232421875,-253.08750915527344,133.20001220703125,-49.25625228881836
1773049233267882200,74.74688232421875,-253.06875610351562,133.48126220703125,-49.218753814697266
1773049233277882400,74.75688232421875,-252.88125610351562,133.46250915527344,-49.05000305175781
1773049233287882200,74.76688232421876,-252.99375915527344,133.6125030517578,-49.087501525878906
1773049233297882400,74.77688232421875,-252.5812530517578,133.3125,-49.031253814697266
1773049233307882200,74.78688232421875,-252.1125030517578,133.01251220703125,-49.01250076293945
1773049233317882400,74.79688232421876,-252.07501220703125,133.06875610351562,-48.712501525878906
1773049233327882200,74.80688232421875,-251.98126220703125,132.88125610351562,-48.525001525878906
1773049233337882400,74.81688232421875,-251.79376220703125,132.6750030517578,-48.54375076293945
1773049233347882200,74.82688232421874,-252.03750610351562,132.50625610351562,-48.806251525878906
1773049233357882400,74.83688232421875,-252.15000915527344,132.22500610351562,-48.95625305175781
1773049233367882200,74.84688232421875,-252.09376525878906,132.16876220703125,-48.937503814697266
1773049233377882400,74.85688232421874,-252.37501525878906,132.16876220703125,-48.97500228881836
1773049233387882200,74.86688232421875,-252.45001220703125,132.1125030517578,-48.86250305175781
1773049233397882400,74.87688232421876,-252.33750915527344,131.90625,-49.29375076293945
1773049233407882200,74.88688232421875,-252.3000030517578,131.8125,-49.44375228881836
1773049233417882400,74.89688232421875,-252.45001220703125,132.03750610351562,-49.368751525878906
1773049233427882200,74.90688232421876,-252.50625610351562,132.05625915527344,-49.25625228881836
1773049233437882400,74.91688232421875,-252.37501525878906,131.9250030517578,-49.23750305175781
1773049233447882200,74.92688232421875,-252.18751525878906,131.88751220703125,-49.312503814697266
1773049233457882400,74.93688232421874,-252.16876220703125,131.96250915527344,-49.29375076293945
1773049233467882200,74.94688232421875,-252.35626220703125,132.15000915527344,-49.29375076293945
1773049233477882400,74.95688232421875,-252.78750610351562,132.13125610351562,-49.01250076293945
1773049233487882200,74.96688232421874,-252.69375610351562,132.31875610351562,-49.087501525878906
1773049233497882400,74.97688232421875,-252.65626525878906,132.07501220703125,-49.06875228881836
1773049233507882200,74.98688232421875,-252.46876525878906,132.0187530517578,-48.95625305175781
1773049233517882400,74.99688232421875,-252.63751220703125,132.2062530517578,-49.06875228881836
1773049233527882200,75.00688232421875,-252.5812530517578,132,-48.993751525878906
1773049233537882400,75.01688232421876,-252.16876220703125,132.07501220703125,-48.937503814697266
1773049233547882200,75.02688232421875,-252.18751525878906,132.09375,-48.843753814697266
1773049233557882400,75.03688232421875,-252.07501220703125,132.1125030517578,-48.78750228881836
1773049233567882200,75.04688232421876,-252.18751525878906,131.96250915527344,-48.88125228881836
1773049233577882400,75.05688232421875,-252.03750610351562,132.15000915527344,-49.05000305175781
1773049233587882200,75.06688232421875,-252.07501220703125,132.41250610351562,-48.88125228881836
1773049233597882400,75.07688232421874,-252.07501220703125,132.43125915527344,-48.712501525878906
1773049233607882200,75.08688232421875,-252.3000030517578,132.65625,-48.78750228881836
1773049233617882400,75.09688232421875,-252.82501220703125,132.5625,-48.97500228881836
1773049233627882200,75.10688232421874,-252.60000610351562,132.46875,-48.937503814697266
1773049233637882400,75.11688232421875,-252.3937530517578,132.45001220703125,-49.10625076293945
1773049233647882200,75.12688232421876,-252.28126525878906,132.52500915527344,-49.031253814697266
1773049233657882400,75.13688232421875,-252.31875610351562,132.6750030517578,-48.91875076293945
1773049233667882200,75.14688232421875,-252.26251220703125,132.3937530517578,-49.125003814697266
1773049233677882400,75.15688232421876,-252.03750610351562,132.54376220703125,-49.125003814697266
1773049233687882200,75.16688232421875,-252.09376525878906,132.46875,-49.20000076293945
1773049233697882400,75.17688232421875,-252.00001525878906,132.54376220703125,-49.031253814697266
1773049233707882200,75.18688232421874,-251.98126220703125,132.6750030517578,-49.10625076293945
1773049233717882400,75.19688232421875,-252.09376525878906,133.125,-48.900001525878906
1773049233727882200,75.20688232421875,-252.09376525878906,133.20001220703125,-48.937503814697266
1773049233737882400,75.21688232421874,-252.0187530517578,133.06875610351562,-48.656253814697266
1773049233747882200,75.22688232421875,-252.1125030517578,133.44375610351562,-48.54375076293945
1773049233757882400,75.23688232421875,-252.31875610351562,133.29376220703125,-48.50625228881836
1773049233767882200,75.24688232421875,-252.16876220703125,133.4250030517578,-48.20625305175781
1773049233777882400,75.25688232421875,-252.00001525878906,133.46250915527344,-48.525001525878906
1773049233787882200,75.26688232421876,-252.1125030517578,133.57501220703125,-48.618751525878906
1773049233797882400,75.27688232421875,-252.13125610351562,133.20001220703125,-48.656253814697266
1773049233807882200,75.28688232421875,-252.15000915527344,133.29376220703125,-48.67500305175781
1773049233817882400,75.29688232421876,-252.16876220703125,133.25625610351562,-48.95625305175781
1773049233827882200,75.30688232421875,-252.16876220703125,132.99375915527344,-49.275001525878906
1773049233837882400,75.31688232421875,-252.03750610351562,133.06875610351562,-49.462501525878906
1773049233847882200,75.32688232421874,-252.09376525878906,133.06875610351562,-49.51875305175781
1773049233857882400,75.33688232421875,-252.00001525878906,133.06875610351562,-49.38750076293945
1773049233867882200,75.34688232421875,-251.9250030517578,133.29376220703125,-49.23750305175781
1773049233877882400,75.35688232421874,-251.8312530517578,133.2375030517578,-49.23750305175781
1773049233887882200,75.36688232421875,-251.71876525878906,133.1437530517578,-49.25625228881836
1773049233897882400,75.37688232421876,-251.79376220703125,133.01251220703125,-49.20000076293945
1773049233907882200,75.38688232421875,-251.68125915527344,133.16250610351562,-49.05000305175781
1773049233917882400,75.39688232421875,-251.88751220703125,133.125,-48.97500228881836
1773049233927882200,75.40688232421876,-251.86875915527344,132.9562530517578,-49.14375305175781
1773049233937882400,75.41688232421875,-251.8312530517578,132.78750610351562,-49.06875228881836
1773049233947882200,75.42688232421875,-252.00001525878906,132.4875030517578,-49.218753814697266
1773049233957882400,75.43688232421874,-251.81251525878906,132.5625,-49.25625228881836
1773049233967882200,75.44688232421875,-251.98126220703125,132.9562530517578,-49.125003814697266
1773049233977882400,75.45688232421875,-251.75625610351562,133.1437530517578,-49.10625076293945
1773049233987882200,75.46688232421874,-251.6437530517578,133.21875,-48.993751525878906
1773049233997882400,75.47688232421875,-251.15626525878906,133.25625610351562,-48.806251525878906
1773049234007882200,75.48688232421875,-251.06251525878906,133.59375,-48.750003814697266
1773049234017882400,75.49688232421875,-251.1750030517578,133.93125915527344,-48.562503814697266
1773049234027882200,75.50688232421875,-250.95001220703125,133.93125915527344,-48.31875228881836
1773049234047882200,75.52688232421875,-251.1750030517578,133.83750915527344,-48.39375305175781
1773049234057882400,75.53688232421875,-251.3625030517578,133.78125,-48.39375305175781
1773049234067882200,75.54688232421876,-251.5500030517578,133.6875,-48.337501525878906
1773049234077882400,75.55688232421875,-251.79376220703125,133.83750915527344,-48.50625228881836
1773049234087882200,75.56688232421875,-251.68125915527344,133.74375915527344,-48.50625228881836
1773049234097882400,75.57688232421874,-251.75625610351562,133.78125,-48.45000076293945
1773049234107882200,75.58688232421875,-251.85000610351562,133.6125030517578,-48.73125076293945
1773049234117882400,75.59688232421875,-251.60626220703125,133.5,-48.843753814697266
1773049234127882200,75.60688232421874,-251.88751220703125,133.59375,-48.806251525878906
1773049234137882400,75.61688232421875,-251.94375610351562,133.35000610351562,-48.937503814697266
1773049234147882200,75.62688232421876,-251.66250610351562,133.3125,-48.97500228881836
1773049234157882400,75.63688232421875,-251.85000610351562,133.25625610351562,-48.900001525878906
1773049234167882200,75.64688232421875,-252.05625915527344,133.35000610351562,-48.750003814697266
1773049234177882400,75.65688232421876,-251.98126220703125,133.16250610351562,-48.95625305175781
1773049234187882200,75.66688232421875,-251.88751220703125,133.35000610351562,-48.843753814697266
1773049234197882400,75.67688232421875,-252.1125030517578,133.5187530517578,-48.76875305175781
1773049234207882200,75.68688232421874,-251.86875915527344,133.27500915527344,-48.97500228881836
1773049234217882400,75.69688232421875,-252.13125610351562,133.78125,-48.88125228881836
1773049234227882200,75.70688232421875,-252.37501525878906,133.8000030517578,-49.01250076293945
1773049234237882400,75.71688232421874,-252.22500610351562,133.875,-49.16250228881836
1773049234247882200,75.72688232421875,-252.37501525878906,134.15625,-49.368751525878906
1773049234257882400,75.73688232421875,-252.41250610351562,134.23126220703125,-49.218753814697266
1773049234267882200,75.74688232421875,-252.43125915527344,134.32501220703125,-49.29375076293945
1773049234277882400,75.75688232421875,-252.26251220703125,134.30625915527344,-49.087501525878906
1773049234287882200,75.76688232421876,-252.1125030517578,134.47500610351562,-48.67500305175781
1773049234297882400,75.77688232421875,-251.66250610351562,134.70001220703125,-48.48750305175781
1773049234307882200,75.78688232421875,-251.4562530517578,134.96250915527344,-48.243751525878906
1773049234317882400,75.79688232421876,-251.23126220703125,134.94375610351562,-47.92500305175781
1773049234327882200,75.80688232421875,-250.87501525878906,134.71875,-47.88750076293945
1773049234337882400,75.81688232421875,-250.78126525878906,134.79376220703125,-47.88750076293945
1773049234347882200,75.82688232421874,-250.7062530517578,134.6437530517578,-47.775001525878906
1773049234357882400,75.83688232421875,-250.9875030517578,134.75625610351562,-47.962501525878906
1773049234367882200,75.84688232421875,-250.9875030517578,134.90625,-48.16875076293945
1773049234377882400,75.85688232421874,-251.13751220703125,134.6437530517578,-48.281253814697266
1773049234387882200,75.86688232421875,-251.15626525878906,134.70001220703125,-48.26250076293945
1773049234397882400,75.87688232421876,-251.43751525878906,134.75625610351562,-48.35625076293945
1773049234407882200,75.88688232421875,-251.56875610351562,134.70001220703125,-48.26250076293945
1773049234417882400,75.89688232421875,-251.47500610351562,134.68125915527344,-48.375003814697266
1773049234427882200,75.90688232421876,-251.4562530517578,134.96250915527344,-48.45000076293945
1773049234437882400,75.91688232421875,-251.04376220703125,135.07501220703125,-48.337501525878906
1773049234447882200,75.92688232421875,-250.72500610351562,134.8312530517578,-48.187503814697266
1773049234457882400,75.93688232421874,-250.63125610351562,134.90625,-48.16875076293945
1773049234467882200,75.94688232421875,-250.63125610351562,134.75625610351562,-48.281253814697266
1773049234477882400,75.95688232421875,-250.40626525878906,134.88751220703125,-48.41250228881836
1773049234487882200,75.96688232421874,-250.31251525878906,135.07501220703125,-48.468753814697266
1773049234497882400,75.97688232421875,-250.35000610351562,135.15000915527344,-48.22500228881836
1773049234507882200,75.98688232421875,-250.38751220703125,135,-48.11250305175781
1773049234517882400,75.99688232421875,-250.6125030517578,135.03750610351562,-48.11250305175781
1773049234527882200,76.00688232421875,-250.8937530517578,135.5625,-48.093753814697266
1773049234537882400,76.01688232421876,-250.7062530517578,135.6750030517578,-48.07500076293945
1773049234547882200,76.02688232421875,-250.83750915527344,135.9562530517578,-47.92500305175781
1773049234557882400,76.03688232421875,-250.87501525878906,136.06875610351562,-48.01875305175781
1773049234567882200,76.04688232421876,-251.00625610351562,136.16250610351562,-47.775001525878906
1773049234577882400,76.05688232421875,-250.74375915527344,136.01251220703125,-47.92500305175781
1773049234587882200,76.06688232421875,-250.74375915527344,136.55625915527344,-47.88750076293945
1773049234597882400,76.07688232421874,-250.29376220703125,136.6125030517578,-48.11250305175781
1773049234607882200,76.08688232421875,-250.31251525878906,136.6125030517578,-48.20625305175781
1773049234617882400,76.09688232421875,-250.40626525878906,136.59375,-48.31875228881836
1773049234627882200,76.10688232421874,-250.3312530517578,136.65000915527344,-48.60000228881836
1773049234637882400,76.11688232421875,-250.27500915527344,136.8000030517578,-48.375003814697266
1773049234647882200,76.12688232421876,-250.16250610351562,136.8937530517578,-48.468753814697266
1773049234657882400,76.13688232421875,-250.35000610351562,137.25,-48.562503814697266
1773049234667882200,76.14688232421875,-250.21876525878906,137.02500915527344,-48.806251525878906
1773049234677882400,76.15688232421876,-250.36875915527344,136.9875030517578,-48.76875305175781
1773049234687882200,76.16688232421875,-250.3312530517578,137.15625,-48.78750228881836
1773049234697882400,76.17688232421875,-250.2375030517578,137.47500610351562,-48.656253814697266
1773049234707882200,76.18688232421874,-249.99375915527344,137.56875610351562,-48.618751525878906
1773049234717882400,76.19688232421875,-249.97500610351562,137.68125915527344,-48.525001525878906
1773049234727882200,76.20688232421875,-249.88125610351562,137.68125915527344,-48.50625228881836
1773049234737882400,76.21688232421874,-249.90000915527344,137.94375610351562,-48.31875228881836
1773049234747882200,76.22688232421875,-249.80625915527344,138.15000915527344,-48.26250076293945
1773049234757882400,76.23688232421875,-249.71250915527344,138.1875,-48.187503814697266
1773049234767882200,76.24688232421875,-249.80625915527344,137.9250030517578,-48.31875228881836
1773049234777882400,76.25688232421875,-249.84376525878906,138.09375,-48.431251525878906
1773049234787882200,76.26688232421876,-249.9562530517578,138.22500610351562,-48.431251525878906
1773049234797882400,76.27688232421875,-249.90000915527344,138.16876220703125,-48.76875305175781
1773049234807882200,76.28688232421875,-250.1437530517578,138.46875,-48.78750228881836
1773049234817882400,76.29688232421876,-250.20001220703125,138.5812530517578,-48.76875305175781
1773049234827882200,76.30688232421875,-250.40626525878906,138.90000915527344,-48.60000228881836
1773049234837882400,76.31688232421875,-250.57501220703125,139.10626220703125,-48.656253814697266
1773049234847882200,76.32688232421874,-250.40626525878906,139.4250030517578,-48.50625228881836
1773049234857882400,76.33688232421875,-250.53750610351562,139.46250915527344,-48.41250228881836
1773049234867882200,76.34688232421875,-250.44375610351562,139.76251220703125,-48.07500076293945
1773049234877882400,76.35688232421874,-250.3312530517578,140.0812530517578,-47.94375228881836
1773049234887882200,76.36688232421875,-250.16250610351562,140.28750610351562,-48.056251525878906
1773049234897882400,76.37688232421876,-250.16250610351562,140.5500030517578,-48.243751525878906
1773049234907882200,76.38688232421875,-250.27500915527344,140.56875610351562,-48.45000076293945
1773049234917882400,76.39688232421875,-250.38751220703125,140.68125915527344,-48.468753814697266
1773049234927882200,76.40688232421876,-250.46250915527344,141.16876220703125,-48.31875228881836
1773049234937882400,76.41688232421875,-250.50001525878906,141.61875915527344,-48.39375305175781
1773049234947882200,76.42688232421875,-250.68751525878906,141.71250915527344,-48.73125076293945
1773049234957882400,76.43688232421874,-251.02500915527344,141.97500610351562,-48.76875305175781
1773049234967882200,76.44688232421875,-251.11875915527344,142.40625,-48.78750228881836
1773049234977882400,76.45688232421875,-251.19375610351562,142.5,-49.125003814697266
1773049234987882200,76.46688232421874,-251.00625610351562,142.83750915527344,-49.087501525878906
1773049234997882400,76.47688232421875,-251.06251525878906,143.71875,-49.06875228881836
1773049235007882200,76.48688232421875,-250.9875030517578,143.8125,-49.406253814697266
1773049235017882400,76.49688232421875,-250.93125915527344,143.9250030517578,-49.57500076293945
1773049235027882200,76.50688232421875,-251.13751220703125,144.52500915527344,-49.57500076293945
1773049235037882400,76.51688232421876,-251.47500610351562,144.8625030517578,-49.650001525878906
1773049235047882200,76.52688232421875,-251.70001220703125,145.21875,-49.781253814697266
1773049235057882400,76.53688232421875,-252.37501525878906,146.02500915527344,-49.61250305175781
1773049235067882200,76.54688232421876,-253.46250915527344,146.4375,-49.89375305175781
1773049235077882400,76.55688232421875,-254.43751525878906,146.13751220703125,-49.95000076293945
1773049235087882200,76.56688232421875,-255.71250915527344,146.30625915527344,-49.72500228881836
1773049235097882400,76.57688232421874,-257.0625,146.4375,-49.687503814697266
1773049235107882200,76.58688232421875,-258.09375,146.3625030517578,-49.35000228881836
1773049235117882400,76.59688232421875,-258.9562683105469,146.30625915527344,-49.16250228881836
1773049235127882200,76.60688232421874,-259.8375244140625,146.04376220703125,-49.181251525878906
1773049235137882400,76.61688232421875,-260.23126220703125,145.44375610351562,-49.406253814697266
1773049235147882200,76.62688232421876,-260.2125244140625,145.2375030517578,-49.087501525878906
1773049235157882400,76.63688232421875,-260.4000244140625,145.5,-49.35000228881836
1773049235167882200,76.64688232421875,-260.5500183105469,145.53750610351562,-49.91250228881836
1773049235177882400,76.65688232421876,-260.3812561035156,145.27500915527344,-50.45625305175781
1773049235187882200,76.66688232421875,-260.25,144.9562530517578,-50.906253814697266
1773049235197882400,76.67688232421875,-260.2875061035156,144.88125610351562,-51.20625305175781
1773049235207882200,76.68688232421874,-260.4000244140625,144.71250915527344,-51.281253814697266
1773049235217882400,76.69688232421875,-260.6812744140625,144.78750610351562,-51.20625305175781
1773049235227882200,76.70688232421875,-261.3375244140625,144.80625915527344,-51.35625076293945
1773049235237882400,76.71688232421874,-261.9000244140625,144.75,-51.26250076293945
1773049235247882200,76.72688232421875,-262.6500244140625,144.90000915527344,-51.03750228881836
1773049235257882400,76.73688232421875,-263.7375183105469,145.3125,-50.85000228881836
1773049235267882200,76.74688232421875,-264.84375,145.35000610351562,-51.01875305175781
1773049235277882400,76.75688232421875,-265.4437561035156,145.06875610351562,-51.22500228881836
1773049235287882200,76.76688232421876,-266.15625,144.99375915527344,-51.26250076293945
1773049235297882400,76.77688232421875,-266.5875244140625,144.5625,-51.468753814697266
1773049235307882200,76.78688232421875,-266.7750244140625,143.98126220703125,-51.67500305175781
1773049235317882400,76.79688232421876,-266.7562561035156,143.13751220703125,-51.95625305175781
1773049235327882200,76.80688232421875,-266.79376220703125,141.9375,-52.10625076293945
1773049235337882400,76.81688232421875,-266.6625061035156,140.94375610351562,-52.01250076293945
1773049235347882200,76.82688232421874,-266.4750061035156,140.38125610351562,-52.406253814697266
1773049235357882400,76.83688232421875,-266.5875244140625,140.04376220703125,-52.38750076293945
1773049235367882200,76.84688232421875,-266.4562683105469,139.46250915527344,-52.312503814697266
1773049235377882400,76.85688232421874,-266.2687683105469,139.3125,-51.900001525878906
1773049235387882200,76.86688232421875,-266.1937561035156,139.53750610351562,-51.656253814697266
1773049235397882400,76.87688232421876,-266.0625,140.00625610351562,-51.26250076293945
1773049235407882200,76.88688232421875,-265.5562744140625,140.96250915527344,-50.906253814697266
1773049235417882400,76.89688232421875,-265.2562561035156,141.99375915527344,-50.493751525878906
1773049235427882200,76.90688232421876,-264.9937744140625,143.00625610351562,-49.57500076293945
1773049235437882400,76.91688232421875,-264.6937561035156,144.24375915527344,-49.23750305175781
1773049235447882200,76.92688232421875,-264.84375,145.96875,-48.82500076293945
1773049235457882400,76.93688232421874,-265.21875,147.84375,-48.750003814697266
1773049235467882200,76.94688232421875,-265.6500244140625,149.28750610351562,-48.48750305175781
1773049235477882400,76.95688232421875,-266.7562561035156,150.84375,-48.35625076293945
1773049235487882200,76.96688232421874,-268.125,152.10000610351562,-48.22500228881836
1773049235497882400,76.97688232421875,-269.6437683105469,152.85000610351562,-48.11250305175781
1773049235507882200,76.98688232421875,-271.48126220703125,153.07501220703125,-48.375003814697266
1773049235517882400,76.99688232421875,-273.8625183105469,152.71875,-48.375003814697266
1773049235527882200,77.00688232421875,-276.0562744140625,151.40625,-48.750003814697266
1773049235537882400,77.01688232421876,-277.9875183105469,149.90625,-48.50625228881836
1773049235547882200,77.02688232421875,-279.9375,148.21875,-48.63750076293945
1773049235557882400,77.03688232421875,-281.1000061035156,146.13751220703125,-48.60000228881836
1773049235567882200,77.04688232421876,-282.3187561035156,143.88751220703125,-48.63750076293945
1773049235577882400,77.05688232421875,-283.0875244140625,141.71250915527344,-48.50625228881836
1773049235587882200,77.06688232421875,-283.4437561035156,139.65000915527344,-48.187503814697266
1773049235597882400,77.07688232421874,-283.20001220703125,138.09375,-47.775001525878906
1773049235607882200,77.08688232421875,-282.8812561035156,136.875,-47.19375228881836
1773049235617882400,77.09688232421875,-282.6000061035156,135.41250610351562,-47.04375076293945
1773049235627882200,77.10688232421874,-282.1875,134.00625610351562,-46.743751525878906
1773049235637882400,77.11688232421875,-281.88751220703125,132.99375915527344,-46.368751525878906
1773049235647882200,77.12688232421876,-281.1937561035156,131.77500915527344,-45.95625305175781
1773049235657882400,77.13688232421875,-280.29376220703125,130.78125,-45.76875305175781
1773049235667882200,77.14688232421875,-279.84375,129.99375915527344,-45.58125305175781
1773049235677882400,77.15688232421876,-279.2250061035156,128.9250030517578,-45.30000305175781
1773049235687882200,77.16688232421875,-278.4562683105469,127.96875762939453,-44.90625
1773049235697882400,77.17688232421875,-277.8000183105469,127.2750015258789,-44.60625076293945
1773049235707882200,77.18688232421874,-276.7875061035156,126.6187515258789,-44.19375228881836
1773049235717882400,77.19688232421875,-275.9625244140625,126.0562515258789,-43.743751525878906
1773049235727882200,77.20688232421875,-275.0812683105469,125.98125457763672,-43.33125305175781
1773049235737882400,77.21688232421874,-274.29376220703125,125.79375457763672,-42.806251525878906
1773049235747882200,77.22688232421875,-273.1125183105469,125.79375457763672,-42.07500076293945
1773049235757882400,77.23688232421875,-272.1937561035156,126.03750610351562,-41.75625228881836
1773049235767882200,77.24688232421875,-271.4625244140625,126.76875305175781,-41.493751525878906
1773049235777882400,77.25688232421875,-270.6000061035156,127.1812515258789,-41.08125305175781
1773049235787882200,77.26688232421876,-270.1875,128.21250915527344,-40.59375
1773049235797882400,77.27688232421875,-269.6812744140625,129.0187530517578,-40.38750076293945
1773049235807882200,77.28688232421875,-269.34375,129.71250915527344,-40.05000305175781
1773049235817882400,77.29688232421876,-269.4000244140625,130.72500610351562,-39.69375228881836
1773049235827882200,77.30688232421875,-269.34375,131.49375915527344,-39.30000305175781
1773049235837882400,77.31688232421875,-269.60626220703125,132.16876220703125,-39.13125228881836
1773049235847882200,77.32688232421874,-269.8125,132.31875610351562,-38.868751525878906
1773049235857882400,77.33688232421875,-270.4875183105469,132.84375,-38.73750305175781
1773049235867882200,77.34688232421875,-271.0875244140625,132.99375915527344,-38.79375076293945
1773049235877882400,77.35688232421874,-271.57501220703125,133.10626220703125,-38.625
1773049235887882200,77.36688232421875,-272.2125244140625,133.2375030517578,-38.64375305175781
1773049235897882400,77.37688232421876,-272.79376220703125,132.88125610351562,-38.775001525878906
1773049235907882200,77.38688232421875,-273.65625,132.90000915527344,-39.243751525878906
1773049235917882400,77.39688232421875,-274.3500061035156,132.75,-39.39375305175781
1773049235927882200,77.40688232421876,-275.23126220703125,132.99375915527344,-39.46875
1773049235937882400,77.41688232421875,-275.88751220703125,132.80625915527344,-39.48750305175781
1773049235947882200,77.42688232421875,-276.65625,132.3000030517578,-39.431251525878906
1773049235957882400,77.43688232421874,-277.57501220703125,131.6437530517578,-39.60000228881836
1773049235967882200,77.44688232421875,-278.51251220703125,130.9875030517578,-39.84375
1773049235977882400,77.45688232421875,-279.46875,130.40625,-39.95625305175781
1773049235987882200,77.46688232421874,-279.9937744140625,129.5812530517578,-39.75
1773049235997882400,77.47688232421875,-280.4250183105469,128.51251220703125,-39.60000228881836
1773049236007882200,77.48688232421875,-280.7062683105469,127.38750457763672,-39.45000076293945
1773049236017882400,77.49688232421875,-280.96875,126.0562515258789,-39.41250228881836
1773049236027882200,77.50688232421875,-281.0250244140625,124.85625457763672,-39.50625228881836
1773049236037882400,77.51688232421876,-280.7062683105469,123.6187515258789,-39.13125228881836
1773049236047882200,77.52688232421875,-280.1812744140625,122.36250305175781,-38.79375076293945
1773049236057882400,77.53688232421875,-279.1500244140625,121.3687515258789,-38.306251525878906
1773049236067882200,77.54688232421876,-278.4000244140625,120.35625457763672,-38.00625228881836
1773049236077882400,77.55688232421875,-277.6500244140625,119.5875015258789,-37.931251525878906
1773049236087882200,77.56688232421875,-276.07501220703125,118.48125457763672,-37.743751525878906
1773049236097882400,77.57688232421874,-274.6312561035156,117.8062515258789,-37.33125305175781
1773049236107882200,77.58688232421875,-272.79376220703125,117.48750305175781,-36.78750228881836
1773049236117882400,77.59688232421875,-271.2562561035156,117.48750305175781,-36.65625
1773049236127882200,77.60688232421874,-269.25,117.7125015258789,-36.1875
1773049236137882400,77.61688232421875,-267.5062561035156,117.95625305175781,-36.30000305175781
1773049236147882200,77.62688232421876,-265.66876220703125,118.31250762939453,-36.243751525878906
1773049236157882400,77.63688232421875,-263.4000244140625,119.36250305175781,-35.66250228881836
1773049236167882200,77.64688232421875,-261.73126220703125,120.86250305175781,-35.587501525878906
1773049236177882400,77.65688232421876,-259.8375244140625,122.75625610351562,-35.775001525878906
1773049236187882200,77.66688232421875,-258.4125061035156,124.48125457763672,-35.79375076293945
1773049236197882400,77.67688232421875,-257.0812683105469,126.6187515258789,-35.85000228881836
1773049236207882200,77.68688232421874,-256.4625244140625,128.86875915527344,-36.30000305175781
1773049236217882400,77.69688232421875,-256.0687561035156,131.1750030517578,-36.60000228881836
1773049236227882200,77.70688232421875,-256.0687561035156,133.46250915527344,-37.087501525878906
1773049236237882400,77.71688232421874,-256.59375,135.46875,-37.59375
1773049236247882200,77.72688232421875,-257.2875061035156,137.25,-38.306251525878906
1773049236257882400,77.73688232421875,-258.2062683105469,138.60000610351562,-39
1773049236267882200,77.74688232421875,-259.3312683105469,140.11875915527344,-39.58125305175781
1773049236277882400,77.75688232421875,-260.6812744140625,141.2062530517578,-40.01250076293945
1773049236287882200,77.76688232421876,-262.2750244140625,141.73126220703125,-40.44375228881836
1773049236297882400,77.77688232421875,-264.0375061035156,142.0500030517578,-40.931251525878906
1773049236307882200,77.78688232421875,-265.8000183105469,142.21875,-41.15625
1773049236317882400,77.79688232421876,-267.82501220703125,141.5812530517578,-41.8125
1773049236327882200,77.80688232421875,-269.9625244140625,140.85000610351562,-42.07500076293945
1773049236337882400,77.81688232421875,-272.1000061035156,139.83750915527344,-42.20625305175781
1773049236347882200,77.82688232421874,-274.125,138.46875,-42.63750076293945
1773049236357882400,77.83688232421875,-276.26251220703125,136.66876220703125,-43.06875228881836
1773049236367882200,77.84688232421875,-277.66876220703125,134.71875,-43.53750228881836
1773049236377882400,77.85688232421874,-278.98126220703125,132.4875030517578,-43.51875305175781
1773049236387882200,77.86688232421875,-279.82501220703125,130.01251220703125,-43.63125228881836
1773049236397882400,77.87688232421876,-280.38751220703125,127.98750305175781,-43.931251525878906
1773049236407882200,77.88688232421875,-280.1625061035156,125.5875015258789,-44.10000228881836
1773049236417882400,77.89688232421875,-279.73126220703125,123.5250015258789,-43.91250228881836
1773049236427882200,77.90688232421876,-278.625,121.35000610351562,-43.61250305175781
1773049236437882400,77.91688232421875,-276.65625,119.62500762939453,-43.181251525878906
1773049236447882200,77.92688232421875,-274.875,118.53750610351562,-42.67500305175781
1773049236457882400,77.93688232421874,-272.53125,117.54375457763672,-42.39375305175781
1773049236467882200,77.94688232421875,-270.4875183105469,117.30000305175781,-41.92500305175781
1773049236477882400,77.95688232421875,-268.2750244140625,116.94375610351562,-41.00625228881836
1773049236487882200,77.96688232421874,-266.15625,117.20625305175781,-40.20000076293945
1773049236497882400,77.97688232421875,-264.3000183105469,117.7125015258789,-39.97500228881836
1773049236507882200,77.98688232421875,-263.32501220703125,118.70625305175781,-39.63750076293945
1773049236517882400,77.99688232421875,-262.6500244140625,119.85000610351562,-39.20625305175781
1773049236527882200,78.00688232421875,-262.03125,120.7125015258789,-38.868751525878906
1773049236537882400,78.01688232421876,-261.75,122.04375457763672,-38.587501525878906
1773049236547882200,78.02688232421875,-261.7687683105469,123.09375762939453,-38.10000228881836
1773049236557882400,78.03688232421875,-261.6750183105469,124.29375457763672,-37.837501525878906
1773049236567882200,78.04688232421876,-262.4625244140625,125.13750457763672,-37.66875076293945
1773049236577882400,78.05688232421875,-263.2687683105469,125.85000610351562,-37.16250228881836
1773049236587882200,78.06688232421875,-263.4375,126.41250610351562,-36.86250305175781
1773049236597882400,78.07688232421874,-263.79376220703125,126.45000457763672,-36.76875305175781
1773049236607882200,78.08688232421875,-264.375,126.6187515258789,-36.39375305175781
1773049236617882400,78.09688232421875,-265.2562561035156,126.50625610351562,-36.056251525878906
1773049236627882200,78.10688232421874,-265.5187683105469,125.9625015258789,-36.16875076293945
1773049236637882400,78.11688232421875,-266.25,125.41875457763672,-36.16875076293945
1773049236647882200,78.12688232421876,-266.5500183105469,125.08125305175781,-35.90625
1773049236657882400,78.13688232421875,-266.9437561035156,124.42500305175781,-35.868751525878906
1773049236667882200,78.14688232421875,-267.28125,123.54375457763672,-35.70000076293945
1773049236677882400,78.15688232421876,-267.5250244140625,122.79375457763672,-35.66250228881836
1773049236687882200,78.16688232421875,-267.46875,121.95000457763672,-35.73750305175781
1773049236697882400,78.17688232421875,-267.0375061035156,120.9000015258789,-35.587501525878906
1773049236707882200,78.18688232421874,-266.5875244140625,120.07500457763672,-35.66250228881836
1773049236717882400,78.19688232421875,-265.8187561035156,119.25000762939453,-35.64375305175781
1773049236727882200,78.20688232421875,-264.8625183105469,118.53750610351562,-35.64375305175781
1773049236737882400,78.21688232421874,-263.71875,118.01250457763672,-35.73750305175781
1773049236747882200,78.22688232421875,-262.76251220703125,117.78750610351562,-35.70000076293945
1773049236757882400,78.23688232421875,-261.54376220703125,117.76875305175781,-35.493751525878906
1773049236767882200,78.24688232421875,-260.41876220703125,117.8062515258789,-35.4375
1773049236777882400,78.25688232421875,-259.125,118.05000305175781,-35.47500228881836
1773049236787882200,78.26688232421876,-258.16876220703125,118.6500015258789,-35.17500305175781
1773049236797882400,78.27688232421875,-256.9125061035156,119.43750762939453,-35.08125305175781
1773049236807882200,78.28688232421875,-256.0687561035156,120.0562515258789,-34.98750305175781
1773049236817882400,78.29688232421876,-254.98126220703125,120.8062515258789,-34.556251525878906
1773049236827882200,78.30688232421875,-254.06251525878906,121.25625610351562,-34.61250305175781
1773049236837882400,78.31688232421875,-253.36875915527344,121.61250305175781,-34.89375305175781
1773049236847882200,78.32688232421874,-252.82501220703125,122.04375457763672,-34.78125
1773049236857882400,78.33688232421875,-252.28126525878906,122.83125305175781,-34.650001525878906
1773049236867882200,78.34688232421875,-251.86875915527344,123.50625610351562,-34.59375
1773049236877882400,78.35688232421874,-251.56875610351562,123.93750762939453,-34.275001525878906
1773049236887882200,78.36688232421875,-251.19375610351562,124.57500457763672,-34.35000228881836
1773049236897882400,78.37688232421876,-250.96876525878906,125.17500305175781,-34.61250305175781
1773049236907882200,78.38688232421875,-250.95001220703125,125.98125457763672,-34.76250076293945
1773049236917882400,78.39688232421875,-250.8000030517578,126.78750610351562,-34.63125228881836
1773049236927882200,78.40688232421876,-250.76251220703125,127.6500015258789,-34.85625076293945
1773049236937882400,78.41688232421875,-251.0812530517578,128.15625,-35.28750228881836
1773049236947882200,78.42688232421875,-250.91250610351562,128.49375915527344,-35.75625228881836
1773049236957882400,78.43688232421874,-251.34376525878906,128.90625,-36.69375228881836
1773049236967882200,78.44688232421875,-251.6437530517578,129.33750915527344,-37.51875305175781
1773049236977882400,78.45688232421875,-251.9250030517578,129.35626220703125,-38.17500305175781
1773049236987882200,78.46688232421874,-251.94375610351562,129.54376220703125,-38.681251525878906
1773049236997882400,78.47688232421875,-252.43125915527344,129.54376220703125,-39.35625076293945
1773049237007882200,78.48688232421875,-252.2062530517578,129.69375610351562,-39.78750228881836
1773049237017882400,78.49688232421875,-252.18751525878906,129.73126220703125,-40.3125
1773049237027882200,78.50688232421875,-252.45001220703125,129.97500610351562,-40.76250076293945
1773049237037882400,78.51688232421876,-252.2062530517578,130.48126220703125,-40.76250076293945
1773049237047882200,78.52688232421875,-251.98126220703125,130.6875,-40.5
1773049237057882400,78.53688232421875,-251.77500915527344,131.40000915527344,-40.5
1773049237067882200,78.54688232421876,-251.60626220703125,132.1875,-40.40625
1773049237077882400,78.55688232421875,-251.15626525878906,133.01251220703125,-39.993751525878906
1773049237087882200,78.56688232421875,-251.40000915527344,133.76251220703125,-39.91875076293945
1773049237097882400,78.57688232421874,-251.40000915527344,134.66250610351562,-39.75
1773049237107882200,78.58688232421875,-251.56875610351562,135.375,-39.60000228881836
1773049237117882400,78.59688232421875,-251.71876525878906,136.18125915527344,-39.22500228881836
1773049237127882200,78.60688232421874,-252.22500610351562,137.02500915527344,-39.31875228881836
1773049237137882400,78.61688232421875,-252.90000915527344,137.56875610351562,-39.09375
1773049237147882200,78.62688232421876,-253.63125610351562,138.03750610351562,-39
1773049237157882400,78.63688232421875,-254.60626220703125,138.73126220703125,-39.28125
1773049237167882200,78.64688232421875,-255.05625915527344,138.91876220703125,-39.1875
1773049237177882400,78.65688232421876,-255.8625030517578,139.125,-38.8125
1773049237187882200,78.66688232421875,-256.9125061035156,139.48126220703125,-38.51250076293945
1773049237197882400,78.67688232421875,-258.0375061035156,139.36875915527344,-38.493751525878906
1773049237207882200,78.68688232421874,-258.9750061035156,139.36875915527344,-38.212501525878906
1773049237217882400,78.69688232421875,-260.0250244140625,139.57501220703125,-38.025001525878906
1773049237227882200,78.70688232421875,-261.1500244140625,139.3312530517578,-37.85625076293945
1773049237237882400,78.71688232421874,-262.1625061035156,138.90000915527344,-37.650001525878906
1773049237247882200,78.72688232421875,-263.6437683105469,138.8625030517578,-37.51875305175781
1773049237257882400,78.73688232421875,-264.8812561035156,138.41250610351562,-37.51875305175781
1773049237267882200,78.74688232421875,-265.8000183105469,137.70001220703125,-37.61250305175781
1773049237277882400,78.75688232421875,-266.7375183105469,136.63125610351562,-37.66875076293945
1773049237287882200,78.76688232421876,-267.82501220703125,135.65625,-37.89375305175781
1773049237297882400,78.77688232421875,-268.8187561035156,134.51251220703125,-38.025001525878906
1773049237307882200,78.78688232421875,-269.8500061035156,133.40625,-37.96875
1773049237317882400,78.79688232421876,-270.6750183105469,132.3000030517578,-37.76250076293945
1773049237327882200,78.80688232421875,-271.38751220703125,130.5,-37.875
1773049237337882400,78.81688232421875,-271.9312744140625,128.8312530517578,-38.23125076293945
1773049237347882200,78.82688232421874,-272.3812561035156,127.12500762939453,-37.96875
1773049237357882400,78.83688232421875,-272.7750244140625,125.66250610351562,-37.98750305175781
1773049237367882200,78.84688232421875,-272.8312683105469,123.8062515258789,-37.63125228881836
1773049237377882400,78.85688232421874,-272.3625183105469,121.7437515258789,-37.556251525878906
1773049237387882200,78.86688232421875,-271.59375,119.6812515258789,-37.42500305175781
1773049237397882400,78.87688232421876,-270.6187744140625,117.82500457763672,-37.35000228881836
1773049237407882200,78.88688232421875,-269.1750183105469,116.43750762939453,-37.10625076293945
1773049237417882400,78.89688232421875,-267.46875,114.9937515258789,-36.82500076293945
1773049237427882200,78.90688232421876,-265.5187683105469,113.73750305175781,-36.82500076293945
1773049237437882400,78.91688232421875,-263.0812683105469,112.9312515258789,-36.41250228881836
1773049237447882200,78.92688232421875,-260.5687561035156,112.38750457763672,-36.46875
1773049237457882400,78.93688232421874,-257.90625,112.33125305175781,-36.26250076293945
1773049237467882200,78.94688232421875,-255.15000915527344,112.66875457763672,-36.20625305175781
1773049237477882400,78.95688232421875,-252.61875915527344,112.8375015258789,-36.337501525878906
1773049237487882200,78.96688232421874,-250.40626525878906,113.60625457763672,-36.431251525878906
1773049237497882400,78.97688232421875,-248.06251525878906,114.7125015258789,-36.26250076293945
1773049237507882200,78.98688232421875,-246.07501220703125,116.0250015258789,-36.431251525878906
1773049237517882400,78.99688232421875,-244.65000915527344,117.41250610351562,-36.712501525878906
1773049237527882200,79.00688232421875,-243.22500610351562,119.08125305175781,-36.76875305175781
1773049237537882400,79.01688232421876,-242.23126220703125,120.75000762939453,-36.9375
1773049237547882200,79.02688232421875,-241.53750610351562,122.4000015258789,-37.21875
1773049237557882400,79.03688232421875,-240.50625610351562,124.2750015258789,-37.368751525878906
1773049237567882200,79.04688232421876,-239.77500915527344,125.8687515258789,-37.61250305175781
1773049237577882400,79.05688232421875,-239.6437530517578,127.78125762939453,-37.85625076293945
1773049237587882200,79.06688232421875,-239.51251220703125,129.5625,-38.212501525878906
1773049237597882400,79.07688232421874,-239.3625030517578,131.23126220703125,-38.53125
1773049237607882200,79.08688232421875,-239.47500610351562,132.82501220703125,-38.66250228881836
1773049237617882400,79.09688232421875,-239.85000610351562,134.19375610351562,-39.01875305175781
1773049237627882200,79.10688232421874,-240.13125610351562,135.60000610351562,-39.13125228881836
1773049237637882400,79.11688232421875,-240.78750610351562,136.9875030517578,-39.1875
1773049237647882200,79.12688232421876,-241.18125915527344,138.4875030517578,-38.98125076293945
1773049237657882400,79.13688232421875,-241.57501220703125,139.59375,-38.962501525878906
1773049237667882200,79.14688232421875,-242.06251525878906,140.8125,-38.88750076293945
1773049237677882400,79.15688232421876,-242.60626220703125,142.0500030517578,-38.92500305175781
1773049237687882200,79.16688232421875,-243.05625915527344,143.10000610351562,-39.16875076293945
1773049237697882400,79.17688232421875,-243.6750030517578,144.13125610351562,-39.01875305175781
1773049237707882200,79.18688232421874,-244.38751220703125,145.2375030517578,-38.962501525878906
1773049237717882400,79.19688232421875,-245.25001525878906,146.2687530517578,-39.03750228881836
1773049237727882200,79.20688232421875,-246.18751525878906,146.70001220703125,-39.20625305175781
1773049237737882400,79.21688232421874,-247.66876220703125,147.28125,-39.243751525878906
1773049237747882200,79.22688232421875,-249.15000915527344,147.9562530517578,-39.03750228881836
1773049237757882400,79.23688232421875,-250.4250030517578,147.99375915527344,-38.962501525878906
1773049237767882200,79.24688232421875,-252.00001525878906,148.08750915527344,-38.66250228881836
1773049237777882400,79.25688232421875,-253.7062530517578,148.18125915527344,-38.55000305175781
1773049237787882200,79.26688232421876,-255.60000610351562,148.01251220703125,-38.36250305175781
1773049237797882400,79.27688232421875,-257.4750061035156,147.26251220703125,-38.23125076293945
1773049237807882200,79.28688232421875,-259.8000183105469,146.625,-38.45625305175781
1773049237817882400,79.29688232421876,-261.35626220703125,145.55625915527344,-38.34375
1773049237827882200,79.30688232421875,-263.0062561035156,144.26251220703125,-38.32500076293945
1773049237837882400,79.31688232421875,-264.8812561035156,143.00625610351562,-38.212501525878906
1773049237847882200,79.32688232421874,-266.4937744140625,141.35626220703125,-38.212501525878906
1773049237857882400,79.33688232421875,-267.5625,139.35000610351562,-38.38125228881836
1773049237867882200,79.34688232421875,-268.6125183105469,137.19375610351562,-39.01875305175781
1773049237877882400,79.35688232421874,-269.60626220703125,135.28125,-39.13125228881836
1773049237887882200,79.36688232421875,-270.0375061035156,133.27500915527344,-39
1773049237897882400,79.37688232421876,-270.54376220703125,131.0812530517578,-39.28125
1773049237907882200,79.38688232421875,-270.3937683105469,128.56875610351562,-39.5625
1773049237917882400,79.39688232421875,-270.2250061035156,126.45000457763672,-39.900001525878906
1773049237927882200,79.40688232421876,-269.6437683105469,124.53750610351562,-40.38750076293945
1773049237937882400,79.41688232421875,-268.8937683105469,122.7750015258789,-40.53750228881836
1773049237947882200,79.42688232421875,-267.5250244140625,121.12500762939453,-40.3125
1773049237957882400,79.43688232421874,-265.8000183105469,119.66250610351562,-40.29375076293945
1773049237967882200,79.44688232421875,-264.0375061035156,118.68750762939453,-40.44375228881836
1773049237977882400,79.45688232421875,-262.10626220703125,118.25625610351562,-40.23750305175781
1773049237987882200,79.46688232421874,-260.2125244140625,118.6500015258789,-39.993751525878906
1773049237997882400,79.47688232421875,-257.8500061035156,118.8375015258789,-39.76875305175781
1773049238007882200,79.48688232421875,-255.69375610351562,119.43750762939453,-39.54375076293945
1773049238017882400,79.49688232421875,-253.87501525878906,120.26250457763672,-39.39375305175781
1773049238027882200,79.50688232421875,-252.33750915527344,121.12500762939453,-39.48750305175781
1773049238037882400,79.51688232421876,-250.85626220703125,122.25000762939453,-39.31875228881836
1773049238047882200,79.52688232421875,-249.54376220703125,123.46875762939453,-38.66250228881836
1773049238057882400,79.53688232421875,-248.71876525878906,124.5562515258789,-38.70000076293945
1773049238067882200,79.54688232421876,-247.81875610351562,125.1187515258789,-38.88750076293945
1773049238077882400,79.55688232421875,-247.40626525878906,126.0562515258789,-38.70000076293945
1773049238087882200,79.56688232421875,-247.06875610351562,126.45000457763672,-38.64375305175781
1773049238097882400,79.57688232421874,-246.45001220703125,126.86250305175781,-38.64375305175781
1773049238107882200,79.58688232421875,-246.0187530517578,127.40625762939453,-38.41875076293945
1773049238117882400,79.59688232421875,-245.70001220703125,127.81875610351562,-38.79375076293945
1773049238127882200,79.60688232421874,-245.0812530517578,127.95000457763672,-39.22500228881836
1773049238137882400,79.61688232421875,-244.29376220703125,128.19375610351562,-39.22500228881836
1773049238147882200,79.62688232421876,-244.06875610351562,128.88751220703125,-38.92500305175781
1773049238157882400,79.63688232421875,-243.7687530517578,129.375,-39.28125
1773049238167882200,79.64688232421875,-243.1125030517578,130.20001220703125,-39.150001525878906
1773049238177882400,79.65688232421876,-242.53126525878906,131.32501220703125,-38.85000228881836
1773049238187882200,79.66688232421875,-242.13751220703125,132.35626220703125,-38.625
1773049238197882400,79.67688232421875,-241.85626220703125,133.78125,-37.96875
1773049238207882200,79.68688232421874,-241.8000030517578,135.3000030517578,-37.837501525878906
1773049238217882400,79.69688232421875,-241.66876220703125,137.11875915527344,-37.35000228881836
1773049238227882200,79.70688232421875,-241.7062530517578,138.52500915527344,-36.993751525878906
1773049238237882400,79.71688232421874,-242.10000610351562,140.1750030517578,-36.431251525878906
1773049238247882200,79.72688232421875,-242.8312530517578,141.75,-36.07500076293945
1773049238257882400,79.73688232421875,-243.7687530517578,143.0625,-35.92500305175781
1773049238267882200,79.74688232421875,-244.74375915527344,144.5812530517578,-35.83125305175781
1773049238277882400,79.75688232421875,-245.77500915527344,145.74375915527344,-35.90625
1773049238287882200,79.76688232421876,-247.16250610351562,146.8312530517578,-35.868751525878906
1773049238297882400,79.77688232421875,-248.71876525878906,147.3000030517578,-36.26250076293945
1773049238307882200,79.78688232421875,-250.08750915527344,147.69375610351562,-36.67500305175781
1773049238317882400,79.79688232421876,-251.32501220703125,147.65625,-36.9375
1773049238327882200,79.80688232421875,-252.73126220703125,147.52500915527344,-37.3125
1773049238337882400,79.81688232421875,-254.32501220703125,147.0187530517578,-37.85625076293945
1773049238347882200,79.82688232421874,-255.75001525878906,146.30625915527344,-38.212501525878906
1773049238357882400,79.83688232421875,-257.0812683105469,145.38751220703125,-38.75625228881836
1773049238367882200,79.84688232421875,-258.1125183105469,144.35626220703125,-39.01875305175781
1773049238377882400,79.85688232421874,-259.3125,143.4375,-39.46875
1773049238397882400,79.87688232421876,-261.1500244140625,141.2062530517578,-40.275001525878906
1773049238407882200,79.88688232421875,-261.9375,140.34375,-40.53750228881836
1773049238417882400,79.89688232421875,-262.6500244140625,139.5187530517578,-40.72500228881836
1773049238427882200,79.90688232421876,-263.4000244140625,138.5625,-40.875
1773049238437882400,79.91688232421875,-264.0562744140625,137.58750915527344,-41.00625228881836
1773049238447882200,79.92688232421875,-264.8625183105469,136.83750915527344,-41.118751525878906
1773049238457882400,79.93688232421874,-265.29376220703125,136.25625610351562,-41.08125305175781
1773049238467882200,79.94688232421875,-265.78125,135.71250915527344,-40.931251525878906
1773049238477882400,79.95688232421875,-266.3062744140625,134.98126220703125,-41.23125076293945
1773049238487882200,79.96688232421874,-266.4375,134.0625,-41.118751525878906
1773049238497882400,79.97688232421875,-266.8125,133.6125030517578,-40.875
1773049238507882200,79.98688232421875,-266.8687744140625,132.84375,-40.89375305175781
1773049238517882400,79.99688232421875,-266.8687744140625,132.1125030517578,-40.556251525878906
1773049238527882200,80.00688232421875,-266.4562683105469,131.23126220703125,-40.40625
1773049238537882400,80.01688232421876,-266.04376220703125,130.2375030517578,-40.14375305175781
1773049238547882200,80.02688232421875,-266.13751220703125,129.97500610351562,-39.88125228881836
1773049238557882400,80.03688232421875,-265.2375183105469,129.63751220703125,-39.243751525878906
1773049238567882200,80.04688232421876,-264.7687683105469,129.41250610351562,-38.8125
1773049238577882400,80.05688232421875,-263.53125,129.15000915527344,-38.47500228881836
1773049238587882200,80.06688232421875,-262.6500244140625,129.1875,-38.13750076293945
1773049238597882400,80.07688232421874,-261.91876220703125,129.65625,-38.212501525878906
1773049238607882200,80.08688232421875,-261.0375061035156,130.59375,-38.00625228881836
1773049238617882400,80.09688232421875,-260.15625,131.21250915527344,-37.931251525878906
1773049238627882200,80.10688232421874,-259.03125,131.56875610351562,-37.78125
1773049238637882400,80.11688232421875,-258.5250244140625,132.5625,-37.78125
1773049238647882200,80.12688232421876,-258.0562744140625,133.74375915527344,-38.025001525878906
1773049238657882400,80.13688232421875,-258,134.8125,-38.17500305175781
1773049238667882200,80.14688232421875,-257.7375183105469,136.06875610351562,-38.306251525878906
1773049238677882400,80.15688232421876,-257.5687561035156,137.00625610351562,-38.08125305175781
1773049238687882200,80.16688232421875,-258.16876220703125,137.77500915527344,-38.41875076293945
1773049238697882400,80.17688232421875,-258.6937561035156,138.73126220703125,-38.85000228881836
1773049238707882200,80.18688232421874,-259.3312683105469,139.48126220703125,-38.94375228881836
1773049238717882400,80.19688232421875,-259.8000183105469,139.95001220703125,-39.056251525878906
1773049238727882200,80.20688232421875,-260.51251220703125,140.19375610351562,-39.22500228881836
1773049238737882400,80.21688232421874,-261,140.13751220703125,-39.375
1773049238747882200,80.22688232421875,-261.6937561035156,140.28750610351562,-39.337501525878906
1773049238757882400,80.23688232421875,-262.5,140.4562530517578,-39.65625
1773049238767882200,80.24688232421875,-262.6875,140.38125610351562,-39.431251525878906
1773049238777882400,80.25688232421875,-263.0062561035156,140.21250915527344,-39.1875
1773049238787882200,80.26688232421876,-263.1937561035156,140.25,-39.45000076293945
1773049238797882400,80.27688232421875,-263.6625061035156,140.04376220703125,-39.48750305175781
1773049238807882200,80.28688232421875,-263.98126220703125,139.83750915527344,-39.30000305175781
1773049238817882400,80.29688232421876,-264.46875,139.78125,-39.11250305175781
1773049238827882200,80.30688232421875,-264.7875061035156,139.35000610351562,-39.13125228881836
1773049238837882400,80.31688232421875,-265.0875244140625,138.7687530517578,-39.150001525878906
1773049238847882200,80.32688232421874,-265.8000183105469,138.31875610351562,-39.09375
1773049238857882400,80.33688232421875,-266.15625,137.85000610351562,-39
1773049238867882200,80.34688232421875,-266.9437561035156,137.15625,-39.01875305175781
1773049238877882400,80.35688232421874,-267.5062561035156,136.46250915527344,-39.1875
1773049238887882200,80.36688232421875,-267.82501220703125,135.6750030517578,-39.39375305175781
1773049238897882400,80.37688232421876,-268.1625061035156,134.98126220703125,-39.35625076293945
1773049238907882200,80.38688232421875,-268.4437561035156,133.93125915527344,-39.75
1773049238917882400,80.39688232421875,-268.48126220703125,132.99375915527344,-39.806251525878906
1773049238927882200,80.40688232421876,-268.3125,131.79376220703125,-40.3125
1773049238937882400,80.41688232421875,-268.29376220703125,130.76251220703125,-40.51875305175781
1773049238947882200,80.42688232421875,-267.75,129.5625,-40.53750228881836
1773049238957882400,80.43688232421874,-267.1125183105469,128.75625610351562,-40.40625
1773049238967882200,80.44688232421875,-266.6437683105469,128.11875915527344,-40.33125305175781
1773049238977882400,80.45688232421875,-265.78125,127.29375457763672,-40.66875076293945
1773049238987882200,80.46688232421874,-264.9000244140625,127.0875015258789,-40.25625228881836
1773049238997882400,80.47688232421875,-264.1125183105469,127.10625457763672,-39.97500228881836
1773049239007882200,80.48688232421875,-263.2125244140625,127.20000457763672,-39.806251525878906
1773049239017882400,80.49688232421875,-262.3687744140625,127.7437515258789,-39.5625
1773049239027882200,80.50688232421875,-261.8062744140625,128.6437530517578,-39.46875
1773049239037882400,80.51688232421876,-261.5812683105469,129.16876220703125,-39.48750305175781
1773049239047882200,80.52688232421875,-261.375,129.88125610351562,-39.48750305175781
1773049239057882400,80.53688232421875,-261.2250061035156,130.8937530517578,-39.30000305175781
1773049239067882200,80.54688232421876,-261.54376220703125,131.41876220703125,-39.41250228881836
1773049239077882400,80.55688232421875,-261.6187744140625,131.94375610351562,-39.30000305175781
1773049239087882200,80.56688232421875,-261.9750061035156,132.69375610351562,-38.868751525878906
1773049239097882400,80.57688232421874,-262.5375061035156,132.90000915527344,-38.85000228881836
1773049239107882200,80.58688232421875,-262.66876220703125,133.125,-38.36250305175781
1773049239117882400,80.59688232421875,-262.85626220703125,133.2375030517578,-37.89375305175781
1773049239127882200,80.60688232421874,-262.95001220703125,133.46250915527344,-37.48125076293945
1773049239137882400,80.61688232421875,-263.1750183105469,133.18125915527344,-37.10625076293945
1773049239147882200,80.62688232421876,-263.32501220703125,133.3312530517578,-36.76875305175781
1773049239157882400,80.63688232421875,-263.8125,133.35000610351562,-36.65625
1773049239167882200,80.64688232421875,-264.09375,133.16250610351562,-36.41250228881836
1773049239177882400,80.65688232421876,-264.54376220703125,133.01251220703125,-36.31875228881836
1773049239187882200,80.66688232421875,-264.9562683105469,132.60000610351562,-36.45000076293945
1773049239197882400,80.67688232421875,-265.3500061035156,132.50625610351562,-36.46875
1773049239207882200,80.68688232421874,-265.76251220703125,131.88751220703125,-36.50625228881836
1773049239217882400,80.69688232421875,-266.2875061035156,131.5500030517578,-36.431251525878906
1773049239227882200,80.70688232421875,-266.7375183105469,131.0625,-36.39375305175781
1773049239237882400,80.71688232421874,-266.5687561035156,130.46250915527344,-36.35625076293945
1773049239247882200,80.72688232421875,-266.41876220703125,129.69375610351562,-36.30000305175781
1773049239257882400,80.73688232421875,-265.66876220703125,129.1125030517578,-36.01875305175781
1773049239267882200,80.74688232421875,-264.9562683105469,128.51251220703125,-35.775001525878906
1773049239277882400,80.75688232421875,-264.2250061035156,127.5562515258789,-35.587501525878906
1773049239287882200,80.76688232421876,-263.25,126.8062515258789,-35.47500228881836
1773049239297882400,80.77688232421875,-262.0875244140625,126.00000762939453,-35.118751525878906
1773049239307882200,80.78688232421875,-260.5875244140625,125.43750762939453,-34.6875
1773049239317882400,80.79688232421876,-259.2750244140625,124.85625457763672,-34.20000076293945
1773049239327882200,80.80688232421875,-257.625,124.68750762939453,-34.01250076293945
1773049239337882400,80.81688232421875,-256.40625,124.6500015258789,-33.618751525878906
1773049239347882200,80.82688232421874,-254.94375610351562,124.9312515258789,-33.28125
1773049239357882400,80.83688232421875,-252.88125610351562,125.55000305175781,-32.83125305175781
1773049239367882200,80.84688232421875,-250.9875030517578,126.4312515258789,-32.60625076293945
1773049239377882400,80.85688232421874,-249.07501220703125,127.72500610351562,-32.306251525878906
1773049239387882200,80.86688232421875,-247.36875915527344,129.24375915527344,-32.17500305175781
1773049239397882400,80.87688232421876,-245.66250610351562,131.2687530517578,-32.025001525878906
1773049239407882200,80.88688232421875,-244.35000610351562,133.1437530517578,-31.70625114440918
1773049239417882400,80.89688232421875,-242.88751220703125,135.1875,-31.537500381469727
1773049239427882200,80.90688232421876,-241.87501525878906,137.86875915527344,-31.181251525878906
1773049239437882400,80.91688232421875,-241.68751525878906,140.32501220703125,-31.275001525878906
1773049239447882200,80.92688232421875,-241.35000610351562,142.55625915527344,-31.200000762939453
1773049239457882400,80.93688232421874,-241.46250915527344,144.9375,-31.275001525878906
1773049239467882200,80.94688232421875,-242.11875915527344,146.86875915527344,-31.256250381469727
1773049239477882400,80.95688232421875,-243.1125030517578,148.2375030517578,-31.500001907348633
1773049239487882200,80.96688232421874,-243.78750610351562,149.66250610351562,-31.687501907348633
1773049239497882400,80.97688232421875,-244.78126525878906,150.8625030517578,-31.743751525878906
1773049239507882200,80.98688232421875,-245.71876525878906,151.44375610351562,-31.950000762939453
1773049239517882400,80.99688232421875,-246.73126220703125,152.02500915527344,-31.856250762939453
1773049239527882200,81.00688232421875,-247.83750915527344,152.70001220703125,-31.781251907348633
1773049239537882400,81.01688232421876,-248.9250030517578,153.03750610351562,-32.13750076293945
1773049239547882200,81.02688232421875,-249.52500915527344,153.375,-32.41875076293945
1773049239557882400,81.03688232421875,-250.53750610351562,153.90000915527344,-32.34375
1773049239567882200,81.04688232421876,-251.70001220703125,154.20001220703125,-32.400001525878906
1773049239577882400,81.05688232421875,-252.5812530517578,154.7062530517578,-32.88750076293945
1773049239587882200,81.06688232421875,-253.85626220703125,154.91250610351562,-33.20625305175781
1773049239597882400,81.07688232421874,-254.56875610351562,155.49375915527344,-33.431251525878906
1773049239607882200,81.08688232421875,-255.97500610351562,155.9250030517578,-33.900001525878906
1773049239617882400,81.09688232421875,-257.13751220703125,156.1125030517578,-34.01250076293945
1773049239627882200,81.10688232421874,-258.4312744140625,156.31875610351562,-34.35000228881836
1773049239637882400,81.11688232421875,-259.66876220703125,156,-34.837501525878906
1773049239647882200,81.12688232421876,-260.88751220703125,155.8312530517578,-35.19375228881836
1773049239657882400,81.13688232421875,-262.29376220703125,155.02500915527344,-35.26875305175781
1773049239667882200,81.14688232421875,-262.96875,154.53750610351562,-35.400001525878906
1773049239677882400,81.15688232421876,-264.3187561035156,153.5812530517578,-35.75625228881836
1773049239687882200,81.16688232421875,-264.84375,152.625,-35.98125076293945
1773049239697882400,81.17688232421875,-265.76251220703125,151.78125,-36.243751525878906
1773049239707882200,81.18688232421874,-266.4937744140625,151.125,-36.60000228881836
1773049239717882400,81.19688232421875,-266.79376220703125,151.03125,-36.76875305175781
1773049239727882200,81.20688232421875,-267.35626220703125,150.84375,-37.03125
1773049239737882400,81.21688232421874,-267.9750061035156,150.63751220703125,-37.59375
1773049239747882200,81.22688232421875,-269.1000061035156,150.31875610351562,-38.306251525878906
1773049239757882400,81.23688232421875,-269.8125,149.94375610351562,-38.962501525878906
1773049239767882200,81.24688232421875,-271.0687561035156,149.5500030517578,-39.35625076293945
1773049239777882400,81.25688232421875,-272.23126220703125,149.19375610351562,-39.73125076293945
1773049239787882200,81.26688232421876,-273.6000061035156,148.20001220703125,-39.91875076293945
1773049239797882400,81.27688232421875,-275.1000061035156,147,-40.181251525878906
1773049239807882200,81.28688232421875,-276.5062561035156,145.66876220703125,-40.38750076293945
1773049239817882400,81.29688232421876,-277.7250061035156,144.16876220703125,-40.5
1773049239827882200,81.30688232421875,-278.8312683105469,142.38751220703125,-40.181251525878906
1773049239837882400,81.31688232421875,-280.0687561035156,140.79376220703125,-39.75
1773049239847882200,81.32688232421874,-281.1937561035156,138.88125610351562,-39.48750305175781
1773049239857882400,81.33688232421875,-281.9250183105469,137.11875915527344,-39.28125
1773049239867882200,81.34688232421875,-282.4125061035156,135.13125610351562,-39.16875076293945
1773049239877882400,81.35688232421874,-282.84375,133.36875915527344,-38.85000228881836
1773049239887882200,81.36688232421875,-283.0687561035156,131.3625030517578,-38.71875
1773049239897882400,81.37688232421876,-283.0500183105469,129.5812530517578,-38.47500228881836
1773049239907882200,81.38688232421875,-283.1437683105469,128.32501220703125,-38.34375
1773049239917882400,81.39688232421875,-282.6750183105469,126.65625762939453,-38.212501525878906
1773049239927882200,81.40688232421876,-282.1125183105469,125.17500305175781,-38.10000228881836
1773049239937882400,81.41688232421875,-281.3812561035156,123.63750457763672,-38.0625
1773049239947882200,81.42688232421875,-280.8187561035156,122.62500762939453,-37.78125
1773049239957882400,81.43688232421874,-279.9750061035156,121.70625305175781,-37.6875
1773049239967882200,81.44688232421875,-278.6812744140625,120.91875457763672,-37.78125
1773049239977882400,81.45688232421875,-277.9125061035156,120.6187515258789,-37.556251525878906
1773049239987882200,81.46688232421874,-276.6750183105469,119.75625610351562,-37.66875076293945
1773049239997882400,81.47688232421875,-275.6437683105469,119.15625762939453,-37.85625076293945
1773049240007882200,81.48688232421875,-274.3500061035156,118.98750305175781,-37.95000076293945
1773049240017882400,81.49688232421875,-273.16876220703125,118.63125610351562,-38.08125305175781
1773049240027882200,81.50688232421875,-271.66876220703125,118.23750305175781,-38.10000228881836
1773049240037882400,81.51688232421876,-270.1500244140625,118.1812515258789,-38.26875305175781
1773049240047882200,81.52688232421875,-269.1937561035156,118.42500305175781,-38.19375228881836
1773049240057882400,81.53688232421875,-268.03125,118.53750610351562,-38.64375305175781
1773049240067882200,81.54688232421876,-267.07501220703125,118.91250610351562,-38.75625228881836
1773049240077882400,81.55688232421875,-266.3625183105469,119.45625305175781,-39.09375
1773049240087882200,81.56688232421875,-265.8187561035156,120.01875305175781,-39.11250305175781
1773049240097882400,81.57688232421874,-265.5,120.63750457763672,-39.16875076293945
1773049240107882200,81.58688232421875,-265.5562744140625,121.25625610351562,-39.50625228881836
1773049240117882400,81.59688232421875,-265.8375244140625,121.10625457763672,-39.86250305175781
1773049240127882200,81.60688232421874,-266.34375,121.21875762939453,-40.25625228881836
1773049240137882400,81.61688232421875,-266.7750244140625,121.20000457763672,-40.125
1773049240147882200,81.62688232421876,-267.375,121.05000305175781,-40.35000228881836
1773049240157882400,81.63688232421875,-267.6937561035156,120.82500457763672,-40.275001525878906
1773049240167882200,81.64688232421875,-267.8062744140625,120.30000305175781,-40.5
1773049240177882400,81.65688232421876,-267.9750061035156,119.83125305175781,-40.33125305175781
1773049240187882200,81.66688232421875,-268.10626220703125,119.47500610351562,-40.06875228881836
1773049240197882400,81.67688232421875,-268.4250183105469,119.08125305175781,-40.03125
1773049240207882200,81.68688232421874,-268.48126220703125,118.40625762939453,-40.01250076293945
1773049240217882400,81.69688232421875,-268.8000183105469,117.60000610351562,-40.20000076293945
1773049240227882200,81.70688232421875,-268.95001220703125,116.81250762939453,-40.29375076293945
1773049240237882400,81.71688232421874,-269.04376220703125,115.96875762939453,-40.42500305175781
1773049240247882200,81.72688232421875,-269.625,115.10625457763672,-40.66875076293945
1773049240257882400,81.73688232421875,-269.5875244140625,114.03750610351562,-41.00625228881836
1773049240267882200,81.74688232421875,-269.32501220703125,112.72500610351562,-41.28750228881836
1773049240277882400,81.75688232421875,-268.3125,111.67500305175781,-41.15625
1773049240287882200,81.76688232421876,-267.26251220703125,110.4937515258789,-41.212501525878906
1773049240297882400,81.77688232421875,-265.57501220703125,109.76250457763672,-41.19375228881836
1773049240307882200,81.78688232421875,-263.6437683105469,109.31250762939453,-40.837501525878906
1773049240317882400,81.79688232421876,-261.7687683105469,109.0875015258789,-40.51875305175781
1773049240327882200,81.80688232421875,-259.6875,109.0875015258789,-39.993751525878906
1773049240337882400,81.81688232421875,-257.88751220703125,109.21875762939453,-39.525001525878906
1773049240347882200,81.82688232421874,-256.0500183105469,109.70625305175781,-38.962501525878906
1773049240357882400,81.83688232421875,-254.62501525878906,110.19375610351562,-38.32500076293945
1773049240367882200,81.84688232421875,-253.36875915527344,111.09375762939453,-37.48125076293945
1773049240377882400,81.85688232421874,-252.69375610351562,111.54375457763672,-36.82500076293945
1773049240387882200,81.86688232421875,-251.98126220703125,112.06875610351562,-36.35625076293945
1773049240397882400,81.87688232421876,-251.4562530517578,112.7437515258789,-35.83125305175781
1773049240407882200,81.88688232421875,-251.0812530517578,113.45625305175781,-35.55000305175781
1773049240417882400,81.89688232421875,-250.63125610351562,114.1500015258789,-35.17500305175781
1773049240427882200,81.90688232421876,-250.31251525878906,115.01250457763672,-34.76250076293945
1773049240437882400,81.91688232421875,-250.12501525878906,115.81875610351562,-34.5
1773049240447882200,81.92688232421875,-249.91876220703125,116.28750610351562,-34.38750076293945
1773049240457882400,81.93688232421874,-249.50625610351562,116.8687515258789,-33.97500228881836
1773049240467882200,81.94688232421875,-249.52500915527344,117.18750762939453,-33.63750076293945
1773049240477882400,81.95688232421875,-249.37501525878906,117.03750610351562,-33.45000076293945
1773049240487882200,81.96688232421874,-249.24375915527344,117.00000762939453,-32.962501525878906
1773049240497882400,81.97688232421875,-249.07501220703125,116.75625610351562,-32.587501525878906
1773049240507882200,81.98688232421875,-249.0187530517578,116.13750457763672,-32.400001525878906
1773049240517882400,81.99688232421875,-248.43751525878906,115.80000305175781,-32.08125305175781
1773049240527882200,82.00688232421875,-247.91250610351562,115.33125305175781,-31.968751907348633
1773049240537882400,82.01688232421876,-246.93751525878906,115.05000305175781,-31.70625114440918
1773049240547882200,82.02688232421875,-245.8312530517578,115.03125762939453,-31.481250762939453
1773049240557882400,82.03688232421875,-244.59376525878906,115.29375457763672,-31.106250762939453
1773049240567882200,82.04688232421876,-242.8312530517578,115.48125457763672,-30.881250381469727
1773049240577882400,82.05688232421875,-241.0500030517578,116.25000762939453,-30.67500114440918
1773049240587882200,82.06688232421875,-239.02500915527344,117.1500015258789,-30.450000762939453
1773049240597882400,82.07688232421874,-237.33750915527344,118.35000610351562,-30.20625114440918
1773049240607882200,82.08688232421875,-235.66876220703125,120.07500457763672,-29.625001907348633
1773049240617882400,82.09688232421875,-234.09376525878906,121.81875610351562,-29.493751525878906
1773049240627882200,82.10688232421874,-232.68751525878906,123.76875305175781,-29.36250114440918
1773049240637882400,82.11688232421875,-231.60000610351562,125.73750305175781,-29.325000762939453
1773049240647882200,82.12688232421876,-230.9250030517578,127.89375305175781,-29.26875114440918
1773049240657882400,82.13688232421875,-230.68125915527344,129.90000915527344,-29.437501907348633
1773049240667882200,82.14688232421875,-230.60626220703125,131.94375610351562,-29.531251907348633
1773049240677882400,82.15688232421876,-230.96250915527344,133.8000030517578,-30.037500381469727
1773049240687882200,82.16688232421875,-231.45001220703125,135.43125915527344,-30.356250762939453
1773049240697882400,82.17688232421875,-232.57501220703125,137.04376220703125,-30.76875114440918
1773049240707882200,82.18688232421874,-233.62501525878906,138.0187530517578,-31.106250762939453
1773049240717882400,82.19688232421875,-234.84376525878906,138.99375915527344,-31.312501907348633
1773049240727882200,82.20688232421875,-236.34376525878906,139.78125,-31.462501525878906
1773049240737882400,82.21688232421874,-238.10626220703125,140.23126220703125,-31.537500381469727
1773049240747882200,82.22688232421875,-240.26251220703125,140.53125,-32.04375076293945
1773049240757882400,82.23688232421875,-242.1750030517578,140.32501220703125,-31.968751907348633
1773049240767882200,82.24688232421875,-244.16250610351562,140.15625,-32.118751525878906
1773049240777882400,82.25688232421875,-245.85000610351562,139.63125610351562,-32.17500305175781
1773049240787882200,82.26688232421876,-247.57501220703125,138.63751220703125,-32.4375
1773049240797882400,82.27688232421875,-249.43125915527344,137.5500030517578,-32.88750076293945
1773049240807882200,82.28688232421875,-251.32501220703125,136.10626220703125,-33.31875228881836
1773049240817882400,82.29688232421876,-252.54376220703125,134.4375,-33.65625
1773049240827882200,82.30688232421875,-253.50001525878906,132.5812530517578,-33.76875305175781
1773049240837882400,82.31688232421875,-254.62501525878906,130.74375915527344,-34.25625228881836
1773049240847882200,82.32688232421874,-255.33750915527344,128.66250610351562,-34.38750076293945
1773049240857882400,82.33688232421875,-256.20001220703125,126.39375305175781,-34.63125228881836
1773049240867882200,82.34688232421875,-256.8937683105469,125.0250015258789,-34.70625305175781
1773049240877882400,82.35688232421874,-257.1937561035156,123.1500015258789,-34.76250076293945
1773049240887882200,82.36688232421875,-257.0812683105469,121.21875762939453,-35.00625228881836
1773049240897882400,82.37688232421876,-257.25,119.56875610351562,-35.212501525878906
1773049240907882200,82.38688232421875,-257.23126220703125,118.03125762939453,-34.98750305175781
1773049240917882400,82.39688232421875,-256.78125,116.56875610351562,-34.66875076293945
1773049240927882200,82.40688232421876,-256.5187683105469,114.88125610351562,-34.78125
1773049240937882400,82.41688232421875,-255.75001525878906,113.66250610351562,-34.38750076293945
1773049240947882200,82.42688232421875,-254.86875915527344,112.01250457763672,-34.01250076293945
1773049240957882400,82.43688232421874,-253.8000030517578,110.9625015258789,-33.60000228881836
1773049240967882200,82.44688232421875,-252.56251525878906,109.5562515258789,-33.11250305175781
1773049240977882400,82.45688232421875,-250.46250915527344,108.50625610351562,-32.60625076293945
1773049240987882200,82.46688232421874,-248.5500030517578,107.38125610351562,-32.19375228881836
1773049240997882400,82.47688232421875,-246.56251525878906,106.5562515258789,-31.650001525878906
1773049241007882200,82.48688232421875,-244.06875610351562,105.86250305175781,-31.012500762939453
1773049241017882400,82.49688232421875,-241.50001525878906,105.31875610351562,-30.375001907348633
1773049241027882200,82.50688232421875,-238.65000915527344,105.28125762939453,-29.92500114440918
1773049241037882400,82.51688232421876,-235.6125030517578,105.65625762939453,-28.968751907348633
1773049241047882200,82.52688232421875,-232.40626525878906,106.66875457763672,-28.218751907348633
1773049241057882400,82.53688232421875,-229.2375030517578,108.18750762939453,-27.506250381469727
1773049241067882200,82.54688232421876,-225.78750610351562,110.23125457763672,-26.756250381469727
1773049241077882400,82.55688232421875,-222.26251220703125,113.32500457763672,-25.912500381469727
1773049241087882200,82.56688232421875,-219.22500610351562,117.20625305175781,-25.181251525878906
1773049241097882400,82.57688232421874,-216.46876525878906,121.50000762939453,-24.656251907348633
1773049241107882200,82.58688232421875,-214.21876525878906,126.11250305175781,-24.037500381469727
1773049241117882400,82.59688232421875,-212.56875610351562,130.95001220703125,-23.8125
1773049241127882200,82.60688232421874,-211.21876525878906,135.99375915527344,-23.287500381469727
1773049241137882400,82.61688232421875,-211.03126525878906,140.58750915527344,-23.100000381469727
1773049241147882200,82.62688232421876,-211.1437530517578,145.2375030517578,-22.912500381469727
1773049241157882400,82.63688232421875,-211.9875030517578,148.76251220703125,-23.25
1773049241167882200,82.64688232421875,-213.13125610351562,152.1750030517578,-23.475000381469727
1773049241177882400,82.65688232421876,-214.25625610351562,155.1750030517578,-23.625
1773049241187882200,82.66688232421875,-215.6437530517578,157.66876220703125,-23.8125
1773049241197882400,82.67688232421875,-217.03126525878906,159.84375,-24.243751525878906
1773049241207882200,82.68688232421874,-218.75625610351562,161.90625,-25.05000114440918
1773049241217882400,82.69688232421875,-220.25625610351562,163.96875,-25.743751525878906
1773049241227882200,82.70688232421875,-222.3000030517578,165.69375610351562,-26.981250762939453
1773049241237882400,82.71688232421874,-224.34376525878906,167.21250915527344,-27.993751525878906
1773049241247882200,82.72688232421875,-226.20001220703125,168.65625,-28.80000114440918
1773049241257882400,82.73688232421875,-228.41250610351562,169.46250915527344,-30.281251907348633
1773049241267882200,82.74688232421875,-230.60626220703125,170.1750030517578,-31.875001907348633
1773049241277882400,82.75688232421875,-232.68751525878906,170.56875610351562,-33.150001525878906
1773049241287882200,82.76688232421876,-234.7687530517578,170.75625610351562,-34.20000076293945
1773049241297882400,82.77688232421875,-236.81251525878906,170.85000610351562,-35.15625
1773049241307882200,82.78688232421875,-238.63125610351562,170.75625610351562,-36.11250305175781
1773049241317882400,82.79688232421876,-240.28126525878906,170.8125,-36.95625305175781
1773049241327882200,82.80688232421875,-241.96876525878906,170.28750610351562,-38.025001525878906
1773049241337882400,82.81688232421875,-243.78750610351562,169.96875,-38.8125
1773049241347882200,82.82688232421874,-245.49375915527344,169.5,-39.150001525878906
1773049241357882400,82.83688232421875,-247.59376525878906,168.97500610351562,-39.78750228881836
1773049241367882200,82.84688232421875,-249.28126525878906,168.2062530517578,-40.53750228881836
1773049241377882400,82.85688232421874,-250.8937530517578,167.4375,-41.23125076293945
1773049241387882200,82.86688232421875,-252.37501525878906,166.5187530517578,-41.47500228881836
1773049241397882400,82.87688232421876,-253.68751525878906,165.3000030517578,-41.98125076293945
1773049241407882200,82.88688232421875,-255.05625915527344,164.2687530517578,-42.54375076293945
1773049241417882400,82.89688232421875,-256.1437683105469,163.2375030517578,-42.78750228881836
1773049241427882200,82.90688232421876,-257.3625183105469,162.45001220703125,-43.16250228881836
1773049241437882400,82.91688232421875,-258.0562744140625,161.51251220703125,-43.42500305175781
1773049241447882200,82.92688232421875,-259.0687561035156,160.83750915527344,-43.556251525878906
1773049241457882400,82.93688232421874,-259.78125,159.63751220703125,-43.76250076293945
1773049241467882200,82.94688232421875,-259.96875,158.68125915527344,-44.15625
1773049241477882400,82.95688232421875,-260.3812561035156,158.25,-44.10000228881836
1773049241487882200,82.96688232421874,-260.4750061035156,158.0625,-43.875
1773049241497882400,82.97688232421875,-260.34375,158.21250915527344,-43.85625076293945
1773049241507882200,82.98688232421875,-259.9125061035156,158.56875610351562,-43.78125
1773049241517882400,82.99688232421875,-259.6875,158.85000610351562,-43.76250076293945
1773049241527882200,83.00688232421875,-259.38751220703125,159.41250610351562,-43.5
1773049241537882400,83.01688232421876,-259.66876220703125,160.5187530517578,-43.40625
1773049241547882200,83.02688232421875,-259.9312744140625,161.75625610351562,-43.368751525878906
1773049241557882400,83.03688232421875,-260.3062744140625,162.91876220703125,-43.59375
1773049241567882200,83.04688232421876,-261.1312561035156,164.10000610351562,-43.91250228881836
1773049241577882400,83.05688232421875,-262.2750244140625,164.98126220703125,-44.15625
1773049241587882200,83.06688232421875,-263.6625061035156,165.5625,-44.85000228881836
1773049241597882400,83.07688232421874,-264.9750061035156,166.38751220703125,-45.525001525878906
1773049241607882200,83.08688232421875,-266.5500183105469,166.76251220703125,-46.38750076293945
1773049241617882400,83.09688232421875,-268.125,166.74375915527344,-47.15625
1773049241627882200,83.10688232421874,-270.26251220703125,166.44375610351562,-48.13125228881836
1773049241637882400,83.11688232421875,-272.0625,165.75,-49.312503814697266
1773049241647882200,83.12688232421876,-273.63751220703125,164.2687530517578,-50.718753814697266
1773049241657882400,83.13688232421875,-274.7062683105469,162.9562530517578,-51.750003814697266
1773049241667882200,83.14688232421875,-275.8687744140625,161.41876220703125,-52.72500228881836
1773049241677882400,83.15688232421876,-276.82501220703125,159.75,-53.66250228881836
1773049241687882200,83.16688232421875,-277.5562744140625,158.28750610351562,-54.468753814697266
1773049241697882400,83.17688232421875,-277.875,157.08750915527344,-55.087501525878906
1773049241707882200,83.18688232421874,-278.2125244140625,156.35626220703125,-55.10625076293945
1773049241717882400,83.19688232421875,-278.6625061035156,155.77500915527344,-55.031253814697266
1773049241727882200,83.20688232421875,-279.5250244140625,155.90625,-54.67500305175781
1773049241737882400,83.21688232421874,-281.0250244140625,156.0187530517578,-54.431251525878906
1773049241747882200,83.22688232421875,-282.54376220703125,156.3000030517578,-53.92500305175781
1773049241757882400,83.23688232421875,-284.4937744140625,156.54376220703125,-53.306251525878906
1773049241767882200,83.24688232421875,-286.66876220703125,156.26251220703125,-53.19375228881836
1773049241777882400,83.25688232421875,-289.2375183105469,155.70001220703125,-53.212501525878906
1773049241787882200,83.26688232421876,-291.6750183105469,154.53750610351562,-53.250003814697266
1773049241797882400,83.27688232421875,-294.2250061035156,153.0187530517578,-53.23125076293945
1773049241807882200,83.28688232421875,-296.6625061035156,151.25625610351562,-53.250003814697266
1773049241817882400,83.29688232421876,-298.8375244140625,148.85626220703125,-53.45625305175781
1773049241827882200,83.30688232421875,-300.46875,146.23126220703125,-53.681251525878906
1773049241837882400,83.31688232421875,-302.1937561035156,143.41876220703125,-54.000003814697266
1773049241847882200,83.32688232421874,-303.8062744140625,141.03750610351562,-53.79375076293945
1773049241857882400,83.33688232421875,-305.1937561035156,138.22500610351562,-53.51250076293945
1773049241867882200,83.34688232421875,-306.45001220703125,135.3000030517578,-53.28750228881836
1773049241877882400,83.35688232421874,-307.1812744140625,132.41250610351562,-52.781253814697266
1773049241887882200,83.36688232421875,-307.5,129.46875,-52.14375305175781
1773049241897882400,83.37688232421876,-307.9312744140625,126.58125305175781,-51.73125076293945
1773049241907882200,83.38688232421875,-308.2687683105469,123.67500305175781,-51.13125228881836
1773049241917882400,83.39688232421875,-307.9125061035156,120.97500610351562,-50.13750076293945
1773049241927882200,83.40688232421876,-307.4625244140625,118.12500762939453,-49.25625228881836
1773049241937882400,83.41688232421875,-306.73126220703125,115.76250457763672,-48.525001525878906
1773049241947882200,83.42688232421875,-305.9250183105469,113.71875762939453,-47.64375305175781
1773049241957882400,83.43688232421874,-305.0250244140625,111.82500457763672,-47.04375076293945
1773049241967882200,83.44688232421875,-304.2562561035156,109.89375305175781,-46.48125076293945
1773049241977882400,83.45688232421875,-302.8687744140625,108.39375305175781,-45.46875
1773049241987882200,83.46688232421874,-301.48126220703125,106.87500762939453,-44.56875228881836
1773049241997882400,83.47688232421875,-300.0187683105469,105.67500305175781,-44.0625
1773049242007882200,83.48688232421875,-298.4437561035156,104.66250610351562,-43.70625305175781
1773049242017882400,83.49688232421875,-296.51251220703125,103.87500762939453,-42.63750076293945
1773049242027882200,83.50688232421875,-294.5062561035156,103.35000610351562,-41.51250076293945
1773049242037882400,83.51688232421876,-292.96875,103.16250610351562,-40.931251525878906
1773049242047882200,83.52688232421875,-291.09375,103.10625457763672,-39.86250305175781
1773049242057882400,83.53688232421875,-289.6312561035156,103.20000457763672,-38.98125076293945
1773049242067882200,83.54688232421876,-288.3187561035156,103.87500762939453,-38.212501525878906
1773049242077882400,83.55688232421875,-287.7562561035156,104.10000610351562,-37.57500076293945
1773049242087882200,83.56688232421875,-286.95001220703125,104.70000457763672,-36.900001525878906
1773049242097882400,83.57688232421874,-286.66876220703125,105.28125762939453,-36.76875305175781
1773049242107882200,83.58688232421875,-286.6500244140625,105.37500762939453,-37.06875228881836
1773049242117882400,83.59688232421875,-286.3312683105469,105.18750762939453,-36.65625
1773049242127882200,83.60688232421874,-286.01251220703125,105.01875305175781,-37.087501525878906
1773049242137882400,83.61688232421875,-285.6750183105469,104.53125762939453,-37.5
1773049242147882200,83.62688232421876,-285.3187561035156,103.98750305175781,-37.63125228881836
1773049242157882400,83.63688232421875,-284.53125,103.5562515258789,-37.81875228881836
1773049242167882200,83.64688232421875,-283.4250183105469,102.58125305175781,-38.04375076293945
1773049242177882400,83.65688232421876,-282.0562744140625,101.7750015258789,-37.89375305175781
1773049242187882200,83.66688232421875,-280.3125,101.2125015258789,-37.6875
1773049242197882400,83.67688232421875,-278.25,100.96875762939453,-37.70625305175781
1773049242207882200,83.68688232421874,-276.6000061035156,100.70625305175781,-37.3125
1773049242217882400,83.69688232421875,-274.6875,100.76250457763672,-36.82500076293945
1773049242227882200,83.70688232421875,-272.7375183105469,101.1187515258789,-36.60000228881836
1773049242237882400,83.71688232421874,-270.8062744140625,101.62500762939453,-36.09375
1773049242247882200,83.72688232421875,-269.34375,102.09375762939453,-35.64375305175781
1773049242257882400,83.73688232421875,-267.6937561035156,102.78750610351562,-35.306251525878906
1773049242267882200,83.74688232421875,-265.9875183105469,103.4625015258789,-34.91250228881836
1773049242277882400,83.75688232421875,-264.91876220703125,104.56875610351562,-34.29375076293945
1773049242287882200,83.76688232421876,-263.3062744140625,105.63750457763672,-33.9375
1773049242297882400,83.77688232421875,-262.01251220703125,106.95000457763672,-33.618751525878906
1773049242307882200,83.78688232421875,-260.9625244140625,108.07500457763672,-33.28125
1773049242317882400,83.79688232421876,-260.1187744140625,109.38750457763672,-32.92500305175781
1773049242327882200,83.80688232421875,-259.20001220703125,110.85000610351562,-32.28750228881836
1773049242337882400,83.81688232421875,-258.7687683105469,112.31250762939453,-31.89375114440918
1773049242347882200,83.82688232421874,-258.6187744140625,113.70000457763672,-31.781251907348633
1773049242357882400,83.83688232421875,-258.3187561035156,114.56250762939453,-31.70625114440918
1773049242367882200,83.84688232421875,-258.91876220703125,115.70625305175781,-31.725000381469727
1773049242377882400,83.85688232421874,-259.6500244140625,116.6812515258789,-31.575000762939453
1773049242387882200,83.86688232421875,-260.0625,117.2437515258789,-31.275001525878906
1773049242397882400,83.87688232421876,-260.5687561035156,117.63750457763672,-31.293750762939453
1773049242407882200,83.88688232421875,-261.1312561035156,117.69375610351562,-31.293750762939453
1773049242417882400,83.89688232421875,-261.82501220703125,117.28125762939453,-31.33125114440918
1773049242427882200,83.90688232421876,-262.2750244140625,117.16875457763672,-31.05000114440918
1773049242437882400,83.91688232421875,-262.8375244140625,116.92500305175781,-31.05000114440918
1773049242447882200,83.92688232421875,-262.6312561035156,116.10000610351562,-30.86250114440918
1773049242457882400,83.93688232421874,-262.21875,115.50000762939453,-30.806251525878906
1773049242467882200,83.94688232421875,-261.82501220703125,115.12500762939453,-30.918750762939453
1773049242477882400,83.95688232421875,-261.35626220703125,114.7125015258789,-30.731250762939453
1773049242487882200,83.96688232421874,-260.5875244140625,114.7125015258789,-30.95625114440918
1773049242497882400,83.97688232421875,-259.7250061035156,114.75000762939453,-30.918750762939453
1773049242507882200,83.98688232421875,-259.21875,114.63750457763672,-30.918750762939453
1773049242517882400,83.99688232421875,-258.63751220703125,114.67500305175781,-31.012500762939453
1773049242527882200,84.00688232421875,-258.1500244140625,115.0875015258789,-30.993751525878906
1773049242537882400,84.01688232421876,-257.5687561035156,115.12500762939453,-30.918750762939453
1773049242547882200,84.02688232421875,-256.8187561035156,115.06875610351562,-30.731250762939453
1773049242557882400,84.03688232421875,-256.01251220703125,114.93750762939453,-30.881250381469727
1773049242567882200,84.04688232421876,-255.61875915527344,114.8062515258789,-30.67500114440918
1773049242577882400,84.05688232421875,-254.68125915527344,114.88125610351562,-30.86250114440918
1773049242587882200,84.06688232421875,-253.36875915527344,114.69375610351562,-30.937501907348633
1773049242597882400,84.07688232421874,-252.26251220703125,114.69375610351562,-30.787500381469727
1773049242607882200,84.08688232421875,-251.2687530517578,114.56250762939453,-30.712501525878906
1773049242617882400,84.09688232421875,-250.18125915527344,114.63750457763672,-30.843751907348633
1773049242627882200,84.10688232421874,-249.41250610351562,114.9937515258789,-31.087501525878906
1773049242637882400,84.11688232421875,-248.3625030517578,115.53750610351562,-30.881250381469727
1773049242647882200,84.12688232421876,-247.25625610351562,116.19375610351562,-31.031251907348633
1773049242657882400,84.13688232421875,-246.15000915527344,116.55000305175781,-30.918750762939453
1773049242667882200,84.14688232421875,-245.62501525878906,117.58125305175781,-31.05000114440918
1773049242677882400,84.15688232421876,-244.65000915527344,118.6500015258789,-30.937501907348633
1773049242687882200,84.16688232421875,-243.6750030517578,119.92500305175781,-31.031251907348633
1773049242697882400,84.17688232421875,-243.03750610351562,120.93750762939453,-31.068750381469727
1773049242717882400,84.19688232421875,-241.63125610351562,122.51250457763672,-31.181251525878906
1773049242727882200,84.20688232421875,-241.06875610351562,123.4312515258789,-31.275001525878906
1773049242737882400,84.21688232421874,-241.01251220703125,124.72500610351562,-31.406251907348633
1773049242747882200,84.22688232421875,-240.3000030517578,125.6812515258789,-31.556251525878906
1773049242757882400,84.23688232421875,-239.85000610351562,126.63750457763672,-31.70625114440918
1773049242767882200,84.24688232421875,-239.41876220703125,127.29375457763672,-31.837501525878906
1773049242777882400,84.25688232421875,-239.41876220703125,128.4562530517578,-32.19375228881836
1773049242787882200,84.26688232421876,-239.47500610351562,129.8625030517578,-32.47500228881836
1773049242797882400,84.27688232421875,-239.7375030517578,131.19375610351562,-32.8125
1773049242807882200,84.28688232421875,-239.7375030517578,132.1875,-33.11250305175781
1773049242817882400,84.29688232421876,-240.07501220703125,133.3312530517578,-33.5625
1773049242827882200,84.30688232421875,-240.46876525878906,134.47500610351562,-33.900001525878906
1773049242837882400,84.31688232421875,-241.12501525878906,135.43125915527344,-34.5
1773049242847882200,84.32688232421874,-241.93125915527344,136.85626220703125,-35.025001525878906
1773049242857882400,84.33688232421875,-242.40000915527344,138.05625915527344,-35.47500228881836
1773049242867882200,84.34688232421875,-242.94375610351562,139.01251220703125,-35.90625
1773049242877882400,84.35688232421874,-243.80625915527344,139.81875610351562,-36.375
1773049242887882200,84.36688232421875,-244.95001220703125,141.13125610351562,-36.91875076293945
1773049242897882400,84.37688232421876,-245.85000610351562,141.9375,-37.38750076293945
1773049242907882200,84.38688232421875,-247.29376220703125,142.81875610351562,-37.72500228881836
1773049242917882400,84.39688232421875,-248.30625915527344,143.51251220703125,-38.13750076293945
1773049242927882200,84.40688232421876,-249.50625610351562,143.86875915527344,-38.56875228881836
1773049242937882400,84.41688232421875,-250.87501525878906,144.375,-38.88750076293945
1773049242947882200,84.42688232421875,-251.81251525878906,144.43125915527344,-39.20625305175781
1773049242957882400,84.43688232421874,-253.06875610351562,144.61875915527344,-39.375
1773049242967882200,84.44688232421875,-254.23126220703125,144.4875030517578,-39.431251525878906
1773049242977882400,84.45688232421875,-255.33750915527344,144.15000915527344,-39.618751525878906
1773049242987882200,84.46688232421874,-256.4625244140625,143.6437530517578,-39.97500228881836
1773049242997882400,84.47688232421875,-257.625,143.10000610351562,-40.03125
1773049243007882200,84.48688232421875,-258.46875,142.6125030517578,-40.087501525878906
1773049243017882400,84.49688232421875,-258.9937744140625,141.61875915527344,-40.06875228881836
1773049243027882200,84.50688232421875,-260.2125244140625,140.90625,-40.29375076293945
1773049243037882400,84.51688232421876,-260.60626220703125,139.83750915527344,-40.48125076293945
1773049243047882200,84.52688232421875,-261.2250061035156,138.99375915527344,-40.556251525878906
1773049243057882400,84.53688232421875,-261.84375,138.28125,-40.48125076293945
1773049243067882200,84.54688232421876,-262.01251220703125,137.23126220703125,-40.35000228881836
1773049243077882400,84.55688232421875,-262.29376220703125,136.5187530517578,-40.23750305175781
1773049243087882200,84.56688232421875,-262.4625244140625,135.50625610351562,-40.275001525878906
1773049243097882400,84.57688232421874,-262.76251220703125,134.8125,-40.16250228881836
1773049243107882200,84.58688232421875,-262.7250061035156,134.32501220703125,-39.9375
1773049243117882400,84.59688232421875,-262.8000183105469,134.00625610351562,-39.48750305175781
1773049243127882200,84.60688232421874,-262.6312561035156,133.2375030517578,-39.337501525878906
1773049243137882400,84.61688232421875,-262.6312561035156,132.71250915527344,-39.243751525878906
1773049243147882200,84.62688232421876,-262.76251220703125,132.05625915527344,-39.03750228881836
1773049243157882400,84.63688232421875,-262.8000183105469,131.23126220703125,-39.35625076293945
1773049243167882200,84.64688232421875,-262.85626220703125,130.5,-39.22500228881836
1773049243177882400,84.65688232421876,-263.1187744140625,129.45001220703125,-39.243751525878906
1773049243187882200,84.66688232421875,-263.3625183105469,128.21250915527344,-39.45000076293945
1773049243197882400,84.67688232421875,-263.51251220703125,126.86250305175781,-40.10625076293945
1773049243207882200,84.68688232421874,-263.6437683105469,125.53125762939453,-40.16250228881836
1773049243217882400,84.69688232421875,-263.53125,123.86250305175781,-40.181251525878906
1773049243227882200,84.70688232421875,-263.4000244140625,122.38125610351562,-40.35000228881836
1773049243237882400,84.71688232421874,-263.2125244140625,121.1812515258789,-39.95625305175781
1773049243247882200,84.72688232421875,-262.7250061035156,119.9625015258789,-39.95625305175781
1773049243257882400,84.73688232421875,-262.0875244140625,118.85625457763672,-39.900001525878906
1773049243267882200,84.74688232421875,-261.16876220703125,117.95625305175781,-39.431251525878906
1773049243277882400,84.75688232421875,-260.4750061035156,117.22500610351562,-39
1773049243287882200,84.76688232421876,-259.4437561035156,116.4937515258789,-38.73750305175781
1773049243297882400,84.77688232421875,-258.5625,115.98750305175781,-38.55000305175781
1773049243307882200,84.78688232421875,-257.5875244140625,115.8375015258789,-38.28750228881836
1773049243317882400,84.79688232421876,-256.7062683105469,115.42500305175781,-38.15625
1773049243327882200,84.80688232421875,-255.93751525878906,115.01250457763672,-38.04375076293945
1773049243337882400,84.81688232421875,-255.0187530517578,114.56250762939453,-37.95000076293945
1773049243347882200,84.82688232421874,-254.38125610351562,113.98125457763672,-37.91250228881836
1773049243357882400,84.83688232421875,-253.38751220703125,113.47500610351562,-37.76250076293945
1773049243367882200,84.84688232421875,-252.65626525878906,113.08125305175781,-37.931251525878906
1773049243377882400,84.85688232421874,-251.53126525878906,112.6500015258789,-37.837501525878906
1773049243387882200,84.86688232421875,-250.18125915527344,112.20000457763672,-37.78125
1773049243397882400,84.87688232421876,-248.47500610351562,111.5250015258789,-37.70625305175781
1773049243407882200,84.88688232421875,-247.1437530517578,111.18750762939453,-37.53750228881836
1773049243417882400,84.89688232421875,-245.5500030517578,111.0562515258789,-37.35000228881836
1773049243427882200,84.90688232421876,-243.71250915527344,111.16875457763672,-37.16250228881836
1773049243437882400,84.91688232421875,-241.76251220703125,111.35625457763672,-37.03125
1773049243447882200,84.92688232421875,-239.71876525878906,111.76875305175781,-36.48750305175781
1773049243457882400,84.93688232421874,-237.63751220703125,112.2750015258789,-36.46875
1773049243467882200,84.94688232421875,-235.72500610351562,113.06250762939453,-36.28125
1773049243477882400,84.95688232421875,-233.96250915527344,114.46875762939453,-36.13125228881836
1773049243487882200,84.96688232421874,-231.78750610351562,116.15625762939453,-35.90625
1773049243497882400,84.97688232421875,-229.63125610351562,117.65625762939453,-35.868751525878906
1773049243507882200,84.98688232421875,-227.58750915527344,119.83125305175781,-35.868751525878906
1773049243517882400,84.99688232421875,-225.82501220703125,122.3062515258789,-35.73750305175781
1773049243527882200,85.00688232421875,-224.38125610351562,124.78125762939453,-35.85000228881836
1773049243537882400,85.01688232421876,-223.0500030517578,127.68750762939453,-35.66250228881836
1773049243547882200,85.02688232421875,-222.07501220703125,130.44375610351562,-35.79375076293945
1773049243557882400,85.03688232421875,-221.34376525878906,133.35000610351562,-35.94375228881836
1773049243567882200,85.04688232421876,-221.11875915527344,135.9375,-36.03750228881836
1773049243577882400,85.05688232421875,-221.38125610351562,138.91876220703125,-36.01875305175781
1773049243587882200,85.06688232421875,-222.24375915527344,141.13125610351562,-36.243751525878906
1773049243597882400,85.07688232421874,-223.0500030517578,143.02500915527344,-36.58125305175781
1773049243607882200,85.08688232421875,-224.06251525878906,144.99375915527344,-37.20000076293945
1773049243617882400,85.09688232421875,-225.46876525878906,146.3625030517578,-37.63125228881836
1773049243627882200,85.10688232421874,-226.72500610351562,147.69375610351562,-37.931251525878906
1773049243637882400,85.11688232421875,-228.13125610351562,148.59375,-38.4375
1773049243647882200,85.12688232421876,-229.8000030517578,149.4562530517578,-38.90625
1773049243657882400,85.13688232421875,-231.33750915527344,150.22500610351562,-39.63750076293945
1773049243667882200,85.14688232421875,-232.3312530517578,150.75,-39.9375
1773049243677882400,85.15688232421876,-233.75625610351562,151.08750915527344,-40.35000228881836
1773049243687882200,85.16688232421875,-234.90000915527344,151.40625,-40.63125228881836
1773049243697882400,85.17688232421875,-235.6125030517578,151.6875,-40.837501525878906
1773049243707882200,85.18688232421874,-236.5500030517578,151.95001220703125,-40.95000076293945
1773049243717882400,85.19688232421875,-237.4875030517578,151.875,-40.89375305175781
1773049243727882200,85.20688232421875,-237.91876220703125,151.85626220703125,-41.19375228881836
1773049243737882400,85.21688232421874,-238.48126220703125,151.63125610351562,-41.15625
1773049243747882200,85.22688232421875,-239.15626525878906,151.53750610351562,-41.25
1773049243757882400,85.23688232421875,-239.71876525878906,151.57501220703125,-40.98750305175781
1773049243767882200,85.24688232421875,-240.46876525878906,151.48126220703125,-40.59375
1773049243777882400,85.25688232421875,-241.66876220703125,151.6125030517578,-40.51875305175781
1773049243787882200,85.26688232421876,-242.43751525878906,151.38751220703125,-40.48125076293945
1773049243797882400,85.27688232421875,-243.16876220703125,151.2375030517578,-40.63125228881836
1773049243807882200,85.28688232421875,-244.16250610351562,150.75,-40.44375228881836
1773049243817882400,85.29688232421876,-245.04376220703125,150.375,-40.3125
1773049243827882200,85.30688232421875,-246.07501220703125,149.86875915527344,-40.181251525878906
1773049243837882400,85.31688232421875,-246.5812530517578,149.21250915527344,-40.01250076293945
1773049243847882200,85.32688232421874,-246.9562530517578,148.3312530517578,-39.806251525878906
1773049243857882400,85.33688232421875,-247.2375030517578,147.31875610351562,-39.618751525878906
1773049243867882200,85.34688232421875,-247.7062530517578,146.53125,-39.431251525878906
1773049243877882400,85.35688232421874,-247.78126525878906,145.6875,-39.07500076293945
1773049243887882200,85.36688232421875,-247.4250030517578,145.08750915527344,-38.85000228881836
1773049243897882400,85.37688232421876,-246.8625030517578,144.375,-38.38125228881836
1773049243907882200,85.38688232421875,-245.88751220703125,143.625,-38.19375228881836
1773049243917882400,85.39688232421875,-244.93125915527344,143.1750030517578,-38.118751525878906
1773049243927882200,85.40688232421876,-243.91876220703125,142.96875,-38.04375076293945
1773049243937882400,85.41688232421875,-242.32501220703125,142.72500610351562,-37.837501525878906
1773049243947882200,85.42688232421875,-240.84376525878906,142.76251220703125,-37.59375
1773049243957882400,85.43688232421874,-239.28750610351562,142.875,-37.72500228881836
1773049243967882200,85.44688232421875,-237.75001525878906,143.77500915527344,-37.181251525878906
1773049243977882400,85.45688232421875,-236.32501220703125,144.88125610351562,-37.16250228881836
1773049243987882200,85.46688232421874,-234.90000915527344,146.32501220703125,-36.82500076293945
1773049243997882400,85.47688232421875,-233.88751220703125,147.91876220703125,-36.67500305175781
1773049244007882200,85.48688232421875,-232.72500610351562,149.49375915527344,-36.431251525878906
1773049244017882400,85.49688232421875,-231.91876220703125,151.78125,-36.1875
1773049244027882200,85.50688232421875,-231.09376525878906,153.9375,-35.92500305175781
1773049244037882400,85.51688232421876,-230.98126220703125,156.33750915527344,-35.587501525878906
1773049244047882200,85.52688232421875,-231.2062530517578,158.32501220703125,-35.88750076293945
1773049244057882400,85.53688232421875,-231.26251220703125,160.03125,-35.90625
1773049244067882200,85.54688232421876,-231.69375610351562,161.88751220703125,-35.98125076293945
1773049244077882400,85.55688232421875,-232.1437530517578,164.02500915527344,-35.85000228881836
1773049244087882200,85.56688232421875,-233.13751220703125,165.88125610351562,-36.03750228881836
1773049244097882400,85.57688232421874,-234.22500610351562,167.51251220703125,-36.525001525878906
1773049244107882200,85.58688232421875,-235.38751220703125,169.16250610351562,-36.75
1773049244117882400,85.59688232421875,-236.40000915527344,170.88751220703125,-36.78750228881836
1773049244127882200,85.60688232421874,-237.61875915527344,172.16250610351562,-36.712501525878906
1773049244137882400,85.61688232421875,-239.2687530517578,173.4375,-37.05000305175781
1773049244147882200,85.62688232421876,-241.29376220703125,174.71250915527344,-37.3125
1773049244157882400,85.63688232421875,-243.69375610351562,175.6125030517578,-37.70625305175781
1773049244167882200,85.64688232421875,-245.96250915527344,176.8312530517578,-38.19375228881836
1773049244177882400,85.65688232421876,-248.34376525878906,177.52500915527344,-38.41875076293945
1773049244187882200,85.66688232421875,-250.78126525878906,177.8625030517578,-39.03750228881836
1773049244197882400,85.67688232421875,-253.46250915527344,178.16250610351562,-39.86250305175781
1773049244207882200,85.68688232421874,-256.125,178.66876220703125,-40.5
1773049244217882400,85.69688232421875,-258.7125244140625,179.02500915527344,-40.875
1773049244227882200,85.70688232421875,-261.0375061035156,179.00625610351562,-41.51250076293945
1773049244237882400,85.71688232421874,-263.1937561035156,178.91250610351562,-42.09375
1773049244247882200,85.72688232421875,-265.0500183105469,178.53750610351562,-42.35625076293945
1773049244257882400,85.73688232421875,-267.6000061035156,178.20001220703125,-43.087501525878906
1773049244267882200,85.74688232421875,-269.5687561035156,178.2375030517578,-43.40625
1773049244277882400,85.75688232421875,-271.40625,177.50625610351562,-43.66875076293945
1773049244287882200,85.76688232421876,-273.0375061035156,176.625,-43.875
1773049244297882400,85.77688232421875,-274.6875,175.95001220703125,-44.23125076293945
1773049244307882200,85.78688232421875,-276.3375244140625,175.10626220703125,-44.60625076293945
1773049244317882400,85.79688232421876,-277.7062683105469,173.86875915527344,-44.90625
1773049244327882200,85.80688232421875,-279.3375244140625,172.65000915527344,-45.5625
1773049244337882400,85.81688232421875,-280.21875,171.52500915527344,-45.45000076293945
1773049244347882200,85.82688232421874,-281.60626220703125,170.13751220703125,-46.03125
1773049244357882400,85.83688232421875,-282.7125244140625,169.08750915527344,-46.275001525878906
1773049244367882200,85.84688232421875,-283.6125183105469,168.05625915527344,-46.89375305175781
1773049244377882400,85.85688232421874,-284.51251220703125,167.13751220703125,-47.19375228881836
1773049244387882200,85.86688232421875,-285.35626220703125,165.99375915527344,-47.400001525878906
1773049244397882400,85.87688232421876,-285.82501220703125,165.45001220703125,-47.38125228881836
1773049244407882200,85.88688232421875,-286.3125,164.6437530517578,-47.400001525878906
1773049244417882400,85.89688232421875,-286.8937683105469,164.10000610351562,-47.55000305175781
1773049244427882200,85.90688232421876,-287.6625061035156,163.76251220703125,-47.587501525878906
1773049244437882400,85.91688232421875,-288.65625,163.55625915527344,-47.775001525878906
1773049244447882200,85.92688232421875,-289.8937683105469,163.25625610351562,-47.868751525878906
1773049244457882400,85.93688232421874,-291.26251220703125,162.5625,-48.07500076293945
1773049244467882200,85.94688232421875,-292.6875,162.13125610351562,-48.525001525878906
1773049244477882400,85.95688232421875,-294.75,161.30625915527344,-49.181251525878906
1773049244487882200,85.96688232421874,-297.1125183105469,160.5,-49.76250076293945
1773049244497882400,85.97688232421875,-299.3812561035156,159.09375,-50.718753814697266
1773049244507882200,85.98688232421875,-301.85626220703125,157.29376220703125,-51.30000305175781
1773049244517882400,85.99688232421875,-304.01251220703125,155.23126220703125,-52.06875228881836
1773049244527882200,86.00688232421875,-306.5250244140625,152.90625,-53.04375076293945
1773049244537882400,86.01688232421876,-308.9625244140625,150.375,-53.79375076293945
1773049244547882200,86.02688232421875,-311.0250244140625,147.22500610351562,-54.48750305175781
1773049244557882400,86.03688232421875,-312.84375,143.38125610351562,-55.25625228881836
1773049244567882200,86.04688232421876,-314.2875061035156,139.46250915527344,-55.85625076293945
1773049244577882400,86.05688232421875,-315.63751220703125,135.16876220703125,-56.400001525878906
1773049244587882200,86.06688232421875,-316.21875,130.7062530517578,-56.60625076293945
1773049244597882400,86.07688232421874,-316.6875,126.2437515258789,-56.681251525878906
1773049244607882200,86.08688232421875,-316.3312683105469,121.91250610351562,-56.306251525878906
1773049244617882400,86.09688232421875,-315.65625,117.48750305175781,-56.26875305175781
1773049244627882200,86.10688232421874,-314.90625,113.4937515258789,-55.80000305175781
1773049244637882400,86.11688232421875,-313.8937683105469,109.70625305175781,-55.462501525878906
1773049244647882200,86.12688232421876,-312.3187561035156,106.16250610351562,-54.39375305175781
1773049244657882400,86.13688232421875,-310.59375,103.20000457763672,-53.08125305175781
1773049244667882200,86.14688232421875,-308.4750061035156,100.16250610351562,-52.20000076293945
1773049244677882400,86.15688232421876,-306.1312561035156,97.33125305175781,-51.056251525878906
1773049244687882200,86.16688232421875,-303.375,94.81875610351562,-49.81875228881836
1773049244697882400,86.17688232421875,-300.2250061035156,92.83125305175781,-48.35625076293945
1773049244707882200,86.18688232421874,-296.7750244140625,91.33125305175781,-46.95000076293945
1773049244717882400,86.19688232421875,-292.8375244140625,90.45000457763672,-45.525001525878906
1773049244727882200,86.20688232421875,-288.7125244140625,90.5250015258789,-44.306251525878906
1773049244737882400,86.21688232421874,-284.41876220703125,90.75,-42.993751525878906
1773049244747882200,86.22688232421875,-280.5375061035156,92.13750457763672,-41.962501525878906
1773049244757882400,86.23688232421875,-276.7125244140625,94.03125,-40.78125
1773049244767882200,86.24688232421875,-273.1312561035156,96.45000457763672,-39.806251525878906
1773049244777882400,86.25688232421875,-269.9437561035156,99.28125762939453,-38.92500305175781
1773049244787882200,86.26688232421876,-267.375,102.63750457763672,-38.45625305175781
1773049244797882400,86.27688232421875,-265.5375061035156,105.97500610351562,-37.70625305175781
1773049244807882200,86.28688232421875,-264.09375,108.9000015258789,-37.61250305175781
1773049244817882400,86.29688232421876,-262.9312744140625,112.20000457763672,-37.556251525878906
1773049244827882200,86.30688232421875,-262.2375183105469,114.97500610351562,-37.33125305175781
1773049244837882400,86.31688232421875,-262.0875244140625,117.69375610351562,-37.51875305175781
1773049244847882200,86.32688232421874,-262.0500183105469,119.56875610351562,-37.96875
1773049244857882400,86.33688232421875,-262.76251220703125,121.2750015258789,-38.45625305175781
1773049244867882200,86.34688232421875,-263.0812683105469,122.45625305175781,-38.587501525878906
1773049244877882400,86.35688232421874,-263.5687561035156,123.84375762939453,-38.962501525878906
1773049244887882200,86.36688232421875,-264.07501220703125,124.76250457763672,-39.20625305175781
1773049244897882400,86.37688232421876,-265.1437683105469,125.51250457763672,-39.5625
1773049244907882200,86.38688232421875,-265.8000183105469,125.85000610351562,-40.06875228881836
1773049244917882400,86.39688232421875,-266.2687683105469,125.98125457763672,-40.10625076293945
1773049244927882200,86.40688232421876,-267.35626220703125,126.35625457763672,-40.21875
1773049244937882400,86.41688232421875,-267.7875061035156,126.31875610351562,-40.20000076293945
1773049244947882200,86.42688232421875,-268.6312561035156,126.09375762939453,-40.3125
1773049244957882400,86.43688232421874,-268.7437744140625,125.79375457763672,-40.57500076293945
1773049244967882200,86.44688232421875,-269.13751220703125,125.47500610351562,-40.42500305175781
1773049244977882400,86.45688232421875,-268.9875183105469,124.96875762939453,-40.3125
1773049244987882200,86.46688232421874,-268.8937683105469,124.53750610351562,-40.20000076293945
1773049244997882400,86.47688232421875,-268.76251220703125,124.0875015258789,-40.14375305175781
1773049245007882200,86.48688232421875,-268.48126220703125,123.58125305175781,-40.10625076293945
1773049245017882400,86.49688232421875,-268.38751220703125,123.1500015258789,-40.125
1773049245027882200,86.50688232421875,-267.7125244140625,122.62500762939453,-40.06875228881836
1773049245037882400,86.51688232421876,-267.6187744140625,121.81875610351562,-39.84375
1773049245047882200,86.52688232421875,-267.3000183105469,121.10625457763672,-39.95625305175781
1773049245057882400,86.53688232421875,-267.09375,120.35625457763672,-40.14375305175781
1773049245067882200,86.54688232421876,-266.90625,119.73750305175781,-39.97500228881836
1773049245077882400,86.55688232421875,-266.5500183105469,119.2125015258789,-40.10625076293945
1773049245087882200,86.56688232421875,-266.0625,118.5562515258789,-39.9375
1773049245097882400,86.57688232421874,-265.1625061035156,118.23750305175781,-39.50625228881836
1773049245107882200,86.58688232421875,-264.7687683105469,118.23750305175781,-39.46875
1773049245117882400,86.59688232421875,-264.45001220703125,118.53750610351562,-39.35625076293945
1773049245127882200,86.60688232421874,-263.9625244140625,118.87500762939453,-39.39375305175781
1773049245137882400,86.61688232421875,-263.0250244140625,119.08125305175781,-39.09375
1773049245147882200,86.62688232421876,-262.3125,119.55000305175781,-39.13125228881836
1773049245157882400,86.63688232421875,-261.5812683105469,119.73750305175781,-39.13125228881836
1773049245167882200,86.64688232421875,-260.8687744140625,120.16875457763672,-39.337501525878906
1773049245177882400,86.65688232421876,-260.3625183105469,120.76875305175781,-39.73125076293945
1773049245187882200,86.66688232421875,-259.8000183105469,121.35000610351562,-39.806251525878906
1773049245197882400,86.67688232421875,-258.9750061035156,121.48125457763672,-40.14375305175781
1773049245207882200,86.68688232421874,-258.2437744140625,121.48125457763672,-39.993751525878906
1773049245217882400,86.69688232421875,-258.07501220703125,121.89375305175781,-40.275001525878906
1773049245227882200,86.70688232421875,-257.88751220703125,122.5875015258789,-40.275001525878906
1773049245237882400,86.71688232421874,-258.0187683105469,123.56250762939453,-40.44375228881836
1773049245247882200,86.72688232421875,-257.9250183105469,124.50000762939453,-40.38750076293945
1773049245257882400,86.73688232421875,-257.7375183105469,125.10000610351562,-40.40625
1773049245267882200,86.74688232421875,-257.8312683105469,125.5875015258789,-40.33125305175781
1773049245277882400,86.75688232421875,-257.7750244140625,126.13125610351562,-40.21875
1773049245287882200,86.76688232421876,-258,126.9000015258789,-40.5
1773049245297882400,86.77688232421875,-257.98126220703125,127.42500305175781,-40.59375
1773049245307882200,86.78688232421875,-257.625,127.48125457763672,-40.78125
1773049245317882400,86.79688232421876,-257.1187744140625,127.21875762939453,-40.875
1773049245327882200,86.80688232421875,-257.1000061035156,127.29375457763672,-40.96875
1773049245337882400,86.81688232421875,-256.9875183105469,127.42500305175781,-41.17500305175781
1773049245347882200,86.82688232421874,-256.48126220703125,127.05000305175781,-41.681251525878906
1773049245357882400,86.83688232421875,-256.2750244140625,126.82500457763672,-42.13125228881836
1773049245367882200,86.84688232421875,-256.2375183105469,126.97500610351562,-42.375
1773049245377882400,86.85688232421874,-256.3500061035156,126.91875457763672,-42.50625228881836
1773049245387882200,86.86688232421875,-256.3312683105469,126.93750762939453,-42.73125076293945
1773049245397882400,86.87688232421876,-256.5,127.12500762939453,-42.84375
1773049245407882200,86.88688232421875,-256.2562561035156,126.97500610351562,-43.125
1773049245417882400,86.89688232421875,-256.3312683105469,126.9000015258789,-43.25625228881836
1773049245427882200,86.90688232421876,-256.59375,127.16250610351562,-43.38750076293945
1773049245437882400,86.91688232421875,-256.40625,127.44375610351562,-43.23750305175781
1773049245447882200,86.92688232421875,-256.1437683105469,127.42500305175781,-43.21875
1773049245457882400,86.93688232421874,-255.88125610351562,127.53750610351562,-43.25625228881836
1773049245467882200,86.94688232421875,-255.82501220703125,127.7437515258789,-43.33125305175781
1773049245477882400,86.95688232421875,-255.69375610351562,127.81875610351562,-43.650001525878906
1773049245487882200,86.96688232421874,-255.5812530517578,127.91250610351562,-43.66875076293945
1773049245497882400,86.97688232421875,-255.4875030517578,127.81875610351562,-43.85625076293945
1773049245507882200,86.98688232421875,-255.31875610351562,128.0625,-43.89375305175781
1773049245517882400,86.99688232421875,-255.2062530517578,128.41876220703125,-43.96875
1773049245527882200,87.00688232421875,-255.1125030517578,128.41876220703125,-44.41875076293945
1773049245537882400,87.01688232421876,-255.07501220703125,128.79376220703125,-44.51250076293945
1773049245547882200,87.02688232421875,-254.96250915527344,128.8312530517578,-44.55000305175781
1773049245557882400,87.03688232421875,-254.8312530517578,129.15000915527344,-44.36250305175781
1773049245567882200,87.04688232421876,-254.5500030517578,129.22500610351562,-44.51250076293945
1773049245577882400,87.05688232421875,-254.56875610351562,129.3000030517578,-44.56875228881836
1773049245587882200,87.06688232421875,-254.47500610351562,129.375,-44.53125
1773049245597882400,87.07688232421874,-254.68125915527344,129.3937530517578,-44.493751525878906
1773049245607882200,87.08688232421875,-254.71876525878906,129.63751220703125,-44.25
1773049245617882400,87.09688232421875,-254.51251220703125,129.50625610351562,-44.70000076293945
1773049245627882200,87.10688232421874,-254.5500030517578,129.78750610351562,-45.09375
1773049245637882400,87.11688232421875,-254.51251220703125,129.69375610351562,-45.35625076293945
1773049245647882200,87.12688232421876,-254.9250030517578,129.7687530517578,-45.35625076293945
1773049245657882400,87.13688232421875,-254.75625610351562,130.01251220703125,-45.58125305175781
1773049245667882200,87.14688232421875,-254.68125915527344,129.75,-45.75
1773049245677882400,87.15688232421876,-254.49375915527344,129.63751220703125,-46.368751525878906
1773049245687882200,87.16688232421875,-254.5500030517578,129.90000915527344,-46.53750228881836
1773049245697882400,87.17688232421875,-254.56875610351562,129.90000915527344,-46.3125
1773049245707882200,87.18688232421874,-254.47500610351562,129.90000915527344,-46.16250228881836
1773049245717882400,87.19688232421875,-254.02500915527344,129.9562530517578,-46.3125
1773049245727882200,87.20688232421875,-253.68751525878906,130.1437530517578,-46.57500076293945
1773049245737882400,87.21688232421874,-253.74375915527344,130.125,-46.3125
1773049245747882200,87.22688232421875,-253.85626220703125,130.48126220703125,-46.51875305175781
1773049245757882400,87.23688232421875,-253.93125915527344,130.74375915527344,-46.33125305175781
1773049245767882200,87.24688232421875,-253.57501220703125,130.57501220703125,-46.181251525878906
1773049245777882400,87.25688232421875,-253.76251220703125,130.85626220703125,-46.25625228881836
1773049245787882200,87.26688232421876,-253.93125915527344,130.91250610351562,-46.181251525878906
1773049245797882400,87.27688232421875,-254.1750030517578,131.21250915527344,-46.03125
1773049245807882200,87.28688232421875,-254.30625915527344,131.28750610351562,-46.10625076293945
1773049245817882400,87.29688232421876,-254.04376220703125,131.58750915527344,-46.21875
1773049245827882200,87.30688232421875,-254.06251525878906,131.58750915527344,-46.05000305175781
1773049245837882400,87.31688232421875,-254.1750030517578,131.75625610351562,-46.05000305175781
1773049245847882200,87.32688232421874,-254.68125915527344,131.86875915527344,-46.51875305175781
1773049245857882400,87.33688232421875,-254.49375915527344,131.7375030517578,-46.63125228881836
1773049245867882200,87.34688232421875,-254.53126525878906,131.8125,-46.6875
1773049245877882400,87.35688232421874,-254.75625610351562,132,-46.53750228881836
1773049245897882400,87.37688232421876,-255.09376525878906,132.24375915527344,-46.6875
1773049245907882200,87.38688232421875,-255.1125030517578,132.5812530517578,-46.76250076293945
1773049245917882400,87.39688232421875,-255.22500610351562,132.52500915527344,-46.6875
1773049245927882200,87.40688232421876,-254.79376220703125,132.50625610351562,-46.5
1773049245937882400,87.41688232421875,-254.71876525878906,132.41250610351562,-46.66875076293945
1773049245947882200,87.42688232421875,-254.30625915527344,132.35626220703125,-46.650001525878906
1773049245957882400,87.43688232421874,-254.49375915527344,132.13125610351562,-47.0625
1773049245967882200,87.44688232421875,-254.25001525878906,132.09375,-46.96875
1773049245977882400,87.45688232421875,-254.19375610351562,131.88751220703125,-46.96875
1773049245987882200,87.46688232421874,-253.91250610351562,131.94375610351562,-46.91250228881836
1773049245997882400,87.47688232421875,-253.55625915527344,132,-46.95000076293945
1773049246007882200,87.48688232421875,-253.65000915527344,132.07501220703125,-46.70625305175781
1773049246017882400,87.49688232421875,-253.78126525878906,132.3937530517578,-46.5
1773049246027882200,87.50688232421875,-254.1750030517578,132.4875030517578,-46.57500076293945
1773049246037882400,87.51688232421876,-253.85626220703125,132.3000030517578,-46.44375228881836
1773049246047882200,87.52688232421875,-253.83750915527344,132.24375915527344,-46.42500305175781
1773049246057882400,87.53688232421875,-253.72500610351562,132.26251220703125,-46.38750076293945
1773049246067882200,87.54688232421876,-253.83750915527344,132.375,-46.21875
1773049246077882400,87.55688232421875,-254.0812530517578,132.45001220703125,-46.368751525878906
1773049246087882200,87.56688232421875,-254.49375915527344,132.78750610351562,-46.81875228881836
1773049246097882400,87.57688232421874,-254.8312530517578,133.06875610351562,-46.96875
1773049246107882200,87.58688232421875,-255.16876220703125,133.35000610351562,-46.96875
1773049246117882400,87.59688232421875,-255.54376220703125,133.63125610351562,-47.15625
1773049246127882200,87.60688232421874,-256.20001220703125,133.85626220703125,-47.38125228881836
1773049246137882400,87.61688232421875,-256.5562744140625,134.1750030517578,-47.56875228881836
1773049246147882200,87.62688232421876,-256.5375061035156,134.25,-47.85000228881836
1773049246157882400,87.63688232421875,-256.59375,134.25,-47.90625
1773049246167882200,87.64688232421875,-256.5375061035156,134.30625915527344,-47.8125
1773049246177882400,87.65688232421876,-255.78750610351562,134.21250915527344,-47.8125
1773049246187882200,87.66688232421875,-255.33750915527344,134.10000610351562,-47.92500305175781
1773049246197882400,87.67688232421875,-255.26251220703125,134.15625,-47.94375228881836
1773049246207882200,87.68688232421874,-255.13125610351562,134.00625610351562,-47.83125305175781
1773049246217882400,87.69688232421875,-254.85000610351562,133.8937530517578,-47.83125305175781
1773049246227882200,87.70688232421875,-255.15000915527344,133.76251220703125,-47.85000228881836
1773049246237882400,87.71688232421874,-255.43125915527344,133.91250610351562,-47.83125305175781
1773049246247882200,87.72688232421875,-255.33750915527344,133.74375915527344,-47.90625
1773049246257882400,87.73688232421875,-255.8625030517578,133.875,-47.83125305175781
1773049246267882200,87.74688232421875,-255.71250915527344,133.83750915527344,-47.79375076293945
1773049246277882400,87.75688232421875,-255.65626525878906,133.7062530517578,-47.66250228881836
1773049246287882200,87.76688232421876,-255.75001525878906,133.85626220703125,-47.60625076293945
1773049246297882400,87.77688232421875,-255.69375610351562,133.91250610351562,-47.51250076293945
1773049246307882200,87.78688232421875,-255.3937530517578,133.8937530517578,-47.400001525878906
1773049246317882400,87.79688232421876,-254.90626525878906,133.8000030517578,-47.306251525878906
1773049246327882200,87.80688232421875,-254.68125915527344,134.0625,-46.98750305175781
1773049246337882400,87.81688232421875,-254.66250610351562,134.0625,-46.81875228881836
1773049246347882200,87.82688232421874,-254.71876525878906,133.96875,-47.00625228881836
1773049246357882400,87.83688232421875,-254.49375915527344,134.10000610351562,-47.00625228881836
1773049246367882200,87.84688232421875,-254.15626525878906,134.0625,-47.00625228881836
1773049246377882400,87.85688232421874,-254.1750030517578,133.91250610351562,-47.025001525878906
1773049246387882200,87.86688232421875,-254.53126525878906,134.0625,-47.08125305175781
1773049246397882400,87.87688232421876,-254.4562530517578,134.00625610351562,-47.08125305175781
1773049246407882200,87.88688232421875,-254.43751525878906,134.0625,-47.34375
1773049246417882400,87.89688232421875,-254.47500610351562,133.95001220703125,-47.85000228881836
1773049246427882200,87.90688232421876,-254.60626220703125,134.15625,-47.56875228881836
1773049246437882400,87.91688232421875,-254.66250610351562,134.47500610351562,-47.625
1773049246447882200,87.92688232421875,-254.71876525878906,134.51251220703125,-47.75625228881836
1773049246457882400,87.93688232421874,-254.79376220703125,134.9250030517578,-47.71875
1773049246467882200,87.94688232421875,-254.43751525878906,134.79376220703125,-47.73750305175781
1773049246477882400,87.95688232421875,-254.68125915527344,135.13125610351562,-47.775001525878906
1773049246487882200,87.96688232421874,-254.70001220703125,134.90625,-47.79375076293945
1773049246497882400,87.97688232421875,-254.43751525878906,134.8312530517578,-47.38125228881836
1773049246507882200,87.98688232421875,-254.32501220703125,134.94375610351562,-47.32500076293945
1773049246517882400,87.99688232421875,-254.11875915527344,134.8312530517578,-47.0625
1773049246527882200,88.00688232421875,-254.02500915527344,134.98126220703125,-46.91250228881836
1773049246537882400,88.01688232421876,-253.87501525878906,134.85000610351562,-46.931251525878906
1773049246547882200,88.02688232421875,-253.72500610351562,134.94375610351562,-46.98750305175781
1773049246557882400,88.03688232421875,-253.57501220703125,134.8125,-46.98750305175781
1773049246567882200,88.04688232421876,-253.8000030517578,134.75625610351562,-46.91250228881836
1773049246577882400,88.05688232421875,-253.9875030517578,135,-47.10000228881836
1773049246587882200,88.06688232421875,-254.02500915527344,135,-47.13750076293945
1773049246597882400,88.07688232421874,-254.19375610351562,134.86875915527344,-47.23125076293945
1773049246607882200,88.08688232421875,-254.00625610351562,134.8312530517578,-47.19375228881836
1773049246617882400,88.09688232421875,-254.11875915527344,134.88751220703125,-47.34375
1773049246627882200,88.10688232421874,-254.34376525878906,134.79376220703125,-47.55000305175781
1773049246637882400,88.11688232421875,-254.40000915527344,134.7375030517578,-47.55000305175781
1773049246647882200,88.12688232421876,-254.41876220703125,134.90625,-47.71875
1773049246657882400,88.13688232421875,-254.34376525878906,134.79376220703125,-47.681251525878906
1773049246667882200,88.14688232421875,-254.4562530517578,134.70001220703125,-47.92500305175781
1773049246677882400,88.15688232421876,-254.6437530517578,134.8312530517578,-48.13125228881836
1773049246687882200,88.16688232421875,-254.71876525878906,134.79376220703125,-48.243751525878906
1773049246697882400,88.17688232421875,-254.5500030517578,134.96250915527344,-48.03750228881836
1773049246707882200,88.18688232421874,-254.30625915527344,135.07501220703125,-47.79375076293945
1773049246717882400,88.19688232421875,-254.34376525878906,135.0187530517578,-47.71875
1773049246727882200,88.20688232421875,-254.02500915527344,135.0187530517578,-47.681251525878906
1773049246737882400,88.21688232421874,-253.96876525878906,135.2062530517578,-47.64375305175781
1773049246747882200,88.22688232421875,-253.7062530517578,135.33750915527344,-47.53125
1773049246757882400,88.23688232421875,-253.38751220703125,135.5625,-47.4375
1773049246767882200,88.24688232421875,-253.40626525878906,135.5625,-47.306251525878906
1773049246777882400,88.25688232421875,-253.66876220703125,135.31875610351562,-47.306251525878906
1773049246787882200,88.26688232421876,-253.83750915527344,135.41250610351562,-47.32500076293945
1773049246797882400,88.27688232421875,-253.66876220703125,135.5812530517578,-47.4375
1773049246807882200,88.28688232421875,-253.74375915527344,135.84375,-47.212501525878906
1773049246817882400,88.29688232421876,-253.38751220703125,135.71250915527344,-47.26875305175781
1773049246827882200,88.30688232421875,-253.55625915527344,135.5625,-47.23125076293945
1773049246837882400,88.31688232421875,-253.83750915527344,135.31875610351562,-47.32500076293945
1773049246847882200,88.32688232421874,-253.9875030517578,135.50625610351562,-47.53125
1773049246857882400,88.33688232421875,-253.95001220703125,135.5625,-47.73750305175781
1773049246867882200,88.34688232421875,-253.91250610351562,135.50625610351562,-47.587501525878906
1773049246877882400,88.35688232421874,-254.13751220703125,135.46875,-47.681251525878906
1773049246887882200,88.36688232421875,-254.23126220703125,135.09375,-47.98125076293945
1773049246897882400,88.37688232421876,-254.62501525878906,135.22500610351562,-48
1773049246907882200,88.38688232421875,-254.53126525878906,135.35626220703125,-48.11250305175781
1773049246917882400,88.39688232421875,-254.3625030517578,135.31875610351562,-48.30000305175781
1773049246927882200,88.40688232421876,-254.19375610351562,135.3000030517578,-48.187503814697266
1773049246937882400,88.41688232421875,-254.2687530517578,135.375,-48.11250305175781
1773049246947882200,88.42688232421875,-254.51251220703125,135.28125,-48.48750305175781
1773049246957882400,88.43688232421874,-254.51251220703125,135.3937530517578,-48.41250228881836
1773049246967882200,88.44688232421875,-254.41876220703125,135.45001220703125,-48.41250228881836
1773049246977882400,88.45688232421875,-254.1750030517578,135.43125915527344,-48.31875228881836
1773049246987882200,88.46688232421874,-254.21250915527344,135.4875030517578,-48.13125228881836
1773049246997882400,88.47688232421875,-254.23126220703125,135.28125,-48.187503814697266
1773049247007882200,88.48688232421875,-254.32501220703125,135.1125030517578,-48.54375076293945
1773049247017882400,88.49688232421875,-254.2687530517578,135.35626220703125,-48.35625076293945
1773049247027882200,88.50688232421875,-254.13751220703125,135.4875030517578,-48.093753814697266
1773049247037882400,88.51688232421876,-253.87501525878906,135.54376220703125,-47.92500305175781
1773049247047882200,88.52688232421875,-253.91250610351562,135.5812530517578,-47.681251525878906
1773049247057882400,88.53688232421875,-254.10000610351562,135.6750030517578,-47.64375305175781
1773049247067882200,88.54688232421876,-254.04376220703125,135.41250610351562,-47.83125305175781
1773049247077882400,88.55688232421875,-254.00625610351562,135.75,-47.681251525878906
1773049247087882200,88.56688232421875,-254.04376220703125,135.8625030517578,-47.45625305175781
1773049247097882400,88.57688232421874,-254.06251525878906,135.60000610351562,-47.64375305175781
1773049247107882200,88.58688232421875,-253.96876525878906,135.90000915527344,-47.66250228881836
1773049247117882400,88.59688232421875,-253.93125915527344,135.84375,-47.587501525878906
1773049247127882200,88.60688232421874,-254.10000610351562,136.06875610351562,-47.71875
1773049247137882400,88.61688232421875,-254.34376525878906,136.10626220703125,-47.94375228881836
1773049247147882200,88.62688232421876,-254.4562530517578,136.18125915527344,-48.07500076293945
1773049247157882400,88.63688232421875,-254.66250610351562,136.18125915527344,-47.75625228881836
1773049247167882200,88.64688232421875,-254.5500030517578,136.06875610351562,-47.83125305175781
1773049247177882400,88.65688232421876,-254.28750610351562,136.48126220703125,-47.79375076293945
1773049247187882200,88.66688232421875,-254.15626525878906,136.2375030517578,-48
1773049247197882400,88.67688232421875,-254.30625915527344,136.08750915527344,-48.281253814697266
1773049247207882200,88.68688232421874,-254.06251525878906,135.80625915527344,-48.13125228881836
1773049247217882400,88.69688232421875,-253.81875610351562,135.65625,-47.70000076293945
1773049247227882200,88.70688232421875,-253.57501220703125,135.5812530517578,-47.47500228881836
1773049247237882400,88.71688232421874,-253.3312530517578,135.65625,-47.64375305175781
1773049247247882200,88.72688232421875,-253.65000915527344,135.91876220703125,-47.587501525878906
1773049247257882400,88.73688232421875,-253.76251220703125,135.8625030517578,-47.66250228881836
1773049247267882200,88.74688232421875,-254.06251525878906,135.88125610351562,-47.681251525878906
1773049247277882400,88.75688232421875,-253.87501525878906,135.88125610351562,-47.73750305175781
1773049247287882200,88.76688232421876,-253.8937530517578,136.125,-47.70000076293945
1773049247297882400,88.77688232421875,-253.87501525878906,136.21875,-48.056251525878906
1773049247307882200,88.78688232421875,-254.25001525878906,136.55625915527344,-48.26250076293945
1773049247317882400,88.79688232421876,-254.0812530517578,136.38751220703125,-48.375003814697266
1773049247327882200,88.80688232421875,-253.65000915527344,136.48126220703125,-48.31875228881836
1773049247337882400,88.81688232421875,-253.6125030517578,136.2375030517578,-48.31875228881836
1773049247347882200,88.82688232421874,-253.50001525878906,136.44375610351562,-48.20625305175781
1773049247357882400,88.83688232421875,-253.5187530517578,136.46250915527344,-48.13125228881836
1773049247367882200,88.84688232421875,-253.48126220703125,136.44375610351562,-48.30000305175781
1773049247377882400,88.85688232421874,-253.53750610351562,136.3312530517578,-48.22500228881836
1773049247387882200,88.86688232421875,-253.3312530517578,135.99375915527344,-48.243751525878906
1773049247397882400,88.87688232421876,-253.36875915527344,136.10626220703125,-48.13125228881836
1773049247407882200,88.88688232421875,-253.7062530517578,135.91876220703125,-48.281253814697266
1773049247417882400,88.89688232421875,-253.83750915527344,135.91876220703125,-48.11250305175781
1773049247427882200,88.90688232421876,-253.87501525878906,135.69375610351562,-48.16875076293945
1773049247437882400,88.91688232421875,-254.02500915527344,135.8625030517578,-48.31875228881836
1773049247447882200,88.92688232421875,-254.25001525878906,136.01251220703125,-48.45000076293945
1773049247457882400,88.93688232421874,-254.3625030517578,136.25625610351562,-48.67500305175781
1773049247467882200,88.94688232421875,-254.56875610351562,136.65000915527344,-48.54375076293945
1773049247477882400,88.95688232421875,-254.70001220703125,136.66876220703125,-48.618751525878906
1773049247487882200,88.96688232421874,-254.66250610351562,136.875,-48.50625228881836
1773049247497882400,88.97688232421875,-254.60626220703125,137.11875915527344,-48.562503814697266
1773049247507882200,88.98688232421875,-254.32501220703125,137.15625,-48.48750305175781
1773049247517882400,88.99688232421875,-254.25001525878906,137.00625610351562,-48.431251525878906
1773049247527882200,89.00688232421875,-254.11875915527344,136.875,-48.30000305175781
1773049247537882400,89.01688232421876,-254.04376220703125,136.95001220703125,-48.35625076293945
1773049247547882200,89.02688232421875,-253.68751525878906,136.875,-48.58125305175781
1773049247557882400,89.03688232421875,-253.8000030517578,137.11875915527344,-48.843753814697266
1773049247567882200,89.04688232421876,-253.76251220703125,136.875,-48.82500076293945
1773049247577882400,89.05688232421875,-253.74375915527344,136.78125,-48.88125228881836
1773049247587882200,89.06688232421875,-254.04376220703125,136.91250610351562,-48.806251525878906
1773049247597882400,89.07688232421874,-253.95001220703125,137.0812530517578,-48.78750228881836
1773049247607882200,89.08688232421875,-253.76251220703125,137.02500915527344,-48.712501525878906
1773049247617882400,89.09688232421875,-253.5187530517578,136.76251220703125,-48.281253814697266
1773049247627882200,89.10688232421874,-253.36875915527344,136.6875,-48.056251525878906
1773049247637882400,89.11688232421875,-253.3312530517578,136.40625,-47.71875
1773049247647882200,89.12688232421876,-253.27500915527344,136.66876220703125,-47.73750305175781
1773049247657882400,89.13688232421875,-253.5187530517578,136.65000915527344,-47.8125
1773049247667882200,89.14688232421875,-253.48126220703125,136.46250915527344,-47.73750305175781
1773049247677882400,89.15688232421876,-253.87501525878906,136.8000030517578,-47.625
1773049247687882200,89.16688232421875,-254.0812530517578,136.6875,-47.73750305175781
1773049247697882400,89.17688232421875,-254.06251525878906,136.66876220703125,-47.79375076293945
1773049247707882200,89.18688232421874,-254.02500915527344,136.7062530517578,-47.90625
1773049247717882400,89.19688232421875,-253.91250610351562,136.7062530517578,-47.98125076293945
1773049247727882200,89.20688232421875,-253.68751525878906,136.4250030517578,-48.243751525878906
1773049247737882400,89.21688232421874,-253.29376220703125,136.5187530517578,-48.26250076293945
1773049247747882200,89.22688232421875,-253.10626220703125,136.8937530517578,-48.41250228881836
1773049247757882400,89.23688232421875,-252.65626525878906,136.5187530517578,-48.243751525878906
1773049247767882200,89.24688232421875,-252.60000610351562,136.85626220703125,-48.30000305175781
1773049247777882400,89.25688232421875,-252.52500915527344,136.875,-48.63750076293945
1773049247787882200,89.26688232421876,-252.84376525878906,136.91250610351562,-48.54375076293945
1773049247797882400,89.27688232421875,-252.82501220703125,137.10000610351562,-48.67500305175781
1773049247807882200,89.28688232421875,-252.90000915527344,137.4562530517578,-48.54375076293945
1773049247817882400,89.29688232421876,-252.93751525878906,137.34375,-48.30000305175781
1773049247827882200,89.30688232421875,-253.0500030517578,137.11875915527344,-48.525001525878906
1773049247837882400,89.31688232421875,-253.03126525878906,137.2687530517578,-48.843753814697266
1773049247847882200,89.32688232421874,-253.29376220703125,137.3625030517578,-48.67500305175781
1773049247857882400,89.33688232421875,-253.68751525878906,137.53125,-48.656253814697266
1773049247867882200,89.34688232421875,-253.68751525878906,137.32501220703125,-48.95625305175781
1773049247877882400,89.35688232421874,-253.87501525878906,137.25,-48.86250305175781
1773049247887882200,89.36688232421875,-253.9875030517578,137.0812530517578,-48.86250305175781
1773049247897882400,89.37688232421876,-253.91250610351562,137.13751220703125,-49.06875228881836
1773049247907882200,89.38688232421875,-253.9875030517578,137.15625,-48.63750076293945
1773049247917882400,89.39688232421875,-254.06251525878906,136.93125915527344,-48.58125305175781
1773049247927882200,89.40688232421876,-253.72500610351562,136.8937530517578,-48.76875305175781
1773049247937882400,89.41688232421875,-253.55625915527344,136.81875610351562,-48.60000228881836
1773049247947882200,89.42688232421875,-253.72500610351562,137.11875915527344,-48.150001525878906
1773049247957882400,89.43688232421874,-253.63125610351562,137.25,-48.243751525878906
1773049247967882200,89.44688232421875,-253.83750915527344,137.47500610351562,-47.962501525878906
1773049247977882400,89.45688232421875,-253.95001220703125,137.41876220703125,-47.94375228881836
1773049247987882200,89.46688232421874,-254.15626525878906,137.51251220703125,-48
1773049247997882400,89.47688232421875,-254.49375915527344,137.625,-48.093753814697266
1773049248007882200,89.48688232421875,-254.5500030517578,137.4375,-48.150001525878906
1773049248017882400,89.49688232421875,-254.62501525878906,137.53125,-48.26250076293945
1773049248027882200,89.50688232421875,-254.75625610351562,137.5500030517578,-48.58125305175781
1773049248037882400,89.51688232421876,-255.15000915527344,137.41876220703125,-48.48750305175781
1773049248047882200,89.52688232421875,-255.18751525878906,137.11875915527344,-48.97500228881836
1773049248057882400,89.53688232421875,-255.41250610351562,136.83750915527344,-48.843753814697266
1773049248067882200,89.54688232421876,-255.3000030517578,136.63125610351562,-49.125003814697266
1773049248077882400,89.55688232421875,-255.0187530517578,136.29376220703125,-49.125003814697266
1773049248087882200,89.56688232421875,-255.15000915527344,136.38751220703125,-49.01250076293945
1773049248097882400,89.57688232421874,-255.31875610351562,136.06875610351562,-49.10625076293945
1773049248107882200,89.58688232421875,-255.09376525878906,135.78750610351562,-49.16250228881836
1773049248117882400,89.59688232421875,-254.77500915527344,135.63751220703125,-49.087501525878906
1773049248127882200,89.60688232421874,-254.75625610351562,135.4875030517578,-48.937503814697266
1773049248137882400,89.61688232421875,-254.68125915527344,135.69375610351562,-49.181251525878906
1773049248147882200,89.62688232421876,-254.66250610351562,135.75,-49.218753814697266
1773049248157882400,89.63688232421875,-255.00001525878906,135.9375,-49.14375305175781
1773049248167882200,89.64688232421875,-255.03750610351562,135.50625610351562,-49.087501525878906
1773049248177882400,89.65688232421876,-255.07501220703125,135.35626220703125,-49.181251525878906
1773049248187882200,89.66688232421875,-254.96250915527344,135.4875030517578,-49.14375305175781
1773049248197882400,89.67688232421875,-254.8312530517578,135.3937530517578,-49.35000228881836
1773049248207882200,89.68688232421874,-254.86875915527344,135.54376220703125,-49.368751525878906
1773049248217882400,89.69688232421875,-254.75625610351562,135.46875,-49.312503814697266
1773049248227882200,89.70688232421875,-254.90626525878906,135.26251220703125,-49.38750076293945
1773049248237882400,89.71688232421874,-254.90626525878906,135.1875,-49.556251525878906
1773049248247882200,89.72688232421875,-254.79376220703125,135.50625610351562,-49.81875228881836
1773049248257882400,89.73688232421875,-254.53126525878906,135.82501220703125,-49.556251525878906
1773049248267882200,89.74688232421875,-254.68125915527344,135.9375,-49.462501525878906
1773049248277882400,89.75688232421875,-254.5500030517578,136.08750915527344,-49.33125305175781
1773049248287882200,89.76688232421876,-254.2687530517578,135.88125610351562,-49.44375228881836
1773049248297882400,89.77688232421875,-254.3625030517578,136.18125915527344,-49.23750305175781
1773049248307882200,89.78688232421875,-253.96876525878906,136.53750610351562,-48.993751525878906
1773049248317882400,89.79688232421876,-253.8000030517578,136.6125030517578,-48.843753814697266
1773049248327882200,89.80688232421875,-253.68751525878906,136.63125610351562,-48.48750305175781
1773049248337882400,89.81688232421875,-253.63125610351562,136.72500610351562,-48.712501525878906
1773049248347882200,89.82688232421874,-253.66876220703125,136.59375,-48.54375076293945
1773049248357882400,89.83688232421875,-253.7062530517578,136.5187530517578,-48.60000228881836
1773049248367882200,89.84688232421875,-253.8000030517578,136.9875030517578,-48.45000076293945
1773049248377882400,89.85688232421874,-253.53750610351562,136.6125030517578,-48.63750076293945
1773049248387882200,89.86688232421875,-253.65000915527344,136.36875915527344,-48.58125305175781
1773049248397882400,89.87688232421876,-253.53750610351562,136.38751220703125,-48.60000228881836
1773049248407882200,89.88688232421875,-253.68751525878906,136.29376220703125,-48.78750228881836
1773049248417882400,89.89688232421875,-253.74375915527344,136.16250610351562,-48.67500305175781
1773049248427882200,89.90688232421876,-253.63125610351562,136.27500915527344,-48.843753814697266
1773049248437882400,89.91688232421875,-253.83750915527344,136.4250030517578,-48.76875305175781
1773049248447882200,89.92688232421875,-253.8000030517578,136.3312530517578,-48.86250305175781
1773049248457882400,89.93688232421874,-253.74375915527344,136.5187530517578,-48.86250305175781
1773049248467882200,89.94688232421875,-253.7062530517578,136.40625,-48.993751525878906
1773049248477882400,89.95688232421875,-253.53750610351562,136.44375610351562,-48.843753814697266
1773049248487882200,89.96688232421874,-253.65000915527344,136.27500915527344,-48.843753814697266
1773049248497882400,89.97688232421875,-253.87501525878906,136.3312530517578,-48.73125076293945
1773049248507882200,89.98688232421875,-254.02500915527344,136.40625,-48.82500076293945
1773049248517882400,89.99688232421875,-254.06251525878906,136.44375610351562,-48.69375228881836
1773049248527882200,90.00688232421875,-253.87501525878906,136.21875,-48.58125305175781
1773049248537882400,90.01688232421876,-253.93125915527344,136.10626220703125,-48.63750076293945
1773049248547882200,90.02688232421875,-254.2687530517578,136.2375030517578,-48.78750228881836
1773049248557882400,90.03688232421875,-254.15626525878906,136.35000610351562,-49.01250076293945
1773049248567882200,90.04688232421876,-253.95001220703125,136.46250915527344,-49.218753814697266
1773049248577882400,90.05688232421875,-253.87501525878906,136.25625610351562,-49.05000305175781
1773049248587882200,90.06688232421875,-253.76251220703125,136.1437530517578,-48.843753814697266
1773049248597882400,90.07688232421874,-253.74375915527344,135.80625915527344,-49.10625076293945
1773049248607882200,90.08688232421875,-253.96876525878906,135.69375610351562,-49.087501525878906
1773049248617882400,90.09688232421875,-253.96876525878906,135.65625,-48.97500228881836
1773049248627882200,90.10688232421874,-253.57501220703125,135.4875030517578,-48.993751525878906
1773049248637882400,90.11688232421875,-253.87501525878906,135.33750915527344,-48.95625305175781
1773049248657882400,90.13688232421875,-253.55625915527344,135.28125,-49.087501525878906
1773049248667882200,90.14688232421875,-253.27500915527344,135.05625915527344,-49.33125305175781
1773049248677882400,90.15688232421876,-253.16250610351562,135.2062530517578,-49.087501525878906
1773049248687882200,90.16688232421875,-253.10626220703125,135.28125,-49.14375305175781
1773049248697882400,90.17688232421875,-253.2375030517578,135.28125,-49.10625076293945
1773049248707882200,90.18688232421874,-253.46250915527344,135.33750915527344,-49.06875228881836
1773049248717882400,90.19688232421875,-253.48126220703125,135.63751220703125,-48.91875076293945
1773049248727882200,90.20688232421875,-253.46250915527344,135.9375,-49.14375305175781
1773049248737882400,90.21688232421874,-253.68751525878906,136.01251220703125,-49.125003814697266
1773049248747882200,90.22688232421875,-253.74375915527344,136.5,-49.125003814697266
1773049248757882400,90.23688232421875,-253.59376525878906,136.8000030517578,-49.406253814697266
1773049248767882200,90.24688232421875,-253.57501220703125,137.41876220703125,-49.48125076293945
1773049248777882400,90.25688232421875,-253.57501220703125,137.94375610351562,-49.61250305175781
1773049248787882200,90.26688232421876,-253.55625915527344,138.45001220703125,-49.81875228881836
1773049248797882400,90.27688232421875,-253.57501220703125,138.0187530517578,-50.38125228881836
1773049248807882200,90.28688232421875,-253.78126525878906,137.90625,-50.587501525878906
1773049248817882400,90.29688232421876,-253.7062530517578,137.96250915527344,-50.75625228881836
1773049248827882200,90.30688232421875,-253.76251220703125,138.1875,-50.83125305175781
1773049248837882400,90.31688232421875,-254.00625610351562,138.54376220703125,-50.70000076293945
1773049248847882200,90.32688232421874,-254.15626525878906,138.13125610351562,-51.000003814697266
1773049248857882400,90.33688232421875,-254.06251525878906,137.71875,-51.187503814697266
1773049248867882200,90.34688232421875,-254.04376220703125,137.53125,-51.03750228881836
1773049248877882400,90.35688232421874,-253.81875610351562,138.09375,-50.45625305175781
1773049248887882200,90.36688232421875,-253.93125915527344,138.69375610351562,-50.13750076293945
1773049248897882400,90.37688232421876,-254.02500915527344,138.99375915527344,-49.781253814697266
1773049248907882200,90.38688232421875,-254.23126220703125,138.7687530517578,-49.70625305175781
1773049248917882400,90.39688232421875,-254.2687530517578,138.54376220703125,-49.91250228881836
1773049248927882200,90.40688232421876,-254.21250915527344,138.69375610351562,-49.44375228881836
1773049248937882400,90.41688232421875,-254.34376525878906,139.20001220703125,-49.462501525878906
1773049248947882200,90.42688232421875,-254.28750610351562,139.03125,-49.500003814697266
1773049248957882400,90.43688232421874,-254.56875610351562,138.82501220703125,-49.687503814697266
1773049248967882200,90.44688232421875,-254.62501525878906,138.4875030517578,-49.76250076293945
1773049248977882400,90.45688232421875,-254.47500610351562,138.43125915527344,-49.743751525878906
1773049248987882200,90.46688232421874,-254.53126525878906,138.52500915527344,-49.72500228881836
1773049248997882400,90.47688232421875,-254.28750610351562,138.03750610351562,-49.48125076293945
1773049249007882200,90.48688232421875,-254.10000610351562,137.75625610351562,-49.23750305175781
1773049249017882400,90.49688232421875,-254.04376220703125,137.1750030517578,-49.125003814697266
1773049249027882200,90.50688232421875,-254.06251525878906,137.21250915527344,-48.843753814697266
1773049249037882400,90.51688232421876,-253.91250610351562,137.21250915527344,-48.806251525878906
1773049249047882200,90.52688232421875,-253.50001525878906,136.93125915527344,-48.67500305175781
1773049249057882400,90.53688232421875,-253.38751220703125,136.875,-48.50625228881836
1773049249067882200,90.54688232421876,-253.25625610351562,136.4250030517578,-48.562503814697266
1773049249077882400,90.55688232421875,-253.72500610351562,136.53750610351562,-48.69375228881836
1773049249087882200,90.56688232421875,-253.83750915527344,136.3125,-49.10625076293945
1773049249097882400,90.57688232421874,-253.95001220703125,136.3125,-49.06875228881836
1773049249107882200,90.58688232421875,-253.81875610351562,136.5,-49.312503814697266
1773049249117882400,90.59688232421875,-253.95001220703125,136.27500915527344,-49.14375305175781
1773049249127882200,90.60688232421874,-254.11875915527344,136.27500915527344,-49.181251525878906
1773049249137882400,90.61688232421875,-254.13751220703125,136.16250610351562,-49.33125305175781
1773049249147882200,90.62688232421876,-254.15626525878906,136.10626220703125,-49.16250228881836
1773049249157882400,90.63688232421875,-253.72500610351562,136.20001220703125,-49.087501525878906
1773049249167882200,90.64688232421875,-253.8937530517578,136.35000610351562,-49.16250228881836
1773049249177882400,90.65688232421876,-253.8000030517578,136.55625915527344,-49.125003814697266
1773049249187882200,90.66688232421875,-253.8937530517578,136.0500030517578,-49.14375305175781
1773049249197882400,90.67688232421875,-253.83750915527344,135.84375,-49.29375076293945
1773049249207882200,90.68688232421874,-253.68751525878906,136.01251220703125,-49.29375076293945
1773049249217882400,90.69688232421875,-254.06251525878906,136.10626220703125,-49.406253814697266
1773049249227882200,90.70688232421875,-253.91250610351562,136.2375030517578,-49.42500305175781
1773049249237882400,90.71688232421874,-254.1750030517578,136.03125,-49.53750228881836
1773049249247882200,90.72688232421875,-254.40000915527344,136.03125,-49.25625228881836
1773049249257882400,90.73688232421875,-254.5500030517578,136.06875610351562,-49.406253814697266
1773049249267882200,90.74688232421875,-254.49375915527344,136.20001220703125,-49.218753814697266
1773049249277882400,90.75688232421875,-254.38125610351562,136.35000610351562,-49.218753814697266
1773049249287882200,90.76688232421876,-254.2687530517578,136.29376220703125,-49.125003814697266
1773049249297882400,90.77688232421875,-253.96876525878906,136.46250915527344,-48.91875076293945
1773049249307882200,90.78688232421875,-253.96876525878906,136.35000610351562,-49.01250076293945
1773049249317882400,90.79688232421876,-253.76251220703125,136.5,-48.993751525878906
1773049249327882200,90.80688232421875,-253.36875915527344,136.5187530517578,-49.181251525878906
1773049249337882400,90.81688232421875,-253.20001220703125,136.44375610351562,-48.91875076293945
1773049249347882200,90.82688232421874,-253.3312530517578,136.36875915527344,-48.88125228881836
1773049249357882400,90.83688232421875,-253.55625915527344,136.55625915527344,-48.88125228881836
1773049249367882200,90.84688232421875,-254.00625610351562,136.3312530517578,-49.125003814697266
1773049249377882400,90.85688232421874,-254.0812530517578,135.9562530517578,-49.53750228881836
1773049249387882200,90.86688232421875,-254.30625915527344,135.99375915527344,-49.38750076293945
1773049249397882400,90.87688232421876,-254.41876220703125,136.03125,-49.42500305175781
1773049249407882200,90.88688232421875,-254.25001525878906,136.03125,-49.38750076293945
1773049249417882400,90.89688232421875,-254.02500915527344,136.01251220703125,-49.593753814697266
1773049249427882200,90.90688232421876,-253.83750915527344,136.35000610351562,-49.556251525878906
1773049249437882400,90.91688232421875,-253.74375915527344,136.36875915527344,-49.72500228881836
1773049249447882200,90.92688232421875,-253.78126525878906,136.36875915527344,-49.76250076293945
1773049249457882400,90.93688232421874,-254.11875915527344,136.25625610351562,-49.48125076293945
1773049249467882200,90.94688232421875,-253.81875610351562,136.3125,-49.85625076293945
1773049249477882400,90.95688232421875,-254.00625610351562,136.18125915527344,-49.70625305175781
1773049249487882200,90.96688232421874,-254.21250915527344,136.20001220703125,-49.80000305175781
1773049249497882400,90.97688232421875,-254.5500030517578,136.38751220703125,-49.781253814697266
1773049249507882200,90.98688232421875,-254.58750915527344,136.25625610351562,-49.80000305175781
1773049249517882400,90.99688232421875,-254.5500030517578,136.08750915527344,-49.70625305175781
1773049249527882200,91.00688232421875,-254.51251220703125,136.20001220703125,-49.57500076293945
1773049249537882400,91.01688232421876,-254.25001525878906,136.59375,-49.743751525878906
1773049249547882200,91.02688232421875,-254.30625915527344,136.5,-49.500003814697266
1773049249557882400,91.03688232421875,-254.15626525878906,136.55625915527344,-49.687503814697266
1773049249567882200,91.04688232421876,-254.23126220703125,136.63125610351562,-49.51875305175781
1773049249577882400,91.05688232421875,-254.30625915527344,136.44375610351562,-49.500003814697266
1773049249587882200,91.06688232421875,-254.38125610351562,136.48126220703125,-49.462501525878906
1773049249597882400,91.07688232421874,-254.53126525878906,136.40625,-49.53750228881836
1773049249607882200,91.08688232421875,-254.30625915527344,136.40625,-49.687503814697266
1773049249617882400,91.09688232421875,-254.34376525878906,136.53750610351562,-49.556251525878906
1773049249627882200,91.10688232421874,-254.56875610351562,136.83750915527344,-49.53750228881836
1773049249637882400,91.11688232421875,-254.4562530517578,136.95001220703125,-49.25625228881836
1773049249647882200,91.12688232421876,-254.4562530517578,137.00625610351562,-49.218753814697266
1773049249657882400,91.13688232421875,-254.53126525878906,136.95001220703125,-49.48125076293945
1773049249667882200,91.14688232421875,-254.56875610351562,136.95001220703125,-49.687503814697266
1773049249677882400,91.15688232421876,-254.5500030517578,136.8000030517578,-49.66875076293945
1773049249687882200,91.16688232421875,-254.51251220703125,136.65000915527344,-49.53750228881836
1773049249697882400,91.17688232421875,-254.41876220703125,136.46250915527344,-49.593753814697266
1773049249707882200,91.18688232421874,-254.21250915527344,136.44375610351562,-49.53750228881836
1773049249717882400,91.19688232421875,-254.0812530517578,136.21875,-49.72500228881836
1773049249727882200,91.20688232421875,-254.21250915527344,135.97500610351562,-49.72500228881836
1773049249737882400,91.21688232421874,-254.11875915527344,136.10626220703125,-49.29375076293945
1773049249747882200,91.22688232421875,-254.34376525878906,136.3125,-49.087501525878906
1773049249757882400,91.23688232421875,-254.30625915527344,136.48126220703125,-48.82500076293945
1773049249767882200,91.24688232421875,-254.38125610351562,136.36875915527344,-48.712501525878906
1773049249777882400,91.25688232421875,-254.32501220703125,136.18125915527344,-48.58125305175781
1773049249787882200,91.26688232421876,-254.53126525878906,135.90000915527344,-48.58125305175781
1773049249797882400,91.27688232421875,-255.0187530517578,136.06875610351562,-48.525001525878906
1773049249807882200,91.28688232421875,-254.96250915527344,136.3125,-48.63750076293945
1773049249817882400,91.29688232421876,-254.88751220703125,136.36875915527344,-48.60000228881836
1773049249827882200,91.30688232421875,-254.68125915527344,136.3125,-48.750003814697266
1773049249837882400,91.31688232421875,-254.70001220703125,136.44375610351562,-48.806251525878906
1773049249847882200,91.32688232421874,-254.68125915527344,136.48126220703125,-49.10625076293945
1773049249857882400,91.33688232421875,-254.75625610351562,136.6125030517578,-49.01250076293945
1773049249867882200,91.34688232421875,-254.56875610351562,136.85626220703125,-48.86250305175781
1773049249877882400,91.35688232421874,-254.41876220703125,136.85626220703125,-48.58125305175781
1773049249887882200,91.36688232421875,-254.32501220703125,136.76251220703125,-48.31875228881836
1773049249897882400,91.37688232421876,-254.51251220703125,136.5187530517578,-48.22500228881836
1773049249907882200,91.38688232421875,-254.34376525878906,136.53750610351562,-48.150001525878906
1773049249917882400,91.39688232421875,-254.04376220703125,136.65000915527344,-48.30000305175781
1773049249927882200,91.40688232421876,-253.96876525878906,136.59375,-48.03750228881836
1773049249937882400,91.41688232421875,-254.1750030517578,136.6875,-48.150001525878906
1773049249947882200,91.42688232421875,-254.21250915527344,136.36875915527344,-48.45000076293945
1773049249957882400,91.43688232421874,-254.02500915527344,136.3125,-48.60000228881836
1773049249967882200,91.44688232421875,-253.8000030517578,136.27500915527344,-48.95625305175781
1773049249977882400,91.45688232421875,-253.38751220703125,136.36875915527344,-49.10625076293945
1773049249987882200,91.46688232421874,-253.91250610351562,136.6875,-49.031253814697266
1773049249997882400,91.47688232421875,-254.11875915527344,136.53750610351562,-48.91875076293945
1773049250007882200,91.48688232421875,-254.11875915527344,136.65000915527344,-48.843753814697266
1773049250017882400,91.49688232421875,-254.21250915527344,136.63125610351562,-48.712501525878906
1773049250027882200,91.50688232421875,-254.30625915527344,137.0625,-48.375003814697266
1773049250037882400,91.51688232421876,-254.40000915527344,137.0625,-48.41250228881836
1773049250047882200,91.52688232421875,-254.60626220703125,136.875,-48.11250305175781
1773049250057882400,91.53688232421875,-254.68125915527344,136.5,-48.187503814697266
1773049250067882200,91.54688232421876,-254.25001525878906,136.2375030517578,-48.16875076293945
1773049250077882400,91.55688232421875,-254.11875915527344,136.27500915527344,-48.150001525878906
1773049250087882200,91.56688232421875,-254.23126220703125,136.16250610351562,-48.26250076293945
1773049250097882400,91.57688232421874,-253.87501525878906,135.9375,-48.48750305175781
1773049250107882200,91.58688232421875,-253.65000915527344,135.60000610351562,-48.67500305175781
1773049250117882400,91.59688232421875,-253.59376525878906,135.69375610351562,-48.41250228881836
1773049250127882200,91.60688232421874,-253.57501220703125,135.63751220703125,-48.63750076293945
1773049250137882400,91.61688232421875,-253.87501525878906,135.8625030517578,-48.656253814697266
1773049250147882200,91.62688232421876,-253.9875030517578,135.63751220703125,-48.63750076293945
1773049250157882400,91.63688232421875,-254.11875915527344,135.61875915527344,-48.69375228881836
1773049250167882200,91.64688232421875,-254.21250915527344,135.88125610351562,-48.656253814697266
1773049250177882400,91.65688232421876,-254.34376525878906,136.0500030517578,-48.281253814697266
1773049250187882200,91.66688232421875,-254.49375915527344,136.16250610351562,-48.39375305175781
1773049250197882400,91.67688232421875,-254.62501525878906,136.20001220703125,-48.806251525878906
1773049250207882200,91.68688232421874,-254.56875610351562,136.85626220703125,-48.73125076293945
1773049250217882400,91.69688232421875,-254.3625030517578,137.0625,-48.54375076293945
1773049250227882200,91.70688232421875,-254.7375030517578,137.47500610351562,-48.468753814697266
1773049250237882400,91.71688232421874,-255.28126525878906,138,-48.63750076293945
1773049250247882200,91.72688232421875,-255.52500915527344,138.16876220703125,-48.806251525878906
1773049250257882400,91.73688232421875,-255.69375610351562,138.24375915527344,-49.06875228881836
1773049250267882200,91.74688232421875,-255.78750610351562,138.35626220703125,-48.88125228881836
1773049250277882400,91.75688232421875,-255.75001525878906,138.60000610351562,-48.73125076293945
1773049250287882200,91.76688232421876,-255.71250915527344,138.33750915527344,-48.78750228881836
1773049250297882400,91.77688232421875,-255.84376525878906,138.15000915527344,-48.91875076293945
1773049250307882200,91.78688232421875,-255.50625610351562,137.8125,-49.05000305175781
1773049250317882400,91.79688232421876,-255.03750610351562,137.51251220703125,-48.95625305175781
1773049250327882200,91.80688232421875,-254.9250030517578,137.25,-48.937503814697266
1773049250337882400,91.81688232421875,-254.58750915527344,137.10000610351562,-48.97500228881836
1773049250347882200,91.82688232421874,-254.47500610351562,137.13751220703125,-48.937503814697266
1773049250357882400,91.83688232421875,-254.38125610351562,136.6875,-48.86250305175781
1773049250367882200,91.84688232421875,-254.49375915527344,136.72500610351562,-49.06875228881836
1773049250377882400,91.85688232421874,-254.28750610351562,136.875,-49.14375305175781
1773049250387882200,91.86688232421875,-254.15626525878906,136.85626220703125,-49.20000076293945
1773049250397882400,91.87688232421876,-254.21250915527344,136.63125610351562,-49.125003814697266
1773049250407882200,91.88688232421875,-254.19375610351562,136.76251220703125,-49.14375305175781
1773049250417882400,91.89688232421875,-254.40000915527344,136.83750915527344,-49.087501525878906
1773049250427882200,91.90688232421876,-254.4562530517578,136.8000030517578,-49.05000305175781
1773049250437882400,91.91688232421875,-254.49375915527344,136.66876220703125,-49.29375076293945
1773049250447882200,91.92688232421875,-254.41876220703125,136.7062530517578,-49.16250228881836
1773049250457882400,91.93688232421874,-254.47500610351562,136.4250030517578,-49.16250228881836
1773049250467882200,91.94688232421875,-254.62501525878906,136.44375610351562,-49.275001525878906
1773049250477882400,91.95688232421875,-254.62501525878906,136.36875915527344,-49.25625228881836
1773049250487882200,91.96688232421874,-254.70001220703125,136.3312530517578,-48.993751525878906
1773049250497882400,91.97688232421875,-254.49375915527344,136.29376220703125,-49.16250228881836
1773049250507882200,91.98688232421875,-254.60626220703125,136.125,-49.312503814697266
1773049250517882400,91.99688232421875,-254.49375915527344,136.29376220703125,-49.06875228881836
1773049250527882200,92.00688232421875,-254.53126525878906,135.99375915527344,-48.95625305175781
1773049250537882400,92.01688232421876,-254.6437530517578,136.25625610351562,-48.95625305175781
1773049250547882200,92.02688232421875,-254.4562530517578,136.4250030517578,-48.937503814697266
1773049250557882400,92.03688232421875,-254.5500030517578,136.46250915527344,-48.993751525878906
1773049250567882200,92.04688232421876,-254.3625030517578,136.40625,-49.275001525878906
1773049250577882400,92.05688232421875,-254.2687530517578,136.55625915527344,-49.125003814697266
1773049250587882200,92.06688232421875,-254.3625030517578,136.6125030517578,-49.312503814697266
1773049250597882400,92.07688232421874,-254.38125610351562,136.46250915527344,-49.500003814697266
1773049250607882200,92.08688232421875,-254.43751525878906,136.7062530517578,-49.500003814697266
1773049250617882400,92.09688232421875,-254.41876220703125,136.76251220703125,-49.368751525878906
1773049250627882200,92.10688232421874,-254.47500610351562,136.55625915527344,-49.20000076293945
1773049250637882400,92.11688232421875,-254.41876220703125,136.44375610351562,-49.23750305175781
1773049250647882200,92.12688232421876,-254.3625030517578,136.29376220703125,-49.275001525878906
1773049250667882200,92.14688232421875,-254.56875610351562,136.08750915527344,-49.35000228881836
1773049250677882400,92.15688232421876,-254.77500915527344,135.90000915527344,-49.14375305175781
1773049250687882200,92.16688232421875,-254.77500915527344,135.3937530517578,-49.031253814697266
1773049250697882400,92.17688232421875,-254.70001220703125,135.24375915527344,-49.05000305175781
1773049250707882200,92.18688232421874,-254.81251525878906,135.43125915527344,-49.10625076293945
1773049250717882400,92.19688232421875,-254.81251525878906,135.60000610351562,-49.05000305175781
1773049250727882200,92.20688232421875,-254.85000610351562,135.69375610351562,-48.937503814697266
1773049250737882400,92.21688232421874,-254.90626525878906,135.45001220703125,-48.86250305175781
1773049250747882200,92.22688232421875,-254.90626525878906,135.65625,-48.468753814697266
1773049250757882400,92.23688232421875,-254.71876525878906,136.06875610351562,-48.50625228881836
1773049250767882200,92.24688232421875,-254.60626220703125,136.3312530517578,-48.843753814697266
1773049250777882400,92.25688232421875,-254.77500915527344,136.125,-48.86250305175781
1773049250787882200,92.26688232421876,-254.70001220703125,135.61875915527344,-48.91875076293945
1773049250797882400,92.27688232421875,-254.5500030517578,135.63751220703125,-48.937503814697266
1773049250807882200,92.28688232421875,-254.58750915527344,135.45001220703125,-49.06875228881836
1773049250817882400,92.29688232421876,-254.51251220703125,135.50625610351562,-49.29375076293945
1773049250827882200,92.30688232421875,-254.41876220703125,135.24375915527344,-49.368751525878906
1773049250837882400,92.31688232421875,-254.60626220703125,135,-49.63125228881836
1773049250847882200,92.32688232421874,-254.8312530517578,135.1125030517578,-49.53750228881836
1773049250857882400,92.33688232421875,-254.71876525878906,134.96250915527344,-49.61250305175781
1773049250867882200,92.34688232421875,-254.66250610351562,134.9250030517578,-49.76250076293945
1773049250877882400,92.35688232421874,-254.8312530517578,134.77500915527344,-49.80000305175781
1773049250887882200,92.36688232421875,-254.75625610351562,134.88751220703125,-49.61250305175781
1773049250897882400,92.37688232421876,-254.77500915527344,134.98126220703125,-49.650001525878906
1773049250907882200,92.38688232421875,-254.86875915527344,135.0187530517578,-49.875003814697266
1773049250917882400,92.39688232421875,-254.90626525878906,134.90625,-49.57500076293945
1773049250927882200,92.40688232421876,-254.86875915527344,134.8312530517578,-49.42500305175781
1773049250937882400,92.41688232421875,-254.86875915527344,134.98126220703125,-49.368751525878906
1773049250947882200,92.42688232421875,-254.98126220703125,135.35626220703125,-49.031253814697266
1773049250957882400,92.43688232421874,-254.94375610351562,135.16876220703125,-49.125003814697266
1773049250967882200,92.44688232421875,-255.07501220703125,134.90625,-49.23750305175781
1773049250977882400,92.45688232421875,-254.8312530517578,134.56875610351562,-48.97500228881836
1773049250987882200,92.46688232421874,-254.58750915527344,134.53125,-48.95625305175781
1773049250997882400,92.47688232421875,-254.5500030517578,134.58750915527344,-49.125003814697266
1773049251007882200,92.48688232421875,-254.56875610351562,134.5500030517578,-49.05000305175781
1773049251017882400,92.49688232421875,-254.68125915527344,134.30625915527344,-49.06875228881836
1773049251027882200,92.50688232421875,-254.77500915527344,134.19375610351562,-49.38750076293945
1773049251037882400,92.51688232421876,-254.77500915527344,134.1750030517578,-49.29375076293945
1773049251047882200,92.52688232421875,-254.81251525878906,134.10000610351562,-49.42500305175781
1773049251057882400,92.53688232421875,-255.24375915527344,134.28750610351562,-49.650001525878906
1773049251067882200,92.54688232421876,-255.45001220703125,134.11875915527344,-49.63125228881836
1773049251077882400,92.55688232421875,-255.50625610351562,134.1750030517578,-49.687503814697266
1773049251087882200,92.56688232421875,-255.4875030517578,134.1750030517578,-49.85625076293945
1773049251097882400,92.57688232421874,-255.37501525878906,134.10000610351562,-49.95000076293945
1773049251107882200,92.58688232421875,-255.35626220703125,133.81875610351562,-49.81875228881836
1773049251117882400,92.59688232421875,-255.50625610351562,133.76251220703125,-49.80000305175781
1773049251127882200,92.60688232421874,-255.28126525878906,133.72500610351562,-49.57500076293945
1773049251137882400,92.61688232421875,-255.05625915527344,133.65000915527344,-49.35000228881836
1773049251147882200,92.62688232421876,-255.24375915527344,133.93125915527344,-49.181251525878906
1773049251157882400,92.63688232421875,-255.2062530517578,133.8000030517578,-48.97500228881836
1773049251167882200,92.64688232421875,-254.96250915527344,133.93125915527344,-48.712501525878906
1773049251177882400,92.65688232421876,-255.1125030517578,134.23126220703125,-48.468753814697266
1773049251187882200,92.66688232421875,-255.22500610351562,134.1750030517578,-48.63750076293945
1773049251197882400,92.67688232421875,-254.96250915527344,133.8937530517578,-48.69375228881836
1773049251207882200,92.68688232421874,-255.16876220703125,134.02500915527344,-48.63750076293945
1773049251217882400,92.69688232421875,-255.0187530517578,133.76251220703125,-48.712501525878906
1773049251227882200,92.70688232421875,-254.85000610351562,133.85626220703125,-48.86250305175781
1773049251237882400,92.71688232421874,-255.2062530517578,133.63125610351562,-49.29375076293945
1773049251247882200,92.72688232421875,-255.45001220703125,133.25625610351562,-49.51875305175781
1773049251257882400,92.73688232421875,-255.2062530517578,133.1437530517578,-49.837501525878906
1773049251267882200,92.74688232421875,-255.07501220703125,133.40625,-49.63125228881836
1773049251277882400,92.75688232421875,-255.28126525878906,133.6125030517578,-49.53750228881836
1773049251287882200,92.76688232421876,-255.22500610351562,133.5,-49.81875228881836
1773049251297882400,92.77688232421875,-255.45001220703125,133.48126220703125,-49.931251525878906
1773049251307882200,92.78688232421875,-255.3937530517578,132.90000915527344,-50.062503814697266
1773049251317882400,92.79688232421876,-255.1125030517578,132.99375915527344,-49.875003814697266
1773049251327882200,92.80688232421875,-255.05625915527344,132.9562530517578,-49.89375305175781
1773049251337882400,92.81688232421875,-255.13125610351562,132.69375610351562,-50.04375076293945
1773049251347882200,92.82688232421874,-254.9250030517578,132.50625610351562,-49.95000076293945
1773049251357882400,92.83688232421875,-254.7375030517578,132.33750915527344,-50.118751525878906
1773049251367882200,92.84688232421875,-254.88751220703125,132.33750915527344,-49.85625076293945
1773049251377882400,92.85688232421874,-254.88751220703125,132.09375,-49.875003814697266
1773049251387882200,92.86688232421875,-254.79376220703125,132.45001220703125,-49.57500076293945
1773049251397882400,92.87688232421876,-254.66250610351562,132.63751220703125,-49.368751525878906
1773049251407882200,92.88688232421875,-254.71876525878906,132.41250610351562,-49.38750076293945
1773049251417882400,92.89688232421875,-254.70001220703125,132.33750915527344,-49.20000076293945
1773049251427882200,92.90688232421876,-254.94375610351562,132.41250610351562,-49.20000076293945
1773049251437882400,92.91688232421875,-255.13125610351562,132.375,-48.843753814697266
1773049251447882200,92.92688232421875,-255.2062530517578,132.31875610351562,-49.05000305175781
1773049251457882400,92.93688232421874,-255.1125030517578,132.31875610351562,-48.95625305175781
1773049251467882200,92.94688232421875,-255.33750915527344,131.77500915527344,-49.181251525878906
1773049251477882400,92.95688232421875,-255.43125915527344,131.4562530517578,-49.25625228881836
1773049251487882200,92.96688232421874,-255.28126525878906,131.58750915527344,-49.181251525878906
1773049251497882400,92.97688232421875,-255.28126525878906,131.8312530517578,-49.181251525878906
1773049251507882200,92.98688232421875,-255.24375915527344,131.56875610351562,-49.35000228881836
1773049251517882400,92.99688232421875,-254.94375610351562,131.77500915527344,-49.44375228881836
1773049251527882200,93.00688232421875,-254.71876525878906,131.71875,-49.500003814697266
1773049251537882400,93.01688232421876,-254.75625610351562,131.71875,-49.63125228881836
1773049251547882200,93.02688232421875,-254.71876525878906,131.85000610351562,-49.63125228881836
1773049251557882400,93.03688232421875,-254.85000610351562,131.85000610351562,-49.593753814697266
1773049251567882200,93.04688232421876,-255.05625915527344,131.75625610351562,-49.500003814697266
1773049251577882400,93.05688232421875,-255.3000030517578,131.68125915527344,-49.368751525878906
1773049251587882200,93.06688232421875,-255.37501525878906,131.70001220703125,-49.44375228881836
1773049251607882200,93.08688232421875,-255.4875030517578,131.625,-49.51875305175781
1773049251617882400,93.09688232421875,-255.5812530517578,131.58750915527344,-49.312503814697266
1773049251627882200,93.10688232421874,-255.50625610351562,131.85000610351562,-49.275001525878906
1773049251637882400,93.11688232421875,-255.60000610351562,131.77500915527344,-49.33125305175781
1773049251647882200,93.12688232421876,-255.52500915527344,131.96250915527344,-49.63125228881836
1773049251657882400,93.13688232421875,-255.31875610351562,131.70001220703125,-49.687503814697266
1773049251667882200,93.14688232421875,-255.3000030517578,131.56875610351562,-49.63125228881836
1773049251677882400,93.15688232421876,-255.16876220703125,131.1750030517578,-49.76250076293945
1773049251687882200,93.16688232421875,-255.22500610351562,131.02500915527344,-49.650001525878906
1773049251697882400,93.17688232421875,-255.22500610351562,130.96875,-49.70625305175781
1773049251707882200,93.18688232421874,-255.37501525878906,130.3312530517578,-49.63125228881836
1773049251717882400,93.19688232421875,-255.37501525878906,130.40625,-49.650001525878906
1773049251727882200,93.20688232421875,-255.45001220703125,130.1437530517578,-49.63125228881836
1773049251737882400,93.21688232421874,-255.6750030517578,130.06875610351562,-49.837501525878906
1773049251747882200,93.22688232421875,-255.78750610351562,130.0500030517578,-49.72500228881836
1773049251757882400,93.23688232421875,-256.0875244140625,130.2375030517578,-49.556251525878906
1773049251767882200,93.24688232421875,-256.10626220703125,130.38751220703125,-49.51875305175781
1773049251777882400,93.25688232421875,-255.91876220703125,130.38751220703125,-49.462501525878906
1773049251787882200,93.26688232421876,-255.69375610351562,130.57501220703125,-49.48125076293945
1773049251797882400,93.27688232421875,-255.56251525878906,130.46250915527344,-49.35000228881836
1773049251807882200,93.28688232421875,-255.46876525878906,130.5,-49.25625228881836
1773049251817882400,93.29688232421876,-255.3000030517578,130.6875,-49.181251525878906
1773049251827882200,93.30688232421875,-255.00001525878906,130.72500610351562,-49.06875228881836
1773049251837882400,93.31688232421875,-254.96250915527344,130.81875610351562,-48.993751525878906
1773049251847882200,93.32688232421874,-255.00001525878906,130.72500610351562,-48.95625305175781
1773049251857882400,93.33688232421875,-255.07501220703125,130.78125,-49.031253814697266
1773049251867882200,93.34688232421875,-254.98126220703125,130.96875,-49.01250076293945
1773049251877882400,93.35688232421874,-254.98126220703125,130.96875,-48.91875076293945
1773049251887882200,93.36688232421875,-255.22500610351562,131.11875915527344,-48.58125305175781
1773049251897882400,93.37688232421876,-255.43125915527344,131.25,-48.243751525878906
1773049251907882200,93.38688232421875,-255.5812530517578,131.23126220703125,-48.39375305175781
1773049251917882400,93.39688232421875,-255.46876525878906,130.76251220703125,-48.48750305175781
1773049251927882200,93.40688232421876,-255.73126220703125,130.83750915527344,-48.69375228881836
1773049251937882400,93.41688232421875,-255.93751525878906,130.8937530517578,-48.468753814697266
1773049251947882200,93.42688232421875,-256.1437683105469,130.91250610351562,-48.39375305175781
1773049251957882400,93.43688232421874,-256.0687561035156,131.02500915527344,-48.41250228881836
1773049251967882200,93.44688232421875,-255.71250915527344,130.53750610351562,-48.58125305175781
1773049251977882400,93.45688232421875,-255.5812530517578,130.125,-48.525001525878906
1773049251987882200,93.46688232421874,-255.63751220703125,130.06875610351562,-48.281253814697266
1773049251997882400,93.47688232421875,-255.71250915527344,130.25625610351562,-48.30000305175781
1773049252007882200,93.48688232421875,-255.52500915527344,130.16250610351562,-48.20625305175781
1773049252017882400,93.49688232421875,-255.35626220703125,130.06875610351562,-48.30000305175781
1773049252027882200,93.50688232421875,-255.60000610351562,129.88125610351562,-48.281253814697266
1773049252037882400,93.51688232421876,-255.63751220703125,129.60000610351562,-48.69375228881836
1773049252047882200,93.52688232421875,-255.82501220703125,130.06875610351562,-48.86250305175781
1773049252057882400,93.53688232421875,-255.6750030517578,130.21875,-48.86250305175781
1773049252067882200,93.54688232421876,-255.69375610351562,130.29376220703125,-49.06875228881836
1773049252077882400,93.55688232421875,-255.84376525878906,130.38751220703125,-49.05000305175781
1773049252087882200,93.56688232421875,-255.99375915527344,130.38751220703125,-49.14375305175781
1773049252097882400,93.57688232421874,-256.0500183105469,130.4250030517578,-49.25625228881836
1773049252107882200,93.58688232421875,-256.01251220703125,130.6875,-49.29375076293945
1773049252117882400,93.59688232421875,-256.0875244140625,130.83750915527344,-49.20000076293945
1773049252127882200,93.60688232421874,-256.03125,130.63125610351562,-49.25625228881836
1773049252137882400,93.61688232421875,-256.01251220703125,130.74375915527344,-49.33125305175781
1773049252147882200,93.62688232421876,-255.93751525878906,130.5187530517578,-49.16250228881836
1773049252157882400,93.63688232421875,-256.01251220703125,130.2375030517578,-49.10625076293945
1773049252167882200,93.64688232421875,-256.0687561035156,130.1437530517578,-48.993751525878906
1773049252177882400,93.65688232421876,-256.125,130.01251220703125,-48.900001525878906
1773049252187882200,93.66688232421875,-255.90000915527344,129.50625610351562,-48.91875076293945
1773049252197882400,93.67688232421875,-255.93751525878906,129.375,-48.937503814697266
1773049252207882200,93.68688232421874,-256.1625061035156,129.35626220703125,-48.73125076293945
1773049252217882400,93.69688232421875,-256.3500061035156,129.07501220703125,-48.806251525878906
1773049252227882200,93.70688232421875,-256.6312561035156,129.28125,-49.218753814697266
1773049252237882400,93.71688232421874,-256.6312561035156,129.52500915527344,-49.125003814697266
1773049252247882200,93.72688232421875,-256.59375,129.45001220703125,-49.125003814697266
1773049252257882400,93.73688232421875,-256.8187561035156,129.28125,-49.312503814697266
1773049252267882200,93.74688232421875,-257.04376220703125,129.26251220703125,-49.57500076293945
1773049252277882400,93.75688232421875,-257.1187744140625,129.1875,-49.44375228881836
1773049252287882200,93.76688232421876,-256.96875,129.07501220703125,-49.42500305175781
1773049252297882400,93.77688232421875,-256.96875,129.09375,-49.312503814697266
1773049252307882200,93.78688232421875,-256.8375244140625,129.15000915527344,-49.05000305175781
1773049252317882400,93.79688232421876,-256.57501220703125,129.15000915527344,-49.125003814697266
1773049252327882200,93.80688232421875,-256.3125,129.13125610351562,-48.78750228881836
1773049252337882400,93.81688232421875,-256.29376220703125,129.15000915527344,-48.806251525878906
1773049252347882200,93.82688232421874,-256.2562561035156,129.46875,-48.31875228881836
1773049252357882400,93.83688232421875,-256.01251220703125,129.43125915527344,-48.281253814697266
1773049252367882200,93.84688232421875,-255.91876220703125,129.52500915527344,-48.375003814697266
1773049252377882400,93.85688232421874,-255.91876220703125,129.54376220703125,-48.45000076293945
1773049252387882200,93.86688232421875,-255.91876220703125,129.26251220703125,-48.45000076293945
1773049252397882400,93.87688232421876,-255.9562530517578,129.26251220703125,-48.337501525878906
1773049252407882200,93.88688232421875,-256.1437683105469,129.45001220703125,-48.375003814697266
1773049252417882400,93.89688232421875,-256.0875244140625,129.375,-48.281253814697266
1773049252427882200,93.90688232421876,-256.125,128.94375610351562,-48.525001525878906
1773049252437882400,93.91688232421875,-256.3312683105469,128.86875915527344,-48.58125305175781
1773049252447882200,93.92688232421875,-256.4250183105469,128.79376220703125,-48.58125305175781
1773049252457882400,93.93688232421874,-256.48126220703125,128.9250030517578,-48.35625076293945
1773049252467882200,93.94688232421875,-256.6875,128.8125,-48.60000228881836
1773049252477882400,93.95688232421875,-256.59375,128.4375,-48.88125228881836
1773049252487882200,93.96688232421874,-256.5187683105469,128.0625,-49.087501525878906
1773049252497882400,93.97688232421875,-256.3125,127.91250610351562,-48.937503814697266
1773049252507882200,93.98688232421875,-256.2375183105469,128.2687530517578,-48.843753814697266
1773049252517882400,93.99688232421875,-256.2750244140625,128.21250915527344,-48.806251525878906
1773049252527882200,94.00688232421875,-256.3312683105469,128.10000610351562,-48.712501525878906
1773049252537882400,94.01688232421876,-256.2750244140625,127.96875762939453,-49.031253814697266
1773049252547882200,94.02688232421875,-256.125,128.25,-48.843753814697266
1773049252557882400,94.03688232421875,-256.20001220703125,128.58750915527344,-48.750003814697266
1773049252567882200,94.04688232421876,-256.2562561035156,128.86875915527344,-48.656253814697266
1773049252577882400,94.05688232421875,-256.1812744140625,129.0187530517578,-48.656253814697266
1773049252587882200,94.06688232421875,-255.9562530517578,129.1875,-48.31875228881836
1773049252597882400,94.07688232421874,-255.93751525878906,129.31875610351562,-48.39375305175781
1773049252607882200,94.08688232421875,-256.1437683105469,129.375,-48.525001525878906
1773049252617882400,94.09688232421875,-256.3125,129.1125030517578,-48.525001525878906
1773049252627882200,94.10688232421874,-256.3687744140625,128.94375610351562,-48.63750076293945
1773049252637882400,94.11688232421875,-256.5187683105469,129.22500610351562,-48.39375305175781
1773049252647882200,94.12688232421876,-256.5187683105469,129.3000030517578,-48.35625076293945
1773049252657882400,94.13688232421875,-256.57501220703125,129.35626220703125,-48.525001525878906
1773049252667882200,94.14688232421875,-256.95001220703125,129.1125030517578,-48.86250305175781
1773049252677882400,94.15688232421876,-256.85626220703125,128.86875915527344,-48.712501525878906
1773049252687882200,94.16688232421875,-257.0250244140625,129.1125030517578,-48.45000076293945
1773049252697882400,94.17688232421875,-256.9875183105469,129.3937530517578,-48.22500228881836
1773049252707882200,94.18688232421874,-256.9125061035156,129.2062530517578,-48.11250305175781
1773049252717882400,94.19688232421875,-256.8000183105469,128.6437530517578,-48.26250076293945
1773049252727882200,94.20688232421875,-256.7250061035156,128.40000915527344,-48.20625305175781
1773049252737882400,94.21688232421874,-257.0062561035156,128.75625610351562,-47.962501525878906
1773049252747882200,94.22688232421875,-256.59375,128.56875610351562,-48.11250305175781
1773049252757882400,94.23688232421875,-256.59375,128.53125,-48.20625305175781
1773049252767882200,94.24688232421875,-256.10626220703125,128.3625030517578,-48.243751525878906
1773049252777882400,94.25688232421875,-256.10626220703125,128.2687530517578,-48.30000305175781
1773049252787882200,94.26688232421876,-256.2750244140625,128.4562530517578,-48
1773049252797882400,94.27688232421875,-256.5375061035156,128.56875610351562,-48.11250305175781
1773049252807882200,94.28688232421875,-256.7250061035156,128.71875,-48.375003814697266
1773049252817882400,94.29688232421876,-256.66876220703125,128.4562530517578,-48.39375305175781
1773049252827882200,94.30688232421875,-256.9125061035156,128.51251220703125,-48.20625305175781
1773049252837882400,94.31688232421875,-256.85626220703125,128.625,-48.11250305175781
1773049252847882200,94.32688232421874,-257.0625,128.625,-48.30000305175781
1773049252857882400,94.33688232421875,-256.8375244140625,128.6437530517578,-48.243751525878906
1773049252867882200,94.34688232421875,-256.875,128.30625915527344,-48.39375305175781
1773049252877882400,94.35688232421874,-256.9312744140625,128.40000915527344,-48.35625076293945
1773049252887882200,94.36688232421875,-256.875,128.1750030517578,-48.243751525878906
1773049252897882400,94.37688232421876,-256.6312561035156,127.9312515258789,-48.31875228881836
1773049252907882200,94.38688232421875,-256.5187683105469,127.8375015258789,-48.468753814697266
1773049252917882400,94.39688232421875,-256.7250061035156,127.89375305175781,-48.431251525878906
1773049252927882200,94.40688232421876,-256.6312561035156,127.78125762939453,-48.281253814697266
1773049252937882400,94.41688232421875,-256.8937683105469,127.63125610351562,-48.67500305175781
1773049252947882200,94.42688232421875,-256.9125061035156,127.5562515258789,-48.63750076293945
1773049252957882400,94.43688232421874,-256.6125183105469,127.29375457763672,-48.54375076293945
1773049252967882200,94.44688232421875,-256.8000183105469,127.44375610351562,-48.48750305175781
1773049252977882400,94.45688232421875,-256.8000183105469,127.3687515258789,-48.58125305175781
1773049252987882200,94.46688232421874,-256.8937683105469,127.31250762939453,-48.41250228881836
1773049252997882400,94.47688232421875,-256.8000183105469,127.03125762939453,-48.39375305175781
1773049253007882200,94.48688232421875,-256.9312744140625,126.97500610351562,-48.45000076293945
1773049253017882400,94.49688232421875,-256.7437744140625,127.03125762939453,-48.31875228881836
1773049253027882200,94.50688232421875,-256.78125,127.16250610351562,-48.60000228881836
1773049253037882400,94.51688232421876,-256.76251220703125,127.16250610351562,-48.562503814697266
1773049253047882200,94.52688232421875,-256.6875,127.01250457763672,-48.26250076293945
1773049253057882400,94.53688232421875,-256.9125061035156,127.0875015258789,-48.31875228881836
1773049253067882200,94.54688232421876,-256.9875183105469,127.05000305175781,-48.281253814697266
1773049253077882400,94.55688232421875,-257.2687683105469,127.14375305175781,-48.375003814697266
1773049253087882200,94.56688232421875,-257.41876220703125,127.0875015258789,-48.187503814697266
1773049253097882400,94.57688232421874,-257.8125,126.88125610351562,-47.98125076293945
1773049253107882200,94.58688232421875,-257.5875244140625,127.16250610351562,-47.79375076293945
1773049253117882400,94.59688232421875,-257.53125,127.06875610351562,-47.8125
1773049253127882200,94.60688232421874,-257.34375,126.9937515258789,-48.03750228881836
1773049253137882400,94.61688232421875,-257.32501220703125,126.65625762939453,-48.03750228881836
1773049253147882200,94.62688232421876,-257.41876220703125,126.58125305175781,-48.30000305175781
1773049253157882400,94.63688232421875,-257.15625,126.60000610351562,-48.20625305175781
1773049253167882200,94.64688232421875,-256.8937683105469,126.45000457763672,-48.30000305175781
1773049253177882400,94.65688232421876,-256.78125,126.35625457763672,-48.30000305175781
1773049253187882200,94.66688232421875,-257.15625,126.20625305175781,-48.187503814697266
1773049253197882400,94.67688232421875,-257.1750183105469,126.07500457763672,-48.31875228881836
1773049253207882200,94.68688232421874,-257.0625,125.66250610351562,-48.48750305175781
1773049253217882400,94.69688232421875,-257.0812683105469,125.73750305175781,-48.281253814697266
1773049253227882200,94.70688232421875,-257.3625183105469,125.64375305175781,-48.093753814697266
1773049253237882400,94.71688232421874,-257.5687561035156,125.45625305175781,-48.03750228881836
1773049253247882200,94.72688232421875,-257.8687744140625,125.56875610351562,-48.16875076293945
1773049253257882400,94.73688232421875,-257.70001220703125,125.45625305175781,-48.26250076293945
1773049253267882200,94.74688232421875,-257.4562683105469,125.23125457763672,-48.30000305175781
1773049253277882400,94.75688232421875,-257.625,125.2125015258789,-48.20625305175781
1773049253287882200,94.76688232421876,-257.6812744140625,125.34375762939453,-48.07500076293945
1773049253297882400,94.77688232421875,-257.6437683105469,125.19375610351562,-47.83125305175781
1773049253307882200,94.78688232421875,-257.3062744140625,124.96875762939453,-47.71875
1773049253317882400,94.79688232421876,-256.95001220703125,124.95000457763672,-47.70000076293945
1773049253327882200,94.80688232421875,-257.0812683105469,124.76250457763672,-47.45625305175781
1773049253337882400,94.81688232421875,-257.0812683105469,124.89375305175781,-47.25
1773049253347882200,94.82688232421874,-257.15625,124.78125762939453,-47.26875305175781
1773049253357882400,94.83688232421875,-257.2125244140625,124.89375305175781,-47.19375228881836
1773049253367882200,94.84688232421875,-257.25,124.78125762939453,-47.118751525878906
1773049253377882400,94.85688232421874,-257.53125,125.17500305175781,-47.32500076293945
1773049253387882200,94.86688232421875,-257.5875244140625,125.4937515258789,-47.23125076293945
1773049253397882400,94.87688232421876,-257.8687744140625,125.41875457763672,-47.32500076293945
1773049253407882200,94.88688232421875,-257.8312683105469,125.3062515258789,-47.4375
1773049253417882400,94.89688232421875,-257.98126220703125,124.95000457763672,-47.493751525878906
1773049253427882200,94.90688232421876,-258.16876220703125,125.00625610351562,-47.23125076293945
1773049253437882400,94.91688232421875,-258.28125,124.85625457763672,-47.26875305175781
1773049253447882200,94.92688232421875,-258.5062561035156,124.81875610351562,-47.36250305175781
1773049253457882400,94.93688232421874,-258.3000183105469,124.38750457763672,-47.56875228881836
1773049253467882200,94.94688232421875,-258.3937683105469,124.1812515258789,-47.79375076293945
1773049253477882400,94.95688232421875,-258.3187561035156,123.93750762939453,-47.73750305175781
1773049253487882200,94.96688232421874,-258.2062683105469,123.91875457763672,-47.51250076293945
1773049253497882400,94.97688232421875,-258.3375244140625,124.16250610351562,-47.45625305175781
1773049253507882200,94.98688232421875,-258.0375061035156,123.97500610351562,-47.55000305175781
1773049253517882400,94.99688232421875,-257.98126220703125,123.82500457763672,-47.47500228881836
1773049253527882200,95.00688232421875,-258.0562744140625,124.01250457763672,-47.38125228881836
1773049253537882400,95.01688232421876,-258.45001220703125,124.21875762939453,-47.10000228881836
1773049253547882200,95.02688232421875,-258.28125,124.06875610351562,-46.931251525878906
1773049253557882400,95.03688232421875,-258.3375244140625,124.42500305175781,-47.10000228881836
1773049253567882200,95.04688232421876,-258.35626220703125,124.53750610351562,-47.23125076293945
1773049253577882400,95.05688232421875,-258.1875,124.2750015258789,-47.26875305175781
1773049253587882200,95.06688232421875,-258.3375244140625,124.35000610351562,-47.51250076293945
1773049253597882400,95.07688232421874,-258.3375244140625,124.50000762939453,-47.587501525878906
1773049253607882200,95.08688232421875,-258.3187561035156,124.50000762939453,-47.41875076293945
1773049253617882400,95.09688232421875,-258.0187683105469,124.1812515258789,-47.4375
1773049253627882200,95.10688232421874,-258.2250061035156,124.66875457763672,-47.4375
1773049253637882400,95.11688232421875,-258.35626220703125,124.14375305175781,-47.32500076293945
1773049253647882200,95.12688232421876,-258.46875,123.88125610351562,-47.38125228881836
1773049253657882400,95.13688232421875,-258.54376220703125,124.01250457763672,-47.47500228881836
1773049253667882200,95.14688232421875,-258.9000244140625,123.93750762939453,-47.4375
1773049253677882400,95.15688232421876,-258.8062744140625,123.75000762939453,-47.25
1773049253687882200,95.16688232421875,-258.63751220703125,123.50625610351562,-47.306251525878906
1773049253697882400,95.17688232421875,-258.7125244140625,123.73125457763672,-47.28750228881836
1773049253707882200,95.18688232421874,-258.6937561035156,123.48750305175781,-47.118751525878906
1773049253717882400,95.19688232421875,-258.6000061035156,123.65625762939453,-47.04375076293945
1773049253727882200,95.20688232421875,-258.4125061035156,123.88125610351562,-47.10000228881836
1773049253737882400,95.21688232421874,-258.45001220703125,123.78750610351562,-46.85625076293945
1773049253747882200,95.22688232421875,-258.07501220703125,123.93750762939453,-46.462501525878906
1773049253757882400,95.23688232421875,-258.2437744140625,123.88125610351562,-46.61250305175781
1773049253767882200,95.24688232421875,-258.26251220703125,123.8062515258789,-46.57500076293945
1773049253777882400,95.25688232421875,-258.2250061035156,123.56250762939453,-46.59375
1773049253787882200,95.26688232421876,-258.4875183105469,123.58125305175781,-46.837501525878906
1773049253797882400,95.27688232421875,-258.5812683105469,123.67500305175781,-46.81875228881836
1773049253807882200,95.28688232421875,-258.5625,123.45000457763672,-46.650001525878906
1773049253817882400,95.29688232421876,-258.5625,123.26250457763672,-46.91250228881836
1773049253827882200,95.30688232421875,-258.7125244140625,122.7750015258789,-47.025001525878906
1773049253837882400,95.31688232421875,-258.7875061035156,122.73750305175781,-46.89375305175781
1773049253847882200,95.32688232421874,-258.73126220703125,122.81250762939453,-46.91250228881836
1773049253857882400,95.33688232421875,-258.7687683105469,122.45625305175781,-47.15625
1773049253867882200,95.34688232421875,-258.4312744140625,121.95000457763672,-47.00625228881836
1773049253877882400,95.35688232421874,-258.1875,121.72500610351562,-46.81875228881836
1773049253887882200,95.36688232421875,-258.3375244140625,121.63125610351562,-46.96875
1773049253897882400,95.37688232421876,-258.3937683105469,121.76250457763672,-46.6875
1773049253907882200,95.38688232421875,-257.9250183105469,121.72500610351562,-46.72500228881836
1773049253917882400,95.39688232421875,-257.90625,121.6500015258789,-46.57500076293945
1773049253927882200,95.40688232421876,-258,121.51875305175781,-46.5
1773049253937882400,95.41688232421875,-257.8125,121.81875610351562,-46.14375305175781
1773049253947882200,95.42688232421875,-257.8500061035156,121.81875610351562,-46.275001525878906
1773049253957882400,95.43688232421874,-257.8687744140625,121.76250457763672,-46.181251525878906
1773049253967882200,95.44688232421875,-257.5875244140625,121.85625457763672,-45.9375
1773049253977882400,95.45688232421875,-257.6437683105469,121.66875457763672,-46.06875228881836
1773049253987882200,95.46688232421874,-257.7562561035156,121.8375015258789,-46.20000076293945
1773049253997882400,95.47688232421875,-257.5875244140625,121.8375015258789,-46.51875305175781
1773049254007882200,95.48688232421875,-257.7375183105469,121.6500015258789,-46.61250305175781
1773049254017882400,95.49688232421875,-257.8687744140625,121.59375762939453,-46.61250305175781
1773049254027882200,95.50688232421875,-257.8687744140625,121.85625457763672,-46.462501525878906
1773049254037882400,95.51688232421876,-258,121.76250457763672,-46.51875305175781
1773049254047882200,95.52688232421875,-258.3187561035156,121.72500610351562,-46.61250305175781
1773049254057882400,95.53688232421875,-258.26251220703125,121.91250610351562,-46.29375076293945
1773049254067882200,95.54688232421876,-258.28125,121.8375015258789,-46.23750305175781
1773049254077882400,95.55688232421875,-258.1125183105469,121.9312515258789,-46.10625076293945
1773049254087882200,95.56688232421875,-258.1312561035156,122.15625762939453,-45.76875305175781
1773049254097882400,95.57688232421874,-258.1875,122.15625762939453,-45.806251525878906
1773049254107882200,95.58688232421875,-258.2250061035156,121.70625305175781,-46.03125
1773049254117882400,95.59688232421875,-258.3375244140625,121.91250610351562,-46.20000076293945
1773049254127882200,95.60688232421874,-258.5250244140625,121.85625457763672,-46.125
1773049254137882400,95.61688232421875,-258.46875,121.7437515258789,-46.275001525878906
1773049254147882200,95.62688232421876,-258.63751220703125,121.7437515258789,-46.275001525878906
1773049254157882400,95.63688232421875,-259.0875244140625,121.7437515258789,-46.20000076293945
1773049254167882200,95.64688232421875,-259.2375183105469,121.87500762939453,-46.38750076293945
1773049254177882400,95.65688232421876,-259.3687744140625,121.8375015258789,-46.462501525878906
1773049254187882200,95.66688232421875,-259.4250183105469,122.28750610351562,-46.20000076293945
1773049254197882400,95.67688232421875,-259.5,122.17500305175781,-46.087501525878906
1773049254207882200,95.68688232421874,-259.20001220703125,122.06250762939453,-46.21875
1773049254217882400,95.69688232421875,-259.125,122.04375457763672,-46.20000076293945
1773049254227882200,95.70688232421875,-259.0500183105469,121.95000457763672,-46.125
1773049254237882400,95.71688232421874,-258.91876220703125,121.9312515258789,-46.05000305175781
1773049254247882200,95.72688232421875,-258.84375,121.87500762939453,-46.125
1773049254257882400,95.73688232421875,-258.9750061035156,122.04375457763672,-45.95625305175781
1773049254267882200,95.74688232421875,-258.84375,121.87500762939453,-45.900001525878906
1773049254277882400,95.75688232421875,-258.6187744140625,121.63125610351562,-45.69375228881836
1773049254287882200,95.76688232421876,-258.9562683105469,121.6500015258789,-45.73125076293945
1773049254297882400,95.77688232421875,-259.10626220703125,121.51875305175781,-45.73125076293945
1773049254307882200,95.78688232421875,-259.29376220703125,121.91250610351562,-45.67500305175781
1773049254317882400,95.79688232421876,-259.3125,121.70625305175781,-45.806251525878906
1773049254327882200,95.80688232421875,-259.21875,121.44375610351562,-45.73125076293945
1773049254337882400,95.81688232421875,-259.01251220703125,121.10625457763672,-45.806251525878906
1773049254347882200,95.82688232421874,-259.1625061035156,121.23750305175781,-45.95625305175781
1773049254357882400,95.83688232421875,-259.3312683105469,121.40625762939453,-46.01250076293945
1773049254367882200,95.84688232421875,-259.21875,121.25625610351562,-45.900001525878906
1773049254377882400,95.85688232421874,-259.20001220703125,121.31250762939453,-45.78750228881836
1773049254387882200,95.86688232421875,-259.21875,120.91875457763672,-45.54375076293945
1773049254397882400,95.87688232421876,-259.3125,120.9937515258789,-45.54375076293945
1773049254407882200,95.88688232421875,-259.2375183105469,120.97500610351562,-45.48750305175781
1773049254417882400,95.89688232421875,-259.2375183105469,120.78750610351562,-45.41250228881836
1773049254427882200,95.90688232421876,-259.20001220703125,120.41250610351562,-45.26250076293945
1773049254437882400,95.91688232421875,-259.10626220703125,120.3375015258789,-45.1875
1773049254447882200,95.92688232421875,-259.125,120.60000610351562,-45.13125228881836
1773049254457882400,95.93688232421874,-259.4250183105469,120.48750305175781,-45.41250228881836
1773049254467882200,95.94688232421875,-259.0500183105469,120.28125762939453,-45.525001525878906
1773049254477882400,95.95688232421875,-258.9375,120.09375762939453,-45.431251525878906
1773049254487882200,95.96688232421874,-259.29376220703125,120.30000305175781,-45.46875
1773049254497882400,95.97688232421875,-259.21875,120.60000610351562,-45.39375305175781
1773049254507882200,95.98688232421875,-259.20001220703125,120.6187515258789,-45.712501525878906
1773049254517882400,95.99688232421875,-259.20001220703125,120.46875762939453,-46.06875228881836
1773049254527882200,96.00688232421875,-259.03125,120.16875457763672,-46.125
1773049254537882400,96.01688232421876,-258.8062744140625,120.1500015258789,-45.86250305175781
1773049254547882200,96.02688232421875,-259.125,120.18750762939453,-45.9375
1773049254557882400,96.03688232421875,-259.0687561035156,120.30000305175781,-45.86250305175781
1773049254567882200,96.04688232421876,-258.6750183105469,119.66250610351562,-45.82500076293945
1773049254577882400,96.05688232421875,-258.84375,119.55000305175781,-45.60000228881836
1773049254587882200,96.06688232421875,-258.8062744140625,119.47500610351562,-45.375
1773049254597882400,96.07688232421874,-259.03125,119.36250305175781,-45.30000305175781
1773049254607882200,96.08688232421875,-258.84375,119.13750457763672,-45.26250076293945
1773049254617882400,96.09688232421875,-258.5812683105469,118.9312515258789,-45.150001525878906
1773049254627882200,96.10688232421874,-258.84375,118.96875762939453,-45.22500228881836
1773049254637882400,96.11688232421875,-258.8812561035156,118.44375610351562,-45.31875228881836
1773049254647882200,96.12688232421876,-259.0500183105469,118.5562515258789,-45.28125
1773049254657882400,96.13688232421875,-258.8062744140625,118.35000610351562,-45.45000076293945
1773049254667882200,96.14688232421875,-259.0687561035156,118.53750610351562,-45.375
1773049254677882400,96.15688232421876,-259.21875,118.51875305175781,-45.243751525878906
1773049254687882200,96.16688232421875,-259.5187683105469,118.78125762939453,-45.16875076293945
1773049254697882400,96.17688232421875,-259.5375061035156,118.68750762939453,-45.41250228881836
1773049254707882200,96.18688232421874,-259.1812744140625,118.59375762939453,-45.150001525878906
1773049254717882400,96.19688232421875,-259.38751220703125,118.98750305175781,-45.150001525878906
1773049254727882200,96.20688232421875,-259.3687744140625,118.98750305175781,-45.16875076293945
1773049254737882400,96.21688232421874,-259.1625061035156,118.89375305175781,-45.1875
1773049254747882200,96.22688232421875,-258.9750061035156,118.4625015258789,-45.16875076293945
1773049254757882400,96.23688232421875,-258.6750183105469,118.35000610351562,-45.31875228881836
1773049254767882200,96.24688232421875,-258.5812683105469,118.31250762939453,-45.11250305175781
1773049254777882400,96.25688232421875,-258.7125244140625,118.33125305175781,-44.94375228881836
1773049254787882200,96.26688232421876,-259.0500183105469,118.25625610351562,-45.11250305175781
1773049254797882400,96.27688232421875,-258.75,117.9000015258789,-45.056251525878906
1773049254807882200,96.28688232421875,-258.6750183105469,117.97500610351562,-44.90625
1773049254817882400,96.29688232421876,-259.0500183105469,118.01250457763672,-44.94375228881836
1773049254827882200,96.30688232421875,-259.0875244140625,117.93750762939453,-44.75625228881836
1773049254837882400,96.31688232421875,-258.8812561035156,117.97500610351562,-44.41875076293945
1773049254847882200,96.32688232421874,-258.84375,118.01250457763672,-44.41875076293945
1773049254857882400,96.33688232421875,-258.9562683105469,118.03125762939453,-44.400001525878906
1773049254867882200,96.34688232421875,-258.7125244140625,117.95625305175781,-44.4375
1773049254877882400,96.35688232421874,-259.0500183105469,118.1812515258789,-44.47500228881836
1773049254887882200,96.36688232421875,-259.125,118.10625457763672,-44.56875228881836
1773049254897882400,96.37688232421876,-259.3500061035156,118.12500762939453,-44.36250305175781
1773049254907882200,96.38688232421875,-259.57501220703125,118.3687515258789,-44.34375
1773049254917882400,96.39688232421875,-259.85626220703125,118.1812515258789,-44.400001525878906
1773049254927882200,96.40688232421876,-259.9875183105469,117.97500610351562,-44.32500076293945
1773049254937882400,96.41688232421875,-260.04376220703125,117.93750762939453,-44.306251525878906
1773049254947882200,96.42688232421875,-259.96875,117.69375610351562,-44.08125305175781
1773049254957882400,96.43688232421874,-259.7437744140625,117.54375457763672,-43.875
1773049254967882200,96.44688232421875,-259.7437744140625,117.41250610351562,-43.70625305175781
1773049254977882400,96.45688232421875,-259.6312561035156,117.20625305175781,-43.78125
1773049254987882200,96.46688232421874,-259.5375061035156,117.07500457763672,-43.837501525878906
1773049254997882400,96.47688232421875,-259.7437744140625,117.11250305175781,-43.70625305175781
1773049255007882200,96.48688232421875,-259.66876220703125,116.83125305175781,-43.743751525878906
1773049255017882400,96.49688232421875,-259.5562744140625,116.70000457763672,-43.556251525878906
1773049255027882200,96.50688232421875,-259.95001220703125,116.8687515258789,-43.57500076293945
1773049255037882400,96.51688232421876,-259.9875183105469,116.70000457763672,-43.38750076293945
1773049255047882200,96.52688232421875,-259.8375244140625,116.71875762939453,-43.40625
1773049255057882400,96.53688232421875,-259.6500244140625,116.83125305175781,-43.38750076293945
1773049255067882200,96.54688232421876,-259.85626220703125,116.60625457763672,-43.368751525878906
1773049255077882400,96.55688232421875,-259.59375,116.4000015258789,-43.57500076293945
1773049255087882200,96.56688232421875,-259.85626220703125,116.53125762939453,-43.63125228881836
1773049255097882400,96.57688232421874,-259.8000183105469,116.4937515258789,-43.38750076293945
1773049255107882200,96.58688232421875,-259.5562744140625,116.19375610351562,-43.44375228881836
1773049255117882400,96.59688232421875,-259.76251220703125,116.17500305175781,-43.462501525878906
1773049255127882200,96.60688232421874,-259.875,116.19375610351562,-43.368751525878906
1773049255137882400,96.61688232421875,-259.9125061035156,116.15625762939453,-43.368751525878906
1773049255147882200,96.62688232421876,-259.8375244140625,116.4000015258789,-43.368751525878906
1773049255157882400,96.63688232421875,-259.85626220703125,116.73750305175781,-43.125
1773049255167882200,96.64688232421875,-259.8375244140625,116.66250610351562,-43.16250228881836
1773049255177882400,96.65688232421876,-259.96875,116.26875305175781,-43.59375
1773049255187882200,96.66688232421875,-260.1187744140625,116.53125762939453,-43.556251525878906
1773049255197882400,96.67688232421875,-259.9312744140625,116.55000305175781,-43.72500228881836
1773049255207882200,96.68688232421874,-260.25,116.41875457763672,-43.81875228881836
1773049255217882400,96.69688232421875,-260.25,116.19375610351562,-43.72500228881836
1773049255227882200,96.70688232421875,-259.95001220703125,115.59375762939453,-43.70625305175781
1773049255237882400,96.71688232421874,-260.25,115.40625762939453,-43.837501525878906
1773049255247882200,96.72688232421875,-260.5875244140625,115.42500305175781,-43.743751525878906
1773049255257882400,96.73688232421875,-260.5687561035156,116.06250762939453,-43.72500228881836
1773049255267882200,96.74688232421875,-260.79376220703125,116.04375457763672,-43.78125
1773049255277882400,96.75688232421875,-260.88751220703125,115.78125762939453,-43.61250305175781
1773049255287882200,96.76688232421876,-260.6437683105469,115.76250457763672,-43.66875076293945
1773049255297882400,96.77688232421875,-260.53125,115.78125762939453,-43.48125076293945
1773049255307882200,96.78688232421875,-260.8312683105469,115.91250610351562,-43.33125305175781
1773049255317882400,96.79688232421876,-260.4937744140625,115.57500457763672,-43.20000076293945
1773049255327882200,96.80688232421875,-260.1000061035156,115.23750305175781,-43.20000076293945
1773049255337882400,96.81688232421875,-260.04376220703125,114.65625762939453,-43.21875
1773049255347882200,96.82688232421874,-259.57501220703125,114.56250762939453,-43.05000305175781
1773049255357882400,96.83688232421875,-259.57501220703125,114.48750305175781,-42.900001525878906
1773049255367882200,96.84688232421875,-259.59375,114.37500762939453,-42.78750228881836
1773049255377882400,96.85688232421874,-259.6500244140625,114.16875457763672,-43.01250076293945
1773049255387882200,96.86688232421875,-259.5562744140625,114.13125610351562,-43.087501525878906
1773049255397882400,96.87688232421876,-259.6500244140625,114.18750762939453,-42.86250305175781
1773049255407882200,96.88688232421875,-259.78125,114.46875762939453,-42.73125076293945
1773049255417882400,96.89688232421875,-259.95001220703125,114.56250762939453,-42.54375076293945
1773049255427882200,96.90688232421876,-260.1937561035156,114.46875762939453,-42.45000076293945
1773049255437882400,96.91688232421875,-260.15625,114.4312515258789,-42.54375076293945
1773049255447882200,96.92688232421875,-260.25,114.18750762939453,-42.46875
1773049255457882400,96.93688232421874,-260.2125244140625,114.22500610351562,-42.243751525878906
1773049255467882200,96.94688232421875,-260.13751220703125,114.30000305175781,-42.39375305175781
1773049255477882400,96.95688232421875,-260.2125244140625,114.26250457763672,-42.63750076293945
1773049255487882200,96.96688232421874,-260.23126220703125,114.01875305175781,-42.76875305175781
1773049255497882400,96.97688232421875,-260.0625,113.94375610351562,-42.60000228881836
1773049255507882200,96.98688232421875,-260.15625,113.51250457763672,-42.712501525878906
1773049255517882400,96.99688232421875,-260.2125244140625,113.5875015258789,-42.73125076293945
1773049255527882200,97.00688232421875,-260.1000061035156,113.6812515258789,-42.73125076293945
1773049255537882400,97.01688232421876,-260.25,113.79375457763672,-42.78750228881836
1773049255547882200,97.02688232421875,-260.1187744140625,113.60625457763672,-42.431251525878906
1773049255557882400,97.03688232421875,-260.1000061035156,113.55000305175781,-42.525001525878906
1773049255567882200,97.04688232421876,-259.8187561035156,113.43750762939453,-42.46875
1773049255577882400,97.05688232421875,-259.85626220703125,113.7750015258789,-42.48750305175781
1773049255587882200,97.06688232421875,-259.6125183105469,113.81250762939453,-42.20625305175781
1773049255597882400,97.07688232421874,-259.4437561035156,113.2125015258789,-42.150001525878906
1773049255607882200,97.08688232421875,-259.6875,112.66875457763672,-42.150001525878906
1773049255617882400,97.09688232421875,-259.5187683105469,111.95625305175781,-42
1773049255627882200,97.10688232421874,-259.66876220703125,111.4312515258789,-42.09375
1773049255637882400,97.11688232421875,-259.4625244140625,110.94375610351562,-41.75625228881836
1773049255647882200,97.12688232421876,-259.3125,110.56875610351562,-41.60625076293945
1773049255657882400,97.13688232421875,-259.1625061035156,109.57500457763672,-41.70000076293945
1773049255667882200,97.14688232421875,-259.1625061035156,109.42500305175781,-41.75625228881836
1773049255677882400,97.15688232421876,-259.125,109.38750457763672,-41.681251525878906
1773049255687882200,97.16688232421875,-258.7125244140625,109.38750457763672,-41.32500076293945
1773049255697882400,97.17688232421875,-258.8062744140625,109.3687515258789,-41.25
1773049255707882200,97.18688232421874,-258.6937561035156,109.48125457763672,-41.04375076293945
1773049255717882400,97.19688232421875,-258.7875061035156,109.38750457763672,-41.15625
1773049255727882200,97.20688232421875,-259.1437683105469,109.2750015258789,-41.23125076293945
1773049255737882400,97.21688232421874,-259.3687744140625,109.6500015258789,-41.10000228881836
1773049255747882200,97.22688232421875,-259.5,109.57500457763672,-41.13750076293945
1773049255757882400,97.23688232421875,-259.5,109.42500305175781,-41.118751525878906
1773049255767882200,97.24688232421875,-259.3500061035156,109.38750457763672,-41.23125076293945
1773049255777882400,97.25688232421875,-259.1437683105469,109.7437515258789,-41.10000228881836
1773049255787882200,97.26688232421876,-259.1812744140625,109.9312515258789,-40.89375305175781
1773049255797882400,97.27688232421875,-258.9562683105469,110.26875305175781,-40.63125228881836
1773049255807882200,97.28688232421875,-258.7875061035156,110.28750610351562,-40.61250305175781
1773049255817882400,97.29688232421876,-258.8625183105469,110.08125305175781,-40.63125228881836
1773049255827882200,97.30688232421875,-258.9000244140625,110.28750610351562,-40.59375
1773049255837882400,97.31688232421875,-259.01251220703125,110.53125762939453,-40.650001525878906
1773049255847882200,97.32688232421874,-259.29376220703125,111.0562515258789,-40.91250228881836
1773049255857882400,97.33688232421875,-259.3125,111.07500457763672,-41.15625
1773049255867882200,97.34688232421875,-259.1625061035156,110.88750457763672,-41.47500228881836
1773049255877882400,97.35688232421874,-259.1625061035156,110.9625015258789,-41.66250228881836
1773049255887882200,97.36688232421875,-259.1812744140625,111.4312515258789,-41.38125228881836
1773049255897882400,97.37688232421876,-258.7875061035156,111.82500457763672,-41.19375228881836
1773049255907882200,97.38688232421875,-258.5625,111.67500305175781,-41.34375
1773049255917882400,97.39688232421875,-258.6000061035156,111.9937515258789,-41.26875305175781
1773049255927882200,97.40688232421876,-258.65625,111.88125610351562,-40.96875
1773049255937882400,97.41688232421875,-258.9000244140625,112.25625610351562,-40.80000305175781
1773049255947882200,97.42688232421875,-259.125,112.4625015258789,-40.85625076293945
1773049255957882400,97.43688232421874,-259.20001220703125,112.29375457763672,-40.89375305175781
1773049255967882200,97.44688232421875,-259.21875,112.14375305175781,-40.95000076293945
1773049255977882400,97.45688232421875,-259.3687744140625,112.16250610351562,-41.025001525878906
1773049255987882200,97.46688232421874,-259.4250183105469,112.25625610351562,-41.00625228881836
1773049255997882400,97.47688232421875,-259.5375061035156,112.2750015258789,-41.10000228881836
1773049256007882200,97.48688232421875,-259.4437561035156,112.2750015258789,-41.10000228881836
1773049256017882400,97.49688232421875,-259.3125,111.91875457763672,-41.19375228881836
1773049256027882200,97.50688232421875,-259.1437683105469,112.21875762939453,-41.17500305175781
1773049256037882400,97.51688232421876,-259.1625061035156,112.3687515258789,-41.25
1773049256047882200,97.52688232421875,-259.0500183105469,112.3687515258789,-41.4375
1773049256057882400,97.53688232421875,-258.9375,112.23750305175781,-41.45625305175781
1773049256067882200,97.54688232421876,-258.8625183105469,112.35000610351562,-41.41875076293945
1773049256077882400,97.55688232421875,-258.63751220703125,112.21875762939453,-41.32500076293945
1773049256087882200,97.56688232421875,-258.7875061035156,112.14375305175781,-41.71875
1773049256097882400,97.57688232421874,-258.91876220703125,112.10625457763672,-41.71875
1773049256107882200,97.58688232421875,-259.29376220703125,111.78750610351562,-41.681251525878906
1773049256117882400,97.59688232421875,-259.21875,111.78750610351562,-41.41875076293945
1773049256127882200,97.60688232421874,-259.29376220703125,111.56250762939453,-41.55000305175781
1773049256137882400,97.61688232421875,-259.6500244140625,111.31875610351562,-41.75625228881836
1773049256147882200,97.62688232421876,-259.76251220703125,111.13125610351562,-41.79375076293945
1773049256157882400,97.63688232421875,-259.85626220703125,111.07500457763672,-41.868751525878906
1773049256167882200,97.64688232421875,-259.8375244140625,111.01875305175781,-41.587501525878906
1773049256177882400,97.65688232421876,-259.59375,110.73750305175781,-41.587501525878906
1773049256187882200,97.66688232421875,-259.5,110.70000457763672,-41.53125
1773049256197882400,97.67688232421875,-259.875,110.43750762939453,-41.73750305175781
1773049256207882200,97.68688232421874,-259.8937683105469,110.60625457763672,-41.587501525878906
1773049256217882400,97.69688232421875,-259.6312561035156,110.73750305175781,-41.32500076293945
1773049256227882200,97.70688232421875,-259.3687744140625,110.51250457763672,-41.15625
1773049256237882400,97.71688232421874,-259.40625,110.51250457763672,-41.15625
1773049256247882200,97.72688232421875,-259.40625,110.62500762939453,-41.23125076293945
1773049256257882400,97.73688232421875,-259.7062683105469,110.7750015258789,-41.28750228881836
1773049256267882200,97.74688232421875,-259.7062683105469,110.7750015258789,-41.28750228881836
1773049256277882400,97.75688232421875,-259.40625,110.60625457763672,-41.08125305175781
1773049256287882200,97.76688232421876,-259.3500061035156,110.4937515258789,-40.931251525878906
1773049256297882400,97.77688232421875,-259.48126220703125,110.64375305175781,-40.837501525878906
1773049256307882200,97.78688232421875,-259.59375,110.66250610351562,-40.78125
1773049256317882400,97.79688232421876,-259.4250183105469,110.62500762939453,-40.42500305175781
1773049256327882200,97.80688232421875,-259.5,110.34375762939453,-40.16250228881836
1773049256337882400,97.81688232421875,-259.3312683105469,110.55000305175781,-39.75
1773049256347882200,97.82688232421874,-259.125,110.56875610351562,-39.900001525878906
1773049256357882400,97.83688232421875,-259.0687561035156,110.6812515258789,-40.23750305175781
1773049256367882200,97.84688232421875,-259.2562561035156,110.8687515258789,-40.33125305175781
1773049256377882400,97.85688232421874,-259.1437683105469,110.60625457763672,-40.556251525878906
1773049256387882200,97.86688232421875,-259.29376220703125,111.11250305175781,-40.35000228881836
1773049256397882400,97.87688232421876,-259.5,110.94375610351562,-40.72500228881836
1773049256407882200,97.88688232421875,-259.5375061035156,111.11250305175781,-40.650001525878906
1773049256417882400,97.89688232421875,-259.7250061035156,110.90625762939453,-41.10000228881836
1773049256427882200,97.90688232421876,-259.8187561035156,111.20625305175781,-40.98750305175781
1773049256437882400,97.91688232421875,-259.8937683105469,111.6187515258789,-40.38750076293945
1773049256447882200,97.92688232421875,-259.8937683105469,111.63750457763672,-40.48125076293945
1773049256457882400,97.93688232421874,-260.0625,111.6187515258789,-40.66875076293945
1773049256467882200,97.94688232421875,-260.2687683105469,112.01250457763672,-41.00625228881836
1773049256477882400,97.95688232421875,-260.5500183105469,112.23750305175781,-41.10000228881836
1773049256487882200,97.96688232421874,-260.71875,112.29375457763672,-41.34375
1773049256497882400,97.97688232421875,-260.9437561035156,112.14375305175781,-41.28750228881836
1773049256507882200,97.98688232421875,-261.0375061035156,111.76875305175781,-41.25
1773049256517882400,97.99688232421875,-261.09375,111.6187515258789,-41.60625076293945
1773049256527882200,98.00688232421875,-261.0562744140625,111.5250015258789,-41.75625228881836
1773049256537882400,98.01688232421876,-261.1875,111.48750305175781,-41.587501525878906
1773049256547882200,98.02688232421875,-261.1875,110.64375305175781,-41.56875228881836
1773049256557882400,98.03688232421875,-260.9250183105469,110.6812515258789,-41.28750228881836
1773049256567882200,98.04688232421876,-260.71875,110.62500762939453,-41.118751525878906
1773049256577882400,98.05688232421875,-260.23126220703125,110.7750015258789,-40.931251525878906
1773049256587882200,98.06688232421875,-260.0812683105469,110.81250762939453,-40.76250076293945
1773049256597882400,98.07688232421874,-260.23126220703125,110.56875610351562,-40.57500076293945
1773049256607882200,98.08688232421875,-260.25,110.45625305175781,-40.35000228881836
1773049256617882400,98.09688232421875,-260.0812683105469,110.47500610351562,-40.20000076293945
1773049256627882200,98.10688232421874,-259.76251220703125,110.47500610351562,-40.087501525878906
1773049256637882400,98.11688232421875,-259.96875,110.19375610351562,-40.23750305175781
1773049256647882200,98.12688232421876,-259.5375061035156,110.2125015258789,-40.275001525878906
1773049256657882400,98.13688232421875,-259.6500244140625,110.23125457763672,-40.368751525878906
1773049256667882200,98.14688232421875,-259.4437561035156,110.2125015258789,-40.40625
1773049256677882400,98.15688232421876,-259.48126220703125,110.10000610351562,-40.57500076293945
1773049256687882200,98.16688232421875,-259.3500061035156,110.17500305175781,-40.44375228881836
1773049256697882400,98.17688232421875,-259.2750244140625,110.15625762939453,-40.368751525878906
1773049256707882200,98.18688232421874,-259.5562744140625,110.43750762939453,-40.33125305175781
1773049256717882400,98.19688232421875,-259.40625,110.43750762939453,-40.23750305175781
1773049256727882200,98.20688232421875,-259.9312744140625,110.41875457763672,-40.25625228881836
1773049256737882400,98.21688232421874,-260.0625,110.4937515258789,-39.91875076293945
1773049256747882200,98.22688232421875,-260.4375,110.60625457763672,-39.91875076293945
1773049256757882400,98.23688232421875,-260.3812561035156,110.9625015258789,-39.69375228881836
1773049256767882200,98.24688232421875,-260.3812561035156,111.01875305175781,-39.63750076293945
1773049256777882400,98.25688232421875,-260.41876220703125,111.18750762939453,-39.65625
1773049256787882200,98.26688232421876,-260.34375,111.18750762939453,-39.45000076293945
1773049256797882400,98.27688232421875,-260.3625183105469,111.18750762939453,-39.39375305175781
1773049256807882200,98.28688232421875,-260.15625,111.09375762939453,-39.28125
1773049256817882400,98.29688232421876,-260.15625,110.75625610351562,-39.46875
1773049256827882200,98.30688232421875,-259.875,110.75625610351562,-39.22500228881836
1773049256837882400,98.31688232421875,-259.66876220703125,110.4937515258789,-39.20625305175781
1773049256847882200,98.32688232421874,-259.78125,110.45625305175781,-39.1875
1773049256857882400,98.33688232421875,-259.6875,110.4000015258789,-39.337501525878906
1773049256867882200,98.34688232421875,-259.38751220703125,110.15625762939453,-39.63750076293945
1773049256877882400,98.35688232421874,-259.29376220703125,110.4000015258789,-39.54375076293945
1773049256887882200,98.36688232421875,-259.4625244140625,110.4000015258789,-39.46875
1773049256897882400,98.37688232421876,-259.4250183105469,110.66250610351562,-39.46875
1773049256907882200,98.38688232421875,-259.9125061035156,110.66250610351562,-39.58125305175781
1773049256917882400,98.39688232421875,-260.0625,110.79375457763672,-39.73125076293945
1773049256927882200,98.40688232421876,-259.96875,110.83125305175781,-39.525001525878906
1773049256937882400,98.41688232421875,-260.1000061035156,111.00000762939453,-39.22500228881836
1773049256947882200,98.42688232421875,-260.4000244140625,111.11250305175781,-39.07500076293945
1773049256957882400,98.43688232421874,-260.34375,110.85000610351562,-39.07500076293945
1773049256967882200,98.44688232421875,-260.1937561035156,110.8687515258789,-39.13125228881836
1773049256977882400,98.45688232421875,-260.23126220703125,111.07500457763672,-39.150001525878906
1773049256987882200,98.46688232421874,-259.9875183105469,110.92500305175781,-39.46875
1773049256997882400,98.47688232421875,-260.1937561035156,110.56875610351562,-39.618751525878906
1773049257007882200,98.48688232421875,-260.5687561035156,110.26875305175781,-39.78750228881836
1773049257017882400,98.49688232421875,-260.71875,110.0250015258789,-39.91875076293945
1773049257027882200,98.50688232421875,-261.0375061035156,109.96875762939453,-40.01250076293945
1773049257037882400,98.51688232421876,-261.16876220703125,110.1187515258789,-39.993751525878906
1773049257047882200,98.52688232421875,-261.26251220703125,109.9312515258789,-39.993751525878906
1773049257057882400,98.53688232421875,-261.35626220703125,109.40625762939453,-39.900001525878906
1773049257067882200,98.54688232421876,-261.5812683105469,109.63125610351562,-39.63750076293945
1773049257077882400,98.55688232421875,-261.6000061035156,110.10000610351562,-39.26250076293945
1773049257087882200,98.56688232421875,-261.2250061035156,109.96875762939453,-39.337501525878906
1773049257097882400,98.57688232421874,-261.1875,109.68750762939453,-39.45000076293945
1773049257107882200,98.58688232421875,-260.79376220703125,109.51875305175781,-39.39375305175781
1773049257117882400,98.59688232421875,-260.88751220703125,109.53750610351562,-39.31875228881836
1773049257127882200,98.60688232421874,-261.07501220703125,109.78125762939453,-39.31875228881836
1773049257137882400,98.61688232421875,-260.98126220703125,109.80000305175781,-39.39375305175781
1773049257147882200,98.62688232421876,-260.79376220703125,109.3687515258789,-39.30000305175781
1773049257157882400,98.63688232421875,-260.53125,109.23750305175781,-39.337501525878906
1773049257167882200,98.64688232421875,-260.70001220703125,109.66875457763672,-39.35625076293945
1773049257177882400,98.65688232421876,-260.6625061035156,109.95000457763672,-39.337501525878906
1773049257187882200,98.66688232421875,-260.8312683105469,109.95000457763672,-39.31875228881836
1773049257197882400,98.67688232421875,-260.9250183105469,109.66875457763672,-39.431251525878906
1773049257207882200,98.68688232421874,-260.90625,109.72500610351562,-39.30000305175781
1773049257217882400,98.69688232421875,-260.8500061035156,110.08125305175781,-39.07500076293945
1773049257227882200,98.70688232421875,-260.8500061035156,110.32500457763672,-39.337501525878906
1773049257237882400,98.71688232421874,-261.2250061035156,110.19375610351562,-39.337501525878906
1773049257247882200,98.72688232421875,-261.16876220703125,110.17500305175781,-39.30000305175781
1773049257257882400,98.73688232421875,-261.5062561035156,110.25000762939453,-39.150001525878906
1773049257267882200,98.74688232421875,-261.6000061035156,110.5875015258789,-39.03750228881836
1773049257277882400,98.75688232421875,-261.1875,110.51250457763672,-38.98125076293945
1773049257287882200,98.76688232421876,-261,110.08125305175781,-39.20625305175781
1773049257297882400,98.77688232421875,-260.8500061035156,109.8375015258789,-39.31875228881836
1773049257307882200,98.78688232421875,-261,109.8375015258789,-39.09375
1773049257317882400,98.79688232421876,-260.9250183105469,109.8375015258789,-39.056251525878906
1773049257327882200,98.80688232421875,-261.1312561035156,109.42500305175781,-39.07500076293945
1773049257337882400,98.81688232421875,-260.8312683105469,109.25625610351562,-39
1773049257347882200,98.82688232421874,-260.79376220703125,108.95625305175781,-38.98125076293945
1773049257357882400,98.83688232421875,-261.07501220703125,109.06875610351562,-39.07500076293945
1773049257367882200,98.84688232421875,-261.2437744140625,109.25625610351562,-38.92500305175781
1773049257377882400,98.85688232421874,-261.5625,109.05000305175781,-38.92500305175781
1773049257387882200,98.86688232421875,-261.5062561035156,109.03125762939453,-38.681251525878906
1773049257397882400,98.87688232421876,-261.0562744140625,108.97500610351562,-38.71875
1773049257407882200,98.88688232421875,-260.71875,109.14375305175781,-38.36250305175781
1773049257417882400,98.89688232421875,-260.7750244140625,108.9937515258789,-38.0625
1773049257427882200,98.90688232421876,-260.90625,109.0875015258789,-37.875
1773049257437882400,98.91688232421875,-260.70001220703125,109.51875305175781,-37.6875
1773049257447882200,98.92688232421875,-260.6437683105469,109.5562515258789,-37.80000305175781
1773049257457882400,98.93688232421874,-260.6437683105469,109.9312515258789,-37.40625
1773049257467882200,98.94688232421875,-260.71875,110.19375610351562,-37.48125076293945
1773049257477882400,98.95688232421875,-261.0562744140625,110.28750610351562,-37.368751525878906
1773049257487882200,98.96688232421874,-261.2062683105469,110.38125610351562,-37.61250305175781
1773049257497882400,98.97688232421875,-261.3375244140625,110.83125305175781,-37.85625076293945
1773049257507882200,98.98688232421875,-261.375,111.01875305175781,-37.89375305175781
1773049257517882400,98.99688232421875,-261.5062561035156,110.9625015258789,-37.80000305175781
1773049257527882200,99.00688232421875,-261.6187744140625,111.11250305175781,-37.57500076293945
1773049257537882400,99.01688232421876,-261.91876220703125,110.8687515258789,-38.118751525878906
1773049257547882200,99.02688232421875,-261.7125244140625,110.34375762939453,-38.26875305175781
1773049257557882400,99.03688232421875,-261.9937744140625,110.43750762939453,-38.493751525878906
1773049257567882200,99.04688232421876,-262.38751220703125,110.60625457763672,-38.587501525878906
1773049257577882400,99.05688232421875,-262.2375183105469,110.45625305175781,-38.66250228881836
1773049257587882200,99.06688232421875,-262.0687561035156,110.2125015258789,-38.70000076293945
1773049257597882400,99.07688232421874,-262.2562561035156,110.0250015258789,-38.83125305175781
1773049257607882200,99.08688232421875,-262.4437561035156,110.0250015258789,-38.88750076293945
1773049257617882400,99.09688232421875,-262.3500061035156,110.43750762939453,-38.4375
1773049257627882200,99.10688232421874,-262.59375,111.07500457763672,-38.26875305175781
1773049257637882400,99.11688232421875,-262.6875,111.01875305175781,-38.28750228881836
1773049257647882200,99.12688232421876,-262.4250183105469,110.60625457763672,-38.23125076293945
1773049257657882400,99.13688232421875,-262.3125,110.47500610351562,-38.13750076293945
1773049257667882200,99.14688232421875,-262.20001220703125,110.60625457763672,-38.08125305175781
1773049257677882400,99.15688232421876,-262.3500061035156,110.85000610351562,-37.875
1773049257687882200,99.16688232421875,-262.2562561035156,110.75625610351562,-37.78125
1773049257697882400,99.17688232421875,-262.125,110.36250305175781,-38.04375076293945
1773049257707882200,99.18688232421874,-262.1437683105469,110.2125015258789,-38.08125305175781
1773049257717882400,99.19688232421875,-261.7875061035156,110.23125457763672,-37.6875
1773049257727882200,99.20688232421875,-261.6750183105469,110.4000015258789,-37.6875
1773049257737882400,99.21688232421874,-261.9000244140625,110.43750762939453,-37.76250076293945
1773049257747882200,99.22688232421875,-261.7875061035156,110.34375762939453,-37.743751525878906
1773049257757882400,99.23688232421875,-261.2437744140625,110.10000610351562,-37.85625076293945
1773049257767882200,99.24688232421875,-261.26251220703125,110.34375762939453,-37.78125
1773049257777882400,99.25688232421875,-261.3187561035156,110.19375610351562,-37.875
1773049257787882200,99.26688232421876,-261.26251220703125,109.8375015258789,-38.08125305175781
1773049257797882400,99.27688232421875,-261.4312744140625,109.76250457763672,-38.25
1773049257807882200,99.28688232421875,-261.6187744140625,109.96875762939453,-38.08125305175781
1773049257817882400,99.29688232421876,-261.6937561035156,110.0250015258789,-37.89375305175781
1773049257827882200,99.30688232421875,-262.1812744140625,109.91250610351562,-38.13750076293945
1773049257837882400,99.31688232421875,-262.3500061035156,109.6500015258789,-38.23125076293945
1773049257847882200,99.32688232421874,-262.2375183105469,109.16250610351562,-38.26875305175781
1773049257857882400,99.33688232421875,-262.2375183105469,109.23750305175781,-38.10000228881836
1773049257867882200,99.34688232421875,-262.03125,109.2750015258789,-37.78125
1773049257877882400,99.35688232421874,-261.9000244140625,109.25625610351562,-37.72500228881836
1773049257887882200,99.36688232421875,-261.91876220703125,109.0875015258789,-37.462501525878906
1773049257897882400,99.37688232421876,-261.9562683105469,109.12500762939453,-37.72500228881836
1773049257907882200,99.38688232421875,-261.6187744140625,109.38750457763672,-37.51875305175781
1773049257917882400,99.39688232421875,-261.9562683105469,109.35000610351562,-37.556251525878906
1773049257927882200,99.40688232421876,-262.01251220703125,109.40625762939453,-37.61250305175781
1773049257937882400,99.41688232421875,-261.84375,109.4625015258789,-37.63125228881836
1773049257947882200,99.42688232421875,-262.03125,109.63125610351562,-37.6875
1773049257957882400,99.43688232421874,-262.3312683105469,109.50000762939453,-37.89375305175781
1773049257967882200,99.44688232421875,-262.1812744140625,109.0875015258789,-37.96875
1773049257977882400,99.45688232421875,-261.82501220703125,108.8062515258789,-37.70625305175781
1773049257987882200,99.46688232421874,-262.01251220703125,108.84375762939453,-37.556251525878906
1773049257997882400,99.47688232421875,-261.7687683105469,109.12500762939453,-37.40625
1773049258007882200,99.48688232421875,-261.73126220703125,109.20000457763672,-37.61250305175781
1773049258017882400,99.49688232421875,-261.8625183105469,109.05000305175781,-37.59375
1773049258027882200,99.50688232421875,-261.7687683105469,108.76875305175781,-37.44375228881836
1773049258037882400,99.51688232421876,-261.4125061035156,108.97500610351562,-37.125
1773049258047882200,99.52688232421875,-261.65625,109.50000762939453,-37.29375076293945
1773049258057882400,99.53688232421875,-261.91876220703125,109.51875305175781,-37.42500305175781
1773049258067882200,99.54688232421876,-262.0500183105469,109.20000457763672,-37.70625305175781
1773049258077882400,99.55688232421875,-262.01251220703125,109.21875762939453,-37.556251525878906
1773049258087882200,99.56688232421875,-262.10626220703125,109.38750457763672,-37.25625228881836
1773049258097882400,99.57688232421874,-262.1812744140625,109.85625457763672,-37.05000305175781
1773049258107882200,99.58688232421875,-262.4625244140625,109.6500015258789,-37.5
1773049258117882400,99.59688232421875,-262.6125183105469,109.2750015258789,-37.70625305175781
1773049258127882200,99.60688232421874,-262.5,109.23750305175781,-37.53750228881836
1773049258137882400,99.61688232421875,-262.59375,109.68750762939453,-37.23750305175781
1773049258147882200,99.62688232421876,-262.78125,110.1187515258789,-37.16250228881836
1773049258157882400,99.63688232421875,-263.3062744140625,109.98750305175781,-37.44375228881836
1773049258167882200,99.64688232421875,-263.4562683105469,109.68750762939453,-37.556251525878906
1773049258177882400,99.65688232421876,-263.15625,109.42500305175781,-37.63125228881836
1773049258187882200,99.66688232421875,-262.9875183105469,109.87500762939453,-37.23750305175781
1773049258197882400,99.67688232421875,-262.8937683105469,110.08125305175781,-36.84375
1773049258207882200,99.68688232421874,-262.9875183105469,109.91250610351562,-36.993751525878906
1773049258217882400,99.69688232421875,-263.0062561035156,109.42500305175781,-37.06875228881836
1773049258227882200,99.70688232421875,-262.85626220703125,109.16250610351562,-36.806251525878906
1773049258237882400,99.71688232421874,-262.5,109.3687515258789,-36.50625228881836
1773049258247882200,99.72688232421875,-262.57501220703125,109.3687515258789,-36.375
1773049258257882400,99.73688232421875,-262.95001220703125,109.42500305175781,-36.60000228881836
1773049258267882200,99.74688232421875,-262.9312744140625,109.06875610351562,-36.60000228881836
1773049258277882400,99.75688232421875,-263.1000061035156,109.06875610351562,-36.97500228881836
1773049258287882200,99.76688232421876,-263.1937561035156,109.25625610351562,-37.03125
1773049258297882400,99.77688232421875,-263.3625183105469,109.53750610351562,-37.40625
1773049258307882200,99.78688232421875,-263.51251220703125,109.48125457763672,-37.81875228881836
1773049258317882400,99.79688232421876,-263.8125,109.3687515258789,-38.10000228881836
1773049258327882200,99.80688232421875,-263.60626220703125,109.70625305175781,-38.28750228881836
1773049258337882400,99.81688232421875,-263.8687744140625,110.00625610351562,-38.26875305175781
1773049258347882200,99.82688232421874,-264.4312744140625,110.43750762939453,-38.587501525878906
1773049258357882400,99.83688232421875,-264.84375,110.53125762939453,-38.88750076293945
1773049258367882200,99.84688232421875,-264.9375,110.25000762939453,-38.8125
1773049258377882400,99.85688232421874,-264.9562683105469,110.3062515258789,-38.70000076293945
1773049258387882200,99.86688232421875,-264.82501220703125,110.62500762939453,-38.587501525878906
1773049258397882400,99.87688232421876,-264.6187744140625,110.41875457763672,-38.55000305175781
1773049258407882200,99.88688232421875,-264.5625,110.1187515258789,-38.587501525878906
1773049258417882400,99.89688232421875,-264.45001220703125,109.8375015258789,-38.60625076293945
1773049258427882200,99.90688232421876,-264.0562744140625,109.78125762939453,-38.15625
1773049258437882400,99.91688232421875,-263.6625061035156,109.44375610351562,-37.80000305175781
1773049258447882200,99.92688232421875,-263.7750244140625,109.42500305175781,-38.04375076293945
1773049258457882400,99.93688232421874,-263.6625061035156,108.95625305175781,-37.95000076293945
1773049258467882200,99.94688232421875,-263.2875061035156,108.56250762939453,-37.5
1773049258477882400,99.95688232421875,-263.2875061035156,108.67500305175781,-37.29375076293945
1773049258487882200,99.96688232421874,-263.41876220703125,108.6187515258789,-37.3125
1773049258497882400,99.97688232421875,-263.2875061035156,108.5250015258789,-37.42500305175781
1773049258507882200,99.98688232421875,-263.0250244140625,108.18750762939453,-37.81875228881836
1773049258517882400,99.99688232421875,-262.95001220703125,108.45000457763672,-38.08125305175781
1773049258527882200,100.00688232421875,-262.6875,108.58125305175781,-37.63125228881836
1773049258537882400,100.01688232421876,-262.5562744140625,108.7125015258789,-37.368751525878906
1773049258547882200,100.02688232421875,-262.8937683105469,108.67500305175781,-37.61250305175781
1773049258557882400,100.03688232421875,-262.9125061035156,108.46875762939453,-37.53750228881836
1773049258567882200,100.04688232421876,-262.8375244140625,108.7125015258789,-37.20000076293945
1773049258577882400,100.05688232421875,-262.875,108.60000610351562,-36.78750228881836
1773049258587882200,100.06688232421875,-262.9312744140625,108.82500457763672,-36.35625076293945
1773049258597882400,100.07688232421874,-262.9312744140625,108.69375610351562,-36.07500076293945
1773049258607882200,100.08688232421875,-262.96875,108.69375610351562,-36.07500076293945
1773049258617882400,100.09688232421875,-262.8375244140625,109.03125762939453,-36.337501525878906
1773049258627882200,100.10688232421874,-262.8375244140625,108.93750762939453,-36.35625076293945
1773049258637882400,100.11688232421875,-262.7250061035156,108.91875457763672,-36.50625228881836
1773049258647882200,100.12688232421876,-262.7062683105469,108.56250762939453,-36.54375076293945
1773049258657882400,100.13688232421875,-262.66876220703125,108.8062515258789,-36.54375076293945
1773049258667882200,100.14688232421875,-262.78125,108.76875305175781,-36.78750228881836
1773049258677882400,100.15688232421876,-262.8937683105469,108.86250305175781,-36.73125076293945
1773049258687882200,100.16688232421875,-262.78125,108.76875305175781,-36.97500228881836
1773049258697882400,100.17688232421875,-262.875,108.20625305175781,-36.9375
1773049258707882200,100.18688232421874,-262.6500244140625,108.5250015258789,-36.806251525878906
1773049258717882400,100.19688232421875,-262.4437561035156,108.8062515258789,-36.73125076293945
1773049258727882200,100.20688232421875,-262.5375061035156,109.14375305175781,-36.84375
1773049258737882400,100.21688232421874,-262.38751220703125,108.67500305175781,-36.76875305175781
1773049258747882200,100.22688232421875,-262.59375,108.54375457763672,-36.75
1773049258757882400,100.23688232421875,-262.57501220703125,108.45000457763672,-36.67500305175781
1773049258767882200,100.24688232421875,-262.48126220703125,108.01875305175781,-36.712501525878906
1773049258777882400,100.25688232421875,-262.3312683105469,108.07500457763672,-36.76875305175781
1773049258787882200,100.26688232421876,-262.3500061035156,107.81250762939453,-36.82500076293945
1773049258797882400,100.27688232421875,-262.6312561035156,107.51250457763672,-36.900001525878906
1773049258807882200,100.28688232421875,-262.6312561035156,107.38125610351562,-36.84375
1773049258817882400,100.29688232421876,-262.59375,107.6812515258789,-36.97500228881836
1773049258827882200,100.30688232421875,-262.3687744140625,107.73750305175781,-36.76875305175781
1773049258837882400,100.31688232421875,-262.3312683105469,107.47500610351562,-36.91875076293945
1773049258847882200,100.32688232421874,-262.66876220703125,107.64375305175781,-36.67500305175781
1773049258857882400,100.33688232421875,-262.875,107.71875762939453,-36.75
1773049258867882200,100.34688232421875,-263.1187744140625,107.90625762939453,-36.76875305175781
1773049258877882400,100.35688232421874,-262.9312744140625,107.94375610351562,-36.618751525878906
1773049258887882200,100.36688232421875,-262.96875,107.81250762939453,-36.60000228881836
1773049258897882400,100.37688232421876,-263.04376220703125,107.4937515258789,-36.73125076293945
1773049258907882200,100.38688232421875,-263.1937561035156,107.56875610351562,-36.806251525878906
1773049258917882400,100.39688232421875,-263.4375,107.81250762939453,-36.67500305175781
1773049258927882200,100.40688232421876,-263.1750183105469,108.07500457763672,-36.76875305175781
1773049258937882400,100.41688232421875,-263.23126220703125,107.94375610351562,-36.5625
1773049258947882200,100.42688232421875,-263.0062561035156,107.71875762939453,-36.30000305175781
1773049258957882400,100.43688232421874,-263.25,107.98125457763672,-36.431251525878906
1773049258967882200,100.44688232421875,-262.96875,107.70000457763672,-36.45000076293945
1773049258977882400,100.45688232421875,-263.2125244140625,107.88750457763672,-36.28125
1773049258987882200,100.46688232421874,-263.0812683105469,107.4000015258789,-36.375
1773049258997882400,100.47688232421875,-263.04376220703125,107.47500610351562,-36.48750305175781
1773049259007882200,100.48688232421875,-263.15625,107.53125762939453,-36.31875228881836
1773049259017882400,100.49688232421875,-262.96875,107.8687515258789,-36.150001525878906
1773049259027882200,100.50688232421875,-263.15625,107.83125305175781,-36.31875228881836
1773049259037882400,100.51688232421876,-263.0625,107.41875457763672,-36.11250305175781
1773049259047882200,100.52688232421875,-263.7562561035156,107.9625015258789,-35.962501525878906
1773049259057882400,100.53688232421875,-263.7375183105469,108.54375457763672,-35.868751525878906
1773049259067882200,100.54688232421876,-263.8687744140625,109.14375305175781,-35.79375076293945
1773049259077882400,100.55688232421875,-263.6812744140625,108.95625305175781,-35.41875076293945
1773049259087882200,100.56688232421875,-263.9437561035156,108.95625305175781,-35.38125228881836
1773049259097882400,100.57688232421874,-264.3375244140625,108.84375762939453,-35.400001525878906
1773049259107882200,100.58688232421875,-264.35626220703125,109.23750305175781,-35.34375
1773049259117882400,100.59688232421875,-264.4875183105469,109.31250762939453,-35.45625305175781
1773049259127882200,100.60688232421874,-264.1875,108.82500457763672,-35.60625076293945
1773049259137882400,100.61688232421875,-264.46875,108.03750610351562,-35.587501525878906
1773049259147882200,100.62688232421876,-264.82501220703125,107.81250762939453,-35.38125228881836
1773049259157882400,100.63688232421875,-265.0500183105469,108.07500457763672,-35.8125
1773049259167882200,100.64688232421875,-264.8625183105469,107.75625610351562,-35.73750305175781
1773049259177882400,100.65688232421876,-264.7687683105469,107.1187515258789,-35.56875228881836
1773049259187882200,100.66688232421875,-264.75,106.38750457763672,-35.60625076293945
1773049259197882400,100.67688232421875,-265.03125,106.4625015258789,-35.38125228881836
1773049259207882200,100.68688232421874,-264.6937561035156,106.38750457763672,-35.25
1773049259217882400,100.69688232421875,-264.16876220703125,106.21875762939453,-35.306251525878906
1773049259227882200,100.70688232421875,-263.9437561035156,105.95625305175781,-35.34375
1773049259237882400,100.71688232421874,-263.60626220703125,105.7125015258789,-34.95000076293945
1773049259247882200,100.72688232421875,-263.60626220703125,105.9000015258789,-34.81875228881836
1773049259257882400,100.73688232421875,-263.6437683105469,106.51875305175781,-34.80000305175781
1773049259267882200,100.74688232421875,-263.6812744140625,106.66875457763672,-34.95000076293945
1773049259277882400,100.75688232421875,-263.25,106.2750015258789,-35.0625
1773049259287882200,100.76688232421876,-263.0250244140625,106.50000762939453,-34.78125
1773049259297882400,100.77688232421875,-263.0250244140625,106.78125762939453,-34.81875228881836
1773049259307882200,100.78688232421875,-262.78125,106.70625305175781,-34.72500228881836
1773049259317882400,100.79688232421876,-262.8000183105469,106.6500015258789,-34.59375
1773049259327882200,100.80688232421875,-262.57501220703125,106.33125305175781,-34.98750305175781
1773049259337882400,100.81688232421875,-262.4250183105469,106.25625610351562,-34.89375305175781
1773049259347882200,100.82688232421874,-262.57501220703125,106.57500457763672,-34.6875
1773049259357882400,100.83688232421875,-262.5,106.66875457763672,-34.61250305175781
1773049259367882200,100.84688232421875,-263.04376220703125,106.3687515258789,-34.81875228881836
1773049259377882400,100.85688232421874,-262.9312744140625,106.0875015258789,-34.61250305175781
1773049259387882200,100.86688232421875,-263.1187744140625,106.25625610351562,-34.556251525878906
1773049259397882400,100.87688232421876,-263.2125244140625,106.33125305175781,-34.57500076293945
1773049259407882200,100.88688232421875,-263.4000244140625,106.23750305175781,-34.368751525878906
1773049259417882400,100.89688232421875,-263.3062744140625,105.93750762939453,-34.53750228881836
1773049259427882200,100.90688232421876,-262.96875,105.58125305175781,-34.3125
1773049259437882400,100.91688232421875,-263.1937561035156,105.9000015258789,-34.10625076293945
1773049259447882200,100.92688232421875,-262.9125061035156,106.12500762939453,-34.087501525878906
1773049259457882400,100.93688232421874,-263.0062561035156,106.14375305175781,-34.368751525878906
1773049259467882200,100.94688232421875,-262.9312744140625,106.06875610351562,-34.40625
1773049259477882400,100.95688232421875,-262.8187561035156,105.95625305175781,-34.42500305175781
1773049259487882200,100.96688232421874,-262.7062683105469,106.35000610351562,-34.21875
1773049259497882400,100.97688232421875,-262.875,106.35000610351562,-34.125
1773049259507882200,100.98688232421875,-262.8000183105469,106.40625762939453,-34.40625
1773049259517882400,100.99688232421875,-262.5,106.23750305175781,-34.33125305175781
1773049259527882200,101.00688232421875,-262.38751220703125,106.33125305175781,-34.087501525878906
1773049259537882400,101.01688232421876,-262.5562744140625,106.53750610351562,-33.5625
1773049259547882200,101.02688232421875,-262.4625244140625,106.51875305175781,-33.76875305175781
1773049259557882400,101.03688232421875,-262.7437744140625,106.4625015258789,-33.82500076293945
1773049259567882200,101.04688232421876,-262.8375244140625,106.44375610351562,-33.84375
1773049259577882400,101.05688232421875,-262.8375244140625,106.68750762939453,-34.087501525878906
1773049259587882200,101.06688232421875,-263.23126220703125,106.9312515258789,-33.82500076293945
1773049259597882400,101.07688232421874,-263.4000244140625,106.72500610351562,-34.06875228881836
1773049259607882200,101.08688232421875,-263.4562683105469,106.7437515258789,-34.087501525878906
1773049259617882400,101.09688232421875,-263.4000244140625,107.10000610351562,-34.21875
1773049259627882200,101.10688232421874,-263.4375,107.1187515258789,-33.84375
1773049259637882400,101.11688232421875,-263.3625183105469,107.13750457763672,-33.73125076293945
1773049259647882200,101.12688232421876,-263.34375,106.91250610351562,-33.65625
1773049259657882400,101.13688232421875,-263.3062744140625,106.68750762939453,-33.337501525878906
1773049259667882200,101.14688232421875,-262.95001220703125,106.80000305175781,-33.20625305175781
1773049259677882400,101.15688232421876,-262.96875,106.81875610351562,-33.1875
1773049259687882200,101.16688232421875,-262.96875,106.40625762939453,-33.11250305175781
1773049259697882400,101.17688232421875,-262.66876220703125,105.9000015258789,-33.243751525878906
1773049259707882200,101.18688232421874,-262.7062683105469,105.93750762939453,-33.35625076293945
1773049259717882400,101.19688232421875,-262.76251220703125,105.84375762939453,-33.337501525878906
1773049259727882200,101.20688232421875,-262.57501220703125,105.73125457763672,-33.375
1773049259737882400,101.21688232421874,-262.57501220703125,105.84375762939453,-33.375
1773049259747882200,101.22688232421875,-262.66876220703125,105.5250015258789,-33.50625228881836
1773049259757882400,101.23688232421875,-262.40625,105.45000457763672,-33.525001525878906
1773049259767882200,101.24688232421875,-262.3687744140625,105.60000610351562,-33.65625
1773049259777882400,101.25688232421875,-262.4625244140625,105.48750305175781,-33.375
1773049259787882200,101.26688232421876,-262.2375183105469,105.41250610351562,-33.431251525878906
1773049259797882400,101.27688232421875,-262.01251220703125,105.6187515258789,-33.41250228881836
1773049259807882200,101.28688232421875,-262.10626220703125,105.84375762939453,-33.48750305175781
1773049259817882400,101.29688232421876,-262.0875244140625,105.67500305175781,-33.525001525878906
1773049259827882200,101.30688232421875,-262.1812744140625,105.67500305175781,-33.46875
1773049259837882400,101.31688232421875,-262.57501220703125,105.73125457763672,-33.525001525878906
1773049259847882200,101.32688232421874,-262.8187561035156,105.84375762939453,-33.431251525878906
1773049259857882400,101.33688232421875,-262.875,106.0875015258789,-33.58125305175781
1773049259867882200,101.34688232421875,-262.95001220703125,105.9937515258789,-33.5625
1773049259877882400,101.35688232421874,-263.13751220703125,105.86250305175781,-33.73125076293945
1773049259887882200,101.36688232421875,-263.1000061035156,105.97500610351562,-33.712501525878906
1773049259897882400,101.37688232421876,-262.85626220703125,106.16250610351562,-33.73125076293945
1773049259907882200,101.38688232421875,-262.5,106.21875762939453,-33.76875305175781
1773049259917882400,101.39688232421875,-262.0500183105469,106.2750015258789,-33.28125
1773049259927882200,101.40688232421876,-261.84375,106.21875762939453,-33.337501525878906
1773049259937882400,101.41688232421875,-261.9375,106.21875762939453,-33.337501525878906
1773049259947882200,101.42688232421875,-261.8062744140625,106.01250457763672,-33.243751525878906
1773049259957882400,101.43688232421874,-261.6187744140625,105.88125610351562,-33.13125228881836
1773049259967882200,101.44688232421875,-261.6937561035156,105.78750610351562,-33.01875305175781
1773049259977882400,101.45688232421875,-261.91876220703125,105.76875305175781,-32.92500305175781
1773049259987882200,101.46688232421874,-261.8062744140625,105.78750610351562,-32.79375076293945
1773049259997882400,101.47688232421875,-262.03125,105.69375610351562,-33.16875076293945
1773049260007882200,101.48688232421875,-262.1625061035156,105.63750457763672,-33.26250076293945
1773049260017882400,101.49688232421875,-262.1812744140625,105.6187515258789,-33.39375305175781
1773049260027882200,101.50688232421875,-262.3312683105469,106.0875015258789,-33.431251525878906
1773049260037882400,101.51688232421876,-262.66876220703125,106.1812515258789,-33.5625
1773049260047882200,101.52688232421875,-262.6500244140625,106.05000305175781,-33.54375076293945
1773049260057882400,101.53688232421875,-262.8000183105469,105.91875457763672,-33.58125305175781
1773049260067882200,101.54688232421876,-263.1750183105469,105.9000015258789,-33.712501525878906
1773049260077882400,101.55688232421875,-263.25,105.93750762939453,-33.69375228881836
1773049260087882200,101.56688232421875,-263.41876220703125,105.93750762939453,-33.73125076293945
1773049260097882400,101.57688232421874,-263.4750061035156,106.06875610351562,-33.60000228881836
1773049260107882200,101.58688232421875,-263.5687561035156,106.23750305175781,-33.41250228881836
1773049260117882400,101.59688232421875,-263.34375,106.53750610351562,-33.375
1773049260127882200,101.60688232421874,-263.6812744140625,106.8375015258789,-33.65625
1773049260137882400,101.61688232421875,-263.7375183105469,107.23125457763672,-33.525001525878906
1773049260147882200,101.62688232421876,-264,107.43750762939453,-33.50625228881836
1773049260157882400,101.63688232421875,-264.3000183105469,107.70000457763672,-33.525001525878906
1773049260167882200,101.64688232421875,-264.2437744140625,107.85000610351562,-33.46875
1773049260177882400,101.65688232421876,-264.1875,107.81250762939453,-33.39375305175781
1773049260187882200,101.66688232421875,-264.28125,107.73750305175781,-33.76875305175781
1773049260197882400,101.67688232421875,-264.09375,107.56875610351562,-33.67500305175781
1773049260207882200,101.68688232421874,-264,107.47500610351562,-33.5625
1773049260217882400,101.69688232421875,-264.0187683105469,107.34375762939453,-33.900001525878906
1773049260227882200,101.70688232421875,-263.9437561035156,107.32500457763672,-34.05000305175781
1773049260237882400,101.71688232421874,-263.9250183105469,107.45625305175781,-33.91875076293945
1773049260247882200,101.72688232421875,-264.0375061035156,107.53125762939453,-34.01250076293945
1773049260257882400,101.73688232421875,-263.88751220703125,107.32500457763672,-34.125
1773049260267882200,101.74688232421875,-264.1312561035156,107.08125305175781,-33.86250305175781
1773049260277882400,101.75688232421875,-264.1500244140625,107.1187515258789,-33.73125076293945
1773049260287882200,101.76688232421876,-264.09375,107.04375457763672,-33.65625
1773049260297882400,101.77688232421875,-264,106.91250610351562,-33.375
1773049260307882200,101.78688232421875,-263.9437561035156,106.85625457763672,-33.13125228881836
1773049260317882400,101.79688232421876,-263.5500183105469,106.51875305175781,-33.09375
1773049260327882200,101.80688232421875,-263.3062744140625,106.29375457763672,-32.79375076293945
1773049260337882400,101.81688232421875,-263.2687683105469,106.12500762939453,-32.53125
1773049260347882200,101.82688232421874,-263.1187744140625,106.20000457763672,-32.64375305175781
1773049260357882400,101.83688232421875,-263.4000244140625,105.93750762939453,-32.66250228881836
1773049260367882200,101.84688232421875,-263.2875061035156,106.01250457763672,-32.51250076293945
1773049260377882400,101.85688232421874,-263.4000244140625,105.9000015258789,-32.56875228881836
1773049260387882200,101.86688232421875,-263.4937744140625,105.78750610351562,-32.60625076293945
1773049260397882400,101.87688232421876,-263.7562561035156,105.7125015258789,-32.64375305175781
1773049260407882200,101.88688232421875,-263.71875,105.76875305175781,-32.79375076293945
1773049260417882400,101.89688232421875,-263.9625244140625,105.78750610351562,-32.98125076293945
1773049260427882200,101.90688232421876,-263.90625,105.50625610351562,-32.98125076293945
1773049260437882400,101.91688232421875,-263.53125,105.50625610351562,-32.962501525878906
1773049260447882200,101.92688232421875,-263.53125,105.54375457763672,-33.01875305175781
1773049260457882400,101.93688232421874,-263.23126220703125,105.84375762939453,-32.92500305175781
1773049260467882200,101.94688232421875,-263.0625,105.78750610351562,-32.92500305175781
1773049260477882400,101.95688232421875,-262.9125061035156,105.93750762939453,-33.03750228881836
1773049260487882200,101.96688232421874,-262.95001220703125,106.03125762939453,-32.681251525878906
1773049260497882400,101.97688232421875,-262.8000183105469,106.16250610351562,-32.75625228881836
1773049260507882200,101.98688232421875,-262.5,106.44375610351562,-32.71875
1773049260517882400,101.99688232421875,-262.78125,106.33125305175781,-32.79375076293945
1773049260527882200,102.00688232421875,-262.8375244140625,105.9937515258789,-32.83125305175781
1773049260537882400,102.01688232421876,-263.0625,105.75000762939453,-33.11250305175781
1773049260547882200,102.02688232421875,-262.9875183105469,105.41250610351562,-33.16875076293945
1773049260557882400,102.03688232421875,-263.0250244140625,105.31875610351562,-33.01875305175781
1773049260567882200,102.04688232421876,-263.1750183105469,105.07500457763672,-33.50625228881836
1773049260577882400,102.05688232421875,-263.15625,105.03750610351562,-33.618751525878906
1773049260587882200,102.06688232421875,-263.13751220703125,105.11250305175781,-33.525001525878906
1773049260597882400,102.07688232421874,-263.0812683105469,105.39375305175781,-33.50625228881836
1773049260607882200,102.08688232421875,-263.04376220703125,105.39375305175781,-33.618751525878906
1773049260617882400,102.09688232421875,-262.7250061035156,105.20625305175781,-33.48750305175781
1773049260627882200,102.10688232421874,-262.95001220703125,105.2437515258789,-33.48750305175781
1773049260637882400,102.11688232421875,-262.9125061035156,105.26250457763672,-33.28125
1773049260647882200,102.12688232421876,-262.76251220703125,105.31875610351562,-33.13125228881836
1773049260657882400,102.13688232421875,-262.95001220703125,105.56250762939453,-32.83125305175781
1773049260667882200,102.14688232421875,-263.25,105.28125762939453,-32.92500305175781
1773049260677882400,102.15688232421876,-263.4000244140625,105.26250457763672,-32.85000228881836
1773049260687882200,102.16688232421875,-263.5500183105469,105.31875610351562,-32.88750076293945
1773049260697882400,102.17688232421875,-263.8125,105.46875762939453,-32.83125305175781
1773049260707882200,102.18688232421874,-263.53125,105.5250015258789,-32.625
1773049260717882400,102.19688232421875,-263.6625061035156,105.63750457763672,-32.8125
1773049260727882200,102.20688232421875,-263.90625,105.86250305175781,-32.625
1773049260737882400,102.21688232421874,-263.79376220703125,105.5250015258789,-32.493751525878906
1773049260747882200,102.22688232421875,-263.51251220703125,105.58125305175781,-32.45625305175781
1773049260757882400,102.23688232421875,-263.41876220703125,105.45000457763672,-32.45625305175781
1773049260767882200,102.24688232421875,-263.13751220703125,105.50625610351562,-32.25
1773049260777882400,102.25688232421875,-263.13751220703125,105.6187515258789,-32.306251525878906
1773049260787882200,102.26688232421876,-263.15625,105.69375610351562,-32.55000305175781
1773049260797882400,102.27688232421875,-262.7250061035156,105.5250015258789,-32.587501525878906
1773049260807882200,102.28688232421875,-262.6125183105469,105.48750305175781,-32.88750076293945
1773049260817882400,102.29688232421876,-262.7062683105469,105.6187515258789,-33.11250305175781
1773049260827882200,102.30688232421875,-262.8937683105469,105.46875762939453,-33.30000305175781
1773049260837882400,102.31688232421875,-263.0250244140625,105.69375610351562,-33.31875228881836
1773049260847882200,102.32688232421874,-262.8937683105469,105.69375610351562,-33.41250228881836
1773049260857882400,102.33688232421875,-262.8000183105469,105.73125457763672,-33.35625076293945
1773049260867882200,102.34688232421875,-263.0625,105.78750610351562,-33.1875
1773049260877882400,102.35688232421874,-263.32501220703125,105.91875457763672,-33.39375305175781
1773049260887882200,102.36688232421875,-263.4750061035156,105.6187515258789,-33.150001525878906
1773049260897882400,102.37688232421876,-263.53125,105.65625762939453,-33.09375
1773049260907882200,102.38688232421875,-263.53125,105.78750610351562,-33.13125228881836
1773049260917882400,102.39688232421875,-263.1187744140625,105.56250762939453,-33.22500228881836
1773049260927882200,102.40688232421876,-263.23126220703125,105.58125305175781,-33.09375
1773049260937882400,102.41688232421875,-263.1937561035156,105.31875610351562,-32.94375228881836
1773049260947882200,102.42688232421875,-263.41876220703125,105.1500015258789,-32.962501525878906
1773049260957882400,102.43688232421874,-263.2875061035156,104.7750015258789,-32.75625228881836
1773049260967882200,102.44688232421875,-263.2125244140625,104.81250762939453,-32.94375228881836
1773049260977882400,102.45688232421875,-262.9125061035156,104.55000305175781,-32.868751525878906
1773049260987882200,102.46688232421874,-262.85626220703125,104.19375610351562,-32.64375305175781
1773049260997882400,102.47688232421875,-263.0812683105469,104.28750610351562,-32.4375
1773049261007882200,102.48688232421875,-263.32501220703125,104.38125610351562,-32.70000076293945
1773049261017882400,102.49688232421875,-263.25,104.36250305175781,-32.66250228881836
1773049261027882200,102.50688232421875,-262.7437744140625,104.51250457763672,-32.66250228881836
1773049261037882400,102.51688232421876,-262.9312744140625,104.6812515258789,-32.775001525878906
1773049261047882200,102.52688232421875,-262.85626220703125,104.51250457763672,-32.625
1773049261057882400,102.53688232421875,-262.8187561035156,104.51250457763672,-32.66250228881836
1773049261067882200,102.54688232421876,-262.8375244140625,104.83125305175781,-32.681251525878906
1773049261077882400,102.55688232421875,-262.7250061035156,104.83125305175781,-32.775001525878906
1773049261087882200,102.56688232421875,-262.3500061035156,104.5875015258789,-32.681251525878906
1773049261097882400,102.57688232421874,-262.5375061035156,104.5875015258789,-32.73750305175781
1773049261107882200,102.58688232421875,-262.66876220703125,104.64375305175781,-32.71875
1773049261117882400,102.59688232421875,-262.7437744140625,104.62500762939453,-32.85000228881836
1773049261127882200,102.60688232421874,-262.3500061035156,104.83125305175781,-32.70000076293945
1773049261137882400,102.61688232421875,-262.4625244140625,105.11250305175781,-32.681251525878906
1773049261147882200,102.62688232421876,-262.38751220703125,105.0562515258789,-32.681251525878906
1773049261157882400,102.63688232421875,-262.5562744140625,105.07500457763672,-32.88750076293945
1773049261167882200,102.64688232421875,-262.9125061035156,105.09375762939453,-32.98125076293945
1773049261177882400,102.65688232421876,-262.7062683105469,105.2437515258789,-33.03750228881836
1773049261187882200,102.66688232421875,-262.76251220703125,105.16875457763672,-33.243751525878906
1773049261197882400,102.67688232421875,-262.5375061035156,105.18750762939453,-32.92500305175781
1773049261207882200,102.68688232421874,-262.6500244140625,105.18750762939453,-33.01875305175781
1773049261217882400,102.69688232421875,-262.7437744140625,104.92500305175781,-33.150001525878906
1773049261227882200,102.70688232421875,-262.85626220703125,104.9625015258789,-33.13125228881836
1773049261237882400,102.71688232421874,-262.9312744140625,104.98125457763672,-32.868751525878906
1773049261247882200,102.72688232421875,-262.8187561035156,104.9625015258789,-32.70000076293945
1773049261257882400,102.73688232421875,-263.1937561035156,105.16875457763672,-32.70000076293945
1773049261267882200,102.74688232421875,-263.3812561035156,105.41250610351562,-32.51250076293945
1773049261277882400,102.75688232421875,-263.6625061035156,105.45000457763672,-32.60625076293945
1773049261287882200,102.76688232421876,-263.9250183105469,105.45000457763672,-32.625
1773049261297882400,102.77688232421875,-263.88751220703125,105.7125015258789,-32.587501525878906
1773049261307882200,102.78688232421875,-264.16876220703125,105.65625762939453,-32.681251525878906
1773049261317882400,102.79688232421876,-264.2437744140625,105.50625610351562,-32.83125305175781
1773049261327882200,102.80688232421875,-264.375,105.63750457763672,-32.90625
1773049261337882400,102.81688232421875,-264.2250061035156,105.41250610351562,-32.868751525878906
1773049261347882200,102.82688232421874,-264.3000183105469,105.37500762939453,-32.868751525878906
1773049261357882400,102.83688232421875,-264.3187561035156,105.46875762939453,-32.775001525878906
1773049261367882200,102.84688232421875,-264.2437744140625,105.58125305175781,-32.85000228881836
1773049261377882400,102.85688232421874,-263.90625,105.28125762939453,-32.625
1773049261387882200,102.86688232421875,-263.51251220703125,105.11250305175781,-32.4375
1773049261397882400,102.87688232421876,-263.23126220703125,104.98125457763672,-32.34375
1773049261407882200,102.88688232421875,-263.13751220703125,104.98125457763672,-32.23125076293945
1773049261417882400,102.89688232421875,-262.9875183105469,105.09375762939453,-32.23125076293945
1773049261427882200,102.90688232421876,-262.6500244140625,104.98125457763672,-31.968751907348633
1773049261437882400,102.91688232421875,-262.76251220703125,104.79375457763672,-32.025001525878906
1773049261447882200,102.92688232421875,-262.8187561035156,104.73750305175781,-31.818750381469727
1773049261457882400,102.93688232421874,-263.1000061035156,104.98125457763672,-31.950000762939453
1773049261467882200,102.94688232421875,-263.2125244140625,105.18750762939453,-31.931251525878906
1773049261477882400,102.95688232421875,-263.5687561035156,105.31875610351562,-32.025001525878906
1773049261487882200,102.96688232421874,-263.625,105.1500015258789,-32.17500305175781
1773049261497882400,102.97688232421875,-263.70001220703125,104.90625762939453,-32.17500305175781
1773049261507882200,102.98688232421875,-263.98126220703125,104.73750305175781,-32.55000305175781
1773049261517882400,102.99688232421875,-263.6812744140625,104.81250762939453,-32.41875076293945
1773049261527882200,103.00688232421875,-263.625,104.38125610351562,-32.79375076293945
1773049261537882400,103.01688232421876,-263.9250183105469,104.36250305175781,-32.83125305175781
1773049261547882200,103.02688232421875,-263.9437561035156,104.45625305175781,-32.681251525878906
1773049261557882400,103.03688232421875,-263.51251220703125,104.32500457763672,-32.55000305175781
1773049261567882200,103.04688232421876,-263.5875244140625,104.43750762939453,-32.38125228881836
1773049261577882400,103.05688232421875,-263.71875,104.60625457763672,-32.32500076293945
1773049261587882200,103.06688232421875,-263.4937744140625,104.70000457763672,-32.26875305175781
1773049261597882400,103.07688232421874,-263.71875,104.4000015258789,-32.625
1773049261607882200,103.08688232421875,-263.7562561035156,104.8687515258789,-32.19375228881836
1773049261617882400,103.09688232421875,-263.6437683105469,104.8687515258789,-32.36250305175781
1773049261627882200,103.10688232421874,-263.6625061035156,104.8687515258789,-32.587501525878906
1773049261637882400,103.11688232421875,-263.8500061035156,104.81250762939453,-32.56875228881836
1773049261647882200,103.12688232421876,-263.5875244140625,104.92500305175781,-32.73750305175781
1773049261657882400,103.13688232421875,-263.3812561035156,104.8687515258789,-32.66250228881836
1773049261667882200,103.14688232421875,-263.4750061035156,104.83125305175781,-32.4375
1773049261677882400,103.15688232421876,-263.4000244140625,105.0562515258789,-32.23125076293945
1773049261687882200,103.16688232421875,-263.2687683105469,105.1500015258789,-32.4375
1773049261697882400,103.17688232421875,-262.9875183105469,105.20625305175781,-32.118751525878906
1773049261707882200,103.18688232421874,-263.0250244140625,105.11250305175781,-31.98750114440918
1773049261717882400,103.19688232421875,-263.0812683105469,105.18750762939453,-32.23125076293945
1773049261727882200,103.20688232421875,-262.76251220703125,104.7750015258789,-32.025001525878906
1773049261737882400,103.21688232421874,-263.0062561035156,104.62500762939453,-32.0625
1773049261747882200,103.22688232421875,-262.875,104.62500762939453,-32.10000228881836
1773049261757882400,103.23688232421875,-262.875,104.70000457763672,-32.00625228881836
1773049261767882200,103.24688232421875,-262.85626220703125,104.55000305175781,-31.80000114440918
1773049261777882400,103.25688232421875,-262.96875,104.26875305175781,-31.837501525878906
1773049261787882200,103.26688232421876,-262.7062683105469,104.28750610351562,-31.762500762939453
1773049261797882400,103.27688232421875,-262.7062683105469,104.45625305175781,-31.537500381469727
1773049261807882200,103.28688232421875,-263.0625,104.66250610351562,-31.650001525878906
1773049261817882400,103.29688232421876,-262.8937683105469,104.5875015258789,-31.856250762939453
1773049261827882200,103.30688232421875,-262.76251220703125,104.4937515258789,-31.950000762939453
1773049261837882400,103.31688232421875,-262.6875,104.4937515258789,-31.781251907348633
1773049261847882200,103.32688232421874,-262.8000183105469,104.45625305175781,-31.931251525878906
1773049261857882400,103.33688232421875,-262.8187561035156,104.55000305175781,-31.950000762939453
1773049261867882200,103.34688232421875,-263.0812683105469,104.45625305175781,-32.025001525878906
1773049261877882400,103.35688232421874,-263.1000061035156,104.55000305175781,-32.00625228881836
1773049261887882200,103.36688232421875,-262.8187561035156,104.56875610351562,-31.687501907348633
1773049261897882400,103.37688232421876,-262.6312561035156,104.8687515258789,-31.631250381469727
1773049261907882200,103.38688232421875,-262.8000183105469,105.13125610351562,-31.462501525878906
1773049261917882400,103.39688232421875,-262.66876220703125,105.16875457763672,-31.80000114440918
1773049261927882200,103.40688232421876,-262.76251220703125,105.13125610351562,-31.70625114440918
1773049261937882400,103.41688232421875,-262.85626220703125,105.37500762939453,-31.912500381469727
1773049261947882200,103.42688232421875,-262.875,105.4312515258789,-32.025001525878906
1773049261957882400,103.43688232421874,-262.8375244140625,105.39375305175781,-32.04375076293945
1773049261967882200,103.44688232421875,-263.1000061035156,105.3375015258789,-32.26875305175781
1773049261977882400,103.45688232421875,-263.2875061035156,105.07500457763672,-32.38125228881836
1773049261987882200,103.46688232421874,-263.34375,105.0562515258789,-32.45625305175781
1773049261997882400,103.47688232421875,-263.2875061035156,104.94375610351562,-32.36250305175781
1773049262007882200,103.48688232421875,-263.3062744140625,104.98125457763672,-32.45625305175781
1773049262017882400,103.49688232421875,-263.0625,104.79375457763672,-32.306251525878906
1773049262027882200,103.50688232421875,-262.8000183105469,104.5875015258789,-32.10000228881836
1773049262037882400,103.51688232421876,-262.875,104.62500762939453,-32.10000228881836
1773049262047882200,103.52688232421875,-262.875,104.62500762939453,-32.15625
1773049262057882400,103.53688232421875,-263.0062561035156,104.70000457763672,-32.025001525878906
1773049262067882200,103.54688232421876,-262.9312744140625,104.5875015258789,-31.968751907348633
1773049262077882400,103.55688232421875,-263.0625,104.73750305175781,-31.781251907348633
1773049262087882200,103.56688232421875,-262.9875183105469,105.00000762939453,-31.856250762939453
1773049262097882400,103.57688232421874,-263.0812683105469,104.79375457763672,-31.818750381469727
1773049262107882200,103.58688232421875,-263.4562683105469,105.03750610351562,-32.00625228881836
1773049262117882400,103.59688232421875,-262.9875183105469,104.92500305175781,-31.875001907348633
1773049262127882200,103.60688232421874,-263.1187744140625,105.11250305175781,-31.650001525878906
1773049262137882400,103.61688232421875,-263.0812683105469,105.28125762939453,-31.593751907348633
1773049262147882200,103.62688232421876,-263.25,105.3375015258789,-31.61250114440918
1773049262157882400,103.63688232421875,-263.4562683105469,105.22500610351562,-31.650001525878906
1773049262167882200,103.64688232421875,-263.60626220703125,105.00000762939453,-31.668750762939453
1773049262177882400,103.65688232421876,-263.7375183105469,105.16875457763672,-31.593751907348633
1773049262187882200,103.66688232421875,-263.6437683105469,105.01875305175781,-31.593751907348633
1773049262197882400,103.67688232421875,-263.90625,104.88750457763672,-31.818750381469727
1773049262207882200,103.68688232421874,-264.0375061035156,104.90625762939453,-31.912500381469727
1773049262217882400,103.69688232421875,-263.8500061035156,104.7750015258789,-32.04375076293945
1773049262227882200,103.70688232421875,-263.7750244140625,104.88750457763672,-31.968751907348633
1773049262237882400,103.71688232421874,-263.6812744140625,104.94375610351562,-31.912500381469727
1773049262247882200,103.72688232421875,-263.90625,104.8687515258789,-32.00625228881836
1773049262257882400,103.73688232421875,-263.9437561035156,104.92500305175781,-32.10000228881836
1773049262267882200,103.74688232421875,-263.9250183105469,105.07500457763672,-31.80000114440918
1773049262277882400,103.75688232421875,-264.0187683105469,105.30000305175781,-31.70625114440918
1773049262287882200,103.76688232421876,-263.8125,105.09375762939453,-31.762500762939453
1773049262297882400,103.77688232421875,-263.9250183105469,105.09375762939453,-31.481250762939453
1773049262307882200,103.78688232421875,-263.79376220703125,104.75625610351562,-31.668750762939453
1773049262317882400,103.79688232421876,-263.7562561035156,104.6812515258789,-31.762500762939453
1773049262327882200,103.80688232421875,-263.5687561035156,104.79375457763672,-31.631250381469727
1773049262337882400,103.81688232421875,-263.4937744140625,105.0562515258789,-31.593751907348633
1773049262347882200,103.82688232421874,-263.5500183105469,104.92500305175781,-31.687501907348633
1773049262357882400,103.83688232421875,-263.4750061035156,104.83125305175781,-31.556251525878906
1773049262367882200,103.84688232421875,-263.7562561035156,105.01875305175781,-31.481250762939453
1773049262377882400,103.85688232421874,-263.9625244140625,105.22500610351562,-31.631250381469727
1773049262387882200,103.86688232421875,-264.1125183105469,105.4312515258789,-31.575000762939453
1773049262397882400,103.87688232421876,-263.9625244140625,105.2437515258789,-31.387500762939453
1773049262407882200,103.88688232421875,-263.8312683105469,105.2437515258789,-31.350000381469727
1773049262417882400,103.89688232421875,-264.0187683105469,105.0562515258789,-31.51875114440918
1773049262427882200,103.90688232421876,-264,105.18750762939453,-31.575000762939453
1773049262437882400,103.91688232421875,-263.8500061035156,105.31875610351562,-31.668750762939453
1773049262447882200,103.92688232421875,-263.71875,105.46875762939453,-31.537500381469727
1773049262457882400,103.93688232421874,-263.71875,105.54375457763672,-31.406251907348633
1773049262467882200,103.94688232421875,-263.79376220703125,105.58125305175781,-31.462501525878906
1773049262477882400,103.95688232421875,-264.07501220703125,105.7125015258789,-31.725000381469727
1773049262487882200,103.96688232421874,-264.0375061035156,105.45000457763672,-31.781251907348633
1773049262497882400,103.97688232421875,-263.8500061035156,105.20625305175781,-31.593751907348633
1773049262507882200,103.98688232421875,-263.60626220703125,105.00000762939453,-31.575000762939453
1773049262517882400,103.99688232421875,-263.70001220703125,104.5875015258789,-31.51875114440918
1773049262527882200,104.00688232421875,-263.5500183105469,104.25000762939453,-31.593751907348633
1773049262537882400,104.01688232421876,-263.2125244140625,103.85625457763672,-31.743751525878906
1773049262547882200,104.02688232421875,-262.9875183105469,103.72500610351562,-31.687501907348633
1773049262557882400,104.03688232421875,-263.13751220703125,103.76250457763672,-31.762500762939453
1773049262567882200,104.04688232421876,-263.4562683105469,103.66875457763672,-31.818750381469727
1773049262577882400,104.05688232421875,-263.5875244140625,103.6500015258789,-31.968751907348633
1773049262587882200,104.06688232421875,-264.07501220703125,103.72500610351562,-31.950000762939453
1773049262597882400,104.07688232421874,-264.1125183105469,103.9312515258789,-32.025001525878906
1773049262607882200,104.08688232421875,-264.2250061035156,104.17500305175781,-32.118751525878906
1773049262617882400,104.09688232421875,-264.4875183105469,104.2125015258789,-32.13750076293945
1773049262627882200,104.10688232421874,-264.5812683105469,104.47500610351562,-32.212501525878906
1773049262637882400,104.11688232421875,-264.4125061035156,104.66250610351562,-32.10000228881836
1773049262647882200,104.12688232421876,-264.1500244140625,104.88750457763672,-32.04375076293945
1773049262657882400,104.13688232421875,-264.16876220703125,105.13125610351562,-32.00625228881836
1773049262667882200,104.14688232421875,-263.9625244140625,105.4312515258789,-31.968751907348633
1773049262677882400,104.15688232421876,-264.2437744140625,105.31875610351562,-31.968751907348633
1773049262687882200,104.16688232421875,-264.5250244140625,105.13125610351562,-32.306251525878906
1773049262697882400,104.17688232421875,-264.5062561035156,105.41250610351562,-32.36250305175781
1773049262707882200,104.18688232421874,-264.5625,105.18750762939453,-32.306251525878906
