time,seconds_elapsed,z,y,x
1773049158766042000,0.2450419921875,13.37169075012207,1.3776676654815674,0.9260223507881165
1773049158795992000,0.274991943359375,14.501701354980469,-0.8590233325958252,-0.3762713670730591
1773049158815849000,0.294848876953125,11.21216869354248,1.6839489936828613,0.6580262184143066
1773049158825729000,0.30472900390625,11.10209846496582,1.0133603811264038,0.5431707501411438
1773049158835879400,0.31487939453125,5.413163185119629,0.0029910283628851175,0.26979073882102966
1773049158845933300,0.324933349609375,9.93380355834961,-0.5617151260375977,0.3798605799674988
1773049158855835400,0.33483544921875,12.840484619140625,-0.48035913705825806,0.4660021960735321
1773049158865827800,0.344827880859375,7.941778182983398,0.9415757060050964,1.2562319040298462
1773049158875789800,0.354789794921875,12.840484619140625,1.6600207090377808,0.5042873620986938
1773049158885770000,0.36477001953125,8.38684368133545,0.251844584941864,0.29850462079048157
1773049158895650000,0.374650146484375,6.035895347595215,-0.001794616924598813,0.31764721870422363
1773049158905529900,0.38452978515625,13.113265991210938,-0.29850462079048157,0.0975075215101242
1773049158915465200,0.39446533203125,10.04865837097168,0.6879364848136902,0.10707881301641464
1773049158925423900,0.404423828125,9.66102123260498,1.2478569746017456,1.1365907192230225
1773049158935604000,0.41460400390625,10.872387886047363,0.6783652305603027,1.399801254272461
1773049158945717200,0.42471728515625,7.481758117675781,-0.0975075215101242,0.2267199456691742
1773049158955597300,0.434597412109375,10.177870750427246,-0.04007977992296219,-0.3236292600631714
1773049158965477400,0.444477294921875,11.159526824951172,0.6305087804794312,0.31764721870422363
1773049158975558000,0.454557861328125,9.488140106201172,1.1473584175109863,0.2841476798057556
1773049158985614600,0.464614501953125,10.743175506591797,0.7405785918235779,1.1174482107162476
1773049158995494700,0.47449462890625,7.822137355804443,-0.07357929646968842,0.849452018737793
1773049159005374700,0.484374755859375,10.53200912475586,0.4773681163787842,-0.5102694034576416
1773049159015235300,0.4942353515625,10.120443344116211,0.6687939167022705,0.7872386574745178
1773049159025197000,0.504197021484375,9.531210899353027,0.5491527915000916,0.9643075466156006
1773049159035377200,0.514377197265625,10.24487018585205,-0.39421752095222473,0.14057832956314087
1773049159045488000,0.524488037109375,8.066205024719238,0.07477571070194244,0.01615155301988125
1773049159055368200,0.5343681640625,10.450653076171875,1.1425727605819702,0.4181457459926605
1773049159065248300,0.544248291015625,10.87717342376709,0.9367900490760803,0.7250252366065979
1773049159075097600,0.55409765625,9.263215065002441,-0.11665010452270508,1.2658032178878784
1773049159085059800,0.564059814453125,9.914660453796387,-0.5712863802909851,0.22193430364131927
1773049159095051500,0.574051513671875,8.813364028930664,0.5539384484291077,-0.3044866919517517
1773049159105016600,0.5840166015625,11.11167049407959,1.2335001230239868,0.5186443328857422
1773049159115005400,0.59400537109375,10.690533638000488,0.24227328598499298,0.020937198773026466
1773049159124973000,0.60397314453125,8.69372272491455,-0.5138586759567261,0.3367897868156433
1773049159135153000,0.61415283203125,8.760722160339355,0.2667997181415558,0.08793623000383377
1773049159145185300,0.624185302734375,10.53200912475586,0.9655039310455322,0.7920243144035339
1773049159155065300,0.6340654296875,10.901102066040039,0.7884350419044495,0.4420739710330963
1773049159164880400,0.64388037109375,9.559925079345703,-0.11665010452270508,0.10707881301641464
1773049159174867500,0.653867431640625,9.157930374145508,-0.4612165689468384,0.5479564070701599
1773049159184836400,0.66383642578125,9.92423152923584,0.534795880317688,-0.20398813486099243
1773049159195016400,0.674016357421875,10.063015937805176,1.0947163105010986,0.5575276613235474
1773049159205048600,0.684048583984375,10.359725952148438,0.5970092415809631,0.916451096534729
1773049159214928600,0.6939287109375,9.46899700164795,-0.5904290080070496,0.8015955686569214
1773049159224743200,0.7037431640625,8.219346046447754,0.534795880317688,-0.17527425289154053
1773049159234923300,0.71392333984375,10.201799392700195,1.2335001230239868,0.40378883481025696
1773049159244955600,0.72395556640625,11.288739204406738,0.7549355626106262,1.093519926071167
1773049159254835700,0.733835693359375,9.842875480651855,-0.4133601188659668,0.32721850275993347
1773049159264650800,0.743650634765625,7.989634990692139,0.36251261830329895,-0.026919255033135414
1773049159274637800,0.753637939453125,9.790233612060547,1.109073281288147,0.9116654396057129
1773049159284606700,0.763606689453125,11.96889877319336,0.5635097622871399,1.1509476900100708
1773049159294591700,0.773591796875,9.086145401000977,-0.26500511169433594,0.763310432434082
1773049159304562200,0.783562255859375,8.181060791015625,0.381655216217041,0.054436713457107544
1773049159314545700,0.793545654296875,9.838089942932129,1.022931694984436,0.6675975322723389
1773049159324517600,0.803517578125,11.044671058654785,0.8745766878128052,1.031306505203247
1773049159334697500,0.813697509765625,10.340582847595215,-0.28893333673477173,1.2275179624557495
1773049159344729300,0.823729248046875,8.37727165222168,-0.4372883439064026,0.04007977992296219
1773049159354609200,0.833609130859375,8.69372272491455,0.8506484627723694,0.26979073882102966
1773049159364489200,0.8434892578125,11.21216869354248,1.1808580160140991,0.8638089895248413
1773049159374292000,0.8532919921875,11.303095817565918,0.36251261830329895,0.8255237936973572
1773049159384252000,0.863251953125,7.592426300048828,-0.31764721870422363,0.45164528489112854
1773049159394432000,0.873431884765625,8.02791976928711,0.8123632669448853,0.4468596279621124
1773049159404594200,0.88359423828125,11.609376907348633,1.262213945388794,0.5042873620986938
1773049159414549000,0.893549072265625,11.997612953186035,-0.1453639715909958,0.5431707501411438
1773049159424544000,0.9035439453125,8.023134231567383,-0.2315055876970291,-0.31405797600746155
1773049159434503200,0.913503173828125,8.018348693847656,0.9846464991569519,-0.09391828626394272
1773049159444494300,0.923494384765625,12.3278226852417,1.1521440744400024,0.5718846321105957
1773049159454457300,0.933457275390625,11.403594970703125,-0.16929219663143158,0.729810893535614
1773049159464445700,0.94344580078125,8.305487632751465,-0.24586252868175507,0.1501496136188507
1773049159474325800,0.95332568359375,7.975277900695801,0.8027920126914978,0.054436713457107544
1773049159484141600,0.9631416015625,11.188240051269531,1.334596872329712,0.3798605799674988
1773049159494321700,0.97332177734375,11.059027671813965,0.6352944374084473,0.6675975322723389
1773049159504355000,0.98335498046875,8.985647201538086,-0.3128615617752075,0.1788634955883026
1773049159514319600,0.993319580078125,7.688138961791992,0.6352944374084473,-0.01734796352684498
1773049159524306700,1.003306640625,10.441082000732422,1.4111671447753906,0.2841476798057556
1773049159534273800,1.013273681640625,13.218550682067871,0.6735795736312866,0.9882357716560364
1773049159544258800,1.0232587890625,9.033503532409668,-0.08793623000383377,0.1740778535604477
1773049159554138600,1.033138671875,7.2089762687683105,0.8841479420661926,-0.0077766734175384045
1773049159563955500,1.04295556640625,11.11167049407959,1.3872389793395996,0.1740778535604477
1773049159574135300,1.05313525390625,11.696117401123047,0.8410771489143372,0.9068797826766968
1773049159584169200,1.063169189453125,9.086145401000977,-0.0687936544418335,0.7202396392822266
1773049159594135800,1.0731357421875,8.003992080688477,0.6065805554389954,-0.12263216078281403
1773049159604121000,1.08312109375,9.852447509765625,1.334596872329712,0.20757736265659332
1773049159614090000,1.093090087890625,12.222537994384766,1.3680963516235352,0.6197410821914673
1773049159624073700,1.10307373046875,10.455438613891602,0.10348957777023315,1.337587833404541
1773049159634044200,1.113044189453125,7.45782995223999,0.01734796352684498,-0.09870393574237823
1773049159644026400,1.1230263671875,8.885149002075195,1.2382856607437134,0.049651071429252625
1773049159663979500,1.1429794921875,10.460224151611328,1.1377872228622437,0.5575276613235474
1773049159673952300,1.1529521484375,7.070192813873291,0.6161518096923828,0.4372883439064026
1773049159683932700,1.1629326171875,9.05264663696289,1.1186445951461792,0.01136590726673603
1773049159693906400,1.172906494140625,11.810972213745117,1.5355939865112305,0.2315055876970291
1773049159703886000,1.182885986328125,10.73838996887207,1.2335001230239868,1.2131611108779907
1773049159713860600,1.192860595703125,8.391629219055176,0.6544370055198669,1.1126625537872314
1773049159723839700,1.20283984375,9.545567512512207,0.7980063557624817,-0.534795880317688
1773049159733814800,1.212814697265625,10.17308521270752,1.3489537239074707,0.21236300468444824
1773049159743793400,1.22279345703125,10.953743934631348,1.3872389793395996,0.42771705985069275
1773049159753768700,1.232768798828125,9.358927726745605,0.6975077986717224,1.7641085386276245
1773049159763747000,1.2427470703125,7.223333358764648,0.5491527915000916,-0.01734796352684498
1773049159773723000,1.252722900390625,12.754343032836914,0.7357929348945618,0.5814558863639832
1773049159783701000,1.262700927734375,9.7998046875,0.8506484627723694,1.1365907192230225
1773049159793676800,1.2726767578125,9.900303840637207,1.1282159090042114,0.7872386574745178
1773049159803654700,1.282654541015625,9.009575843811035,0.5730810165405273,0.04486542567610741
1773049159813631000,1.292630859375,8.128418922424316,0.5778666734695435,0.3607180118560791
1773049159823608600,1.302608642578125,12.06939697265625,0.9990034699440002,0.9451649188995361
1773049159833585200,1.312585205078125,10.364511489868164,0.9272187948226929,0.0687936544418335
1773049159843562800,1.322562744140625,8.425128936767578,0.46779683232307434,0.5138586759567261
1773049159853539000,1.3325390625,10.335797309875488,-0.6813562512397766,0.8446664214134216
1773049159863516700,1.3425166015625,8.233702659606934,0.26201409101486206,0.9116654396057129
1773049159873493200,1.3524931640625,10.86281681060791,0.6879364848136902,1.2131611108779907
1773049159883470600,1.362470703125,11.494522094726562,-0.19800607860088348,-0.7501499056816101
1773049159893447400,1.372447509765625,6.165107727050781,0.49651068449020386,-0.26620152592658997
1773049159903424800,1.3824248046875,11.063814163208008,0.5060819983482361,0.15493527054786682
1773049159913401300,1.3924013671875,11.551949501037598,-0.10229317098855972,-0.026919255033135414
1773049159923378700,1.402378662109375,7.975277900695801,0.625723123550415,0.6293123364448547
1773049159933355500,1.41235546875,9.866804122924805,-0.22193430364131927,0.47557350993156433
1773049159943332900,1.422332763671875,9.46899700164795,-0.5330012440681458,0.4420739710330963
1773049159953309400,1.432309326171875,10.292726516723633,0.050847481936216354,0.8255237936973572
1773049159963286800,1.442286865234375,10.50808048248291,0.3242274820804596,-0.046061836183071136
1773049159973263600,1.452263671875,9.421140670776367,0.19920247793197632,0.06400800496339798
1773049159983240700,1.46224072265625,9.138788223266602,0.046061836183071136,-0.2997010350227356
1773049159993217800,1.4722177734375,8.544769287109375,0.10827522724866867,0.15972091257572174
1773049160003195000,1.48219482421875,11.384451866149902,0.251844584941864,0.7010970115661621
1773049160013171700,1.492171630859375,10.153943061828613,0.06999006122350693,0.5288137793540955
1773049160023148800,1.502148681640625,8.909076690673828,0.31465616822242737,0.07836493849754333
1773049160033126000,1.5121259765625,9.90987491607666,-0.07836493849754333,0.006580262444913387
1773049160043103000,1.52210302734375,11.049456596374512,0.3768695592880249,0.32243284583091736
1773049160053080000,1.532080078125,9.7998046875,0.49651068449020386,1.007378339767456
1773049160063057200,1.54205712890625,10.474580764770508,0.050847481936216354,0.5383850932121277
1773049160073034000,1.552033935546875,8.047062873840332,0.33858439326286316,-0.4911268353462219
1773049160083011000,1.562010986328125,9.871589660644531,0.8219345808029175,0.48514479398727417
1773049160092988200,1.57198828125,12.074183464050293,0.2955136001110077,0.9499505758285522
1773049160102965200,1.58196533203125,9.320642471313477,0.50129634141922,-0.28534409403800964
1773049160112942300,1.5919423828125,8.157132148742676,0.8171489238739014,0.2602194547653198
1773049160122919400,1.60191943359375,11.049456596374512,0.2183450609445572,0.40378883481025696
1773049160132896300,1.611896240234375,11.758330345153809,0.28115665912628174,0.11186445504426956
1773049160142873300,1.621873291015625,7.980063438415527,0.8745766878128052,0.24107688665390015
1773049160152850400,1.631850341796875,9.445069313049316,0.4534398913383484,0.9403793215751648
1773049160162827500,1.64182763671875,10.431509971618652,0.39601215720176697,0.638883650302887
1773049160172804600,1.6518046875,9.852447509765625,0.7740781307220459,0.5718846321105957
1773049160182781700,1.66178173828125,10.168299674987793,0.5874379873275757,-0.2805584669113159
1773049160192758800,1.6717587890625,8.037490844726562,0.30987054109573364,0.50907301902771
1773049160202735600,1.681735595703125,10.192228317260742,0.5778666734695435,0.5623133182525635
1773049160212712700,1.691712646484375,11.283953666687012,0.6017948985099792,0.2554338276386261
1773049160222689800,1.701689697265625,9.900303840637207,0.5108676552772522,1.428515076637268
1773049160232667000,1.7116669921875,8.257631301879883,0.18963119387626648,1.2562319040298462
1773049160242644000,1.72164404296875,9.881160736083984,0.41515472531318665,-0.6065805554389954
1773049160252621000,1.73162109375,9.665806770324707,0.592223584651947,0.4660021960735321
1773049160262598100,1.74159814453125,10.015159606933594,0.4007977843284607,1.2705888748168945
1773049160272575200,1.7515751953125,8.449056625366211,0.17527425289154053,0.01615155301988125
1773049160282552000,1.761552001953125,9.5264253616333,-0.08315058797597885,-0.5730810165405273
1773049160292529200,1.771529052734375,10.65224838256836,-0.06400800496339798,1.3040883541107178
1773049160302506200,1.78150634765625,9.095717430114746,-0.001794616924598813,0.2793620526790619
1773049160312483300,1.7914833984375,9.608379364013672,-0.18843477964401245,0.006580262444913387
1773049160322460400,1.80146044921875,10.838888168334961,-0.12622138857841492,1.3519448041915894
1773049160332437500,1.8114375,11.604591369628906,0.41515472531318665,-0.06041877344250679
1773049160342414300,1.821414306640625,9.009575843811035,-0.001794616924598813,0.2027917206287384
1773049160352391400,1.831391357421875,8.276773452758789,0.15613168478012085,1.7784653902053833
1773049160362368500,1.841368408203125,10.278369903564453,0.15613168478012085,0.5623133182525635
1773049160372248600,1.85124853515625,10.484152793884277,0.38644084334373474,0.054436713457107544
1773049160382109400,1.861109375,8.214560508728027,0.8506484627723694,0.19322042167186737
1773049160392299500,1.871299560546875,10.206584930419922,0.7022934556007385,1.4715858697891235
1773049160402281000,1.881281005859375,12.81177043914795,0.026919255033135414,0.605384111404419
1773049160412253700,1.891253662109375,7.6977105140686035,0.6400800347328186,0.4707878530025482
1773049160422234000,1.901234130859375,9.349356651306152,0.6017948985099792,1.5385849475860596
1773049160432169000,1.9111689453125,12.624532699584961,0.31465616822242737,0.42771705985069275
1773049160442144800,1.921144775390625,10.709675788879395,0.07956135272979736,1.0552347898483276
1773049160452162000,1.931162109375,7.779066562652588,0.6400800347328186,-0.022133609279990196
1773049160462142000,1.941141845703125,10.393224716186523,0.12263216078281403,2.328814744949341
1773049160471960800,1.9509609375,11.791830062866211,0.3481557071208954,0.9834501147270203
1773049160481924900,1.9609248046875,7.927421569824219,0.865005373954773,-0.5150550603866577
1773049160492031200,1.97103125,9.387641906738281,1.0612168312072754,0.4325026869773865
1773049160502009600,1.981009521484375,12.031112670898438,0.9128618240356445,0.50907301902771
1773049160511985400,1.9909853515625,10.125228881835938,0.1657029688358307,1.3950155973434448
1773049160521963500,2.000963623046875,6.931408882141113,0.23748764395713806,1.6683956384658813
1773049160531939600,2.010939697265625,9.675378799438477,0.381655216217041,1.2993026971817017
1773049160541917400,2.02091748046875,11.341381072998047,0.30987054109573364,1.1461620330810547
1773049160551932400,2.030932373046875,9.34457015991211,-0.01615155301988125,1.1222338676452637
1773049160561914000,2.0409140625,7.645068168640137,0.5300102233886719,-0.2566302418708801
1773049160571847700,2.05084765625,9.559925079345703,0.2955136001110077,2.3814568519592285
1773049160581824500,2.060824462890625,10.87717342376709,-0.2315055876970291,1.9268203973770142
1773049160591801900,2.0708017578125,6.845267295837402,0.09391828626394272,-1.1473584175109863
1773049160601778700,2.08077880859375,9.306285858154297,0.2566302418708801,-0.357128769159317
1773049160611717000,2.090717041015625,11.590234756469727,-0.355932354927063,0.5186443328857422
1773049160621690000,2.100690185546875,8.84207820892334,-0.08793623000383377,-0.23748764395713806
1773049160631593700,2.11059375,8.444271087646484,-0.15972091257572174,-0.18005990982055664
1773049160641559800,2.120559814453125,10.603793144226074,-0.11186445504426956,0.7824530005455017
1773049160651509000,2.130509033203125,11.312666893005371,-0.12622138857841492,-0.06041877344250679
1773049160661473300,2.140473388671875,8.128418922424316,0.18963119387626648,0.3846462368965149
1773049160671501600,2.15050146484375,9.157930374145508,0.06041877344250679,-0.24227328598499298
1773049160681472500,2.160472412109375,10.125228881835938,-0.2267199456691742,0.18843477964401245
1773049160691339500,2.170339599609375,8.549555778503418,-0.006580262444913387,0.8255237936973572
1773049160701300000,2.180300048828125,8.765507698059082,-0.12143574655056,0.5670989751815796
1773049160711254800,2.1902548828125,11.484950065612793,0.5587241053581238,0.8973084688186646
1773049160721214700,2.200214599609375,10.929815292358398,-0.3320041298866272,1.6301103830337524
1773049160731170000,2.210170166015625,10.268798828125,-0.5808576941490173,0.6867401003837585
1773049160741129500,2.22012939453125,9.41635513305664,0.10827522724866867,-0.1417747437953949
1773049160751085300,2.230085205078125,10.939387321472168,0.2667997181415558,0.1788634955883026
1773049160761044200,2.240044189453125,8.660223007202148,-0.08793623000383377,0.7489534616470337
1773049160770924300,2.24992431640625,9.952945709228516,-0.1501496136188507,0.11186445504426956
1773049160780747300,2.259747314453125,10.637292861938477,0.4486542344093323,0.006580262444913387
1773049160790915300,2.269915283203125,9.7998046875,0.38644084334373474,2.386242389678955
1773049160800878000,2.279878173828125,11.154741287231445,-0.2602194547653198,0.7728816866874695
1773049160810792200,2.289792236328125,8.492127418518066,0.0029910283628851175,-0.6687939167022705
1773049160820750000,2.29975,8.516056060791016,1.0660024881362915,0.26979073882102966
1773049160830630000,2.3096298828125,12.495320320129395,0.4534398913383484,1.1318050622940063
1773049160840510000,2.319510009765625,10.767104148864746,-0.5234299302101135,-0.07956135272979736
1773049160850390000,2.32939013671875,7.932207107543945,0.31465616822242737,-0.49591249227523804
1773049160860270000,2.33927001953125,11.83011531829834,0.36729827523231506,1.098305583000183
1773049160870450000,2.349449951171875,12.380464553833008,-0.7339983582496643,1.6205391883850098
1773049160880630000,2.359630126953125,6.495915412902832,0.20398813486099243,-0.5730810165405273
1773049160890809900,2.369809814453125,9.602995872497559,0.8219345808029175,-0.1417747437953949
1773049160900854000,2.37985400390625,13.338191986083984,-0.1788634955883026,0.5138586759567261
1773049160910873000,2.389873046875,6.993622303009033,-0.2267199456691742,0.03529413416981697
1773049160920845300,2.39984521484375,7.0271220207214355,0.8602197170257568,0.2602194547653198
1773049160930866000,2.409865966796875,13.534402847290039,0.06520441919565201,0.8207381963729858
1773049160940843000,2.419843017578125,11.56152057647705,-0.5952146053314209,0.37028929591178894
1773049160950781400,2.429781494140625,7.448258876800537,-0.08793623000383377,0.8590233325958252
1773049160960754400,2.43975439453125,10.187442779541016,-0.14057832956314087,0.672383189201355
1773049160970735400,2.4497353515625,12.189038276672363,-0.47557350993156433,1.6444673538208008
1773049160980709400,2.45970947265625,7.621140003204346,-0.4085744619369507,1.4093725681304932
1773049160990689500,2.469689453125,8.334200859069824,0.43908295035362244,-0.6400800347328186
1773049161000664000,2.4796640625,10.637292861938477,0.36251261830329895,0.6963114142417908
1773049161010643700,2.489643798828125,9.287142753601074,-0.42771705985069275,3.5258240699768066
1773049161020618500,2.499618408203125,7.8795647621154785,0.0029910283628851175,-0.6305087804794312
1773049161030597600,2.50959765625,7.970492362976074,0.38644084334373474,-0.2757728099822998
1773049161040573200,2.5195732421875,11.307881355285645,0.1944168359041214,1.0552347898483276
1773049161050590700,2.5295908203125,10.211370468139648,-0.15493527054786682,0.0975075215101242
1773049161060570400,2.5395703125,7.984848976135254,0.04127619042992592,0.7680960893630981
1773049161070544600,2.549544677734375,9.41635513305664,0.4247260093688965,0.9020941257476807
1773049161080523800,2.559523681640625,12.476177215576172,-0.001794616924598813,0.6867401003837585
1773049161090498800,2.569498779296875,7.573283672332764,-0.29371899366378784,1.7545372247695923
1773049161100477400,2.5794775390625,7.908278942108154,0.5539384484291077,0.6915257573127747
1773049161110453000,2.589452880859375,12.088540077209473,0.2231307178735733,-0.47676992416381836
1773049161120431400,2.599431396484375,8.990432739257812,-0.1501496136188507,0.5814558863639832
1773049161130407200,2.6094072265625,8.209774017333984,0.2907279431819916,0.355932354927063
1773049161140385300,2.61938525390625,10.474580764770508,0.4247260093688965,1.0791629552841187
1773049161150361300,2.629361328125,11.240882873535156,-0.1740778535604477,1.7114664316177368
1773049161160339200,2.639339111328125,9.804591178894043,0.08434699475765228,-0.7836494445800781
1773049161170315300,2.649315185546875,8.95693302154541,0.4342973232269287,0.5186443328857422
1773049161180293000,2.659293212890625,10.503294944763184,-0.15972091257572174,2.5633113384246826
1773049161190337300,2.669337158203125,11.734402656555176,-0.5186443328857422,1.069591760635376
1773049161200321800,2.67932177734375,9.095717430114746,0.50129634141922,-0.8171489238739014
1773049161210223600,2.6892236328125,8.92821979522705,0.49172505736351013,1.0121639966964722
1773049161220200000,2.699199951171875,10.570294380187988,0.18005990982055664,0.16450655460357666
1773049161230177800,2.709177734375,8.200202941894531,0.16091732680797577,0.389431893825531
1773049161240154000,2.719154052734375,10.38365364074707,0.11306086927652359,2.6452653408050537
1773049161250132000,2.729132080078125,9.751948356628418,0.5539384484291077,-0.12263216078281403
1773049161260108500,2.739108642578125,9.637093544006348,0.4582255482673645,0.6197410821914673
1773049161270086100,2.749086181640625,10.163514137268066,0.41994038224220276,0.2793620526790619
1773049161280062700,2.759062744140625,10.522438049316406,0.6975077986717224,0.5240281820297241
1773049161290040000,2.7690400390625,9.143573760986328,0.6305087804794312,0.7728816866874695
1773049161300017000,2.779016845703125,11.465807914733887,0.9702895879745483,0.08315058797597885
1773049161309994200,2.788994140625,9.948160171508789,0.1178465187549591,0.5240281820297241
1773049161319971000,2.79897119140625,8.181060791015625,0.6783652305603027,0.50907301902771
1773049161329948400,2.808948486328125,10.676176071166992,1.430309772491455,0.04486542567610741
1773049161339925200,2.81892529296875,11.3509521484375,1.2335001230239868,0.5431707501411438
1773049161349902600,2.828902587890625,8.496912956237793,0.7597211599349976,0.5958128571510315
1773049161359879400,2.83887939453125,10.441082000732422,1.2191431522369385,0.0975075215101242
1773049161369856800,2.848856689453125,10.268798828125,1.1330015659332275,0.42293140292167664
1773049161379833600,2.85883349609375,11.341381072998047,1.1665010452270508,1.246660590171814
1773049161389810700,2.868810791015625,9.392427444458008,1.200000524520874,0.09272187948226929
1773049161399787800,2.878787841796875,10.14437198638916,1.4063814878463745,0.025722842663526535
1773049161409764900,2.888764892578125,9.943374633789062,1.2430713176727295,0.35114672780036926
1773049161419742000,2.898741943359375,8.219346046447754,0.9655039310455322,0.2745763957500458
1773049161429719000,2.908718994140625,12.380464553833008,1.602592945098877,1.0504491329193115
1773049161439696100,2.918696044921875,8.281558990478516,1.042074203491211,0.7920243144035339
1773049161449673200,2.928673095703125,8.46341323852539,0.9367900490760803,1.275374412536621
1773049161459650000,2.938650146484375,10.331011772155762,1.3872389793395996,0.0687936544418335
1773049161469627400,2.94862744140625,10.264012336730957,1.358525037765503,0.28893333673477173
1773049161479604200,2.958604248046875,9.100502967834473,1.1665010452270508,0.19800607860088348
1773049161489581300,2.968581298828125,9.34457015991211,1.3010972738265991,0.08793623000383377
1773049161499558400,2.978558349609375,10.512866020202637,1.3776676654815674,0.4468596279621124
1773049161509535500,2.988535400390625,10.388439178466797,1.3010972738265991,0.29371899366378784
1773049161519512600,2.9985126953125,6.370890140533447,0.7501499056816101,-0.0029910283628851175
1773049161529489700,3.00848974609375,10.944172859191895,1.4446666240692139,0.5479564070701599
1773049161539466800,3.018466796875,11.116456031799316,1.0085747241973877,0.6532405614852905
1773049161549443800,3.02844384765625,8.219346046447754,0.4486542344093323,0.50907301902771
1773049161559421000,3.0384208984375,10.005587577819824,1.2430713176727295,0.22193430364131927
1773049161569398000,3.04839794921875,10.192228317260742,0.5395814776420593,1.0121639966964722
1773049161579374800,3.058374755859375,11.394022941589355,-0.0975075215101242,3.056830883026123
1773049161589313300,3.068313232421875,8.195417404174805,0.5156532526016235,-0.07477571070194244
1773049161599286300,3.078286376953125,8.827720642089844,0.9415757060050964,-0.01734796352684498
1773049161609306000,3.08830615234375,9.996016502380371,0.5300102233886719,1.093519926071167
1773049161619284000,3.098283935546875,10.441082000732422,0.6975077986717224,0.494716078042984
1773049161629260300,3.10826025390625,9.019146919250488,0.6496513485908508,1.0552347898483276
1773049161639238000,3.11823779296875,8.866005897521973,0.6975077986717224,1.552941918373108
1773049161649214200,3.128214111328125,11.590234756469727,1.171286702156067,-0.15134602785110474
1773049161659191800,3.13819189453125,10.666604995727539,0.44386860728263855,0.8590233325958252
1773049161669168400,3.14816845703125,7.874779224395752,0.8123632669448853,0.10707881301641464
1773049161679146000,3.15814599609375,10.575079917907715,1.113858938217163,0.7010970115661621
1773049161689122600,3.16812255859375,10.455438613891602,0.592223584651947,0.8398807644844055
1773049161699100000,3.178099853515625,9.905089378356934,0.865005373954773,0.2745763957500458
1773049161709076700,3.18807666015625,9.392427444458008,1.022931694984436,0.8590233325958252
1773049161719054000,3.19805419921875,11.547163963317871,1.113858938217163,0.973878800868988
1773049161729031000,3.208031005859375,10.091729164123535,0.6161518096923828,1.25144624710083
1773049161739008000,3.218008056640625,10.98724365234375,1.1042876243591309,1.404586911201477
1773049161748984800,3.22798486328125,9.780662536621094,1.1904292106628418,0.13579268753528595
1773049161758962200,3.237962158203125,8.765507698059082,0.865005373954773,0.4707878530025482
1773049161768939000,3.24793896484375,9.220144271850586,0.8937192559242249,0.3798605799674988
1773049161778916400,3.257916259765625,11.7056884765625,1.3537393808364868,1.5098711252212524
1773049161788893200,3.26789306640625,9.56471061706543,1.0995019674301147,1.0552347898483276
1773049161798870300,3.277870361328125,8.449056625366211,0.9320043921470642,0.1740778535604477
1773049161808847400,3.287847412109375,11.652447700500488,1.2957134246826172,0.7154539823532104
1773049161818824400,3.297824462890625,8.985647201538086,1.0612168312072754,0.45643091201782227
1773049161828801500,3.307801513671875,8.50169849395752,1.0995019674301147,0.47557350993156433
1773049161838778600,3.317778564453125,10.795817375183105,1.3441680669784546,0.5186443328857422
1773049161848755500,3.32775537109375,10.719246864318848,1.0612168312072754,2.1948165893554688
1773049161858732500,3.337732666015625,9.535996437072754,0.8889335989952087,1.7832510471343994
1773049161868709600,3.347709716796875,9.287142753601074,1.2191431522369385,-0.47676992416381836
1773049161878686700,3.357686767578125,11.116456031799316,1.430309772491455,0.3798605799674988
1773049161888663800,3.367663818359375,10.13479995727539,1.1473584175109863,0.13579268753528595
1773049161898641000,3.377640869140625,6.620342254638672,0.6879364848136902,-0.0077766734175384045
1773049161908618000,3.387617919921875,10.335797309875488,1.1330015659332275,0.6532405614852905
1773049161918595000,3.397594970703125,11.135598182678223,1.2335001230239868,0.6771687865257263
1773049161928572000,3.407572021484375,9.780662536621094,0.9367900490760803,0.6293123364448547
1773049161938549000,3.417549072265625,8.880363464355469,0.8697910308837891,0.5527420043945312
1773049161948526000,3.427526123046875,9.89551830291748,1.046859860420227,0.7345965504646301
1773049161958503200,3.437503173828125,10.235299110412598,0.8889335989952087,0.9308080077171326
1773049161968480300,3.447480224609375,7.376473903656006,0.7357929348945618,0.26500511169433594
1773049161978457300,3.457457275390625,13.189836502075195,1.3537393808364868,0.8303094506263733
1773049161988434400,3.467434326171875,8.583653450012207,0.8315058946609497,0.6819544434547424
1773049161998411500,3.47741162109375,7.802994728088379,0.9224331378936768,0.389431893825531
1773049162008388400,3.487388427734375,10.235299110412598,1.2191431522369385,0.3655036687850952
1773049162018365400,3.497365478515625,9.54078197479248,1.0037890672683716,0.4420739710330963
1773049162028342500,3.507342529296875,9.828518867492676,0.9798609018325806,0.605384111404419
1773049162038319600,3.517319580078125,12.026326179504395,1.2239288091659546,0.6197410821914673
1773049162048296700,3.527296630859375,12.313465118408203,1.3489537239074707,0.5623133182525635
1773049162058273800,3.537273681640625,7.476972579956055,0.7980063557624817,0.3798605799674988
1773049162068251000,3.5472509765625,10.838888168334961,1.200000524520874,0.6149554252624512
1773049162078228000,3.55722802734375,9.277571678161621,1.0037890672683716,0.7345965504646301
1773049162088204800,3.567204833984375,8.22413158416748,0.9224331378936768,0.48035913705825806
1773049162098182000,3.577181884765625,10.522438049316406,1.2430713176727295,0.9643075466156006
1773049162108159000,3.587158935546875,10.685748100280762,2.5459632873535156,1.3088740110397339
1773049162118136000,3.597135986328125,9.124430656433105,1.1042876243591309,-0.06041877344250679
1773049162128113200,3.607113037109375,11.331809997558594,1.195214867591858,0.1740778535604477
1773049162138090200,3.61709033203125,10.077372550964355,1.3058829307556152,0.08793623000383377
1773049162148067300,3.6270673828125,8.598010063171387,1.171286702156067,1.4763715267181396
1773049162158044400,3.63704443359375,10.642078399658203,1.3728820085525513,2.913261651992798
1773049162168021500,3.647021484375,8.458627700805664,0.9080761671066284,-0.26141586899757385
1773049162177998300,3.656998291015625,11.628520011901855,1.8801604509353638,-0.29012975096702576
1773049162187975400,3.666975341796875,8.83250617980957,1.7748762369155884,1.4476577043533325
1773049162197952500,3.676952392578125,7.299903869628906,0.9128618240356445,2.3670997619628906
1773049162207929600,3.6869296875,11.025528907775879,1.4063814878463745,0.8350951075553894
1773049162217906700,3.69690673828125,9.1052885055542,1.2287144660949707,-0.28534409403800964
1773049162227883800,3.7068837890625,7.984848976135254,1.4350954294204712,3.1716864109039307
1773049162237860900,3.71686083984375,12.088540077209473,0.21355941891670227,-0.4097708761692047
1773049162247838000,3.726837890625,8.511270523071289,-0.23629122972488403,-0.3188436031341553
1773049162257814800,3.736814697265625,7.936992645263672,0.23748764395713806,0.4899304509162903
1773049162267792000,3.7467919921875,7.941778182983398,0.12263216078281403,3.4061830043792725
1773049162277769000,3.75676904296875,11.518449783325195,-0.600000262260437,0.5431707501411438
1773049162287746000,3.76674609375,7.908278942108154,-0.28893333673477173,-0.7310073375701904
1773049162297723100,3.77672314453125,9.938589096069336,-1.0839486122131348,3.751347780227661
1773049162307700200,3.7867001953125,10.901102066040039,-0.6047859191894531,0.37507495284080505
1773049162317677300,3.79667724609375,7.7838521003723145,-0.04007977992296219,-0.4289134442806244
1773049162327654400,3.806654296875,12.145967483520508,-0.9212366938591003,2.7314071655273438
1773049162337631200,3.81663134765625,8.047062873840332,-0.42293140292167664,0.8350951075553894
1773049162347608300,3.8266083984375,9.665806770324707,-0.4612165689468384,2.032104730606079
1773049162357585400,3.83658544921875,9.263215065002441,-0.4660021960735321,-0.46719861030578613
1773049162367562500,3.8465625,8.281558990478516,-0.5377869009971619,1.721037745475769
1773049162377539600,3.85653955078125,10.512866020202637,-0.4325026869773865,0.5862415432929993
1773049162387516700,3.8665166015625,8.822935104370117,-0.7968099117279053,1.2562319040298462
1773049162397493800,3.87649365234375,8.02791976928711,-0.6430711150169373,1.399801254272461
1773049162407470600,3.886470703125,10.527223587036133,-0.0975075215101242,-0.23270200192928314
1773049162417447700,3.89644775390625,13.663615226745605,-0.6574280261993408,2.510669231414795
1773049162427424800,3.9064248046875,8.703293800354004,-0.5617151260375977,1.5242279767990112
1773049162437401900,3.91640185546875,9.382855415344238,-0.4325026869773865,0.049651071429252625
1773049162447379000,3.92637890625,10.0343017578125,-0.4899304509162903,0.3032902777194977
1773049162457356000,3.93635595703125,9.881160736083984,-1.4428720474243164,2.544168710708618
1773049162467333000,3.9463330078125,9.871589660644531,-1.0552347898483276,0.5958128571510315
1773049162477310000,3.95631005859375,8.98086166381836,-0.16929219663143158,-0.8458628058433533
1773049162487287000,3.966287109375,10.805388450622559,-0.15972091257572174,0.9643075466156006
1773049162497264000,3.97626416015625,11.327024459838867,-1.246660590171814,2.9419753551483154
1773049162507241200,3.9862412109375,8.937790870666504,-0.6813562512397766,0.3415754437446594
1773049162517218300,3.99621826171875,9.775876998901367,-0.0687936544418335,-0.07956135272979736
1773049162527195400,4.0061953125,11.575878143310547,-0.1501496136188507,1.275374412536621
1773049162537172500,4.01617236328125,9.181859016418457,-1.069591760635376,1.716252088546753
1773049162547052500,4.026052490234375,8.631509780883789,-0.8733802437782288,1.6253247261047363
1773049162556913700,4.03591357421875,12.69153118133545,-0.542572557926178,-0.7022934556007385
1773049162567103500,4.046103515625,11.686545372009277,-0.6095715761184692,-0.3188436031341553
1773049162577084700,4.056084716796875,6.6490559577941895,-1.0408778190612793,4.972285270690918
1773049162587252000,4.066251953125,7.443472862243652,-0.08793623000383377,0.4420739710330963
1773049162597251800,4.076251953125,14.271990776062012,-0.054436713457107544,-1.022931694984436
1773049162607206100,4.0862060546875,11.145169258117676,-0.389431893825531,-0.7740781307220459
1773049162617201700,4.09620166015625,5.0638108253479,-0.2554338276386261,0.049651071429252625
1773049162627160300,4.106160400390625,10.700104713439941,-0.542572557926178,2.7218358516693115
1773049162637152300,4.11615234375,14.444273948669434,-1.0169496536254883,2.6021945476531982
1773049162647032000,4.126031982421875,6.256034851074219,-0.42771705985069275,-0.4097708761692047
1773049162656889900,4.135889892578125,9.325428009033203,-0.5282155871391296,0.5186443328857422
1773049162667068700,4.146068603515625,12.40439224243164,-1.2323036193847656,2.5776681900024414
1773049162677059300,4.156059326171875,9.737591743469238,-0.355932354927063,-0.4145565330982208
1773049162686939400,4.165939453125,8.104490280151367,-0.26500511169433594,-0.05563312768936157
1773049162696797400,4.17579736328125,9.885947227478027,-0.3080759048461914,1.3663017749786377
1773049162706976800,4.185976806640625,9.857233047485352,-0.882951557636261,2.0512471199035645
1773049162716967000,4.195966796875,7.76470947265625,-0.389431893825531,-0.47676992416381836
1773049162726931000,4.205930908203125,10.89153003692627,-0.7100701332092285,1.2993026971817017
1773049162736918500,4.21591845703125,9.45464038848877,-0.719641387462616,2.376671075820923
1773049162746885000,4.225885009765625,8.090133666992188,-0.15972091257572174,-0.16091732680797577
1773049162756870700,4.23587060546875,11.394022941589355,-0.47557350993156433,0.31764721870422363
1773049162766839300,4.24583935546875,9.09093189239502,-1.4189438819885254,4.22512674331665
1773049162776823000,4.255822998046875,8.8707914352417,-0.45643091201782227,-0.13220344483852386
1773049162786793500,4.26579345703125,10.714461326599121,-0.01136590726673603,-0.9128618240356445
1773049162796776000,4.27577587890625,11.169097900390625,-0.42293140292167664,0.26500511169433594
1773049162806747600,4.28574755859375,7.022336483001709,-0.6765705943107605,3.2243285179138184
1773049162816728800,4.295728759765625,9.157930374145508,-0.34636107087135315,0.4660021960735321
1773049162826701800,4.305701904296875,10.86281681060791,-0.389431893825531,-0.8410771489143372
1773049162836682200,4.31568212890625,8.827720642089844,-0.6717849373817444,1.428515076637268
1773049162846655700,4.32565576171875,8.401200294494629,-0.9499505758285522,3.205185890197754
1773049162856635600,4.3356357421875,9.713663101196289,-0.5760720372200012,0.37507495284080505
1773049162866610000,4.34560986328125,10.527223587036133,-0.7483552694320679,1.2179467678070068
1773049162876589300,4.35558935546875,9.06700325012207,-0.5138586759567261,1.1270195245742798
1773049162886564000,4.365564208984375,11.413166046142578,-0.973878800868988,2.520240545272827
1773049162896543000,4.37554296875,9.545567512512207,-0.4468596279621124,-0.4001995921134949
1773049162906518300,4.385518310546875,8.81814956665039,-0.3846462368965149,-0.18005990982055664
1773049162916496600,4.39549658203125,10.848459243774414,-0.7052844762802124,2.046461582183838
1773049162926472200,4.40547216796875,7.984848976135254,-0.7722834944725037,2.166102647781372
1773049162936450600,4.415450439453125,7.82692289352417,-0.32721850275993347,-0.10827522724866867
1773049162946426400,4.42542626953125,9.339784622192383,-0.9020941257476807,1.989033818244934
1773049162956404200,4.435404296875,10.067801475524902,-0.5856433510780334,1.098305583000183
1773049162966380500,4.445380615234375,11.551949501037598,-0.8398807644844055,1.8215361833572388
1773049162976358400,4.4553583984375,8.444271087646484,-0.7770691514015198,1.654038667678833
1773049162986334700,4.465334716796875,10.445867538452148,-0.2793620526790619,-0.357128769159317
1773049162996312300,4.475312255859375,11.676376342773438,-0.37507495284080505,-0.41934216022491455
1773049163006288600,4.48528857421875,9.46899700164795,-1.1509476900100708,5.230710506439209
1773049163016266200,4.495266357421875,7.621140003204346,-0.3080759048461914,0.2745763957500458
1773049163026242800,4.505242919921875,9.263215065002441,-0.12143574655056,-0.7214360237121582
1773049163036220200,4.51522021484375,11.676376342773438,-0.2602194547653198,-0.4336991012096405
1773049163046197000,4.525197021484375,7.57806921005249,-0.26979073882102966,0.32243284583091736
1773049163056174300,4.53517431640625,9.866804122924805,-0.9403793215751648,3.434896945953369
1773049163066151200,4.545151123046875,11.56152057647705,-0.8111668825149536,1.3567304611206055
1773049163076128300,4.555128173828125,8.799007415771484,-0.25064817070961,-0.42412781715393066
1773049163086105000,4.56510498046875,11.01595687866211,-0.7824530005455017,2.5872395038604736
1773049163096082400,4.57508251953125,9.401998519897461,-0.633499801158905,0.14057832956314087
1773049163106059300,4.585059326171875,10.125228881835938,-0.3415754437446594,-0.11306086927652359
1773049163116036400,4.595036376953125,9.277571678161621,-0.9978070259094238,3.377469062805176
1773049163126013400,4.605013427734375,9.694520950317383,-0.5952146053314209,0.32721850275993347
1773049163135990500,4.614990478515625,10.603793144226074,-0.3607180118560791,-0.18484555184841156
1773049163145967400,4.62496728515625,8.319844245910645,-0.6861419081687927,0.9020941257476807
1773049163155944400,4.6349443359375,9.512067794799805,-1.0552347898483276,2.812762975692749
1773049163165921500,4.644921630859375,10.24487018585205,-0.47557350993156433,-0.046061836183071136
1773049163175898600,4.654898681640625,8.789435386657715,-0.4707878530025482,-0.13698910176753998
1773049163185875700,4.664875732421875,12.07896900177002,-0.7244270443916321,1.3950155973434448
1773049163195852800,4.674852783203125,8.214560508728027,-0.9499505758285522,3.535395383834839
1773049163205791000,4.684791015625,10.512866020202637,-0.5712863802909851,0.13100704550743103
1773049163215764200,4.69476416015625,9.55513858795166,-0.32243284583091736,-0.4384847581386566
1773049163225783800,4.70478369140625,10.498509407043457,-0.4372883439064026,0.23629122972488403
1773049163235761700,4.71476171875,9.900303840637207,-0.8590233325958252,2.851048231124878
1773049163245641700,4.724641845703125,7.1228346824646,-0.5665007829666138,1.0265209674835205
1773049163255502300,4.73450244140625,11.32223892211914,-0.542572557926178,0.16450655460357666
1773049163265692000,4.74469189453125,11.834900856018066,-0.5569294691085815,0.10707881301641464
1773049163275673600,4.754673583984375,7.390830993652344,-0.9595218896865845,3.0185458660125732
1773049163285646000,4.76464599609375,9.608379364013672,-0.7920243144035339,1.3950155973434448
1773049163295627000,4.774626953125,10.65224838256836,-0.32243284583091736,-0.5826523303985596
1773049163305600300,4.784600341796875,10.627721786499023,-0.48035913705825806,0.1453639715909958
1773049163315580200,4.794580078125,9.009575843811035,-0.2793620526790619,0.5186443328857422
1773049163325554200,4.80455419921875,10.565508842468262,-0.7674978375434875,0.4707878530025482
1773049163335533800,4.814533935546875,7.70249605178833,-0.8877372145652771,2.9515466690063477
1773049163345413600,4.82441357421875,10.704890251159668,-0.5186443328857422,0.8973084688186646
1773049163355274200,4.834274169921875,10.700104713439941,-0.48035913705825806,2.242672920227051
1773049163365462300,4.844462158203125,8.794221878051758,-0.5665007829666138,0.5479564070701599
1773049163375445200,4.8544453125,7.8795647621154785,-0.3415754437446594,-0.6687939167022705
1773049163385416400,4.86441650390625,10.565508842468262,-0.26979073882102966,-0.15613168478012085
1773049163395398100,4.874398193359375,13.290334701538086,0.13698910176753998,0.6340979933738708
1773049163405370600,4.88437060546875,9.723235130310059,0.18005990982055664,2.8558337688446045
1773049163415351600,4.8943515625,6.8309102058410645,-0.3320041298866272,-0.3284149169921875
1773049163425324800,4.90432470703125,10.743175506591797,-0.494716078042984,1.5242279767990112
1773049163435304700,4.9143046875,9.224929809570312,-0.5377869009971619,5.584847927093506
1773049163445184800,4.924184814453125,11.815757751464844,0.26201409101486206,-1.1808580160140991
1773049163455045000,4.934045166015625,5.90668249130249,0.0364905446767807,-1.602592945098877
1773049163465233000,4.94423291015625,9.20578670501709,0.0364905446767807,0.9451649188995361
1773049163475216100,4.954216064453125,11.681161880493164,-0.6430711150169373,2.6021945476531982
1773049163485187000,4.96418701171875,9.608379364013672,-0.6143572330474854,1.1653046607971191
1773049163495169000,4.9741689453125,8.602795600891113,0.09870393574237823,-0.3188436031341553
1773049163505141000,4.98414111328125,10.944172859191895,-0.4420739710330963,2.8223342895507812
1773049163515122200,4.9941220703125,8.74636459350586,-0.5138586759567261,0.15493527054786682
1773049163525095200,5.00409521484375,9.919445991516113,-0.4420739710330963,0.13579268753528595
1773049163535075300,5.014075439453125,8.60758113861084,-0.8877372145652771,3.0233314037323
1773049163544955400,5.023955322265625,10.810174942016602,-0.8781659007072449,1.740180253982544
1773049163554815700,5.033815673828125,7.956135272979736,-0.4181457459926605,0.3032902777194977
1773049163565003300,5.044003173828125,8.429914474487305,-0.5808576941490173,1.7353945970535278
1773049163574986800,5.05398681640625,12.141181945800781,-0.4995017349720001,0.15493527054786682
1773049163584957400,5.06395751953125,8.434700012207031,-0.882951557636261,3.047259569168091
1773049163594939600,5.073939697265625,8.047062873840332,-0.24107688665390015,0.025722842663526535
1773049163604911600,5.08391162109375,11.149955749511719,-0.42293140292167664,-0.9224331378936768
1773049163614892500,5.093892578125,10.50808048248291,-0.8159525394439697,2.166102647781372
1773049163624865800,5.10386572265625,7.850851058959961,-0.37028929591178894,1.2370892763137817
1773049163634846000,5.113845947265625,11.484950065612793,-0.3320041298866272,-0.4576273262500763
1773049163644819700,5.12381982421875,9.948160171508789,-0.2745763957500458,1.5194423198699951
1773049163654799400,5.13379931640625,8.008777618408203,-0.8925228714942932,2.462812662124634
1773049163664774000,5.14377392578125,9.373284339904785,-0.8111668825149536,0.8303094506263733
1773049163674753000,5.1537529296875,9.732806205749512,-0.9308080077171326,2.4771697521209717
1773049163684633000,5.163633056640625,10.565508842468262,-0.5617151260375977,0.3032902777194977
1773049163694513000,5.173512939453125,8.952147483825684,-0.7148557901382446,0.3607180118560791
1773049163704682000,5.183681884765625,10.230513572692871,-1.4428720474243164,3.6358940601348877
1773049163714666500,5.19366650390625,10.49372386932373,-0.5904290080070496,0.2841476798057556
1773049163724636200,5.20363623046875,10.388439178466797,-0.42293140292167664,-0.10348957777023315
1773049163734619100,5.213619140625,10.01994514465332,-0.5760720372200012,0.10707881301641464
1773049163744590300,5.22359033203125,8.070990562438965,-0.9643075466156006,1.2562319040298462
1773049163754572000,5.233572021484375,10.431509971618652,-1.1174482107162476,2.386242389678955
1773049163764544300,5.243544189453125,8.641080856323242,-0.3846462368965149,-0.37148571014404297
1773049163774525200,5.253525146484375,11.551949501037598,-0.7435696125030518,0.2745763957500458
1773049163784498400,5.26349853515625,7.2951178550720215,-0.4995017349720001,0.3798605799674988
1773049163794478600,5.273478515625,12.667603492736816,-2.022533416748047,3.032902717590332
1773049163804452400,5.283452392578125,7.946564197540283,-4.536193370819092,-0.0891326442360878
1773049163814431700,5.293431640625,11.130812644958496,0.4630111753940582,2.4580271244049072
1773049163824406300,5.30340625,9.148359298706055,-1.490728497505188,-0.5054838061332703
1773049163834385400,5.313385498046875,11.14038372039795,0.26201409101486206,0.355932354927063
1773049163844360400,5.3233603515625,10.101301193237305,-0.7148557901382446,0.07357929646968842
1773049163854339000,5.333339111328125,8.923434257507324,-1.6007983684539795,2.09431791305542
1773049163864314600,5.343314697265625,8.434700012207031,-0.5617151260375977,0.47557350993156433
1773049163874292700,5.353292724609375,9.694520950317383,0.01734796352684498,-0.4049852192401886
1773049163884268500,5.3632685546875,10.704890251159668,-0.9643075466156006,1.7832510471343994
1773049163894246700,5.37324658203125,9.852447509765625,-1.2370892763137817,1.3184453248977661
1773049163904222700,5.38322265625,7.735995769500732,-0.4372883439064026,0.4899304509162903
1773049163914200600,5.39320068359375,11.964113235473633,-0.8973084688186646,1.0456634759902954
1773049163924177000,5.403177001953125,10.50808048248291,-0.7483552694320679,1.8502501249313354
1773049163934154500,5.413154541015625,8.904291152954102,0.01734796352684498,0.4995017349720001
1773049163944131000,5.423131103515625,9.670592308044434,-0.8207381963729858,-0.21355941891670227
1773049163954108700,5.433108642578125,9.775876998901367,-1.5290136337280273,2.2474586963653564
1773049163964085000,5.4430849609375,8.075776100158691,0.7405785918235779,0.9260223507881165
1773049163974062600,5.4530625,9.593423843383789,-1.1365907192230225,-0.026919255033135414
1773049163984039200,5.4630390625,10.843673706054688,-2.4675984382629395,1.2849457263946533
1773049163994016500,5.4730166015625,7.175477027893066,0.4055834412574768,1.25144624710083
1773049164003993300,5.482993408203125,11.753544807434082,-0.0687936544418335,-1.4536397457122803
1773049164013970400,5.492970458984375,10.944172859191895,-1.332802176475525,1.831107497215271
1773049164023947300,5.502947265625,8.429914474487305,-0.7770691514015198,4.048057556152344
1773049164033924600,5.512924560546875,9.354142189025879,0.7836494445800781,-1.3100703954696655
1773049164043901400,5.5229013671875,10.838888168334961,-0.08793623000383377,-0.5252245664596558
1773049164053878500,5.53287841796875,9.90987491607666,-0.18364913761615753,0.8638089895248413
1773049164063855600,5.542855712890625,8.496912956237793,0.8602197170257568,0.48035913705825806
1773049164073832700,5.552832763671875,10.417153358459473,-0.10229317098855972,1.069591760635376
1773049164083809500,5.5628095703125,9.670592308044434,-2.032104730606079,1.673181176185608
1773049164093786600,5.57278662109375,8.209774017333984,0.9559326171875,-0.01734796352684498
1773049164103763700,5.582763671875,13.524831771850586,1.2382856607437134,0.15493527054786682
1773049164113740800,5.59274072265625,9.641879081726074,-0.6191428303718567,2.486740827560425
1773049164123718000,5.6027177734375,6.457031726837158,-0.07357929646968842,1.098305583000183
1773049164133695000,5.612695068359375,12.05504035949707,0.4486542344093323,0.355932354927063
1773049164143671800,5.622671875,11.355737686157227,-0.45643091201782227,0.3655036687850952
1773049164153649000,5.63264892578125,7.304689407348633,-1.399801254272461,0.40378883481025696
1773049164163626000,5.6426259765625,7.601997375488281,-0.0687936544418335,2.386242389678955
1773049164173603000,5.65260302734375,11.863615036010742,-0.8111668825149536,-0.022133609279990196
1773049164183580200,5.662580078125,9.473783493041992,-1.1270195245742798,-0.6592226624488831
1773049164193557200,5.67255712890625,8.7176513671875,-0.2602194547653198,1.8598214387893677
1773049164203534000,5.6825341796875,10.522438049316406,-0.50907301902771,-0.03170489892363548
1773049164213511200,5.69251123046875,11.686545372009277,-1.0121639966964722,0.8398807644844055
1773049164223488300,5.70248828125,8.185846328735352,-0.9499505758285522,1.6875381469726562
1773049164233465300,5.71246533203125,9.780662536621094,-0.4133601188659668,0.16929219663143158
1773049164243442200,5.722442138671875,10.929815292358398,-0.13100704550743103,0.5527420043945312
1773049164253419300,5.732419189453125,10.01994514465332,-1.3232308626174927,1.4428720474243164
1773049164263396400,5.742396240234375,6.964908599853516,-0.11665010452270508,-0.05563312768936157
1773049164273373400,5.75237353515625,9.153144836425781,-0.4468596279621124,2.669193744659424
1773049164283350500,5.7623505859375,12.605389595031738,-0.2315055876970291,-0.05563312768936157
1773049164293327600,5.77232763671875,7.76470947265625,-0.32243284583091736,0.5575276613235474
1773049164303304700,5.7823046875,10.192228317260742,0.5252245664596558,0.20757736265659332
1773049164313281500,5.792281494140625,10.555936813354492,-0.355932354927063,1.3040883541107178
1773049164323258600,5.802258544921875,11.106884956359863,-0.23629122972488403,0.5910272002220154
1773049164333235700,5.812235595703125,6.92183780670166,-0.3080759048461914,0.24586252868175507
1773049164343212800,5.822212890625,11.532807350158691,0.13698910176753998,1.222732424736023
1773049164353190000,5.83218994140625,8.909076690673828,0.4103690981864929,-0.4624129831790924
1773049164363167000,5.8421669921875,10.7766752243042,-1.1988041400909424,0.6819544434547424
1773049164373143800,5.852143798828125,7.390830993652344,0.5491527915000916,0.39421752095222473
1773049164383121000,5.862120849609375,11.346166610717773,-0.494716078042984,2.654836654663086
1773049164393098000,5.872097900390625,9.82373332977295,0.2183450609445572,-0.18005990982055664
1773049164403036200,5.8820361328125,7.654639720916748,0.16091732680797577,-0.357128769159317
1773049164413009400,5.892009521484375,12.284751892089844,-0.3846462368965149,0.7585247755050659
1773049164423029000,5.902029052734375,9.358927726745605,0.20398813486099243,1.3088740110397339
1773049164433006800,5.9120068359375,9.483354568481445,0.4247260093688965,0.16929219663143158
1773049164442983200,5.921983154296875,9.56471061706543,-0.849452018737793,0.6197410821914673
1773049164452960800,5.931960693359375,8.410771369934082,-0.4325026869773865,0.15493527054786682
1773049164462937300,5.941937255859375,9.622735977172852,0.1178465187549591,-0.29012975096702576
1773049164472915000,5.9519150390625,10.36929702758789,-0.3798605799674988,0.12622138857841492
1773049164482891500,5.9618916015625,10.613365173339844,-0.7244270443916321,2.6500511169433594
1773049164492868900,5.971868896484375,8.420342445373535,0.4486542344093323,-0.23270200192928314
1773049164502845400,5.981845458984375,10.005587577819824,0.625723123550415,-0.2997010350227356
1773049164512822800,5.99182275390625,12.337393760681152,-0.6717849373817444,2.166102647781372
1773049164522799600,6.001799560546875,7.237690448760986,-0.1788634955883026,1.1270195245742798
1773049164532777000,6.01177685546875,8.933005332946777,0.8697910308837891,0.8063812255859375
1773049164542753800,6.02175390625,12.222537994384766,-0.9978070259094238,1.3854442834854126
1773049164552731000,6.03173095703125,9.632308006286621,0.11306086927652359,1.1365907192230225
1773049164562707700,6.041707763671875,7.82692289352417,0.486939400434494,-0.49591249227523804
1773049164572685000,6.05168505859375,12.390035629272461,-0.31764721870422363,1.074377417564392
1773049164582662000,6.061661865234375,9.392427444458008,-0.5377869009971619,0.18364913761615753
1773049164592639000,6.071638916015625,9.382855415344238,0.8937192559242249,0.11665010452270508
1773049164602538200,6.081538330078125,10.4219388961792,0.26201409101486206,2.2713868618011475
1773049164612507600,6.091507568359375,10.881958961486816,-0.50907301902771,0.5814558863639832
1773049164622570000,6.101570068359375,7.573283672332764,0.5395814776420593,-0.20398813486099243
1773049164632548900,6.111548828125,10.565508842468262,-0.16450655460357666,2.132603168487549
1773049164642524200,6.121524169921875,10.311869621276855,-0.13579268753528595,1.2418749332427979
1773049164652502500,6.13150244140625,7.836493968963623,0.8219345808029175,1.5433706045150757
1773049164662478300,6.141478271484375,10.177870750427246,0.2907279431819916,0.2315055876970291
1773049164672456400,6.15145654296875,9.531210899353027,-0.39421752095222473,0.9499505758285522
1773049164682432300,6.161432373046875,10.15872859954834,-0.006580262444913387,0.47557350993156433
1773049164692410400,6.171410400390625,9.943374633789062,0.9224331378936768,1.495514154434204
1773049164702386400,6.181386474609375,10.110872268676758,-0.35114672780036926,0.12143574655056
1773049164712364300,6.1913642578125,9.531210899353027,-0.5042873620986938,-0.23270200192928314
1773049164722340600,6.201340576171875,8.544769287109375,0.06999006122350693,1.5726827383041382
1773049164732318200,6.211318115234375,10.503294944763184,-0.13579268753528595,0.9403793215751648
1773049164742294800,6.221294677734375,10.120443344116211,0.28115665912628174,0.8255237936973572
1773049164752272100,6.231272216796875,8.195417404174805,-0.07357929646968842,-0.3810569941997528
1773049164762210000,6.2412099609375,11.681161880493164,0.19920247793197632,1.7928223609924316
1773049164772183600,6.25118359375,9.339784622192383,0.22791635990142822,0.19322042167186737
1773049164782164000,6.2611640625,10.709675788879395,-0.47557350993156433,1.6683956384658813
1773049164792138200,6.27113818359375,8.11406135559082,0.5395814776420593,0.6963114142417908
1773049164802118100,6.2811181640625,9.737591743469238,0.13698910176753998,1.5146567821502686
1773049164812093000,6.291093017578125,10.87717342376709,0.06520441919565201,0.6005984544754028
1773049164822111000,6.301111083984375,7.735995769500732,-0.4612165689468384,1.031306505203247
1773049164832090000,6.311090087890625,10.417153358459473,0.5108676552772522,0.25064817070961
1773049164842026200,6.321026123046875,10.690533638000488,0.6065805554389954,1.835893154144287
1773049164852001000,6.3310009765625,9.20578670501709,-0.14057832956314087,-0.1657029688358307
1773049164861980400,6.34098046875,7.850851058959961,-0.5904290080070496,0.12622138857841492
1773049164871955700,6.350955810546875,10.101301193237305,0.3768695592880249,0.8925228714942932
1773049164881973200,6.36097314453125,10.671390533447266,0.50129634141922,-0.12741780281066895
1773049164891953000,6.370952880859375,10.642078399658203,-1.0456634759902954,2.8223342895507812
1773049164901833000,6.3808330078125,7.036693096160889,-0.11665010452270508,-0.04127619042992592
1773049164911712800,6.390712646484375,10.25922679901123,1.0133603811264038,-0.15613168478012085
1773049164921842700,6.4008427734375,14.602200508117676,0.20398813486099243,2.6213371753692627
1773049164931819800,6.41081982421875,5.810969829559326,-0.3415754437446594,1.4380863904953003
1773049164941796900,6.420796875,7.352545738220215,0.7214360237121582,-0.4384847581386566
1773049164951774000,6.43077392578125,14.257634162902832,0.8554341197013855,0.4612165689468384
1773049164961673200,6.440673095703125,7.017550468444824,-0.3080759048461914,2.812762975692749
1773049164971642600,6.450642578125,9.986445426940918,-0.19322042167186737,0.10229317098855972
1773049164981588500,6.46058837890625,7.390830993652344,0.5587241053581238,-0.18005990982055664
1773049164991555600,6.4705556640625,13.280763626098633,0.046061836183071136,0.11665010452270508
1773049165001503700,6.480503662109375,9.82373332977295,-0.08793623000383377,0.6149554252624512
1773049165011469000,6.490468994140625,9.378069877624512,0.18963119387626648,0.5575276613235474
1773049165021458000,6.5004580078125,10.872387886047363,0.6687939167022705,0.916451096534729
1773049165031425300,6.51042529296875,10.192228317260742,-0.3080759048461914,2.970689296722412
1773049165041334500,6.52033447265625,6.931408882141113,0.2183450609445572,-0.0891326442360878
1773049165051296300,6.530296142578125,9.929018020629883,-0.08315058797597885,1.74496591091156
1773049165061249800,6.540249755859375,9.637093544006348,0.046061836183071136,3.229114055633545
1773049165071210500,6.55021044921875,9.57906723022461,0.3577269911766052,0.9643075466156006
1773049165081165000,6.5601650390625,10.517651557922363,-0.09272187948226929,-0.9702895879745483
1773049165091125200,6.570125244140625,7.95134973526001,0.10827522724866867,0.3655036687850952
1773049165100964600,6.579964599609375,13.735400199890137,-0.001794616924598813,0.7489534616470337
1773049165110912500,6.58991259765625,9.550353050231934,-0.0687936544418335,0.2745763957500458
1773049165120995300,6.599995361328125,8.458627700805664,-0.11665010452270508,0.22193430364131927
1773049165130957000,6.60995703125,9.713663101196289,0.31465616822242737,0.9403793215751648
1773049165140837000,6.619837158203125,9.55513858795166,0.2231307178735733,1.7353945970535278
1773049165150717000,6.629717041015625,9.296713829040527,0.04127619042992592,0.9643075466156006
1773049165160597000,6.639596923828125,8.338987350463867,0.7501499056816101,1.740180253982544
1773049165170477000,6.64947705078125,9.919445991516113,-0.001794616924598813,1.8741782903671265
1773049165180357000,6.659357177734375,10.455438613891602,0.07956135272979736,-0.012562318705022335
1773049165190237000,6.66923681640625,9.900303840637207,0.3242274820804596,1.2610175609588623
1773049165200117000,6.679116943359375,11.255239486694336,-0.10707881301641464,0.8877372145652771
1773049165209997000,6.6889970703125,9.818947792053223,0.20398813486099243,1.179661512374878
1773049165220177200,6.69917724609375,9.110074043273926,-0.13100704550743103,0.10229317098855972
1773049165230357000,6.70935693359375,9.718449592590332,0.15613168478012085,-0.2709871530532837
1773049165240537000,6.719537109375,8.789435386657715,-0.45643091201782227,0.9260223507881165
1773049165250717000,6.729717041015625,9.531210899353027,0.3433700501918793,0.2554338276386261
1773049165260867800,6.739867919921875,10.858031272888184,-0.22193430364131927,0.5431707501411438
1773049165270846500,6.749846435546875,9.948160171508789,0.12263216078281403,2.0368902683258057
1773049165280861000,6.75986083984375,8.482556343078613,1.0277173519134521,0.29371899366378784
1773049165290843100,6.769843017578125,11.791830062866211,-0.29371899366378784,0.8590233325958252
1773049165300776200,6.779776123046875,8.281558990478516,-0.04007977992296219,2.5872395038604736
1773049165310753500,6.78975341796875,8.401200294494629,0.41515472531318665,0.0687936544418335
1773049165320730400,6.79973046875,13.342977523803711,-0.2315055876970291,0.9595218896865845
1773049165330707700,6.809707763671875,7.476972579956055,0.23748764395713806,1.6061822175979614
1773049165340684500,6.8196845703125,9.425926208496094,-0.31764721870422363,-0.2709871530532837
1773049165350662000,6.829661865234375,10.139585494995117,0.07956135272979736,0.5527420043945312
1773049165360638700,6.839638671875,8.539983749389648,0.5252245664596558,1.1174482107162476
1773049165370615800,6.84961572265625,11.10209846496582,-0.19800607860088348,0.39421752095222473
1773049165380593000,6.859593017578125,8.81814956665039,0.05563312768936157,1.7976080179214478
1773049165390570000,6.869570068359375,9.651450157165527,0.4007977843284607,0.7489534616470337
1773049165400585700,6.879585693359375,11.106884956359863,0.13220344483852386,1.831107497215271
1773049165410567000,6.88956689453125,9.406784057617188,-0.19800607860088348,0.5042873620986938
1773049165420540000,6.899539794921875,8.200202941894531,0.23270200192928314,1.9316060543060303
1773049165430520300,6.909520263671875,10.972886085510254,0.4630111753940582,0.9212366938591003
1773049165440494000,6.919494140625,10.819746017456055,0.3242274820804596,0.5910272002220154
1773049165450473700,6.9294736328125,9.90987491607666,-0.9930213689804077,1.3232308626174927
1773049165460448300,6.9394482421875,7.6498541831970215,0.33858439326286316,-0.33798620104789734
1773049165470427400,6.949427490234375,11.327024459838867,0.6017948985099792,0.39421752095222473
1773049165480402400,6.95940234375,11.480164527893066,-0.8015955686569214,0.9020941257476807
1773049165490381300,6.96938134765625,6.783053874969482,0.12263216078281403,0.26500511169433594
1773049165500261400,6.979261474609375,10.613365173339844,0.33858439326286316,2.0033907890319824
1773049165510079700,6.989079833984375,10.182656288146973,-0.35114672780036926,0.2841476798057556
1773049165520259800,6.999259765625,8.92821979522705,0.5635097622871399,1.3615161180496216
1773049165530294000,7.0092939453125,11.542378425598145,-0.10229317098855972,2.400599241256714
1773049165540265000,7.019264892578125,9.828518867492676,0.18963119387626648,0.8303094506263733
1773049165550247000,7.029246826171875,8.353343963623047,0.9032905697822571,0.5814558863639832
1773049165560219100,7.03921923828125,10.393224716186523,-0.1788634955883026,2.654836654663086
1773049165580173300,7.05917333984375,7.750352382659912,0.39122650027275085,0.07357929646968842
1773049165590153500,7.069153564453125,13.74497127532959,-0.18843477964401245,0.45164528489112854
1773049165600127500,7.07912744140625,8.679366111755371,-0.973878800868988,0.08315058797597885
1773049165610107100,7.089107177734375,8.410771369934082,0.8697910308837891,1.2610175609588623
1773049165620081700,7.09908154296875,11.25045394897461,0.14656038582324982,0.37507495284080505
1773049165630060800,7.109060791015625,10.25922679901123,-0.4372883439064026,1.9411773681640625
1773049165640035800,7.119035888671875,7.82692289352417,0.6640082597732544,1.5385849475860596
1773049165650014700,7.1290146484375,10.89153003692627,-0.09272187948226929,0.16450655460357666
1773049165659894500,7.13889453125,8.69372272491455,0.07956135272979736,1.960319995880127
1773049165669755600,7.148755615234375,10.053443908691406,-0.07836493849754333,2.4771697521209717
1773049165679944200,7.158944091796875,9.378069877624512,0.13698910176753998,-0.9176474809646606
1773049165689926400,7.168926513671875,9.129216194152832,0.10348957777023315,0.355932354927063
1773049165699898400,7.1788984375,12.107682228088379,-0.5617151260375977,0.15972091257572174
1773049165709879600,7.188879638671875,8.73200798034668,0.3242274820804596,-0.29012975096702576
1773049165719852500,7.1988525390625,10.920244216918945,0.1417747437953949,0.07836493849754333
1773049165729833000,7.2088330078125,10.498509407043457,-0.6717849373817444,0.22193430364131927
1773049165739806700,7.218806640625,8.434700012207031,0.3768695592880249,0.9834501147270203
1773049165749786600,7.22878662109375,10.201799392700195,0.865005373954773,2.142174482345581
1773049165759761000,7.238760986328125,9.656235694885254,-0.3415754437446594,0.7250252366065979
1773049165769740300,7.248740234375,8.563912391662598,0.49651068449020386,2.352742910385132
1773049165779715000,7.258715087890625,9.047860145568848,0.36251261830329895,0.4181457459926605
1773049165789694000,7.26869384765625,12.476177215576172,-0.6430711150169373,1.0791629552841187
1773049165799669500,7.27866943359375,8.674580574035645,-0.5473581552505493,1.4380863904953003
1773049165809647900,7.28864794921875,8.866005897521973,0.6975077986717224,-0.4001995921134949
1773049165819623400,7.29862353515625,12.893126487731934,0.12741780281066895,0.23629122972488403
1773049165829601800,7.308601806640625,7.860422611236572,-1.2705888748168945,1.2849457263946533
1773049165839577900,7.318577880859375,8.50169849395752,0.5395814776420593,-0.10827522724866867
1773049165849555700,7.3285556640625,11.834900856018066,0.4582255482673645,0.7824530005455017
1773049165859532000,7.338531982421875,9.028717994689941,-0.47557350993156433,2.2187447547912598
1773049165869510000,7.348510009765625,7.314260482788086,0.44386860728263855,-0.0077766734175384045
1773049165879486200,7.358486328125,10.469795227050781,0.43908295035362244,1.654038667678833
1773049165889463800,7.3684638671875,10.431509971618652,-0.42293140292167664,3.229114055633545
1773049165899440400,7.3784404296875,8.023134231567383,0.41994038224220276,-0.47198426723480225
1773049165909418000,7.38841796875,10.077372550964355,0.5491527915000916,0.20757736265659332
1773049165919394600,7.39839453125,11.240882873535156,-0.2267199456691742,1.1700903177261353
1773049165929372200,7.4083720703125,8.96650505065918,-0.19322042167186737,0.2793620526790619
1773049165939348700,7.4183486328125,10.622936248779297,0.10827522724866867,0.09272187948226929
1773049165949326000,7.428326171875,10.110872268676758,-0.24586252868175507,0.5383850932121277
1773049165959303000,7.438302978515625,9.559925079345703,0.10827522724866867,1.428515076637268
1773049165969280300,7.4482802734375,9.531210899353027,0.01734796352684498,1.5098711252212524
1773049165979257000,7.458257080078125,10.517651557922363,0.1417747437953949,0.5479564070701599
1773049165989234400,7.468234375,10.000802040100098,-0.0975075215101242,2.8414769172668457
1773049165999211300,7.478211181640625,9.814162254333496,0.5539384484291077,1.1270195245742798
1773049166009188600,7.488188720703125,10.077372550964355,0.20877377688884735,0.9786644577980042
1773049166019068700,7.498068603515625,9.804591178894043,-0.5665007829666138,2.779263496398926
1773049166028930000,7.507929931640625,8.037490844726562,0.12263216078281403,-0.0364905446767807
1773049166039119600,7.51811962890625,10.182656288146973,0.2955136001110077,-0.4145565330982208
1773049166049101000,7.52810107421875,11.528020858764648,-0.9978070259094238,1.9986051321029663
1773049166059073800,7.53807373046875,8.875576972961426,-0.25064817070961,1.3040883541107178
1773049166069054500,7.548054443359375,9.6466646194458,0.711864709854126,-0.3475574851036072
1773049166079028000,7.558028076171875,11.854043006896973,-0.4995017349720001,1.831107497215271
1773049166089007900,7.5680078125,8.712865829467773,0.026919255033135414,3.1334011554718018
1773049166098982400,7.577982421875,7.755138397216797,0.33379876613616943,0.605384111404419
1773049166108961500,7.58796142578125,10.38365364074707,0.3290131092071533,0.9882357716560364
1773049166118841600,7.597841552734375,9.306285858154297,-0.05922235921025276,2.6213371753692627
1773049166128702700,7.60770263671875,9.632308006286621,-0.5856433510780334,1.5337992906570435
1773049166138890500,7.617890380859375,9.593423843383789,0.41515472531318665,-0.251844584941864
1773049166148873200,7.627873291015625,11.734402656555176,0.0029910283628851175,0.638883650302887
1773049166158753300,7.637753173828125,11.23609733581543,-0.7722834944725037,1.0839486122131348
1773049166178822100,7.657822265625,11.652447700500488,0.3433700501918793,0.7250252366065979
1773049166188775400,7.667775390625,10.182656288146973,-0.7483552694320679,0.12143574655056
1773049166198771700,7.677771728515625,7.194619655609131,0.49651068449020386,2.9563324451446533
1773049166208651800,7.68765185546875,10.441082000732422,0.8745766878128052,2.0991036891937256
1773049166218509300,7.69750927734375,10.661819458007812,-0.4181457459926605,0.16450655460357666
1773049166228684000,7.70768408203125,8.429914474487305,-0.13100704550743103,1.2562319040298462
1773049166238677800,7.717677734375,8.492127418518066,0.6831508874893188,1.9124635457992554
1773049166248638500,7.727638427734375,12.155538558959961,-0.4612165689468384,0.7010970115661621
1773049166258628900,7.73762890625,9.69930648803711,-0.19800607860088348,-0.03170489892363548
1773049166268592600,7.747592529296875,9.569496154785156,-0.4372883439064026,-0.251844584941864
1773049166278580500,7.75758056640625,10.848459243774414,-0.3367897868156433,0.6293123364448547
1773049166288547000,7.767547119140625,11.054242134094238,-0.3128615617752075,0.5431707501411438
1773049166298532600,7.77753271484375,8.214560508728027,0.17527425289154053,0.8255237936973572
1773049166308412700,7.78741259765625,8.617152214050293,0.17527425289154053,1.2993026971817017
1773049166318272300,7.797272216796875,9.780662536621094,-0.08315058797597885,0.882951557636261
1773049166328455400,7.807455322265625,8.70807933807373,-0.16929219663143158,2.3336002826690674
1773049166338442000,7.81744189453125,9.20578670501709,0.6687939167022705,0.389431893825531
1773049166348409600,7.82740966796875,11.054242134094238,-0.8350951075553894,1.275374412536621
1773049166358394400,7.837394287109375,8.947361946105957,-0.19322042167186737,0.03529413416981697
1773049166368364000,7.847364013671875,9.77109146118164,0.6496513485908508,1.1748759746551514
1773049166378347300,7.85734716796875,11.193026542663574,-0.7627122402191162,0.5862415432929993
1773049166388318200,7.867318115234375,8.233702659606934,-0.4707878530025482,-0.7070791125297546
1773049166398300200,7.877300048828125,9.766305923461914,0.6161518096923828,0.15972091257572174
1773049166408272400,7.8872724609375,11.193026542663574,-0.5042873620986938,3.181257724761963
1773049166418253600,7.897253662109375,9.756733894348145,0.3002992272377014,0.5042873620986938
1773049166428226800,7.907226806640625,7.779066562652588,0.3529413342475891,-0.37148571014404297
1773049166438207000,7.91720703125,9.301499366760254,0.4103690981864929,1.399801254272461
1773049166448181000,7.927180908203125,10.64686393737793,0.10348957777023315,3.0903303623199463
1773049166458160600,7.93716064453125,9.038289070129395,-0.18843477964401245,-0.1657029688358307
1773049166468135200,7.94713525390625,8.985647201538086,0.11306086927652359,-0.711864709854126
1773049166478114300,7.9571142578125,11.417951583862305,-0.4660021960735321,0.8015955686569214
1773049166488089600,7.967089599609375,10.642078399658203,-0.40378883481025696,1.677966833114624
1773049166498068200,7.977068115234375,9.382855415344238,0.33858439326286316,-0.357128769159317
1773049166508043800,7.987043701171875,10.488938331604004,0.13698910176753998,-0.2183450609445572
1773049166518022100,7.997022216796875,8.631509780883789,-0.973878800868988,2.92283296585083
1773049166527998000,8.006998046875,7.8077802658081055,0.7310073375701904,1.74496591091156
1773049166537976000,8.01697607421875,10.575079917907715,0.2566302418708801,-0.14656038582324982
1773049166547952000,8.0269521484375,9.905089378356934,-0.5569294691085815,2.606980323791504
1773049166557930000,8.036929931640625,7.707281589508057,-0.3415754437446594,1.5966109037399292
1773049166567906300,8.04690625,10.110872268676758,-0.0975075215101242,0.35114672780036926
1773049166577884200,8.05688427734375,12.06939697265625,-0.14057832956314087,0.7154539823532104
1773049166587860700,8.06686083984375,10.101301193237305,-0.8590233325958252,-0.4911268353462219
1773049166597838300,8.07683837890625,8.73200798034668,-0.0975075215101242,1.222732424736023
1773049166607718400,8.086718505859375,11.178668975830078,0.1178465187549591,1.6205391883850098
1773049166617579500,8.09657958984375,10.441082000732422,-0.5760720372200012,-0.18484555184841156
1773049166627768800,8.106768798828124,8.69372272491455,0.23270200192928314,1.098305583000183
1773049166637750500,8.11675048828125,9.296713829040527,0.4773681163787842,3.348755359649658
1773049166647723000,8.126722900390625,10.536794662475586,-0.29371899366378784,0.8781659007072449
1773049166657704000,8.136703857421875,9.459425926208496,0.2763710021972656,0.08793623000383377
1773049166667677200,8.14667724609375,9.114859580993652,0.2907279431819916,1.835893154144287
1773049166677657300,8.1566572265625,11.145169258117676,-0.23629122972488403,0.34636107087135315
1773049166687631600,8.166631591796875,10.082158088684082,-0.3367897868156433,0.4995017349720001
1773049166697611000,8.176611083984374,9.483354568481445,0.14656038582324982,-0.10827522724866867
1773049166707585800,8.186585693359374,10.89153003692627,0.022133609279990196,-0.1417747437953949
1773049166717564700,8.196564697265625,10.38365364074707,-0.04486542567610741,2.3814568519592285
1773049166727540000,8.2065400390625,8.372486114501953,0.3290131092071533,0.9451649188995361
1773049166737518600,8.2165185546875,10.465009689331055,-0.13100704550743103,-0.47198426723480225
1773049166747494400,8.226494384765624,9.05264663696289,-0.025722842663526535,2.486740827560425
1773049166757472500,8.236472412109375,9.023932456970215,0.39122650027275085,2.5250260829925537
1773049166767448600,8.246448486328125,10.378868103027344,-0.4995017349720001,-0.9320043921470642
1773049166777426700,8.2564267578125,8.257631301879883,-0.2315055876970291,0.2027917206287384
1773049166787402800,8.26640283203125,11.054242134094238,0.2470589429140091,2.352742910385132
1773049166797380600,8.276380615234375,10.316655158996582,-0.5952146053314209,-0.251844584941864
1773049166807357000,8.28635693359375,10.086943626403809,-0.5760720372200012,-0.7310073375701904
1773049166817334800,8.296334716796874,9.071788787841797,-0.13100704550743103,1.246660590171814
1773049166827311000,8.30631103515625,10.287940979003906,0.13220344483852386,1.9268203973770142
1773049166837288700,8.316288818359375,10.240084648132324,-0.25064817070961,0.4085744619369507
1773049166847265500,8.326265625,8.15234661102295,-0.24586252868175507,1.3232308626174927
1773049166857243000,8.336242919921874,8.453842163085938,0.534795880317688,1.9411773681640625
1773049166867413800,8.346413818359375,10.719246864318848,0.18005990982055664,1.9076778888702393
1773049166877411000,8.3564111328125,9.751948356628418,-0.6143572330474854,-0.28534409403800964
1773049166887368200,8.3663681640625,8.061419486999512,0.13698910176753998,0.9260223507881165
1773049166897361400,8.376361328125,11.039885520935059,0.5682953596115112,1.3519448041915894
1773049166907241500,8.386241455078125,10.700104713439941,-0.7872386574745178,-0.37148571014404297
1773049166917099000,8.39609912109375,8.60758113861084,0.18963119387626648,0.34636107087135315
1773049166927276500,8.406276611328124,8.516056060791016,0.41994038224220276,1.5290136337280273
1773049166937268200,8.416268310546876,11.417951583862305,0.2566302418708801,1.6444673538208008
1773049166947231000,8.42623095703125,10.474580764770508,-0.054436713457107544,1.7928223609924316
1773049166957219600,8.436219482421874,7.798209190368652,0.2763710021972656,0.16450655460357666
1773049166967185200,8.44618505859375,10.067801475524902,0.6496513485908508,2.2235305309295654
1773049166977171700,8.456171630859375,10.63250732421875,-0.35114672780036926,1.3423734903335571
1773049166987139600,8.4661396484375,8.109275817871094,0.13698910176753998,-0.6448656916618347
1773049166997124000,8.4761240234375,10.043872833251953,-0.12143574655056,0.5670989751815796
1773049167007093800,8.48609375,10.63250732421875,-0.3415754437446594,0.6819544434547424
1773049167017077000,8.496076904296874,9.866804122924805,-0.11186445504426956,1.3280165195465088
1773049167027048200,8.506048095703125,9.919445991516113,-0.1453639715909958,0.5186443328857422
1773049167037030000,8.51602978515625,9.574281692504883,-0.001794616924598813,1.222732424736023
1773049167047002400,8.52600244140625,10.512866020202637,-0.31764721870422363,2.0608184337615967
1773049167056983300,8.5359833984375,8.688937187194824,-0.26500511169433594,1.4524433612823486
1773049167066956500,8.54595654296875,8.846863746643066,0.10827522724866867,0.7537391185760498
1773049167076936700,8.555936767578125,10.25922679901123,-0.3032902777194977,1.7736797332763672
1773049167086910700,8.56591064453125,9.41635513305664,-0.542572557926178,0.5138586759567261
1773049167096890400,8.575890380859375,9.593423843383789,0.15134602785110474,1.1318050622940063
1773049167106865200,8.585865234375,10.733604431152344,-0.19800607860088348,0.34636107087135315
1773049167116844000,8.595843994140624,10.642078399658203,-0.13579268753528595,-0.06041877344250679
1773049167126819300,8.6058193359375,9.593423843383789,-0.07357929646968842,2.4819552898406982
1773049167136798000,8.6157978515625,9.09093189239502,0.23748764395713806,0.8973084688186646
1773049167146773500,8.6257734375,10.110872268676758,0.3768695592880249,0.5527420043945312
1773049167156752000,8.635751953125,9.670592308044434,-0.18843477964401245,2.884547710418701
1773049167166727700,8.645727783203125,9.038289070129395,0.5300102233886719,0.5335994362831116
1773049167176705800,8.655705810546875,10.7766752243042,-0.2027917206287384,1.4811571836471558
1773049167186681900,8.665681884765625,10.115657806396484,0.2470589429140091,0.973878800868988
1773049167196660000,8.675659912109374,9.82373332977295,-0.11665010452270508,0.10229317098855972
1773049167206539800,8.685539794921874,10.575079917907715,-0.07357929646968842,0.3080759048461914
1773049167216400600,8.695400634765624,10.287940979003906,-0.06400800496339798,1.2801600694656372
1773049167226590200,8.705590087890625,10.690533638000488,0.2763710021972656,1.00259268283844
1773049167236572200,8.715572265625,8.875576972961426,0.0077766734175384045,0.9403793215751648
1773049167246544400,8.72554443359375,9.78544807434082,-0.054436713457107544,1.8789639472961426
1773049167256525300,8.735525390625,9.268000602722168,-0.28893333673477173,1.7018951177597046
1773049167266498800,8.745498779296875,9.31585693359375,0.13220344483852386,1.184447169303894
1773049167276479000,8.75547900390625,10.043872833251953,-0.3320041298866272,0.8446664214134216
1773049167286453000,8.765452880859375,8.961718559265137,-0.3655036687850952,1.428515076637268
1773049167296432400,8.775432373046876,9.828518867492676,-0.07836493849754333,1.332802176475525
1773049167306312400,8.7853125,9.665806770324707,-0.5377869009971619,-0.6065805554389954
1773049167316173000,8.795173095703126,9.862018585205078,0.09870393574237823,1.4524433612823486
1773049167326361300,8.805361328125,9.656235694885254,-0.50907301902771,1.6683956384658813
1773049167336344000,8.815343994140624,9.282357215881348,-0.01615155301988125,1.4333007335662842
1773049167346224000,8.82522412109375,10.086943626403809,-0.1501496136188507,0.638883650302887
1773049167356084000,8.835083984375,9.862018585205078,-0.3128615617752075,0.9882357716560364
1773049167366269700,8.845269775390625,8.741579055786133,0.6640082597732544,2.83669114112854
1773049167376254700,8.855254638671875,9.967302322387695,-0.45164528489112854,0.3415754437446594
1773049167386223900,8.865223876953126,9.086145401000977,-0.21236300468444824,-0.15613168478012085
1773049167396207400,8.875207275390625,10.13479995727539,0.39601215720176697,1.74496591091156
1773049167406178000,8.885177978515625,10.791031837463379,-0.07836493849754333,0.4612165689468384
1773049167416160300,8.89516015625,10.086943626403809,0.3577269911766052,0.5431707501411438
1773049167426132200,8.90513232421875,9.45464038848877,-0.10707881301641464,1.275374412536621
1773049167436113700,8.91511376953125,9.378069877624512,0.3481557071208954,1.6205391883850098
1773049167446086700,8.925086669921875,10.192228317260742,0.28115665912628174,1.2323036193847656
1773049167456066800,8.93506689453125,9.598209381103516,-0.28893333673477173,1.5290136337280273
1773049167466040800,8.945040771484376,8.846863746643066,0.6735795736312866,0.1788634955883026
1773049167476020500,8.9550205078125,9.574281692504883,-0.4181457459926605,1.1748759746551514
1773049167485995000,8.9649951171875,9.833304405212402,-0.355932354927063,0.6340979933738708
1773049167495974100,8.97497412109375,9.627521514892578,-0.06400800496339798,0.2027917206287384
1773049167505949200,8.98494921875,10.858031272888184,-0.8303094506263733,0.06400800496339798
1773049167515928000,8.994927978515625,9.866804122924805,0.3194418251514435,1.80717933177948
1773049167525903400,9.0049033203125,9.675378799438477,-0.1453639715909958,1.9507486820220947
1773049167535882000,9.014882080078126,9.20578670501709,-0.47557350993156433,-0.5395814776420593
1773049167545761800,9.02476171875,9.373284339904785,-0.5904290080070496,2.640479803085327
1773049167555622700,9.03462255859375,9.588638305664062,-0.25064817070961,1.8550357818603516
1773049167565811700,9.044811767578125,9.7998046875,-0.2554338276386261,0.1740778535604477
1773049167575794000,9.0547939453125,9.876375198364258,-0.9690931439399719,2.017747640609741
1773049167585766000,9.064765869140626,8.913862228393555,-0.4707878530025482,0.22193430364131927
1773049167595747000,9.0747470703125,9.694520950317383,-0.32243284583091736,1.1413763761520386
1773049167605720300,9.08472021484375,11.073385238647461,-0.7627122402191162,0.9068797826766968
1773049167615700500,9.094700439453124,9.095717430114746,-0.2602194547653198,0.6580262184143066
1773049167625674500,9.104674560546876,8.827720642089844,-0.355932354927063,2.084746837615967
1773049167635654100,9.114654052734375,10.881958961486816,-0.9355936646461487,0.2793620526790619
1773049167645628700,9.124628662109375,9.239286422729492,-0.8446664214134216,1.8263218402862549
1773049167655607800,9.13460791015625,8.544769287109375,0.18963119387626648,1.222732424736023
1773049167665582800,9.144582763671876,10.613365173339844,-1.3710874319076538,1.3232308626174927
1773049167675561700,9.154561767578125,9.473783493041992,-1.0552347898483276,1.6923238039016724
1773049167685537000,9.164537109375,7.735995769500732,0.03170489892363548,-0.1417747437953949
1773049167695515600,9.174515625,11.355737686157227,-0.7387840151786804,1.6683956384658813
1773049167705395500,9.1843955078125,10.359725952148438,-0.6191428303718567,1.654038667678833
1773049167715256300,9.19425634765625,7.994420528411865,-0.5473581552505493,-0.050847481936216354
1773049167725445400,9.2044453125,10.14437198638916,-0.666999340057373,1.4620146751403809
1773049167735427600,9.214427490234375,9.852447509765625,-0.5712863802909851,1.0552347898483276
1773049167745307600,9.2243076171875,9.718449592590332,-0.6478567123413086,1.587039589881897
1773049167755167500,9.23416748046875,8.947361946105957,0.16091732680797577,0.11186445504426956
1773049167765353700,9.244353759765625,9.914660453796387,-0.8063812255859375,1.6348960399627686
1773049167775338200,9.254338134765625,10.7766752243042,-0.8590233325958252,1.9076778888702393
1773049167785308000,9.264307861328126,8.008777618408203,0.625723123550415,0.4899304509162903
1773049167795291100,9.274291015625,11.61416244506836,-0.37028929591178894,0.6005984544754028
1773049167805171000,9.2841708984375,10.01037311553955,-0.494716078042984,1.8454644680023193
1773049167815030800,9.29403076171875,8.166703224182129,-0.006580262444913387,1.4859428405761719
1773049167825216300,9.30421630859375,10.690533638000488,0.026919255033135414,0.16450655460357666
1773049167835201500,9.314201416015624,10.479366302490234,-0.6382854580879211,1.7258232831954956
1773049167845170400,9.32417041015625,9.5264253616333,-0.8685946464538574,1.0121639966964722
1773049167855154200,9.334154296875,9.033503532409668,-0.16929219663143158,0.8685946464538574
1773049167865124900,9.344124755859376,10.709675788879395,-0.4372883439064026,0.9834501147270203
1773049167875107000,9.354107177734376,10.450653076171875,-1.581655740737915,0.973878800868988
1773049167885079000,9.3640791015625,7.500900745391846,-0.3798605799674988,0.8733802437782288
1773049167895060200,9.374060302734375,9.153144836425781,-0.5521438121795654,0.638883650302887
1773049167904940300,9.383940185546875,11.72004508972168,-0.7387840151786804,2.3814568519592285
1773049167914800400,9.39380029296875,8.918647766113281,-0.8015955686569214,0.7776673436164856
1773049167924987100,9.403987060546875,8.267202377319336,-0.3798605799674988,1.0648061037063599
1773049167934971100,9.41397119140625,11.47537899017334,-0.9355936646461487,2.486740827560425
1773049167944941600,9.423941650390624,9.766305923461914,-0.4899304509162903,0.054436713457107544
1773049167954924300,9.43392431640625,8.784649848937988,-0.48514479398727417,1.007378339767456
1773049167964895700,9.443895751953125,10.781460762023926,-1.4141582250595093,2.228316068649292
1773049167974877200,9.453877197265625,9.153144836425781,-0.3320041298866272,0.5288137793540955
1773049167984850000,9.463849853515624,9.358927726745605,-0.40378883481025696,0.22193430364131927
1773049167994830600,9.47383056640625,10.29751205444336,-0.8733802437782288,2.5872395038604736
1773049168004804000,9.48380419921875,8.50169849395752,-0.8398807644844055,0.7680960893630981
1773049168014784000,9.493783935546874,8.81814956665039,-1.31365966796875,0.6101697683334351
1773049168024758300,9.50375830078125,10.005587577819824,-1.7874385118484497,2.3718855381011963
1773049168034737700,9.513737548828125,9.124430656433105,-1.3184453248977661,0.0687936544418335
1773049168044712700,9.523712646484375,9.449854850769043,-0.9595218896865845,1.3471591472625732
1773049168054691600,9.533691650390624,10.331011772155762,-1.7012969255447388,1.2370892763137817
1773049168064667000,9.5436669921875,8.94257640838623,-1.7252250909805298,0.5240281820297241
1773049168074645200,9.553645263671875,8.544769287109375,-0.8781659007072449,1.716252088546753
1773049168084621000,9.56362109375,11.207383155822754,-1.1940184831619263,1.3663017749786377
1773049168094599200,9.57359912109375,9.632308006286621,-1.557727575302124,0.18843477964401245
1773049168104575200,9.5835751953125,8.094919204711914,-0.916451096534729,2.8701908588409424
1773049168114553300,9.59355322265625,10.043872833251953,-0.5760720372200012,0.35114672780036926
1773049168124529400,9.603529296875,10.110872268676758,-1.2993026971817017,1.1509476900100708
1773049168134507300,9.61350732421875,9.382855415344238,-0.4995017349720001,1.5822539329528809
1773049168144483600,9.623483642578124,9.363713264465332,-0.7244270443916321,0.09272187948226929
1773049168154461200,9.633461181640625,11.413166046142578,-0.8877372145652771,1.3471591472625732
1773049168164437800,9.643437744140625,9.019146919250488,-0.7968099117279053,1.1700903177261353
1773049168174415400,9.653415283203126,9.41635513305664,-0.8303094506263733,0.11186445504426956
1773049168184392000,9.663391845703124,10.364511489868164,-0.6047859191894531,1.7641085386276245
1773049168194369500,9.67336962890625,9.847661972045898,-0.8398807644844055,1.1653046607971191
1773049168204346000,9.68334619140625,8.899505615234375,-0.6909275650978088,0.605384111404419
1773049168214323700,9.69332373046875,9.531210899353027,-0.5042873620986938,2.448455810546875
1773049168224300300,9.70330029296875,11.025528907775879,-0.6239284873008728,0.6484549641609192
1773049168234277600,9.713277587890625,9.502496719360352,-0.9212366938591003,1.0360921621322632
1773049168244254500,9.72325439453125,8.69372272491455,-0.21714866161346436,2.1373889446258545
1773049168254231800,9.733231689453126,10.177870750427246,-0.6430711150169373,-0.39541393518447876
1773049168264208600,9.743208740234374,10.311869621276855,-1.31365966796875,1.423729419708252
1773049168274186000,9.75318603515625,8.59322452545166,-0.6191428303718567,1.5822539329528809
1773049168284162800,9.763162841796875,9.320642471313477,-0.21236300468444824,-0.7310073375701904
1773049168294140200,9.77314013671875,10.910673141479492,-0.9978070259094238,2.946761131286621
1773049168304117200,9.7831171875,9.08135986328125,-0.7004988193511963,1.031306505203247
1773049168314094300,9.79309423828125,8.075776100158691,-0.5042873620986938,-0.07956135272979736
1773049168324071200,9.8030712890625,10.292726516723633,-0.3798605799674988,2.9898319244384766
1773049168334048500,9.813048583984376,10.24487018585205,-0.7770691514015198,0.882951557636261
1773049168344025600,9.823025634765624,8.391629219055176,-0.8015955686569214,0.3320041298866272
1773049168354002700,9.833002685546875,9.713663101196289,-0.8063812255859375,1.2658032178878784
1773049168363979500,9.8429794921875,11.542378425598145,-0.8255237936973572,1.0360921621322632
1773049168373956900,9.852956787109376,9.593423843383789,-0.29850462079048157,0.8111668825149536
1773049168383933700,9.86293359375,9.263215065002441,-0.6717849373817444,0.9403793215751648
1773049168393911000,9.8729111328125,9.637093544006348,-0.8781659007072449,0.3655036687850952
1773049168403888000,9.88288818359375,8.899505615234375,-0.6813562512397766,2.3048863410949707
1773049168413865200,9.892865234375,9.54078197479248,-0.37507495284080505,-0.0891326442360878
1773049168423842300,9.90284228515625,9.656235694885254,-0.8973084688186646,0.48035913705825806
1773049168433819400,9.9128193359375,10.551151275634766,-0.5234299302101135,2.7361927032470703
1773049168443796500,9.92279638671875,9.196215629577637,-0.07357929646968842,0.5240281820297241
1773049168453773600,9.932773681640626,10.7766752243042,-0.2027917206287384,0.39900317788124084
1773049168463750400,9.94275048828125,9.905089378356934,-0.542572557926178,1.4859428405761719
1773049168473727500,9.9527275390625,9.033503532409668,-0.12143574655056,0.8350951075553894
1773049168483704800,9.962704833984375,10.29751205444336,-0.5282155871391296,0.9786644577980042
1773049168493682000,9.972681884765626,9.862018585205078,-0.26500511169433594,0.5670989751815796
1773049168503659000,9.982658935546874,9.45464038848877,-0.1501496136188507,1.7306089401245117
1773049168513636000,9.992635986328125,10.445867538452148,-0.3367897868156433,1.7258232831954956
1773049168523613200,10.00261328125,9.919445991516113,-0.39421752095222473,0.4707878530025482
1773049168533590300,10.01259033203125,9.06700325012207,-0.6143572330474854,1.9459630250930786
1773049168543567400,10.0225673828125,10.077372550964355,-0.25064817070961,0.9690931439399719
1773049168553544400,10.03254443359375,10.671390533447266,-0.9930213689804077,0.8111668825149536
1773049168563521500,10.042521484375,9.138788223266602,-0.8159525394439697,1.00259268283844
1773049168573498400,10.052498291015626,9.05264663696289,-0.4660021960735321,0.4325026869773865
1773049168583475700,10.062475830078125,10.867602348327637,-0.916451096534729,1.8550357818603516
1773049168593452800,10.072452880859375,9.368498802185059,-0.4468596279621124,0.7441678643226624
1773049168603429600,10.0824296875,8.74636459350586,-0.9212366938591003,0.8973084688186646
1773049168613406700,10.09240673828125,9.535996437072754,-0.389431893825531,1.721037745475769
1773049168623384000,10.102384033203125,9.334999084472656,-0.6478567123413086,1.155733346939087
1773049168633361200,10.112361083984375,9.80937671661377,-0.9786644577980042,1.1174482107162476
1773049168643338200,10.122338134765625,8.176275253295898,-0.3607180118560791,1.0600204467773438
1773049168653315300,10.1323154296875,10.613365173339844,-0.7824530005455017,0.7585247755050659
1773049168663292400,10.14229248046875,10.488938331604004,-0.9308080077171326,1.246660590171814
1773049168673269500,10.15226953125,8.641080856323242,-0.23629122972488403,1.0552347898483276
1773049168683246300,10.162246337890625,10.455438613891602,-0.7435696125030518,1.0456634759902954
1773049168693223400,10.172223388671876,9.818947792053223,-0.4899304509162903,1.0217353105545044
1773049168703200500,10.182200439453124,9.08135986328125,-0.34636107087135315,1.7736797332763672
1773049168713177600,10.192177490234375,9.651450157165527,-0.4133601188659668,0.8063812255859375
1773049168723154700,10.20215478515625,9.89551830291748,-0.19800607860088348,1.3567304611206055
1773049168733131800,10.2121318359375,9.914660453796387,-0.355932354927063,1.0648061037063599
1773049168743108900,10.22210888671875,8.808578491210938,0.3529413342475891,1.222732424736023
1773049168753086000,10.2320859375,10.503294944763184,-0.3846462368965149,0.29850462079048157
1773049168763063000,10.24206298828125,10.082158088684082,-0.28893333673477173,0.45164528489112854
1773049168773040000,10.2520400390625,9.833304405212402,0.4486542344093323,1.7114664316177368
1773049168783017200,10.262017333984375,10.441082000732422,-0.39421752095222473,0.8542376756668091
1773049168792994300,10.271994384765625,9.421140670776367,0.10348957777023315,0.39421752095222473
1773049168802971400,10.281971435546875,9.19143009185791,-0.1740778535604477,2.103889226913452
1773049168812948500,10.291948486328126,9.890732765197754,0.0891326442360878,0.9212366938591003
1773049168822925600,10.301925537109375,9.991230964660645,-0.6382854580879211,1.2083754539489746
1773049168832902700,10.311902587890625,9.000003814697266,-0.5521438121795654,-0.026919255033135414
1773049168842879700,10.321879638671875,8.47298526763916,0.050847481936216354,1.563111424446106
1773049168852856800,10.33185693359375,11.049456596374512,-0.8063812255859375,0.882951557636261
1773049168862834000,10.341833984375,9.110074043273926,-0.7052844762802124,-0.3044866919517517
1773049168872811000,10.35181103515625,9.06700325012207,-0.16929219663143158,0.9451649188995361
1773049168882788000,10.3617880859375,10.201799392700195,-0.6622136831283569,1.7306089401245117
1773049168892765200,10.37176513671875,9.689735412597656,-0.37507495284080505,0.729810893535614
1773049168902742300,10.3817421875,9.306285858154297,-0.7004988193511963,1.2658032178878784
1773049168912719400,10.39171923828125,9.406784057617188,-0.15972091257572174,1.5242279767990112
1773049168922696400,10.401696533203125,10.546365737915039,-0.6574280261993408,1.8646070957183838
1773049168932673500,10.411673583984374,9.723235130310059,-1.0360921621322632,1.069591760635376
1773049168942650600,10.421650634765625,8.636295318603516,0.03170489892363548,-0.5778666734695435
1773049168952627700,10.431627685546875,10.929815292358398,-0.7579265832901001,1.6348960399627686
1773049168962604800,10.441604736328125,9.766305923461914,-0.5569294691085815,1.3902299404144287
1773049168972582000,10.451581787109374,8.157132148742676,-0.2793620526790619,-0.534795880317688
1773049168982559000,10.46155908203125,10.15872859954834,-0.7483552694320679,1.0839486122131348
1773049168992536000,10.4715361328125,10.915458679199219,0.01734796352684498,2.1469600200653076
1773049169002513200,10.48151318359375,10.192228317260742,-0.6478567123413086,0.25064817070961
1773049169012490200,10.491490234375,9.382855415344238,-0.2267199456691742,1.6683956384658813
1773049169022467300,10.50146728515625,9.82373332977295,-0.006580262444913387,0.763310432434082
1773049169032444400,10.5114443359375,10.517651557922363,-1.0121639966964722,2.0368902683258057
1773049169042421500,10.52142138671875,9.19143009185791,0.03170489892363548,0.9451649188995361
1773049169052398600,10.531398681640624,9.09093189239502,-0.4372883439064026,-0.9224331378936768
1773049169062375700,10.541375732421875,10.359725952148438,-0.6861419081687927,2.3048863410949707
1773049169072352800,10.551352783203125,9.33021354675293,-0.25064817070961,2.0895323753356934
1773049169082329900,10.561329833984376,9.143573760986328,-0.06400800496339798,-1.0133603811264038
1773049169092307000,10.571306884765624,10.264012336730957,-0.40378883481025696,1.5726827383041382
1773049169102284000,10.581283935546875,10.479366302490234,-0.48514479398727417,3.229114055633545
1773049169112261000,10.59126123046875,8.918647766113281,0.13220344483852386,0.3032902777194977
1773049169122238000,10.601238037109376,10.948958396911621,-0.4995017349720001,0.7106683254241943
1773049169132215000,10.611215087890624,10.254441261291504,-0.5952146053314209,2.3670997619628906
1773049169142153500,10.621153564453126,8.123632431030273,0.15134602785110474,0.4707878530025482
1773049169152126700,10.631126708984375,9.780662536621094,-0.7052844762802124,0.8781659007072449
1773049169162107600,10.641107666015625,9.334999084472656,-0.10229317098855972,0.5623133182525635
1773049169172081400,10.651081298828124,8.243273735046387,-0.39900317788124084,1.5002998113632202
1773049169182061800,10.661061767578126,9.80937671661377,-0.1788634955883026,1.8789639472961426
1773049169192036400,10.671036376953126,9.976874351501465,-0.35114672780036926,0.15972091257572174
1773049169202015700,10.681015625,9.737591743469238,-0.19322042167186737,2.0273189544677734
1773049169211990800,10.69099072265625,9.608379364013672,0.07477571070194244,1.8598214387893677
1773049169221970000,10.700969970703126,10.187442779541016,-0.8877372145652771,-0.6735795736312866
1773049169231945500,10.710945556640626,9.78544807434082,-0.7052844762802124,2.213959217071533
1773049169241963000,10.720962890625,9.708877563476562,0.26201409101486206,0.11665010452270508
1773049169251942700,10.730942626953125,10.589436531066895,-1.3758729696273804,0.576670229434967
1773049169261878300,10.740878173828126,9.401998519897461,0.06041877344250679,0.7250252366065979
1773049169271853600,10.750853515625,8.358129501342773,-0.3128615617752075,0.26979073882102966
1773049169281832400,10.76083251953125,11.207383155822754,-0.4707878530025482,2.1373889446258545
1773049169291808000,10.77080810546875,9.05264663696289,-0.08315058797597885,0.6628118753433228
1773049169301786600,10.78078662109375,9.996016502380371,-0.05922235921025276,0.5288137793540955
1773049169311762400,10.790762451171876,10.65224838256836,-0.4468596279621124,2.132603168487549
1773049169321663200,10.800663330078125,10.024730682373047,-0.882951557636261,0.6005984544754028
1773049169331631600,10.810631591796875,9.406784057617188,0.046061836183071136,-0.07477571070194244
1773049169341578500,10.82057861328125,10.939387321472168,-0.6287141442298889,1.490728497505188
1773049169351544600,10.830544677734375,10.029516220092773,-0.8303094506263733,0.7010970115661621
1773049169361532400,10.840532470703126,8.123632431030273,0.1178465187549591,0.39421752095222473
1773049169371500800,10.850500732421875,10.584650993347168,-0.5138586759567261,0.5431707501411438
1773049169381409000,10.860408935546875,10.187442779541016,-0.20757736265659332,2.2618155479431152
1773049169391371500,10.87037158203125,8.588438987731934,-0.15493527054786682,0.8733802437782288
1773049169401324300,10.88032421875,9.44028377532959,-0.11186445504426956,0.5383850932121277
1773049169411285800,10.89028564453125,10.939387321472168,-0.28893333673477173,1.9938194751739502
1773049169421239800,10.90023974609375,9.306285858154297,-0.6717849373817444,0.9690931439399719
1773049169431200300,10.9102001953125,9.301499366760254,-0.15972091257572174,0.01615155301988125
1773049169441155000,10.920155029296875,10.211370468139648,-0.6813562512397766,1.1078768968582153
1773049169451115000,10.930114990234374,9.976874351501465,-0.2027917206287384,1.2418749332427979
1773049169461031700,10.94003173828125,9.239286422729492,-0.3655036687850952,0.9547362327575684
1773049169470987300,10.9499873046875,9.55513858795166,-0.2267199456691742,0.29850462079048157
1773049169480947000,10.959947021484375,9.559925079345703,0.09391828626394272,2.5393829345703125
1773049169490903000,10.969903076171875,9.047860145568848,-0.2267199456691742,1.1461620330810547
1773049169500862000,10.979862060546875,9.239286422729492,-0.12143574655056,1.2370892763137817
1773049169510818600,10.989818603515625,10.05823040008545,-0.48035913705825806,1.3806586265563965
1773049169520777200,10.999777099609375,10.441082000732422,-0.5712863802909851,0.5958128571510315
1773049169530733800,11.00973388671875,9.162715911865234,0.10827522724866867,1.466800332069397
1773049169540654000,11.019654052734374,10.75274658203125,-0.7483552694320679,0.605384111404419
1773049169550606800,11.02960693359375,9.795019149780273,-0.1501496136188507,0.9882357716560364
1773049169560607700,11.039607666015625,8.765507698059082,-0.11186445504426956,1.3519448041915894
1773049169570565400,11.0495654296875,10.364511489868164,-0.1740778535604477,1.3567304611206055
1773049169580484400,11.059484375,9.583852767944336,-0.11186445504426956,1.0456634759902954
1773049169590438400,11.0694384765625,9.210572242736816,-0.13579268753528595,1.6923238039016724
1773049169600438000,11.07943798828125,9.492925643920898,0.251844584941864,0.5240281820297241
1773049169610396700,11.089396728515625,10.101301193237305,-0.973878800868988,1.9938194751739502
1773049169620576500,11.099576416015625,9.704092025756836,-0.09272187948226929,0.24107688665390015
1773049169630756600,11.109756591796875,9.502496719360352,-0.3846462368965149,-0.5682953596115112
1773049169640936700,11.119936767578125,11.892328262329102,-0.6047859191894531,1.9363917112350464
1773049169651043300,11.130043212890625,8.952147483825684,-0.24586252868175507,0.763310432434082
1773049169660999700,11.139999755859375,9.425926208496094,0.0029910283628851175,0.3655036687850952
1773049169670993400,11.149993408203125,10.110872268676758,-0.04007977992296219,1.7258232831954956
1773049169680953900,11.159953857421876,10.216156005859375,-0.4133601188659668,1.222732424736023
1773049169690944300,11.1699443359375,8.827720642089844,0.022133609279990196,1.423729419708252
1773049169700908000,11.179907958984375,9.421140670776367,0.10348957777023315,0.6819544434547424
1773049169710895900,11.189895751953125,10.637292861938477,-1.1365907192230225,0.8446664214134216
1773049169720862200,11.1998623046875,9.095717430114746,-0.13579268753528595,1.3519448041915894
1773049169730848000,11.209847900390624,9.948160171508789,-0.5186443328857422,0.16450655460357666
1773049169740816600,11.219816650390625,10.972886085510254,-0.2554338276386261,1.0839486122131348
1773049169750800400,11.22980029296875,9.263215065002441,-0.45643091201782227,1.3519448041915894
1773049169760770600,11.2397705078125,9.41635513305664,-0.23629122972488403,1.557727575302124
1773049169770753300,11.249753173828125,10.216156005859375,0.050847481936216354,0.5623133182525635
1773049169780724700,11.259724853515625,10.024730682373047,-0.6765705943107605,1.654038667678833
1773049169790706400,11.26970654296875,8.827720642089844,0.2470589429140091,1.7688941955566406
1773049169800679200,11.27967919921875,9.972088813781738,-0.9355936646461487,0.4660021960735321
1773049169810659600,11.28965966796875,11.030314445495605,-0.6957131624221802,0.3415754437446594
1773049169820633000,11.299633056640625,8.74636459350586,0.06999006122350693,1.6348960399627686
1773049169830613000,11.309613037109376,10.36929702758789,-0.4372883439064026,0.32721850275993347
1773049169840587300,11.319587158203126,10.676176071166992,-0.542572557926178,0.2602194547653198
1773049169850566700,11.329566650390625,9.680164337158203,-0.19800607860088348,1.9316060543060303
1773049169860580400,11.339580322265626,9.751948356628418,0.49651068449020386,1.4524433612823486
1773049169870563000,11.34956298828125,10.599007606506348,-0.6287141442298889,0.40378883481025696
1773049169880495600,11.35949560546875,9.382855415344238,-0.42293140292167664,1.80717933177948
1773049169890473500,11.369473388671874,8.736793518066406,0.2566302418708801,0.42293140292167664
1773049169900353300,11.379353271484375,10.04865837097168,-0.7004988193511963,1.2801600694656372
1773049169910214100,11.389214111328124,9.617950439453125,-0.3655036687850952,1.1461620330810547
1773049169920210000,11.3992099609375,8.047062873840332,-0.40378883481025696,-0.2183450609445572
1773049169930172000,11.409171875,10.64686393737793,-0.50907301902771,1.7688941955566406
1773049169940163800,11.419163818359374,10.61815071105957,-0.0687936544418335,1.9746768474578857
1773049169950129000,11.42912890625,9.464211463928223,-0.2315055876970291,0.1740778535604477
1773049169960117800,11.43911767578125,9.862018585205078,-0.1453639715909958,2.4771697521209717
1773049169970085400,11.44908544921875,8.770293235778809,-0.2793620526790619,1.093519926071167
1773049169980072000,11.459072021484374,9.325428009033203,0.06041877344250679,1.0217353105545044
1773049169990041300,11.469041259765625,9.531210899353027,-0.666999340057373,0.8542376756668091
1773049170000025900,11.47902587890625,8.62193775177002,-0.5521438121795654,0.37028929591178894
1773049170009996800,11.488996826171874,9.617950439453125,-0.34636107087135315,0.9403793215751648
1773049170019980000,11.49897998046875,9.847661972045898,-0.0975075215101242,1.222732424736023
1773049170029952300,11.5089521484375,9.795019149780273,-0.006580262444913387,-0.16091732680797577
1773049170039934200,11.518934326171875,9.69930648803711,-0.6957131624221802,2.1708884239196777
1773049170049907200,11.5289072265625,9.689735412597656,0.04127619042992592,1.5822539329528809
1773049170059888000,11.53888818359375,9.938589096069336,-0.0975075215101242,0.2793620526790619
1773049170069862100,11.548862060546876,10.24487018585205,-0.07357929646968842,2.0656042098999023
1773049170079842300,11.55884228515625,8.85643482208252,-0.6095715761184692,1.1988041400909424
1773049170089816800,11.56881689453125,9.210572242736816,-0.6813562512397766,-0.5826523303985596
1773049170099796500,11.57879638671875,9.694520950317383,-0.48514479398727417,1.3854442834854126
1773049170109771500,11.588771484375,9.914660453796387,-0.3080759048461914,1.007378339767456
1773049170119750400,11.59875048828125,9.881160736083984,-0.7244270443916321,0.7680960893630981
1773049170129726000,11.608725830078125,9.244071960449219,-0.11665010452270508,-0.0364905446767807
1773049170139704600,11.61870458984375,9.780662536621094,-0.14057832956314087,2.616551637649536
1773049170149680400,11.628680419921874,10.522438049316406,0.11306086927652359,0.13100704550743103
1773049170159658800,11.63865869140625,9.588638305664062,-0.9116654396057129,0.50907301902771
1773049170169634800,11.648634765625,9.41635513305664,0.1178465187549591,1.2705888748168945
1773049170179613000,11.658613037109374,9.957731246948242,-0.5665007829666138,0.9068797826766968
1773049170189589000,11.668589111328124,10.771889686584473,-0.3080759048461914,-0.4289134442806244
1773049170199567000,11.678567138671875,9.464211463928223,-0.9978070259094238,1.1413763761520386
1773049170209543400,11.68854345703125,9.521639823913574,0.06999006122350693,-0.36670008301734924
1773049170219521000,11.69852099609375,9.704092025756836,-0.7052844762802124,1.7306089401245117
1773049170229497600,11.70849755859375,11.030314445495605,-0.19322042167186737,0.576670229434967
1773049170239475200,11.71847509765625,7.802994728088379,0.2667997181415558,0.049651071429252625
1773049170249451800,11.72845166015625,12.150753021240234,-0.6717849373817444,2.290529489517212
1773049170259429400,11.738429443359376,8.343772888183594,-0.4085744619369507,1.1365907192230225
1773049170269406000,11.748406005859374,9.095717430114746,0.5108676552772522,-0.6975077986717224
1773049170279383600,11.758383544921875,10.005587577819824,-0.6095715761184692,1.1653046607971191
1773049170289360400,11.7683603515625,10.608579635620117,-0.7387840151786804,1.6301103830337524
1773049170299337700,11.778337646484376,7.6498541831970215,-0.03529413416981697,-0.8937192559242249
1773049170309314600,11.788314453125,10.905887603759766,-0.14057832956314087,0.8015955686569214
1773049170319291600,11.798291748046875,10.709675788879395,-0.849452018737793,3.363112211227417
1773049170329268500,11.8082685546875,6.883552551269531,0.3002992272377014,0.020937198773026466
1773049170339245800,11.818245849609376,9.862018585205078,0.1178465187549591,0.16450655460357666
1773049170349222700,11.82822265625,11.609376907348633,-0.7435696125030518,3.2865419387817383
1773049170359200000,11.838199951171875,8.880363464355469,0.28115665912628174,0.9212366938591003
1773049170369176800,11.8481767578125,9.157930374145508,-0.5617151260375977,-1.085145115852356
1773049170379154200,11.858154296875,10.61815071105957,-1.0217353105545044,1.428515076637268
1773049170389131000,11.868131103515625,8.92821979522705,-0.049651071429252625,1.7928223609924316
1773049170399108400,11.8781083984375,9.732806205749512,-0.12622138857841492,0.006580262444913387
1773049170409085200,11.888085205078125,10.714461326599121,-0.7872386574745178,0.7154539823532104
1773049170419062300,11.898062255859376,8.660223007202148,-0.03529413416981697,2.4532413482666016
1773049170429039400,11.908039306640624,9.478569030761719,0.15134602785110474,0.973878800868988
1773049170439016400,11.918016357421875,10.848459243774414,-0.32721850275993347,0.638883650302887
1773049170448993500,11.92799365234375,8.70807933807373,-0.2554338276386261,1.7641085386276245
1773049170458970600,11.937970703125,9.421140670776367,-0.7483552694320679,0.8781659007072449
1773049170468947700,11.94794775390625,9.905089378356934,-0.3320041298866272,0.605384111404419
1773049170478924800,11.9579248046875,9.881160736083984,0.2667997181415558,1.1078768968582153
1773049170488901600,11.967901611328125,11.039885520935059,-1.6390835046768188,-0.19920247793197632
1773049170498878700,11.977878662109376,8.070990562438965,0.13220344483852386,0.4995017349720001
1773049170508855800,11.987855712890624,10.17308521270752,0.1657029688358307,3.5066816806793213
1773049170518833000,11.9978330078125,11.618948936462402,-0.0975075215101242,0.10229317098855972
1773049170538787000,12.017787109375,10.637292861938477,-0.389431893825531,1.984248161315918
1773049170548764000,12.027763916015624,9.478569030761719,0.4582255482673645,0.8685946464538574
1773049170558741200,12.0377412109375,10.905887603759766,-1.1413763761520386,0.5575276613235474
1773049170568718000,12.047718017578125,8.74636459350586,-0.6382854580879211,0.7728816866874695
1773049170578695400,12.0576953125,8.976076126098633,0.5300102233886719,0.10229317098855972
1773049170588672300,12.06767236328125,11.47537899017334,-0.6143572330474854,1.563111424446106
1773049170598649300,12.0776494140625,8.889934539794922,-0.45164528489112854,1.7784653902053833
1773049170608626400,12.08762646484375,7.261618614196777,0.36729827523231506,-0.5635097622871399
1773049170618603500,12.097603515625,11.595020294189453,-0.01615155301988125,2.0656042098999023
1773049170628580600,12.10758056640625,11.149955749511719,-0.8015955686569214,2.616551637649536
1773049170638557700,12.1175576171875,8.319844245910645,0.022133609279990196,-0.8171489238739014
1773049170648534800,12.12753466796875,9.172286987304688,-0.16929219663143158,-0.2997010350227356
1773049170658512000,12.137511962890626,11.686545372009277,-1.1222338676452637,3.2721848487854004
1773049170668488700,12.14748876953125,8.23848819732666,-0.22193430364131927,-0.18005990982055664
1773049170678465800,12.1574658203125,8.37727165222168,0.11306086927652359,-0.36191442608833313
1773049170688443000,12.16744287109375,11.83011531829834,-0.28893333673477173,1.835893154144287
1773049170698420000,12.177419921875,9.258428573608398,-0.973878800868988,2.400599241256714
1773049170708397000,12.18739697265625,7.975277900695801,0.4007977843284607,0.07836493849754333
1773049170718277000,12.197277099609375,10.522438049316406,-0.20757736265659332,-0.33798620104789734
1773049170728138200,12.20713818359375,12.375679016113281,-0.6382854580879211,2.347957134246826
1773049170738328000,12.217328125,8.042277336120605,-0.4325026869773865,1.1126625537872314
1773049170748309200,12.227309326171875,9.68494987487793,-0.13100704550743103,-0.7166503667831421
1773049170758282200,12.2372822265625,11.417951583862305,-1.1174482107162476,0.9547362327575684
1773049170768262700,12.2472626953125,9.7998046875,-0.5186443328857422,1.3567304611206055
1773049170778236400,12.257236328125,9.06700325012207,0.625723123550415,0.4372883439064026
1773049170788216000,12.267216064453125,10.992029190063477,-0.4325026869773865,1.2323036193847656
1773049170798190300,12.2771904296875,9.000003814697266,-0.45643091201782227,1.2562319040298462
1773049170808169700,12.287169677734376,7.970492362976074,0.24227328598499298,1.2083754539489746
1773049170818144500,12.29714453125,10.36929702758789,-0.21236300468444824,1.0887342691421509
1773049170828123400,12.307123291015625,11.298310279846191,-0.5665007829666138,0.31764721870422363
1773049170838098700,12.3170986328125,9.167501449584961,-0.15493527054786682,0.5383850932121277
1773049170848077000,12.3270771484375,9.287142753601074,-0.4085744619369507,1.2610175609588623
1773049170857898000,12.33689794921875,11.240882873535156,-1.1270195245742798,2.18045973777771
1773049170867860700,12.34686083984375,8.569295883178711,-0.01136590726673603,-0.7357929348945618
1773049170878006800,12.3570068359375,8.559126853942871,0.7166503667831421,1.6157535314559937
1773049170887988000,12.366988037109374,12.366106986999512,-0.48035913705825806,4.17726993560791
1773049170897961000,12.3769609375,5.422734260559082,-0.10229317098855972,-0.6113662123680115
1773049170907941400,12.38694140625,9.54078197479248,0.6400800347328186,0.08315058797597885
1773049170917915100,12.3969150390625,12.543176651000977,-0.26979073882102966,1.1748759746551514
1773049170927894800,12.406894775390626,7.798209190368652,-1.5625132322311401,2.2857437133789062
1773049170937869000,12.416869140625,8.59322452545166,-0.01136590726673603,-0.06041877344250679
1773049170947848400,12.426848388671875,10.733604431152344,0.3577269911766052,-0.44327038526535034
1773049170957823200,12.4368232421875,12.035898208618164,-1.1988041400909424,0.7393822073936462
1773049170967802000,12.446802001953126,7.376473903656006,0.2955136001110077,1.1653046607971191
1773049170977777400,12.45677734375,10.498509407043457,-0.10229317098855972,0.8015955686569214
1773049170987755800,12.466755859375,11.489736557006836,-0.049651071429252625,2.1134605407714844
1773049170997731600,12.476731689453125,7.779066562652588,-0.25064817070961,1.179661512374878
1773049171007709700,12.486709716796875,8.583653450012207,-0.24586252868175507,-0.5874379873275757
1773049171017685800,12.496685791015626,9.82373332977295,-0.6047859191894531,0.638883650302887
1773049171027663600,12.50666357421875,10.431509971618652,-0.355932354927063,0.5910272002220154
1773049171037639700,12.5166396484375,10.287940979003906,-0.3032902777194977,1.5774682760238647
1773049171047617500,12.526617431640625,10.005587577819824,-0.18364913761615753,0.19800607860088348
1773049171057593900,12.53659375,11.178668975830078,-0.48035913705825806,0.9690931439399719
1773049171067571500,12.546571533203124,9.804591178894043,-0.1501496136188507,2.92283296585083
1773049171077548000,12.556548095703125,9.92423152923584,0.2231307178735733,0.14057832956314087
1773049171087525600,12.566525634765625,8.741579055786133,-0.6622136831283569,-0.6209374666213989
1773049171097502200,12.576502197265626,8.631509780883789,0.022133609279990196,3.5928232669830322
1773049171107479600,12.5864794921875,8.47298526763916,-0.26979073882102966,-0.41934216022491455
1773049171117456100,12.5964560546875,9.54078197479248,-0.7339983582496643,0.04007977992296219
1773049171127433500,12.60643359375,8.612366676330566,0.09870393574237823,0.6580262184143066
1773049171137410300,12.616410400390626,10.622936248779297,-0.5330012440681458,0.8350951075553894
1773049171147387600,12.6263876953125,10.072587013244629,0.1657029688358307,1.7497515678405762
1773049171157364500,12.636364501953125,9.248857498168945,-0.20757736265659332,1.275374412536621
1773049171167341600,12.646341552734375,11.044671058654785,-0.26500511169433594,0.29850462079048157
1773049171177318700,12.656318603515626,9.071788787841797,-0.10707881301641464,1.6636099815368652
1773049171187295700,12.666295654296874,10.316655158996582,-0.25064817070961,0.1740778535604477
1773049171197272600,12.6762724609375,8.880363464355469,-0.7148557901382446,0.47557350993156433
1773049171207249700,12.686249755859375,7.970492362976074,-0.15493527054786682,0.2027917206287384
1773049171217226800,12.696226806640626,9.287142753601074,-0.04486542567610741,1.332802176475525
1773049171227203800,12.706203857421874,10.38365364074707,-0.4660021960735321,0.2267199456691742
1773049171237181000,12.716180908203125,9.876375198364258,-0.049651071429252625,1.1126625537872314
1773049171247158000,12.726157958984375,9.766305923461914,0.39122650027275085,2.0273189544677734
1773049171257135000,12.736135009765626,11.22652530670166,-0.19322042167186737,0.9068797826766968
1773049171267112200,12.7461123046875,10.168299674987793,-0.8063812255859375,-0.2470589429140091
1773049171277089000,12.756089111328125,8.353343963623047,-0.5330012440681458,2.4915266036987305
1773049171287066000,12.766066162109375,10.65224838256836,0.0891326442360878,0.3607180118560791
1773049171297043200,12.776043212890626,9.847661972045898,-0.8063812255859375,-1.1186445951461792
1773049171307020300,12.786020263671874,9.363713264465332,-0.5952146053314209,1.8837496042251587
1773049171316997400,12.795997314453125,7.755138397216797,0.0364905446767807,0.26500511169433594
1773049171326974500,12.805974365234375,10.901102066040039,-0.24107688665390015,1.5481562614440918
1773049171336951300,12.815951416015626,9.54078197479248,-0.37507495284080505,1.811964988708496
1773049171346928400,12.825928466796874,9.521639823913574,-0.11665010452270508,0.39421752095222473
1773049171356905500,12.835905517578125,10.560722351074219,0.05563312768936157,1.3280165195465088
1773049171366882600,12.845882568359375,11.135598182678223,-0.8111668825149536,1.25144624710083
1773049171376859600,12.855859619140626,10.14437198638916,-0.6095715761184692,0.2315055876970291
1773049171386836700,12.865836669921874,8.037490844726562,-0.1740778535604477,0.5718846321105957
1773049171396813800,12.875813720703125,11.384451866149902,-0.2745763957500458,1.721037745475769
1773049171406790700,12.885790771484375,9.1052885055542,-0.5617151260375977,0.4612165689468384
1773049171416767700,12.895767822265626,8.200202941894531,-0.1740778535604477,0.973878800868988
1773049171426744800,12.905744873046874,10.096514701843262,0.04127619042992592,2.252244234085083
1773049171436722000,12.915721923828125,10.622936248779297,0.4295116662979126,0.8685946464538574
1773049171446699000,12.925698974609375,10.63250732421875,-0.6574280261993408,0.50907301902771
1773049171456676000,12.935676025390626,9.095717430114746,-0.39421752095222473,0.6580262184143066
1773049171466653000,12.94565283203125,9.459425926208496,-0.14057832956314087,1.0265209674835205
1773049171476630000,12.955630126953125,12.064611434936523,-0.7483552694320679,0.8685946464538574
1773049171486607000,12.965607177734375,9.268000602722168,-0.22193430364131927,0.34636107087135315
1773049171496584200,12.975584228515626,8.008777618408203,0.0364905446767807,0.07836493849754333
1773049171506561300,12.985561279296874,11.049456596374512,-0.4468596279621124,1.9124635457992554
1773049171516538400,12.995538330078125,8.7176513671875,0.16091732680797577,1.7545372247695923
1773049171526515200,13.00551513671875,8.626724243164062,0.022133609279990196,-0.7692924737930298
1773049171536492300,13.0154921875,10.249655723571777,-0.6813562512397766,1.4380863904953003
1773049171546469400,13.025469482421874,9.2919282913208,-0.025722842663526535,1.8693926334381104
1773049171556446500,13.035446533203125,10.335797309875488,-0.7292127013206482,-1.2143574953079224
1773049171566423600,13.045423583984375,9.957731246948242,-0.4899304509162903,1.1988041400909424
1773049171576400600,13.055400634765626,10.901102066040039,-0.5330012440681458,1.1174482107162476
1773049171586377700,13.065377685546874,9.019146919250488,-0.45164528489112854,0.07357929646968842
1773049171596354800,13.075354736328125,9.602995872497559,-0.1453639715909958,1.7545372247695923
1773049171606331600,13.08533154296875,9.766305923461914,0.050847481936216354,0.5910272002220154
1773049171616308700,13.095308837890625,8.588438987731934,-0.13100704550743103,0.42771705985069275
1773049171626285800,13.105285888671874,8.439485549926758,-0.19800607860088348,1.8789639472961426
1773049171636263000,13.115262939453125,9.244071960449219,-0.1740778535604477,0.3846462368965149
1773049171646240000,13.125239990234375,9.047860145568848,-0.049651071429252625,-0.625723123550415
1773049171656217000,13.135217041015625,9.962516784667969,-0.633499801158905,1.337587833404541
1773049171666194000,13.14519384765625,10.278369903564453,-0.2554338276386261,0.8685946464538574
1773049171676171000,13.1551708984375,9.617950439453125,-0.08315058797597885,1.2131611108779907
1773049171686148000,13.165148193359375,11.154741287231445,-0.29850462079048157,1.337587833404541
1773049171696125200,13.175125244140625,9.1052885055542,-0.15493527054786682,1.074377417564392
1773049171706102300,13.185102294921874,9.780662536621094,-0.05922235921025276,0.882951557636261
1773049171716079400,13.195079345703125,9.55513858795166,-0.2841476798057556,0.6867401003837585
1773049171726056200,13.20505615234375,9.69930648803711,-0.42771705985069275,0.4133601188659668
1773049171736033300,13.215033203125,9.435498237609863,-0.5282155871391296,1.587039589881897
1773049171746010400,13.22501025390625,9.387641906738281,0.3290131092071533,0.13579268753528595
1773049171755987500,13.234987548828125,11.020742416381836,-0.9786644577980042,0.7680960893630981
1773049171765964500,13.244964599609375,9.215357780456543,0.1178465187549591,2.2618155479431152
1773049171775941600,13.254941650390625,10.36929702758789,0.06520441919565201,1.0265209674835205
1773049171785918700,13.264918701171876,11.116456031799316,-0.7100701332092285,-0.2805584669113159
1773049171795895600,13.2748955078125,10.192228317260742,-0.1501496136188507,2.8701908588409424
1773049171805872600,13.28487255859375,10.086943626403809,-0.666999340057373,0.45643091201782227
1773049171815849700,13.294849609375,10.01037311553955,-0.5330012440681458,-0.39541393518447876
1773049171825826800,13.304826904296876,9.766305923461914,0.022133609279990196,0.8973084688186646
1773049171835804000,13.314803955078125,9.41635513305664,-0.025722842663526535,1.7306089401245117
1773049171845780700,13.32478076171875,8.477770805358887,-0.5042873620986938,0.8733802437782288
1773049171855757800,13.3347578125,7.88913631439209,-0.13100704550743103,-0.8458628058433533
1773049171865735000,13.34473486328125,12.586247444152832,-0.9978070259094238,2.7840490341186523
1773049171875712000,13.3547119140625,10.671390533447266,0.5252245664596558,1.4428720474243164
1773049171885689000,13.364689208984375,10.287940979003906,0.022133609279990196,-0.15613168478012085
1773049171895666200,13.374666259765625,9.124430656433105,-1.3950155973434448,1.275374412536621
1773049171905643300,13.384643310546876,7.534998416900635,0.5156532526016235,1.4093725681304932
1773049171915620000,13.3946201171875,11.763115882873535,-0.25064817070961,-0.2566302418708801
1773049171925597200,13.40459716796875,9.401998519897461,-1.1270195245742798,1.4859428405761719
1773049171935574300,13.41457421875,7.199405193328857,0.12263216078281403,1.740180253982544
1773049171945551400,13.42455126953125,9.656235694885254,0.5108676552772522,0.9595218896865845
1773049171955528400,13.434528564453124,11.763115882873535,-0.882951557636261,1.007378339767456
1773049171965505500,13.444505615234375,8.468199729919434,0.16091732680797577,1.2131611108779907
1773049171975482600,13.454482666015625,9.09093189239502,-0.01136590726673603,0.9930213689804077
1773049171985459500,13.46445947265625,11.513664245605469,-1.0600204467773438,0.32243284583091736
1773049171995436500,13.4744365234375,8.985647201538086,0.05563312768936157,-0.026919255033135414
1773049172005413600,13.48441357421875,9.004789352416992,-0.42771705985069275,1.6205391883850098
1773049172015390700,13.494390625,10.13479995727539,-0.42771705985069275,0.973878800868988
1773049172025367800,13.504367919921876,8.38684368133545,0.13698910176753998,0.049651071429252625
1773049172035345000,13.514344970703124,9.46899700164795,-0.1740778535604477,1.3950155973434448
1773049172045321700,13.52432177734375,9.411569595336914,-0.01136590726673603,0.9882357716560364
1773049172055298800,13.534298828125,9.119645118713379,0.15613168478012085,0.054436713457107544
1773049172065276000,13.54427587890625,11.10209846496582,-1.2897313833236694,1.4859428405761719
1773049172075253000,13.5542529296875,9.172286987304688,-0.049651071429252625,-0.3762713670730591
1773049172085230000,13.56422998046875,10.527223587036133,-0.40378883481025696,0.7010970115661621
1773049172095207200,13.574207275390625,11.489736557006836,-0.19322042167186737,1.5966109037399292
1773049172105184000,13.58418408203125,7.606783390045166,-0.45164528489112854,0.21236300468444824
1773049172115161000,13.5941611328125,8.147561073303223,-0.3032902777194977,0.6245267391204834
1773049172125138200,13.60413818359375,10.249655723571777,0.3242274820804596,1.9555343389511108
1773049172135115300,13.614115234375,11.264810562133789,-0.50907301902771,0.8350951075553894
1773049172145092400,13.62409228515625,9.277571678161621,-0.389431893825531,1.0408778190612793
1773049172154972400,13.633972412109374,8.233702659606934,-0.3080759048461914,0.18364913761615753
1773049172164833500,13.64383349609375,11.159526824951172,-0.6478567123413086,0.21236300468444824
1773049172175023000,13.654023193359375,10.536794662475586,-0.0975075215101242,2.400599241256714
1773049172185004500,13.664004638671875,8.219346046447754,0.41994038224220276,-0.36670008301734924
1773049172194977300,13.673977294921874,10.431509971618652,-1.3471591472625732,0.9116654396057129
1773049172204957700,13.683957763671875,7.788637638092041,-0.24586252868175507,2.472383975982666
1773049172214931500,13.693931396484375,9.373284339904785,0.4007977843284607,1.587039589881897
1773049172224911000,13.7039111328125,11.365309715270996,-0.3032902777194977,0.16929219663143158
1773049172234885600,13.7138857421875,9.387641906738281,-0.6430711150169373,0.5575276613235474
1773049172244864800,13.72386474609375,8.50169849395752,0.05563312768936157,1.8406788110733032
1773049172254839800,13.73383984375,10.04865837097168,-0.23629122972488403,0.7585247755050659
1773049172264818400,13.743818359375,10.881958961486816,-1.0360921621322632,0.025722842663526535
1773049172274793700,13.753793701171874,8.779864311218262,0.15613168478012085,-0.08434699475765228
1773049172284772000,13.763772216796875,9.972088813781738,-0.3032902777194977,3.142972469329834
1773049172294748000,13.773747802734375,11.298310279846191,-0.24586252868175507,0.916451096534729
1773049172304726000,13.78372607421875,8.195417404174805,-0.4660021960735321,-0.4145565330982208
1773049172314702000,13.7937021484375,10.302297592163086,0.0364905446767807,0.494716078042984
1773049172324680000,13.803679931640625,10.671390533447266,-0.5760720372200012,3.2626137733459473
1773049172334656000,13.813656005859375,9.93380355834961,-0.22193430364131927,0.7058826684951782
1773049172354610200,13.833610107421874,10.311869621276855,-0.4468596279621124,0.9068797826766968
1773049172364587800,13.843587890625,11.1978120803833,-0.6143572330474854,1.1700903177261353
1773049172374564400,13.853564453125,9.814162254333496,-0.025722842663526535,0.35114672780036926
1773049172384541700,13.863541748046876,9.637093544006348,-0.2554338276386261,2.664407968521118
1773049172394518300,13.873518310546874,9.268000602722168,-0.29371899366378784,1.2083754539489746
1773049172414375700,13.893375732421875,11.47537899017334,-1.8263218402862549,0.8973084688186646
1773049172424237000,13.903237060546875,8.38684368133545,0.7262216806411743,-0.26620152592658997
1773049172434426400,13.91342626953125,12.447463035583496,0.4055834412574768,3.5497524738311768
1773049172444407800,13.92340771484375,7.079763889312744,-0.24107688665390015,1.8789639472961426
1773049172454288000,13.933287841796876,3.4983067512512207,-0.666999340057373,-1.5541383028030396
1773049172464148200,13.943148193359375,10.834102630615234,0.10827522724866867,-0.09391828626394272
1773049172474320000,13.95331982421875,13.654044151306152,-0.14057832956314087,4.205984115600586
1773049172484312300,13.963312255859375,11.00160026550293,-0.8877372145652771,0.8542376756668091
1773049172494276900,13.97327685546875,8.83250617980957,-0.6622136831283569,-1.0277173519134521
1773049172504266200,13.983266357421876,10.206584930419922,0.09391828626394272,0.494716078042984
1773049172514233300,13.9932333984375,10.939387321472168,-1.2131611108779907,2.400599241256714
1773049172524414500,14.00341455078125,7.544569969177246,0.1704886108636856,-0.046061836183071136
1773049172534403000,14.013403076171874,6.332605361938477,0.7214360237121582,-0.03170489892363548
1773049172544368600,14.02336865234375,11.327024459838867,-0.45643091201782227,2.8893332481384277
1773049172554355000,14.03335498046875,8.080561637878418,-0.2602194547653198,0.50907301902771
1773049172564235000,14.043235107421875,10.700104713439941,0.2470589429140091,1.2993026971817017
1773049172574093800,14.05309375,11.921042442321777,-0.4085744619369507,1.8598214387893677
1773049172584276700,14.06327685546875,10.50808048248291,-0.7244270443916321,0.054436713457107544
1773049172594264000,14.07326416015625,9.41635513305664,-0.29850462079048157,-0.2709871530532837
1773049172624193000,14.103193115234374,8.98086166381836,-0.5186443328857422,0.26500511169433594
1773049172634162000,14.113161865234375,9.737591743469238,-0.3798605799674988,0.4181457459926605
1773049172644145700,14.123145751953125,10.182656288146973,-0.2793620526790619,3.8805601596832275
1773049172654116000,14.1331162109375,9.5264253616333,0.07956135272979736,0.32721850275993347
1773049172664098300,14.143098388671875,8.15234661102295,-0.4133601188659668,-0.5970092415809631
1773049172674070300,14.1530703125,9.224929809570312,-0.6430711150169373,2.15653133392334
1773049172684051500,14.163051513671874,9.828518867492676,-0.15972091257572174,1.2897313833236694
1773049172694024400,14.1730244140625,10.096514701843262,-0.3367897868156433,-0.251844584941864
1773049172704004900,14.1830048828125,9.938589096069336,-0.6382854580879211,1.5966109037399292
1773049172713978400,14.192978271484375,9.55513858795166,-0.40378883481025696,0.5240281820297241
1773049172723958000,14.2029580078125,9.833304405212402,0.04127619042992592,1.1078768968582153
1773049172733932500,14.2129326171875,10.512866020202637,-0.4612165689468384,1.1892328262329102
1773049172743911700,14.22291162109375,8.453842163085938,-0.5856433510780334,-0.5826523303985596
1773049172753886700,14.23288671875,9.019146919250488,-1.0839486122131348,1.2323036193847656
1773049172773840600,14.252840576171875,10.527223587036133,1.0564311742782593,1.4763715267181396
1773049172783819000,14.262819091796874,10.695319175720215,-1.7012969255447388,-0.6448656916618347
1773049172793794800,14.272794921875,7.0271220207214355,-0.5330012440681458,0.23629122972488403
1773049172803773000,14.28277294921875,9.914660453796387,1.262213945388794,5.733801364898682
1773049172813749000,14.2927490234375,15.464214324951172,-0.2027917206287384,0.13100704550743103
1773049172823726800,14.302726806640624,7.175477027893066,-2.3575284481048584,-3.053241729736328
1773049172833703000,14.312702880859375,7.8556365966796875,0.7262216806411743,0.39421752095222473
1773049172843680800,14.3226806640625,14.856437683105469,0.1417747437953949,1.8693926334381104
1773049172853657000,14.332656982421875,8.885149002075195,-0.39421752095222473,0.39421752095222473
1773049172863634700,14.342634765625,7.927421569824219,-1.3040883541107178,0.5575276613235474
1773049172873611300,14.352611328125,8.50169849395752,0.12741780281066895,2.3048863410949707
1773049172883588600,14.362588623046875,11.22652530670166,-1.00259268283844,4.028914928436279
1773049172893565200,14.372565185546875,8.923434257507324,-0.7004988193511963,0.13100704550743103
1773049172903542800,14.382542724609374,7.946564197540283,0.5204389095306396,-0.7214360237121582
1773049172913519400,14.392519287109375,13.027124404907227,-0.8590233325958252,0.3415754437446594
1773049172923496700,14.40249658203125,10.800602912902832,-0.8733802437782288,3.7082769870758057
1773049172933473500,14.4124736328125,8.37727165222168,-0.07836493849754333,-0.09391828626394272
1773049172943450600,14.42245068359375,9.866804122924805,-0.001794616924598813,-0.5730810165405273
1773049172953427500,14.432427490234375,10.130014419555664,-1.2083754539489746,1.4333007335662842
1773049172963404800,14.44240478515625,8.727222442626953,-1.399801254272461,4.205984115600586
1773049172973381600,14.452381591796875,8.219346046447754,0.6209374666213989,-0.6400800347328186
1773049172983358700,14.462358642578126,11.59980583190918,0.09870393574237823,-0.2949153780937195
1773049172993335600,14.47233544921875,10.814960479736328,-0.25064817070961,3.047259569168091
1773049173003312600,14.482312744140625,8.26241683959961,-0.14057832956314087,0.4420739710330963
1773049173013289700,14.492289794921875,10.65224838256836,-0.40378883481025696,-0.12263216078281403
1773049173023266800,14.502266845703126,9.593423843383789,-0.13100704550743103,2.9036903381347656
1773049173033244000,14.512243896484375,10.206584930419922,-0.12622138857841492,0.4468596279621124
1773049173043221000,14.522220947265625,8.257631301879883,-0.21714866161346436,-0.36670008301734924
1773049173053197800,14.53219775390625,10.704890251159668,-0.1788634955883026,0.48035913705825806
1773049173063175000,14.5421748046875,10.28315544128418,0.0077766734175384045,1.552941918373108
1773049173073152000,14.552152099609375,9.7998046875,-0.4372883439064026,0.5383850932121277
1773049173083129000,14.562129150390625,8.779864311218262,-0.389431893825531,-0.3332005441188812
1773049173093106000,14.57210595703125,10.40758228302002,-0.3607180118560791,1.0169496536254883
1773049173103083000,14.5820830078125,11.169097900390625,-0.42293140292167664,1.222732424736023
1773049173113060000,14.59206005859375,9.82373332977295,-0.7339983582496643,0.6915257573127747
1773049173123037200,14.602037109375,8.96650505065918,-0.2554338276386261,0.48514479398727417
1773049173133014300,14.61201416015625,10.853245735168457,-0.23629122972488403,1.5290136337280273
1773049173142991000,14.6219912109375,9.747162818908691,-0.4420739710330963,1.0839486122131348
1773049173152968200,14.63196826171875,9.071788787841797,-0.5473581552505493,0.5240281820297241
1773049173162945300,14.6419453125,8.803792953491211,-0.0687936544418335,1.0265209674835205
1773049173172922400,14.65192236328125,9.569496154785156,-0.6095715761184692,0.47557350993156433
1773049173182899200,14.661899169921876,9.531210899353027,-0.4707878530025482,1.337587833404541
1773049173192876300,14.671876220703124,8.751151084899902,-0.24586252868175507,0.10707881301641464
1773049173202853400,14.681853271484375,10.063015937805176,-0.32243284583091736,0.9451649188995361
1773049173212830500,14.69183056640625,10.819746017456055,-0.20757736265659332,2.774477958679199
1773049173222807600,14.7018076171875,9.569496154785156,-0.08793623000383377,-0.22791635990142822
1773049173232784600,14.71178466796875,9.972088813781738,-0.24107688665390015,1.7066807746887207
1773049173242761500,14.721761474609375,10.235299110412598,0.0364905446767807,1.3758729696273804
1773049173252738600,14.731738525390625,9.349356651306152,-0.5856433510780334,0.07357929646968842
1773049173262715600,14.741715576171876,8.334200859069824,-0.16929219663143158,2.0751755237579346
1773049173272692700,14.751692626953124,9.19143009185791,0.49651068449020386,0.12143574655056
1773049173282669800,14.761669921875,10.834102630615234,-0.5234299302101135,1.2179467678070068
1773049173292646700,14.771646728515625,8.574081420898438,0.046061836183071136,1.0600204467773438
1773049173302623700,14.781623779296876,9.761520385742188,-0.3080759048461914,0.24586252868175507
1773049173312600800,14.791600830078124,11.504093170166016,-0.06400800496339798,2.2474586963653564
1773049173322578000,14.801577880859375,9.929018020629883,-0.5234299302101135,0.09272187948226929
1773049173332555000,14.811554931640625,9.397212982177734,-0.4707878530025482,0.24107688665390015
1773049173342531800,14.82153173828125,10.278369903564453,-0.6622136831283569,1.4763715267181396
1773049173352509000,14.831509033203124,9.627521514892578,-0.1453639715909958,0.8398807644844055
1773049173362486000,14.841486083984375,9.234500885009766,-0.6717849373817444,1.2849457263946533
1773049173372463000,14.851463134765625,9.842875480651855,-0.18364913761615753,0.22193430364131927
1773049173382440000,14.86143994140625,10.01037311553955,-0.6382854580879211,1.8837496042251587
1773049173392417000,14.8714169921875,10.350153923034668,0.0891326442360878,1.2131611108779907
1773049173402394000,14.88139404296875,9.905089378356934,-0.6287141442298889,-0.14656038582324982
1773049173412371200,14.89137109375,10.287940979003906,-0.29850462079048157,1.4715858697891235
1773049173422348300,14.901348388671876,9.229715347290039,-0.5330012440681458,0.672383189201355
1773049173432325400,14.911325439453124,9.991230964660645,-0.3655036687850952,0.7393822073936462
1773049173442302200,14.92130224609375,9.689735412597656,-0.24107688665390015,1.093519926071167
1773049173452279300,14.931279296875,9.043074607849121,-0.4325026869773865,0.5186443328857422
1773049173462256400,14.94125634765625,10.005587577819824,-0.28893333673477173,3.071187973022461
1773049173472233500,14.9512333984375,9.497711181640625,0.3290131092071533,0.25064817070961
1773049173482210600,14.96121044921875,10.388439178466797,-0.4612165689468384,-0.42412781715393066
1773049173492148700,14.971148681640624,9.656235694885254,0.0364905446767807,2.338385820388794
1773049173502121700,14.981121826171876,9.550353050231934,-0.5617151260375977,0.6484549641609192
1773049173512102700,14.9911025390625,10.819746017456055,-0.12622138857841492,-0.13698910176753998
1773049173522076700,15.00107666015625,9.756733894348145,-0.01615155301988125,1.074377417564392
1773049173532056800,15.011056884765624,10.321440696716309,-0.6622136831283569,0.916451096534729
1773049173542031400,15.02103125,9.186644554138184,-0.23629122972488403,1.6013965606689453
1773049173552010800,15.0310107421875,9.82373332977295,-0.21236300468444824,0.049651071429252625
1773049173561985800,15.04098583984375,10.38365364074707,-0.10707881301641464,1.399801254272461
1773049173571965000,15.05096484375,9.69930648803711,-0.13579268753528595,0.7393822073936462
1773049173581940200,15.060940185546874,8.190631866455078,-0.4468596279621124,-0.3284149169921875
1773049173591918800,15.0709189453125,10.153943061828613,-0.5521438121795654,2.3048863410949707
1773049173601894700,15.080894775390625,9.134002685546875,-0.4372883439064026,-0.20877377688884735
1773049173611912000,15.090911865234375,10.767104148864746,-0.22193430364131927,1.4715858697891235
1773049173621891800,15.100891845703124,9.728020668029785,-0.3080759048461914,1.8023936748504639
1773049173631788300,15.110788330078124,9.766305923461914,-0.7579265832901001,0.21236300468444824
1773049173641760000,15.120760009765625,8.549555778503418,-0.030508488416671753,0.6915257573127747
1773049173651742200,15.1307421875,9.296713829040527,-0.21714866161346436,1.9172492027282715
1773049173661715000,15.14071484375,9.622735977172852,-0.6478567123413086,0.2315055876970291
1773049173671580200,15.150580078125,8.085348129272461,-0.3798605799674988,0.37028929591178894
1773049173681542000,15.1605419921875,9.732806205749512,0.13220344483852386,0.7441678643226624
1773049173691572700,15.17057275390625,10.28315544128418,-0.7824530005455017,2.0991036891937256
1773049173701541600,15.180541748046876,9.349356651306152,0.09870393574237823,0.7393822073936462
1773049173711488000,15.190488037109375,8.990432739257812,-0.2315055876970291,0.9595218896865845
1773049173721454600,15.20045458984375,11.149955749511719,-0.24107688665390015,0.4468596279621124
1773049173731442000,15.21044189453125,9.574281692504883,-0.5042873620986938,2.8414769172668457
1773049173741410600,15.22041064453125,8.894720077514648,0.18484555184841156,-0.23270200192928314
1773049173751357200,15.230357177734374,9.766305923461914,-0.6861419081687927,-0.4384847581386566
1773049173761323800,15.24032373046875,10.287940979003906,-0.05922235921025276,1.9124635457992554
1773049173771233800,15.25023388671875,8.808578491210938,0.0891326442360878,0.8781659007072449
1773049173781194500,15.260194580078124,9.82373332977295,-0.3415754437446594,0.28893333673477173
1773049173791149000,15.270149169921876,10.106086730957031,-0.4372883439064026,2.362314224243164
1773049173801109200,15.280109130859374,9.047860145568848,0.41515472531318665,-0.4336991012096405
1773049173810948400,15.2899482421875,11.595020294189453,-0.9260223507881165,0.494716078042984
1773049173820896500,15.299896484375,10.201799392700195,-0.2315055876970291,2.0608184337615967
1773049173830863600,15.309863525390625,8.26241683959961,-0.4372883439064026,-0.8793623447418213
1773049173840813600,15.3198134765625,11.173883438110352,-0.6047859191894531,1.1030912399291992
1773049173850855700,15.329855712890625,9.66102123260498,-0.633499801158905,2.0751755237579346
1773049173860814800,15.33981494140625,9.929018020629883,-0.13579268753528595,-0.026919255033135414
1773049173870770700,15.349770751953125,9.301499366760254,-0.21236300468444824,0.42771705985069275
1773049173880729900,15.359729736328125,10.757532119750977,-1.069591760635376,2.740978240966797
1773049173890647600,15.3696474609375,9.34457015991211,0.30508488416671753,0.15493527054786682
1773049173900602400,15.379602294921876,8.405985832214355,0.06520441919565201,-0.5300102233886719
1773049173910562600,15.3895625,11.84447193145752,-2.05603289604187,2.4819552898406982
1773049173920518100,15.39951806640625,6.912266254425049,-0.049651071429252625,1.2801600694656372
1773049173930477800,15.409477783203124,9.80937671661377,0.6113662123680115,-0.7501499056816101
1773049173940433700,15.41943359375,12.969696998596191,-1.4572290182113647,2.3431715965270996
1773049173950613500,15.429613525390625,6.979265213012695,-0.8685946464538574,2.7601208686828613
1773049173960793600,15.439793701171874,9.445069313049316,1.0325030088424683,-0.8075776696205139
1773049173970973700,15.4499736328125,12.112467765808105,0.2470589429140091,0.9547362327575684
1773049173981080300,15.460080322265625,8.214560508728027,-0.849452018737793,3.4301111698150635
1773049173991039000,15.4700390625,9.028717994689941,-0.25064817070961,-0.7692924737930298
1773049174001031000,15.480031005859376,9.876375198364258,-0.39900317788124084,-0.20398813486099243
1773049174010993200,15.4899931640625,11.494522094726562,-0.9690931439399719,2.908475875854492
1773049174020982000,15.49998193359375,7.635497093200684,-0.1453639715909958,0.672383189201355
1773049174030947300,15.509947265625,9.948160171508789,0.50129634141922,-0.251844584941864
1773049174040934000,15.519933837890624,11.868400573730469,-1.0887342691421509,2.764906644821167
1773049174050901200,15.5299013671875,8.267202377319336,0.06520441919565201,1.2418749332427979
1773049174060886000,15.539885986328125,9.354142189025879,-0.3080759048461914,0.09272187948226929
1773049174070855400,15.54985546875,11.082956314086914,-0.5473581552505493,1.007378339767456
1773049174080838700,15.559838623046875,9.6466646194458,-0.5856433510780334,1.8837496042251587
1773049174090809600,15.5698095703125,9.05264663696289,0.15613168478012085,0.5042873620986938
1773049174100791600,15.57979150390625,10.63250732421875,-0.849452018737793,0.8350951075553894
1773049174110763800,15.589763671875,9.818947792053223,-0.15493527054786682,0.9690931439399719
1773049174120744700,15.59974462890625,8.995218276977539,-0.3367897868156433,2.0991036891937256
1773049174130717700,15.6097177734375,10.402796745300293,-0.18364913761615753,-0.07956135272979736
1773049174140697900,15.61969775390625,9.550353050231934,-1.0169496536254883,1.098305583000183
1773049174150672000,15.629671875,9.421140670776367,-0.16450655460357666,1.0791629552841187
1773049174160651500,15.639651611328125,9.890732765197754,-0.8303094506263733,1.2801600694656372
1773049174170626000,15.6496259765625,10.63250732421875,-0.3655036687850952,0.4468596279621124
1773049174180605200,15.659605224609376,9.095717430114746,-0.7148557901382446,0.9834501147270203
1773049174190580200,15.669580322265626,10.163514137268066,-0.049651071429252625,1.3615161180496216
1773049174200558800,15.679558837890625,9.401998519897461,-0.7100701332092285,1.1461620330810547
1773049174210438700,15.689438720703125,9.153144836425781,-0.5712863802909851,-0.10827522724866867
1773049174220256800,15.6992568359375,9.06700325012207,-0.08793623000383377,1.3663017749786377
1773049174230436900,15.709436767578126,10.901102066040039,-0.7872386574745178,0.9068797826766968
1773049174240471300,15.71947119140625,9.7998046875,-0.7968099117279053,0.01615155301988125
1773049174250442200,15.729442138671875,8.520841598510742,0.1704886108636856,1.4333007335662842
1773049174260424200,15.739424072265624,10.201799392700195,-0.5665007829666138,0.7250252366065979
1773049174270304300,15.74930419921875,8.583653450012207,-0.7872386574745178,-0.23748764395713806
1773049174280121600,15.75912158203125,8.751151084899902,0.18484555184841156,1.9363917112350464
1773049174290301700,15.7693017578125,10.498509407043457,-0.5808576941490173,0.8590233325958252
1773049174300335600,15.779335693359375,10.029516220092773,-0.6287141442298889,0.6532405614852905
1773049174310304300,15.78930419921875,8.688937187194824,0.31465616822242737,0.07357929646968842
1773049174320288300,15.799288330078125,10.843673706054688,-1.0648061037063599,0.9786644577980042
1773049174330168000,15.80916796875,9.742377281188965,-0.389431893825531,1.4093725681304932
1773049174339985200,15.818985107421875,8.477770805358887,-0.15972091257572174,-0.06520441919565201
1773049174350165000,15.8291650390625,11.207383155822754,-0.16450655460357666,1.404586911201477
1773049174360199000,15.839198974609374,9.795019149780273,-0.47557350993156433,1.7353945970535278
1773049174370166500,15.84916650390625,8.13798999786377,-0.48035913705825806,-0.5204389095306396
1773049174380151300,15.8591513671875,8.506484031677246,0.10348957777023315,1.3902299404144287
1773049174390120700,15.86912060546875,10.474580764770508,-0.5808576941490173,1.4811571836471558
1773049174400104000,15.87910400390625,9.598209381103516,-0.8398807644844055,0.030508488416671753
1773049174410075000,15.889074951171875,7.956135272979736,-0.049651071429252625,1.4333007335662842
1773049174420056800,15.899056884765624,11.58544921875,-0.389431893825531,1.0791629552841187
1773049174430029000,15.909029052734375,9.397212982177734,-0.4085744619369507,0.4612165689468384
1773049174440009700,15.919009765625,9.435498237609863,-0.8159525394439697,2.970689296722412
1773049174449983200,15.928983154296875,9.320642471313477,-0.0975075215101242,-0.4145565330982208
1773049174459963400,15.93896337890625,10.695319175720215,-1.0217353105545044,0.8398807644844055
1773049174469937200,15.948937255859375,10.120443344116211,-0.3607180118560791,1.5050854682922363
1773049174479916800,15.958916748046875,8.042277336120605,-0.21236300468444824,1.5194423198699951
1773049174489891300,15.968891357421874,10.192228317260742,-0.5856433510780334,-0.1417747437953949
1773049174499870500,15.978870361328125,8.976076126098633,-0.4181457459926605,0.7872386574745178
1773049174509845500,15.988845458984375,9.613164901733398,-0.11665010452270508,1.0552347898483276
1773049174519824100,15.99882421875,9.728020668029785,-0.6191428303718567,1.5098711252212524
1773049174529799400,16.00879931640625,10.206584930419922,-0.21236300468444824,-0.3523431420326233
1773049174539777800,16.01877783203125,10.603793144226074,-0.4420739710330963,1.649253010749817
1773049174549657900,16.028657958984375,11.154741287231445,-0.8350951075553894,0.8781659007072449
1773049174559476000,16.03847607421875,9.483354568481445,-0.48514479398727417,0.29850462079048157
1773049174569474800,16.048474853515625,9.473783493041992,0.0077766734175384045,1.4428720474243164
1773049174579434200,16.058434326171874,10.072587013244629,-0.3607180118560791,0.9930213689804077
1773049174589614000,16.068614013671876,8.090133666992188,-0.50907301902771,0.37028929591178894
1773049174599648000,16.07864794921875,7.822137355804443,-0.47557350993156433,2.314457654953003
1773049174609615600,16.08861572265625,9.890732765197754,-0.030508488416671753,-0.4097708761692047
1773049174619600400,16.098600341796875,9.723235130310059,-0.7292127013206482,0.6867401003837585
1773049174629569800,16.10856982421875,10.326226234436035,-0.9930213689804077,1.6827524900436401
1773049174639553000,16.118552978515623,7.960920810699463,-0.32243284583091736,0.3798605799674988
1773049174649432800,16.128432861328125,10.72403335571289,-0.7387840151786804,1.3854442834854126
1773049174659250000,16.13825,9.349356651306152,-0.7770691514015198,1.9698911905288696
1773049174669245200,16.1482451171875,8.396414756774902,-0.7435696125030518,0.5862415432929993
1773049174679207700,16.158207763671875,8.46341323852539,-0.07357929646968842,0.494716078042984
1773049174689387500,16.168387451171874,10.053443908691406,-1.246660590171814,2.103889226913452
1773049174699421000,16.1784208984375,9.009575843811035,-0.8685946464538574,1.5726827383041382
1773049174709386000,16.188385986328125,7.6737823486328125,0.06520441919565201,-0.2997010350227356
1773049174719372500,16.19837255859375,11.46102237701416,-1.1365907192230225,0.6963114142417908
1773049174729340200,16.208340087890626,9.790233612060547,-1.1318050622940063,2.774477958679199
1773049174739325000,16.218324951171876,7.491329669952393,0.3433700501918793,-0.34277185797691345
1773049174749204700,16.228204833984375,11.207383155822754,-0.8590233325958252,1.0121639966964722
1773049174759021600,16.238021484375,10.24487018585205,-1.179661512374878,2.11824631690979
1773049174769015600,16.248015625,7.984848976135254,-0.6909275650978088,0.26500511169433594
1773049174778978800,16.257978759765624,10.292726516723633,-0.50907301902771,0.5288137793540955
1773049174789159000,16.268158935546875,11.628520011901855,-1.4189438819885254,2.5872395038604736
1773049174799192000,16.278192138671876,9.382855415344238,-0.7674978375434875,-0.1704886108636856
1773049174809156400,16.28815625,9.071788787841797,-1.155733346939087,0.849452018737793
1773049174819143700,16.298143798828125,11.260025024414062,-1.0887342691421509,1.7545372247695923
1773049174829023700,16.308023681640623,9.201001167297363,-1.6342978477478027,0.37028929591178894
1773049174838839800,16.31783984375,8.8707914352417,-0.24107688665390015,0.7154539823532104
1773049174849020000,16.32802001953125,10.01994514465332,-1.5720844268798828,0.5186443328857422
1773049174859053300,16.33805322265625,11.078170776367188,-1.8454644680023193,2.0895323753356934
1773049174869018600,16.3480185546875,8.554341316223145,-0.4995017349720001,0.9020941257476807
1773049174879005200,16.358005126953124,11.08774185180664,-1.4572290182113647,0.16929219663143158
1773049174888972800,16.367972900390626,10.867602348327637,-1.0169496536254883,1.4380863904953003
1773049174898957300,16.377957275390624,9.08135986328125,-0.8542376756668091,2.7601208686828613
1773049174908927000,16.387927001953123,10.307083129882812,-0.39421752095222473,0.4899304509162903
1773049174918910000,16.397909912109377,8.62193775177002,-0.633499801158905,-0.9750752449035645
1773049174928881200,16.407881103515624,10.149157524108887,-1.1748759746551514,2.702693223953247
1773049174938862800,16.41786279296875,8.84207820892334,-1.0408778190612793,2.7074787616729736
1773049174948835000,16.4278349609375,9.062217712402344,-0.3367897868156433,-1.6791633367538452
1773049174958816000,16.43781591796875,10.13479995727539,-0.4612165689468384,0.8973084688186646
1773049174968789200,16.447789306640626,11.049456596374512,-1.0360921621322632,2.803191661834717
1773049174978769400,16.457769287109375,9.373284339904785,-0.9882357716560364,1.5433706045150757
1773049174988743400,16.467743408203123,9.795019149780273,-0.3032902777194977,-0.012562318705022335
1773049174998722800,16.477722900390624,11.082956314086914,-0.5952146053314209,1.4189438819885254
1773049175008697600,16.487697509765624,10.28315544128418,-0.8542376756668091,2.803191661834717
1773049175018676500,16.497676513671873,8.161917686462402,-0.6143572330474854,0.4325026869773865
1773049175028556500,16.507556640625,9.766305923461914,-0.8255237936973572,-0.3332005441188812
1773049175038374700,16.517374755859375,10.579865455627441,-1.069591760635376,2.237887382507324
1773049175048554500,16.527554443359374,9.627521514892578,-0.6813562512397766,1.7066807746887207
1773049175058589000,16.5375888671875,9.043074607849121,-0.8733802437782288,-0.2566302418708801
1773049175068469000,16.547468994140626,10.096514701843262,-1.3040883541107178,1.179661512374878
1773049175078286000,16.5572861328125,10.091729164123535,-0.9116654396057129,1.831107497215271
1773049175088466200,16.567466064453125,9.680164337158203,-0.600000262260437,1.2658032178878784
1773049175098499800,16.577499755859375,9.885947227478027,-1.1748759746551514,0.18843477964401245
1773049175108467700,16.5874677734375,9.023932456970215,-0.9595218896865845,1.5481562614440918
1773049175118452200,16.5974521484375,8.875576972961426,-1.1126625537872314,1.1174482107162476
1773049175128332300,16.607332275390625,8.765507698059082,-0.8638089895248413,1.591825246810913
1773049175138149000,16.617149169921873,9.41635513305664,-0.9547362327575684,0.20757736265659332
1773049175148143000,16.62714306640625,9.531210899353027,-1.6534404754638672,1.3710874319076538
1773049175158106400,16.6371064453125,9.000003814697266,-0.50907301902771,0.9882357716560364
1773049175168097000,16.647096923828126,10.326226234436035,-1.5385849475860596,0.28893333673477173
1773049175178063000,16.65706298828125,11.269596099853516,-1.404586911201477,1.0360921621322632
1773049175188243200,16.6672431640625,8.329415321350098,-0.42771705985069275,1.1700903177261353
1773049175198275800,16.67727587890625,11.039885520935059,-0.4660021960735321,0.3367897868156433
1773049175208238000,16.687238037109374,10.249655723571777,-1.2131611108779907,1.7545372247695923
1773049175218227000,16.69722705078125,7.481758117675781,-1.1413763761520386,1.5194423198699951
1773049175228192300,16.707192138671875,8.636295318603516,0.4773681163787842,0.7537391185760498
1773049175238178800,16.7171787109375,11.154741287231445,-0.600000262260437,0.11186445504426956
1773049175248146400,16.727146484375,10.431509971618652,-2.462812662124634,2.640479803085327
1773049175258131200,16.737131103515626,5.8683977127075195,0.2183450609445572,1.6013965606689453
1773049175268011000,16.747010986328124,11.441879272460938,-0.05922235921025276,-1.6552350521087646
1773049175277827800,16.756827880859376,14.645271301269531,-1.6534404754638672,-0.4815555512905121
1773049175287821800,16.76682177734375,7.57806921005249,-1.2418749332427979,3.4779677391052246
1773049175297785000,16.77678515625,6.299105644226074,0.14656038582324982,0.8733802437782288
1773049175307775700,16.786775634765625,12.624532699584961,-0.3128615617752075,-0.3523431420326233
1773049175317741800,16.796741943359375,9.086145401000977,-2.0416758060455322,1.8550357818603516
1773049175327922000,16.806921875,6.189035892486572,-0.5473581552505493,2.0991036891937256
1773049175337954600,16.81695458984375,10.240084648132324,-0.0975075215101242,0.1740778535604477
1773049175347916800,16.826916748046877,11.039885520935059,-1.8263218402862549,-0.3858426511287689
1773049175357905700,16.83690576171875,9.239286422729492,-1.7443677186965942,2.726621389389038
1773049175367871000,16.84687109375,7.8317084312438965,-0.7387840151786804,0.07836493849754333
1773049175377857500,16.856857421875,11.56152057647705,-1.2562319040298462,-0.08434699475765228
1773049175387825200,16.8668251953125,10.996814727783203,-2.070389747619629,2.4388844966888428
1773049175397810000,16.876809814453125,8.405985832214355,-1.1078768968582153,0.9882357716560364
1773049175407779300,16.886779296875,8.875576972961426,-0.9547362327575684,-0.7549355626106262
1773049175417762300,16.89676220703125,10.743175506591797,-1.9268203973770142,1.8789639472961426
1773049175427733500,16.9067333984375,9.062217712402344,-0.9834501147270203,1.2418749332427979
1773049175437715500,16.916715576171875,7.817351341247559,-0.633499801158905,-0.5150550603866577
1773049175447687400,16.9266875,10.819746017456055,-1.8113667964935303,2.2235305309295654
1773049175457668400,16.93666845703125,9.790233612060547,-1.0265209674835205,1.1413763761520386
1773049175467641600,16.9466416015625,10.24487018585205,-0.9547362327575684,-0.8506484627723694
1773049175477621800,16.956621826171876,11.331809997558594,-1.1174482107162476,3.1238300800323486
1773049175487595800,16.966595703125,10.728818893432617,-1.069591760635376,0.08315058797597885
1773049175497575200,16.9765751953125,9.766305923461914,-1.5385849475860596,0.19322042167186737
1773049175507550000,16.986550048828125,8.559126853942871,-0.8255237936973572,1.0552347898483276
1773049175517528800,16.99652880859375,10.522438049316406,-0.849452018737793,1.179661512374878
1773049175527542800,17.006542724609375,10.555936813354492,-1.3854442834854126,0.494716078042984
1773049175537525200,17.016525146484376,8.295916557312012,-0.8159525394439697,0.9355936646461487
1773049175547458000,17.0264580078125,10.321440696716309,-1.1892328262329102,1.1126625537872314
1773049175557435600,17.036435546875,10.575079917907715,-1.2610175609588623,0.6149554252624512
1773049175567315700,17.046315673828126,9.632308006286621,-0.8733802437782288,2.0751755237579346
1773049175577133800,17.0561337890625,10.082158088684082,-1.6534404754638672,0.21714866161346436
1773049175587314000,17.06631396484375,9.675378799438477,-1.2418749332427979,0.26500511169433594
1773049175597348600,17.0763486328125,9.46899700164795,-1.3758729696273804,1.9124635457992554
1773049175607320300,17.0863203125,9.392427444458008,-0.9116654396057129,0.16450655460357666
1773049175617301800,17.0963017578125,9.919445991516113,-1.9076778888702393,0.40378883481025696
1773049175627274500,17.1062744140625,9.143573760986328,-0.8590233325958252,2.4197418689727783
1773049175637255000,17.1162548828125,9.301499366760254,-0.2602194547653198,-0.3762713670730591
1773049175647228400,17.126228515625,10.49372386932373,-1.7826528549194336,1.1509476900100708
1773049175657208300,17.136208251953125,7.8077802658081055,-1.2849457263946533,1.9986051321029663
1773049175667182600,17.1461826171875,8.660223007202148,-0.849452018737793,-1.022931694984436
1773049175677162000,17.156161865234374,11.044671058654785,-1.0265209674835205,1.3950155973434448
1773049175687136800,17.16613671875,10.05823040008545,-1.00259268283844,1.2562319040298462
1773049175697115600,17.17611572265625,8.803792953491211,-1.6534404754638672,-0.12741780281066895
1773049175707090700,17.186090576171875,8.612366676330566,-0.8685946464538574,1.8789639472961426
1773049175717069300,17.1960693359375,10.484152793884277,-0.7339983582496643,0.6915257573127747
1773049175727044900,17.206044921875,10.503294944763184,-1.7682958841323853,0.6484549641609192
1773049175737023000,17.21602294921875,8.3629150390625,-0.9355936646461487,0.9930213689804077
1773049175746999000,17.2259990234375,9.148359298706055,-1.552941918373108,0.6532405614852905
1773049175756977000,17.235976806640625,11.508878707885742,-1.4763715267181396,0.9020941257476807
1773049175766953000,17.245952880859374,8.971290588378906,-0.8973084688186646,0.5527420043945312
1773049175776930800,17.255930908203126,9.656235694885254,-1.3471591472625732,0.9020941257476807
1773049175786811000,17.265810791015625,9.929018020629883,-1.0504491329193115,1.5433706045150757
1773049175796629000,17.27562890625,9.795019149780273,-0.9834501147270203,0.15972091257572174
1773049175806628400,17.28562841796875,10.728818893432617,-0.8925228714942932,1.7928223609924316
1773049175816587500,17.29558740234375,10.292726516723633,-0.5712863802909851,0.5383850932121277
1773049175826767600,17.305767578125,9.641879081726074,-1.3950155973434448,0.3128615617752075
1773049175836801500,17.315801513671875,8.95693302154541,-0.10229317098855972,1.557727575302124
1773049175846769200,17.32576904296875,10.067801475524902,-1.0217353105545044,-0.5102694034576416
1773049175856753700,17.335753662109376,10.197013854980469,-1.3471591472625732,1.3854442834854126
1773049175866723300,17.345723388671875,8.861220359802246,-0.3607180118560791,2.4532413482666016
1773049175876706300,17.355706298828125,10.771889686584473,-0.3128615617752075,-0.23748764395713806
1773049175886586400,17.36558642578125,9.09093189239502,-1.1988041400909424,0.9308080077171326
1773049175896403500,17.375403564453126,9.516854286193848,-1.1653046607971191,3.4540395736694336
1773049175906583600,17.38558349609375,9.473783493041992,0.1417747437953949,-0.5682953596115112
1773049175916617500,17.395617431640623,10.38365364074707,-1.3710874319076538,0.973878800868988
1773049175926585600,17.405585693359374,9.833304405212402,-0.494716078042984,0.5527420043945312
1773049175936569900,17.41556982421875,8.799007415771484,-0.8542376756668091,2.2570300102233887
1773049175946539800,17.425539794921875,11.551949501037598,-0.6478567123413086,-0.6352944374084473
1773049175956522800,17.435522705078125,8.324629783630371,-1.1270195245742798,-0.44805604219436646
1773049175966494000,17.445493896484376,11.255239486694336,-0.4995017349720001,2.7074787616729736
1773049175976475600,17.4554755859375,9.306285858154297,-0.6191428303718567,0.5862415432929993
1773049175986448100,17.4654482421875,9.847661972045898,-1.2275179624557495,0.9212366938591003
1773049175996428800,17.4754287109375,6.634698867797852,-0.06400800496339798,1.7688941955566406
1773049176006402300,17.48540234375,9.000003814697266,-0.24107688665390015,1.1892328262329102
1773049176016382200,17.49538232421875,11.782258987426758,-1.672582983970642,0.34636107087135315
1773049176026356200,17.505356201171875,8.626724243164062,-0.6957131624221802,0.7441678643226624
1773049176036335600,17.515335693359376,10.522438049316406,-0.37028929591178894,-0.17527425289154053
1773049176046310400,17.525310302734376,11.279168128967285,-0.5952146053314209,1.8454644680023193
1773049176056289300,17.535289306640625,8.937790870666504,-0.8590233325958252,0.672383189201355
1773049176066264600,17.5452646484375,7.476972579956055,-0.7004988193511963,-0.3858426511287689
1773049176076243200,17.5552431640625,9.732806205749512,-1.3471591472625732,1.5194423198699951
1773049176086218800,17.56521875,11.1978120803833,-0.5330012440681458,0.6963114142417908
1773049176096196900,17.57519677734375,9.014361381530762,-0.5904290080070496,1.069591760635376
1773049176106077000,17.585076904296876,9.656235694885254,-0.719641387462616,2.242672920227051
1773049176115895000,17.59489501953125,10.235299110412598,-0.6861419081687927,0.28893333673477173
1773049176126075100,17.6050751953125,9.704092025756836,-0.916451096534729,0.2315055876970291
1773049176136109600,17.615109619140625,10.01994514465332,-0.7722834944725037,3.3200414180755615
1773049176146080800,17.625080810546876,10.484152793884277,-0.32243284583091736,-0.592223584651947
1773049176156062700,17.635062744140626,9.656235694885254,-0.8973084688186646,0.2602194547653198
1773049176165942800,17.64494287109375,8.971290588378906,-0.7435696125030518,0.8638089895248413
1773049176175760100,17.654760009765624,9.363713264465332,-0.8925228714942932,1.093519926071167
1773049176185756200,17.664756103515625,10.211370468139648,-1.1892328262329102,0.9643075466156006
1773049176195718000,17.6747177734375,9.110074043273926,-0.600000262260437,-0.0077766734175384045
1773049176205710000,17.6847099609375,10.551151275634766,-0.7244270443916321,1.8837496042251587
1773049176215675000,17.6946748046875,10.541580200195312,-0.753140926361084,2.8175487518310547
1773049176225854700,17.704854736328127,9.009575843811035,-0.42771705985069275,-0.6448656916618347
1773049176235887900,17.714887939453124,9.632308006286621,-0.9403793215751648,1.6301103830337524
1773049176245768000,17.724767822265626,11.537592887878418,-0.666999340057373,2.132603168487549
1773049176255583200,17.734583251953126,9.435498237609863,-0.7722834944725037,-0.10348957777023315
1773049176265572400,17.744572265625,8.50169849395752,-0.16929219663143158,-0.36670008301734924
1773049176275539700,17.754539794921875,9.795019149780273,-1.2801600694656372,2.070389747619629
1773049176285526300,17.7645263671875,10.086943626403809,-1.3519448041915894,0.3846462368965149
1773049176295495700,17.77449560546875,8.425128936767578,-0.2745763957500458,-0.9655039310455322
1773049176305675500,17.784675537109376,11.777473449707031,-1.399801254272461,3.095116138458252
1773049176315707600,17.794707763671877,9.914660453796387,-0.030508488416671753,1.654038667678833
1773049176325667300,17.804667236328125,7.692924976348877,-1.0169496536254883,-0.6448656916618347
1773049176335658500,17.814658447265625,9.043074607849121,-0.48514479398727417,1.7114664316177368
1773049176345621500,17.82462158203125,9.632308006286621,-0.6574280261993408,2.616551637649536
1773049176355609900,17.83460986328125,11.216954231262207,-0.7920243144035339,-0.4576273262500763
1773049176365490000,17.844489990234376,6.447460651397705,-0.0975075215101242,-0.10827522724866867
1773049176375306000,17.854305908203123,11.379666328430176,-1.2131611108779907,2.276172637939453
1773049176385485800,17.86448583984375,9.569496154785156,-0.849452018737793,0.45643091201782227
1773049176395519200,17.874519287109376,7.453044414520264,-0.3798605799674988,0.2602194547653198
1773049176405399000,17.88439892578125,9.818947792053223,-0.6287141442298889,-0.30927231907844543
1773049176415214800,17.89421484375,9.92423152923584,-1.3950155973434448,3.142972469329834
1773049176425395000,17.90439501953125,9.55513858795166,-0.4420739710330963,-0.42412781715393066
1773049176435428000,17.914427978515626,9.311071395874023,-0.7292127013206482,-0.5970092415809631
1773049176445392100,17.92439208984375,11.14038372039795,-0.9308080077171326,2.314457654953003
1773049176455379700,17.934379638671874,8.866005897521973,-0.3032902777194977,1.1461620330810547
1773049176465346300,17.94434619140625,8.875576972961426,-0.5377869009971619,-0.45284169912338257
1773049176475331600,17.95433154296875,9.229715347290039,-1.1126625537872314,1.649253010749817
1773049176485211600,17.964211669921873,9.708877563476562,-0.8350951075553894,0.8446664214134216
1773049176495028200,17.9740283203125,10.551151275634766,-0.9547362327575684,0.576670229434967
1773049176505021700,17.984021728515625,9.421140670776367,0.18963119387626648,0.3846462368965149
1773049176514985500,17.9939853515625,9.521639823913574,-1.2897313833236694,0.9786644577980042
1773049176525165600,18.00416552734375,8.985647201538086,-1.1988041400909424,0.4707878530025482
1773049176535198700,18.01419873046875,8.315058708190918,-0.2554338276386261,0.40378883481025696
1773049176545162800,18.024162841796876,12.074183464050293,-0.916451096534729,1.7688941955566406
1773049176555150300,18.034150390625,9.814162254333496,-0.7004988193511963,0.5623133182525635
1773049176565030100,18.044030029296874,7.999206066131592,-0.600000262260437,0.7489534616470337
1773049176574846500,18.053846435546873,10.555936813354492,-0.9834501147270203,1.654038667678833
1773049176585026300,18.0640263671875,10.25922679901123,-0.45164528489112854,0.9020941257476807
1773049176595059700,18.074059814453125,10.0343017578125,-1.160519003868103,1.567897081375122
1773049176605025000,18.08402490234375,9.09093189239502,-0.6239284873008728,0.4707878530025482
1773049176615011600,18.094011474609374,9.167501449584961,0.10827522724866867,-0.7070791125297546
1773049176624979200,18.103979248046876,11.422737121582031,-2.3096721172332764,3.741776466369629
1773049176634963700,18.113963623046875,8.770293235778809,-0.2554338276386261,0.4899304509162903
1773049176644843800,18.12384375,7.309474945068359,-0.13100704550743103,-1.1282159090042114
1773049176654660600,18.13366064453125,13.051053047180176,-1.2658032178878784,2.213959217071533
1773049176664654600,18.143654541015625,7.960920810699463,-0.5569294691085815,1.6061822175979614
1773049176674617900,18.153617919921874,7.769495010375977,-0.5665007829666138,0.24586252868175507
1773049176684608500,18.1636083984375,10.187442779541016,-0.7770691514015198,0.39421752095222473
1773049176694574600,18.17357470703125,10.53200912475586,-1.007378339767456,2.0895323753356934
1773049176704562400,18.1835625,11.068599700927734,-0.9690931439399719,1.1653046607971191
1773049176714530800,18.19353076171875,8.382058143615723,-0.389431893825531,0.19322042167186737
1773049176724710700,18.203710693359376,10.460224151611328,-0.24586252868175507,-0.5102694034576416
1773049176734743000,18.213742919921874,7.817351341247559,-1.31365966796875,2.582453727722168
1773049176744703500,18.223703369140626,7.17069149017334,0.10348957777023315,0.9260223507881165
1773049176754694000,18.23369384765625,10.106086730957031,-0.9786644577980042,-2.1720848083496094
1773049176764657700,18.24365771484375,10.565508842468262,-1.3567304611206055,3.2338998317718506
1773049176774645500,18.2536455078125,9.124430656433105,0.07956135272979736,2.132603168487549
1773049176784611800,18.26361181640625,9.665806770324707,-0.6382854580879211,-2.4640090465545654
1773049176794597600,18.27359765625,8.22413158416748,-1.2610175609588623,-0.012562318705022335
1773049176804477400,18.2834775390625,8.434700012207031,-0.5473581552505493,2.999403238296509
1773049176814294000,18.2932939453125,11.130812644958496,-0.9643075466156006,0.3032902777194977
1773049176824474000,18.30347412109375,8.372486114501953,-0.6909275650978088,0.001794616924598813
1773049176834507800,18.3135078125,8.631509780883789,-0.5282155871391296,1.5050854682922363
1773049176844474000,18.32347412109375,9.828518867492676,-1.0265209674835205,2.851048231124878
1773049176854460000,18.3334599609375,7.980063438415527,0.18005990982055664,-0.12741780281066895
1773049176864428300,18.34342822265625,8.506484031677246,-1.3950155973434448,0.42293140292167664
1773049176874412300,18.353412353515626,9.277571678161621,-0.5186443328857422,1.557727575302124
1773049176884382500,18.363382568359373,10.441082000732422,-0.7435696125030518,2.3958137035369873
1773049176894365000,18.373364990234375,11.32223892211914,-0.9882357716560364,-0.3810569941997528
1773049176904245000,18.383244873046873,9.196215629577637,-0.8877372145652771,0.605384111404419
1773049176914062300,18.393062255859373,11.398808479309082,-1.160519003868103,1.2323036193847656
1773049176924242200,18.4032421875,10.819746017456055,-1.7204394340515137,3.1860432624816895
1773049176934319000,18.413319091796875,9.742377281188965,-0.01136590726673603,-1.1282159090042114
1773049176944244700,18.42324462890625,9.919445991516113,-1.337587833404541,0.7202396392822266
1773049176954228000,18.43322802734375,12.816555976867676,-1.7060825824737549,1.9172492027282715
1773049176964199000,18.443198974609373,8.889934539794922,-0.5042873620986938,1.3184453248977661
1773049176974181000,18.45318115234375,12.504891395568848,-0.3607180118560791,0.39421752095222473
1773049176984153000,18.463153076171874,12.595818519592285,-1.7252250909805298,0.3367897868156433
1773049176994134000,18.473134033203124,12.035898208618164,-1.672582983970642,1.2610175609588623
1773049177004107300,18.483107177734375,11.623734474182129,-1.275374412536621,0.8063812255859375
1773049177014087400,18.49308740234375,12.802199363708496,-0.4325026869773865,0.006580262444913387
1773049177024061200,18.503061279296876,12.969696998596191,-1.031306505203247,2.1469600200653076
1773049177034040800,18.513040771484373,10.637292861938477,-1.0648061037063599,1.5146567821502686
1773049177044015400,18.523015380859373,9.31585693359375,-1.3710874319076538,0.4995017349720001
1773049177053994500,18.532994384765626,10.36929702758789,0.0891326442360878,0.9260223507881165
1773049177063969500,18.542969482421874,12.614960670471191,-1.2993026971817017,1.7066807746887207
1773049177073948200,18.5529482421875,10.948958396911621,-0.4995017349720001,-0.4576273262500763
1773049177083923700,18.562923828125,8.971290588378906,-0.8973084688186646,4.833501815795898
1773049177093902000,18.572902099609376,12.452248573303223,-1.6342978477478027,0.3080759048461914
1773049177103878000,18.5828779296875,8.157132148742676,-0.22193430364131927,-1.6265212297439575
1773049177113855700,18.592855712890625,11.69133186340332,0.04127619042992592,1.893320918083191
1773049177123831800,18.602831787109373,11.063814163208008,-1.2083754539489746,2.6596224308013916
1773049177133809700,18.6128095703125,6.294320106506348,-1.1174482107162476,-0.7932206988334656
1773049177143786000,18.622785888671874,4.470390796661377,0.4821537733078003,0.6484549641609192
1773049177153763600,18.632763671875,10.791031837463379,-0.4995017349720001,4.660620212554932
1773049177163740200,18.642740234375,10.096514701843262,-1.9794625043869019,-2.737389087677002
1773049177173717800,18.6527177734375,4.594817638397217,0.46779683232307434,1.1174482107162476
1773049177183694300,18.6626943359375,11.078170776367188,0.5635097622871399,1.4428720474243164
1773049177193671700,18.672671630859377,10.302297592163086,-2.434098720550537,-1.2287144660949707
1773049177203648300,18.682648193359373,6.284748554229736,-0.47557350993156433,3.82791805267334
1773049177213625900,18.6926259765625,8.257631301879883,0.5060819983482361,-0.10827522724866867
1773049177223602400,18.7026025390625,12.44267749786377,-1.9028922319412231,-0.5395814776420593
1773049177233579800,18.712579833984375,6.716054916381836,-0.7292127013206482,1.80717933177948
1773049177253533700,18.73253369140625,10.125228881835938,0.19920247793197632,-0.2997010350227356
1773049177263510500,18.742510498046876,7.592426300048828,-2.8941190242767334,2.0656042098999023
1773049177273488000,18.75248779296875,6.677769660949707,-0.4325026869773865,-0.6209374666213989
1773049177283464700,18.762464599609373,11.432308197021484,0.3002992272377014,0.7106683254241943
1773049177293442000,18.772442138671874,12.035898208618164,-1.9028922319412231,1.275374412536621
1773049177303419000,18.7824189453125,9.704092025756836,-2.0608184337615967,0.0975075215101242
1773049177313396000,18.79239599609375,6.964908599853516,0.6209374666213989,-0.18484555184841156
1773049177323372800,18.802372802734375,12.926626205444336,0.4773681163787842,0.5138586759567261
1773049177333350100,18.81235009765625,12.754343032836914,-3.473181962966919,2.678765058517456
1773049177343327000,18.822326904296876,4.1970109939575195,-0.42771705985069275,0.24107688665390015
1773049177353304000,18.832303955078125,8.539983749389648,0.625723123550415,-0.5150550603866577
1773049177363320000,18.842320068359374,13.390833854675293,-1.643869161605835,1.7114664316177368
1773049177373301000,18.852301025390624,8.598010063171387,-1.4811571836471558,2.0033907890319824
1773049177383235300,18.8622353515625,6.189035892486572,0.711864709854126,-0.6783652305603027
1773049177393211600,18.872211669921874,12.476177215576172,-1.6917256116867065,0.5479564070701599
1773049177403189200,18.882189208984375,11.303095817565918,-1.6390835046768188,2.6117658615112305
1773049177413165800,18.892165771484375,8.023134231567383,0.7214360237121582,1.0408778190612793
1773049177423143400,18.902143310546876,11.84447193145752,-0.6191428303718567,-1.0660024881362915
1773049177433120000,18.9121201171875,10.948958396911621,-2.0033907890319824,2.142174482345581
1773049177443097600,18.92209765625,6.749554634094238,0.0364905446767807,2.1134605407714844
1773049177453074200,18.93207421875,10.240084648132324,-0.5473581552505493,0.849452018737793
1773049177463051500,18.942051513671874,11.484950065612793,-0.8973084688186646,1.2897313833236694
1773049177473028400,18.9520283203125,7.462615489959717,-0.389431893825531,1.3615161180496216
1773049177483005700,18.962005615234375,10.560722351074219,-0.5330012440681458,1.3663017749786377
1773049177492982500,18.971982421875,10.149157524108887,-1.2275179624557495,-0.3810569941997528
1773049177502959900,18.9819599609375,10.278369903564453,-0.37028929591178894,2.108675003051758
1773049177512936700,18.991936767578125,11.149955749511719,-0.48035913705825806,0.5958128571510315
1773049177522914000,19.0019140625,11.025528907775879,-1.9555343389511108,1.031306505203247
1773049177532891000,19.011890869140625,9.670592308044434,-0.5712863802909851,1.591825246810913
1773049177542907000,19.021906982421875,9.05264663696289,0.4486542344093323,-0.6065805554389954
1773049177552887800,19.0318876953125,12.102896690368652,-1.6965112686157227,0.849452018737793
1773049177562822100,19.041822265625,7.079763889312744,-0.7579265832901001,2.3910279273986816
1773049177572798500,19.051798583984375,7.8317084312438965,-0.42293140292167664,0.020937198773026466
1773049177582776300,19.0617763671875,11.279168128967285,-0.16929219663143158,0.7585247755050659
1773049177592752600,19.071752685546876,10.450653076171875,-2.472383975982666,2.8223342895507812
1773049177602730500,19.08173046875,9.516854286193848,-0.355932354927063,-0.592223584651947
1773049177612706800,19.091706787109374,7.932207107543945,0.36251261830329895,-0.2949153780937195
1773049177622684400,19.101684326171874,14.645271301269531,-2.510669231414795,1.0552347898483276
1773049177632661200,19.1116611328125,7.453044414520264,-1.4093725681304932,2.8941190242767334
1773049177642638600,19.121638671875,7.290332317352295,0.1178465187549591,-0.8697910308837891
1773049177652615200,19.131615234375,12.65324592590332,-2.4675984382629395,-0.2805584669113159
1773049177662592800,19.1415927734375,9.019146919250488,-2.252244234085083,3.3056845664978027
1773049177672569600,19.151569580078124,5.74397087097168,0.7070791125297546,-0.07956135272979736
1773049177682547000,19.161546875,12.504891395568848,-2.324028968811035,-0.9559326171875
1773049177692523800,19.171523681640625,9.406784057617188,-2.242672920227051,4.062414646148682
1773049177702500900,19.1815009765625,6.390032768249512,-0.9020941257476807,0.29850462079048157
1773049177712477700,19.191477783203126,11.12602710723877,-1.0265209674835205,0.4133601188659668
1773049177722455000,19.201455078125,10.64686393737793,-2.5872395038604736,1.563111424446106
1773049177732432000,19.211431884765624,9.358927726745605,-1.7922241687774658,-0.7549355626106262
1773049177742409200,19.2214091796875,6.131608009338379,-0.45164528489112854,0.18843477964401245
1773049177752386000,19.231385986328124,12.342179298400879,-3.0664021968841553,2.166102647781372
1773049177762363100,19.241363037109377,10.187442779541016,-2.8941190242767334,0.3846462368965149
1773049177772340200,19.25134033203125,5.815755367279053,-0.2793620526790619,0.8398807644844055
1773049177782317300,19.2613173828125,11.413166046142578,-2.1134605407714844,0.7058826684951782
1773049177792294400,19.27129443359375,9.411569595336914,-2.7355945110321045,2.362314224243164
1773049177802271500,19.281271484375,7.204190731048584,-1.4189438819885254,0.729810893535614
1773049177812248300,19.291248291015624,10.354940414428711,-2.2187447547912598,-1.511067509651184
1773049177822225700,19.3012255859375,10.551151275634766,-3.0041887760162354,1.4476577043533325
1773049177832202500,19.311202392578124,9.6466646194458,-2.1613171100616455,1.2131611108779907
1773049177842179600,19.3211796875,9.306285858154297,-1.7395820617675781,-1.042074203491211
1773049177852156700,19.33115673828125,9.866804122924805,-2.6255247592926025,1.4811571836471558
1773049177862094800,19.3410947265625,9.775876998901367,-3.0281169414520264,2.400599241256714
1773049177872068000,19.351068115234376,8.655437469482422,-1.5433706045150757,-0.18005990982055664
1773049177882049000,19.361049072265626,9.09093189239502,-2.678166627883911,1.423729419708252
1773049177892023000,19.37102294921875,9.828518867492676,-2.1948165893554688,-0.03170489892363548
1773049177902003200,19.381003173828127,9.129216194152832,-2.836092948913574,1.4620146751403809
1773049177911977700,19.390977783203127,11.202597618103027,-2.937189817428589,0.7872386574745178
1773049177921996000,19.40099609375,8.684151649475098,-1.984248161315918,-0.7980063557624817
1773049177931975000,19.410974853515626,9.905089378356934,-1.0552347898483276,0.5288137793540955
1773049177941911300,19.420911376953125,11.456236839294434,-4.42612361907959,3.0903303623199463
1773049177951885800,19.4308857421875,7.366902828216553,-1.9986051321029663,0.672383189201355
1773049177961904000,19.440904052734375,8.631509780883789,-2.812164783477783,0.28893333673477173
1773049177971883300,19.45088330078125,11.451451301574707,-1.5050854682922363,0.7920243144035339
1773049177981819400,19.4608193359375,8.889934539794922,-2.448455810546875,2.779263496398926
1773049177991794200,19.470794189453127,9.847661972045898,-1.4428720474243164,-0.9176474809646606
1773049178001734700,19.480734619140627,5.379663467407227,0.251844584941864,-0.8075776696205139
1773049178011706000,19.4907060546875,13.352548599243164,-2.190030813217163,2.424527645111084
1773049178021650200,19.500650146484375,10.139585494995117,-0.882951557636261,0.42293140292167664
1773049178031618600,19.51061865234375,7.956135272979736,-0.18843477964401245,0.576670229434967
1773049178041526500,19.520526611328126,12.926626205444336,-0.9308080077171326,1.093519926071167
1773049178051489000,19.530489013671875,9.248857498168945,-0.9499505758285522,-0.0029910283628851175
1773049178061480400,19.54048046875,10.589436531066895,-0.5712863802909851,2.103889226913452
1773049178071446000,19.550446044921873,10.015159606933594,-0.6430711150169373,0.2315055876970291
1773049178081395700,19.560395751953124,9.828518867492676,-0.7920243144035339,-0.08434699475765228
1773049178091359700,19.57035986328125,9.545567512512207,-0.916451096534729,2.702693223953247
1773049178101311000,19.58031103515625,10.029516220092773,0.20877377688884735,0.45164528489112854
1773049178111273700,19.590273681640625,11.097312927246094,-1.3902299404144287,0.8542376756668091
1773049178121226200,19.600226318359375,7.654639720916748,-1.031306505203247,0.7489534616470337
1773049178131188000,19.61018798828125,10.067801475524902,-0.45643091201782227,1.0408778190612793
1773049178141141500,19.6201416015625,12.265608787536621,-1.25144624710083,0.01136590726673603
1773049178151102200,19.630102294921876,9.57906723022461,-1.069591760635376,0.3032902777194977
1773049178161018000,19.64001806640625,9.751948356628418,-0.5186443328857422,1.1653046607971191
1773049178170974500,19.649974365234375,10.168299674987793,-0.6382854580879211,1.8406788110733032
1773049178180933400,19.659933349609375,10.139585494995117,-0.4085744619369507,0.5862415432929993
1773049178190890000,19.669889892578126,8.228917121887207,-0.600000262260437,0.849452018737793
1773049178200848400,19.679848388671875,8.60758113861084,-0.40378883481025696,1.275374412536621
1773049178210805200,19.68980517578125,9.397212982177734,-0.3128615617752075,1.5337992906570435
1773049178220763600,19.699763671875,10.130014419555664,-1.1461620330810547,-0.20398813486099243
1773049178230720500,19.709720458984375,9.31585693359375,-1.0504491329193115,-1.4919248819351196
1773049178240640300,19.71964013671875,9.435498237609863,-1.3710874319076538,4.843072891235352
1773049178250593500,19.729593505859373,13.323834419250488,-0.6191428303718567,-1.0325030088424683
1773049178260555500,19.739555419921874,7.88913631439209,-0.9020941257476807,-1.7988044023513794
1773049178270509600,19.749509521484374,8.118846893310547,-2.7451658248901367,4.196412563323975
1773049178280470800,19.759470703125,9.028717994689941,-1.6773686408996582,0.001794616924598813
1773049178290425600,19.769425537109374,9.148359298706055,-1.7156537771224976,0.4325026869773865
1773049178300605400,19.77960546875,8.271987915039062,-3.142972469329834,2.0751755237579346
1773049178310785500,19.78978564453125,7.769495010375977,-0.9355936646461487,-1.0707881450653076
1773049178320965400,19.79996533203125,10.05823040008545,-3.8799619674682617,2.9276185035705566
1773049178331072500,19.810072509765625,12.189038276672363,-3.3966116905212402,1.4572290182113647
1773049178341031700,19.82003173828125,6.768697261810303,-0.6239284873008728,-2.215155601501465
1773049178351023000,19.830023193359374,10.474580764770508,-2.6159534454345703,1.6588243246078491
1773049178360986000,19.839986083984375,11.528020858764648,-2.7260231971740723,2.616551637649536
1773049178370974500,19.849974365234374,8.200202941894531,-0.08315058797597885,-1.6265212297439575
1773049178380940000,19.85993994140625,9.430712699890137,-2.4532413482666016,0.8542376756668091
1773049178390926300,19.86992626953125,8.985647201538086,-0.8925228714942932,2.2857437133789062
1773049178400894200,19.879894287109376,9.780662536621094,-0.07836493849754333,-1.4727823734283447
1773049178410878700,19.889878662109375,9.986445426940918,-1.4572290182113647,1.4380863904953003
1773049178420848400,19.899848388671874,8.722436904907227,-0.28893333673477173,-0.09391828626394272
1773049178430831400,19.909831298828124,10.0343017578125,-0.3798605799674988,0.9020941257476807
1773049178440802600,19.919802490234375,11.93061351776123,-1.2370892763137817,2.338385820388794
1773049178450784300,19.9297841796875,9.258428573608398,-0.3846462368965149,-0.3523431420326233
1773049178460756700,19.9397568359375,9.124430656433105,-0.5521438121795654,0.24586252868175507
1773049178470737400,19.9497373046875,11.542378425598145,-1.3710874319076538,2.0991036891937256
1773049178490435000,19.96943505859375,9.287142753601074,-1.1270195245742798,0.50907301902771
1773049178500615200,19.979615234375,9.77109146118164,-0.34636107087135315,0.8877372145652771
1773049178510649300,19.9896494140625,9.378069877624512,-0.8111668825149536,1.098305583000183
1773049178520619000,19.999618896484375,9.828518867492676,-1.0408778190612793,1.2370892763137817
1773049178530602000,20.00960205078125,8.617152214050293,-0.8207381963729858,-0.1704886108636856
1773049178540573200,20.0195732421875,10.680961608886719,-0.882951557636261,1.4476577043533325
1773049178550555000,20.029554931640625,10.350153923034668,-0.600000262260437,0.13100704550743103
1773049178560435000,20.03943505859375,9.593423843383789,-1.1174482107162476,1.1653046607971191
1773049178570252300,20.049252197265623,9.397212982177734,-0.5186443328857422,1.9172492027282715
1773049178580248600,20.05924853515625,9.502496719360352,-0.6957131624221802,-0.7597211599349976
1773049178590210000,20.0692099609375,9.507282257080078,-0.6574280261993408,1.8023936748504639
1773049178600390100,20.07939013671875,8.46341323852539,-0.08315058797597885,1.1700903177261353
1773049178610423600,20.089423583984374,10.110872268676758,-0.6765705943107605,-0.5874379873275757
1773049178620389400,20.099389404296875,7.798209190368652,-1.160519003868103,1.0600204467773438
1773049178630375400,20.10937548828125,9.248857498168945,-1.1988041400909424,1.8598214387893677
1773049178640343600,20.119343505859376,10.63250732421875,-1.0791629552841187,-0.06041877344250679
1773049178660297700,20.139297607421874,10.49372386932373,-1.576870083808899,1.3902299404144287
1773049178670280400,20.149280517578124,8.952147483825684,-0.7872386574745178,1.2323036193847656
1773049178680160500,20.159160400390626,10.326226234436035,-1.0360921621322632,0.9451649188995361
1773049178689977600,20.1689775390625,8.458627700805664,-1.5002998113632202,0.8398807644844055
1773049178700157700,20.17915771484375,7.860422611236572,-1.5290136337280273,0.576670229434967
1773049178710191600,20.189191650390626,9.430712699890137,-1.5050854682922363,0.7776673436164856
1773049178720159700,20.19915966796875,9.656235694885254,-1.4189438819885254,1.2658032178878784
1773049178730144000,20.20914404296875,9.943374633789062,-1.5194423198699951,-0.17527425289154053
1773049178740114000,20.219114013671874,9.637093544006348,-1.2275179624557495,1.8693926334381104
1773049178750097000,20.229096923828124,10.426724433898926,-0.5186443328857422,1.2945170402526855
1773049178759976700,20.238976806640625,10.589436531066895,-0.6861419081687927,0.18843477964401245
1773049178769794000,20.2487939453125,9.488140106201172,-0.3607180118560791,0.9116654396057129
1773049178779974000,20.258973876953124,9.78544807434082,-0.5234299302101135,1.6013965606689453
1773049178790008000,20.269008056640626,11.23609733581543,-1.5912270545959473,0.5042873620986938
1773049178799976200,20.27897607421875,8.396414756774902,-0.29850462079048157,-0.9750752449035645
1773049178809960400,20.28896044921875,10.321440696716309,-0.719641387462616,2.1134605407714844
1773049178819930400,20.298930419921874,12.112467765808105,-0.600000262260437,-0.06041877344250679
1773049178829913000,20.3089130859375,8.090133666992188,-1.3471591472625732,1.3232308626174927
1773049178839884500,20.318884521484375,9.516854286193848,-0.5042873620986938,1.0791629552841187
1773049178849866000,20.328865966796876,10.29751205444336,-1.2035897970199585,1.246660590171814
1773049178859746000,20.33874609375,12.17946720123291,-0.9499505758285522,0.12622138857841492
1773049178869563600,20.348563720703126,7.712067604064941,0.01734796352684498,1.0839486122131348
1773049178879560000,20.358559814453123,10.867602348327637,-0.7100701332092285,1.2418749332427979
1773049178889521400,20.368521484375,8.92821979522705,-0.8446664214134216,0.5186443328857422
1773049178899513900,20.378513916015624,7.865208148956299,-0.9355936646461487,0.6245267391204834
1773049178909478400,20.388478515625,10.795817375183105,-0.3367897868156433,0.576670229434967
1773049178919658200,20.398658203125,10.622936248779297,-0.2027917206287384,0.4468596279621124
1773049178929691400,20.40869140625,10.714461326599121,-1.8454644680023193,0.7489534616470337
1773049178939655000,20.418655029296875,8.195417404174805,-0.5138586759567261,1.3710874319076538
1773049178949642800,20.428642822265626,9.445069313049316,-0.2315055876970291,0.5718846321105957
1773049178959609000,20.438609130859376,11.164312362670898,-0.753140926361084,0.8303094506263733
1773049178969595000,20.448594970703127,8.918647766113281,-1.1940184831619263,0.006580262444913387
1773049178979474700,20.458474609375,8.496912956237793,0.15613168478012085,0.5240281820297241
1773049178989291300,20.468291259765625,10.536794662475586,-0.6095715761184692,1.893320918083191
1773049178999471400,20.478471435546876,10.436295509338379,-1.1126625537872314,0.10707881301641464
1773049179009505000,20.488505126953125,7.127620220184326,0.39122650027275085,0.10707881301641464
1773049179019471400,20.498471435546875,10.781460762023926,-0.5186443328857422,0.7537391185760498
1773049179029457000,20.508456787109374,10.843673706054688,-0.9020941257476807,-0.11306086927652359
1773049179039425500,20.518425537109376,8.59322452545166,-0.4325026869773865,0.42293140292167664
1773049179049409500,20.528409423828126,10.01037311553955,-0.8207381963729858,0.26979073882102966
1773049179059379700,20.538379638671874,9.502496719360352,-0.3798605799674988,1.2993026971817017
1773049179069362200,20.548362060546875,10.01037311553955,-0.7579265832901001,-0.31405797600746155
1773049179079242200,20.5582421875,8.679366111755371,-0.7920243144035339,0.8015955686569214
1773049179089059600,20.5680595703125,9.277571678161621,-0.26500511169433594,1.563111424446106
1773049179099054800,20.578054931640626,10.527223587036133,-0.7627122402191162,1.3088740110397339
1773049179109017000,20.58801708984375,9.972088813781738,-0.8255237936973572,-0.3188436031341553
1773049179119197000,20.598197021484374,8.971290588378906,-0.8350951075553894,1.2083754539489746
1773049179129230300,20.608230224609375,10.278369903564453,-0.3415754437446594,0.19322042167186737
1773049179139196000,20.61819580078125,10.211370468139648,-1.1365907192230225,0.08793623000383377
1773049179149182200,20.62818212890625,9.229715347290039,-1.0121639966964722,0.7824530005455017
1773049179159062300,20.638062255859374,7.874779224395752,0.046061836183071136,-0.20398813486099243
1773049179168878600,20.647878662109374,11.039885520935059,-1.0360921621322632,0.4707878530025482
1773049179178871300,20.657871337890626,8.947361946105957,-0.8877372145652771,1.7641085386276245
1773049179188835800,20.6678359375,8.248059272766113,0.44386860728263855,-0.2470589429140091
1773049179199015700,20.678015625,10.944172859191895,-1.332802176475525,-0.026919255033135414
1773049179209048800,20.688048828125,9.82373332977295,-1.0408778190612793,2.276172637939453
1773049179219012400,20.698012451171873,8.69372272491455,0.38644084334373474,-0.06041877344250679
1773049179229000200,20.708000244140624,10.130014419555664,-0.42771705985069275,-0.26141586899757385
1773049179238966500,20.717966552734374,10.762317657470703,-0.7824530005455017,-0.7405785918235779
1773049179248952300,20.727952392578125,8.271987915039062,-1.7635103464126587,2.166102647781372
1773049179258832100,20.73783203125,10.359725952148438,-0.16929219663143158,1.677966833114624
1773049179268648700,20.747648681640626,10.65224838256836,0.14656038582324982,-2.2534406185150146
1773049179278641700,20.7576416015625,9.20578670501709,-0.5330012440681458,0.0687936544418335
1773049179288606000,20.76760595703125,9.535996437072754,-1.2993026971817017,3.9667017459869385
1773049179298786000,20.7777861328125,9.756733894348145,0.2763710021972656,-0.8267202377319336
1773049179308819000,20.78781884765625,10.110872268676758,-0.6239284873008728,-0.9080761671066284
1773049179318782700,20.79778271484375,9.986445426940918,-0.6143572330474854,2.83669114112854
1773049179328770300,20.807770263671873,8.60758113861084,-0.3128615617752075,-0.28534409403800964
1773049179338737000,20.81773681640625,9.929018020629883,-0.8973084688186646,0.03529413416981697
1773049179348722400,20.827722412109374,9.421140670776367,-0.025722842663526535,0.01136590726673603
1773049179358602500,20.8376025390625,10.120443344116211,-1.4572290182113647,0.6197410821914673
1773049179368419000,20.847419189453124,10.254441261291504,-0.6478567123413086,2.5058834552764893
1773049179378599200,20.85759912109375,8.904291152954102,-0.34636107087135315,-1.333998680114746
1773049179388632800,20.8676328125,10.872387886047363,-0.4995017349720001,-0.36191442608833313
1773049179398512600,20.8775126953125,9.78544807434082,-1.074377417564392,3.1956145763397217
1773049179408329000,20.887328857421874,10.479366302490234,-0.8446664214134216,-0.6161518096923828
1773049179418508800,20.8975087890625,8.904291152954102,-0.03529413416981697,0.10229317098855972
1773049179428542200,20.907542236328126,9.483354568481445,-0.5282155871391296,0.24586252868175507
1773049179438507500,20.917507568359376,10.321440696716309,-1.2993026971817017,1.399801254272461
1773049179448494000,20.927494140625,8.482556343078613,-0.1501496136188507,0.2315055876970291
1773049179458461400,20.93746142578125,9.838089942932129,-0.5473581552505493,-0.7740781307220459
1773049179468446200,20.9474462890625,10.474580764770508,-0.7052844762802124,0.9834501147270203
1773049179478326300,20.957326171875,9.728020668029785,-0.8590233325958252,1.4763715267181396
1773049179488143000,20.96714306640625,9.593423843383789,-0.7004988193511963,0.5527420043945312
1773049179498323000,20.977322998046876,9.77109146118164,-0.001794616924598813,0.40378883481025696
1773049179508356900,20.98735693359375,11.37488079071045,-1.0217353105545044,1.8741782903671265
1773049179518324000,20.997323974609376,9.201001167297363,-0.5617151260375977,-0.05563312768936157
1773049179528309000,21.00730908203125,8.760722160339355,-0.4181457459926605,0.638883650302887
1773049179538278000,21.01727783203125,10.858031272888184,-0.39421752095222473,1.184447169303894
1773049179548261400,21.027261474609375,10.120443344116211,-0.40378883481025696,-0.5682953596115112
1773049179558141400,21.037141357421874,9.387641906738281,-0.7483552694320679,0.7106683254241943
1773049179567958500,21.04695849609375,9.047860145568848,-0.2315055876970291,0.9355936646461487
1773049179577953300,21.056953369140626,10.551151275634766,-0.355932354927063,-0.0364905446767807
1773049179587916000,21.066916015625,9.885947227478027,-0.7052844762802124,1.0360921621322632
1773049179598096100,21.07709619140625,8.736793518066406,0.0077766734175384045,0.4899304509162903
1773049179608129300,21.08712939453125,10.302297592163086,-1.1174482107162476,1.1940184831619263
1773049179618094300,21.09709423828125,9.574281692504883,-0.26500511169433594,0.638883650302887
1773049179628081200,21.1070810546875,9.167501449584961,0.01734796352684498,0.1740778535604477
1773049179638048500,21.117048583984374,9.857233047485352,-0.39421752095222473,-0.23748764395713806
1773049179648033300,21.127033203125,8.70807933807373,-0.9978070259094238,1.8215361833572388
1773049179658002700,21.137002685546875,10.053443908691406,-1.1988041400909424,1.2562319040298462
1773049179667986000,21.14698583984375,8.655437469482422,0.5491527915000916,-0.8554341197013855
1773049179677866000,21.156865966796875,11.451451301574707,0.1657029688358307,-0.0891326442360878
1773049179687682800,21.166682861328123,11.36052417755127,-3.889533281326294,5.096712112426758
1773049179697678000,21.176677978515624,6.21774959564209,0.06999006122350693,0.6005984544754028
1773049179707640600,21.186640625,12.53839111328125,1.5260226726531982,-1.1377872228622437
1773049179717820400,21.1968203125,12.547962188720703,0.0891326442360878,0.11186445504426956
1773049179727853800,21.206853759765625,6.6729841232299805,-2.4819552898406982,0.3655036687850952
1773049179737819000,21.21681884765625,8.602795600891113,0.7597211599349976,1.3040883541107178
1773049179747805700,21.2268056640625,12.940982818603516,0.09391828626394272,0.28893333673477173
1773049179757773000,21.23677294921875,7.980063438415527,-0.6239284873008728,-0.13220344483852386
1773049179767757800,21.2467578125,7.472187042236328,-1.552941918373108,2.0273189544677734
1773049179777638000,21.256637939453125,10.49372386932373,0.6113662123680115,0.48514479398727417
1773049179787454500,21.266454345703124,12.299108505249023,-0.6143572330474854,-1.2287144660949707
1773049179797448400,21.276448486328125,9.181859016418457,-1.0121639966964722,2.985046148300171
1773049179807412000,21.286411865234374,8.094919204711914,-0.32243284583091736,1.922034740447998
1773049179817591800,21.296591796875,10.858031272888184,0.41994038224220276,-1.353141188621521
1773049179827625000,21.306625,10.795817375183105,-0.42771705985069275,0.29371899366378784
1773049179837589500,21.316589599609376,8.602795600891113,-1.2083754539489746,0.8973084688186646
1773049179847576600,21.32657666015625,8.032705307006836,-0.3846462368965149,0.8685946464538574
1773049179857543400,21.33654345703125,10.690533638000488,0.5682953596115112,-0.39541393518447876
1773049179867528700,21.34652880859375,10.814960479736328,-1.0121639966964722,-0.5102694034576416
1773049179877497600,21.35649755859375,9.263215065002441,-1.4141582250595093,3.8183467388153076
1773049179887481300,21.3664814453125,8.056633949279785,0.28115665912628174,1.0360921621322632
1773049179897451800,21.37645166015625,11.518449783325195,0.7740781307220459,-1.333998680114746
1773049179907434200,21.386434326171877,11.193026542663574,-1.4333007335662842,-0.09870393574237823
1773049179917406000,21.396406005859376,6.8309102058410645,-0.7052844762802124,2.0033907890319824
1773049179927387100,21.40638720703125,7.33340311050415,0.7740781307220459,1.1653046607971191
1773049179937360100,21.416360107421873,13.932209968566895,0.49651068449020386,-0.8315058946609497
1773049179947340500,21.426340576171874,9.588638305664062,-3.482753276824951,-0.6065805554389954
1773049179957314300,21.436314208984374,4.982454776763916,0.43908295035362244,1.1892328262329102
1773049179967294000,21.4462939453125,13.170694351196289,1.3824533224105835,0.6436693072319031
1773049179977268500,21.4562685546875,12.260823249816895,-0.389431893825531,0.7968099117279053
1773049179987247600,21.46624755859375,5.547759532928467,-0.7292127013206482,2.985046148300171
1773049179997127700,21.476127685546874,8.300702095031738,0.534795880317688,-0.4815555512905121
1773049180006945500,21.485945556640626,12.52881908416748,0.3529413342475891,0.4420739710330963
1773049180017125400,21.49612548828125,10.125228881835938,-1.8502501249313354,0.7920243144035339
1773049180027160000,21.50616015625,4.738387107849121,-1.0456634759902954,1.0408778190612793
1773049180037130500,21.516130615234374,11.202597618103027,1.4207384586334229,1.6157535314559937
1773049180047112700,21.52611279296875,13.754542350769043,-0.23629122972488403,-0.15613168478012085
1773049180057084700,21.536084716796875,4.1730828285217285,-1.074377417564392,-0.06999006122350693
1773049180067065900,21.54606591796875,10.441082000732422,-0.10707881301641464,0.5910272002220154
1773049180076922400,21.55592236328125,14.12842082977295,-1.2370892763137817,0.763310432434082
1773049180086891300,21.565891357421876,9.114859580993652,-0.8877372145652771,2.606980323791504
1773049180096992800,21.57599267578125,6.7208404541015625,0.9080761671066284,0.1501496136188507
1773049180106975000,21.58597509765625,11.676376342773438,0.33858439326286316,0.8111668825149536
1773049180116855000,21.59585498046875,9.464211463928223,-1.4811571836471558,1.337587833404541
1773049180126672400,21.60567236328125,6.6490559577941895,-0.5138586759567261,0.5623133182525635
1773049180136852500,21.6158525390625,12.016755104064941,0.6975077986717224,-0.06999006122350693
1773049180146886400,21.625886474609374,11.092527389526367,-0.47557350993156433,0.6149554252624512
1773049180156855000,21.63585498046875,8.98086166381836,-0.7483552694320679,0.9355936646461487
1773049180166838800,21.6458388671875,10.374082565307617,-0.4133601188659668,0.39421752095222473
1773049180176718800,21.65571875,10.220941543579102,0.0029910283628851175,1.9746768474578857
1773049180186536000,21.665535888671876,10.781460762023926,0.13220344483852386,-0.4049852192401886
1773049180196715800,21.6757158203125,8.722436904907227,-0.6095715761184692,2.079961061477661
1773049180206749700,21.685749755859376,9.77109146118164,-0.2267199456691742,2.0368902683258057
1773049180216629800,21.695629638671875,9.076574325561523,-0.12622138857841492,-0.9702895879745483
1773049180226446000,21.705446044921874,10.704890251159668,-0.2315055876970291,1.0504491329193115
1773049180236626200,21.715626220703125,11.00160026550293,-1.160519003868103,1.495514154434204
1773049180246659800,21.725659912109375,8.123632431030273,-0.11665010452270508,-0.15613168478012085
1773049180256625400,21.73562548828125,11.46102237701416,-0.049651071429252625,0.5623133182525635
1773049180266611700,21.74561181640625,11.997612953186035,-1.4524433612823486,1.5774682760238647
1773049180276579600,21.75557958984375,8.535198211669922,0.1417747437953949,0.9834501147270203
1773049180286563800,21.765563720703124,9.502496719360352,-0.05922235921025276,0.4420739710330963
1773049180296444000,21.77544384765625,11.810972213745117,-1.1509476900100708,1.6396816968917847
1773049180306261000,21.785260986328126,7.812565803527832,0.3194418251514435,0.8925228714942932
1773049180316255200,21.795255126953126,8.751151084899902,-0.29850462079048157,0.9643075466156006
1773049180326218200,21.80521826171875,10.64686393737793,-1.031306505203247,1.1078768968582153
1773049180336398300,21.8153984375,8.353343963623047,-0.18843477964401245,-0.6400800347328186
1773049180346431500,21.825431396484376,10.709675788879395,-0.600000262260437,1.466800332069397
1773049180356396000,21.83539599609375,11.590234756469727,-0.5282155871391296,0.5527420043945312
1773049180366383000,21.845383056640625,9.545567512512207,-0.7244270443916321,0.355932354927063
1773049180376263200,21.85526318359375,8.684151649475098,0.3577269911766052,0.049651071429252625
1773049180386079500,21.86507958984375,10.110872268676758,-0.01615155301988125,1.4380863904953003
1773049180396071400,21.875071533203126,9.57906723022461,-0.6717849373817444,2.05603289604187
1773049180406036500,21.885036376953124,6.582056999206543,0.5060819983482361,0.24586252868175507
1773049180416216300,21.89521630859375,9.253643035888672,-0.6430711150169373,0.16450655460357666
1773049180426249200,21.905249267578125,11.00160026550293,-0.5808576941490173,2.788834810256958
1773049180436212500,21.91521240234375,10.235299110412598,-0.1788634955883026,-0.22791635990142822
1773049180446200600,21.92520068359375,10.474580764770508,-0.7920243144035339,0.049651071429252625
1773049180456166700,21.935166748046875,10.49372386932373,-0.06400800496339798,1.2035897970199585
1773049180466152700,21.945152587890625,9.435498237609863,-0.5760720372200012,0.08793623000383377
1773049180476032500,21.955032470703124,9.325428009033203,-0.1453639715909958,2.084746837615967
1773049180485849000,21.96484912109375,9.086145401000977,-0.025722842663526535,-0.11306086927652359
1773049180496029200,21.975029296875,8.559126853942871,-0.355932354927063,-0.26620152592658997
1773049180506062600,21.9850625,10.378868103027344,-0.26979073882102966,2.314457654953003
1773049180515942700,21.994942626953126,9.258428573608398,-0.4372883439064026,0.7010970115661621
1773049180525758700,22.0047587890625,9.900303840637207,-0.48514479398727417,0.13579268753528595
1773049180535750000,22.01475,9.521639823913574,-0.40378883481025696,-0.10827522724866867
1773049180545715500,22.024715576171875,10.685748100280762,-0.5186443328857422,1.7353945970535278
1773049180555895600,22.0348955078125,10.316655158996582,-0.7872386574745178,0.32243284583091736
1773049180565928400,22.044928466796875,8.530412673950195,-0.04486542567610741,0.09272187948226929
1773049180575891200,22.05489111328125,9.981659889221191,0.11306086927652359,1.3854442834854126
1773049180585879800,22.0648798828125,10.082158088684082,-0.8542376756668091,2.0033907890319824
1773049180595845000,22.07484521484375,7.960920810699463,-0.054436713457107544,0.7010970115661621
1773049180605831400,22.08483154296875,8.712865829467773,-0.04486542567610741,0.5718846321105957
1773049180615799300,22.09479931640625,11.398808479309082,-0.5042873620986938,0.7250252366065979
1773049180625783800,22.10478369140625,8.961718559265137,-0.6430711150169373,0.916451096534729
1773049180635753500,22.11475341796875,9.449854850769043,-0.6717849373817444,0.9499505758285522
1773049180645736400,22.124736328125,9.737591743469238,-0.0975075215101242,-0.16091732680797577
1773049180655707600,22.134707763671877,11.22652530670166,-0.01136590726673603,-0.2470589429140091
1773049180665689600,22.144689697265626,10.36929702758789,-1.1653046607971191,3.7226338386535645
1773049180675661800,22.154661865234374,8.496912956237793,0.33379876613616943,0.5862415432929993
1773049180685642800,22.164642822265623,9.301499366760254,0.05563312768936157,-0.989432156085968
1773049180695522600,22.1745224609375,10.268798828125,0.18963119387626648,1.3806586265563965
1773049180705340200,22.184340087890625,9.129216194152832,-0.34636107087135315,1.2275179624557495
1773049180715337200,22.194337158203126,8.760722160339355,-0.8590233325958252,0.07357929646968842
1773049180725298200,22.204298095703123,10.029516220092773,-0.1453639715909958,1.6013965606689453
1773049180735291100,22.214291015625,11.494522094726562,-0.8111668825149536,1.0169496536254883
1773049180745255400,22.22425537109375,9.5264253616333,-0.48035913705825806,-0.9559326171875
1773049180755435300,22.234435302734376,10.077372550964355,0.07956135272979736,2.2474586963653564
1773049180765468400,22.244468505859373,12.007184028625488,-0.9882357716560364,0.3032902777194977
1773049180775348500,22.254348388671875,8.83250617980957,0.23270200192928314,0.8973084688186646
1773049180785164000,22.2641640625,9.129216194152832,-0.05922235921025276,0.9834501147270203
1773049180795153200,22.274153076171874,9.516854286193848,-0.37507495284080505,0.5958128571510315
1773049180805120500,22.28412060546875,8.085348129272461,-0.26500511169433594,1.399801254272461
1773049180815300400,22.29430029296875,9.334999084472656,-0.9020941257476807,0.9882357716560364
1773049180825333000,22.3043330078125,9.790233612060547,-0.31764721870422363,-1.1234302520751953
1773049180835294500,22.31429443359375,10.982458114624023,-1.2035897970199585,2.2857437133789062
1773049180845284000,22.3242841796875,11.293524742126465,-0.23629122972488403,0.45164528489112854
1773049180855248600,22.33424853515625,8.660223007202148,-0.389431893825531,-0.13220344483852386
1773049180865235700,22.344235595703125,11.00160026550293,-0.22193430364131927,1.677966833114624
1773049180875115800,22.35411572265625,8.851649284362793,-0.16450655460357666,1.2275179624557495
1773049180884932000,22.36393212890625,10.053443908691406,-0.2267199456691742,1.2993026971817017
1773049180895112000,22.37411181640625,8.549555778503418,-0.5330012440681458,1.074377417564392
1773049180905145300,22.384145263671876,9.196215629577637,-0.3080759048461914,0.31764721870422363
1773049180915025400,22.394025390625,9.986445426940918,-0.5665007829666138,1.5337992906570435
1773049180924841500,22.403841552734374,9.55513858795166,-0.25064817070961,0.13100704550743103
1773049180935021300,22.414021240234376,9.253643035888672,-0.9308080077171326,1.179661512374878
1773049180945054500,22.424054443359374,9.723235130310059,-0.07357929646968842,0.2745763957500458
1773049180955019000,22.43401904296875,10.450653076171875,-0.3655036687850952,1.275374412536621
1773049180965006300,22.44400634765625,10.996814727783203,0.050847481936216354,1.721037745475769
1773049180974973200,22.45397314453125,9.023932456970215,-0.3798605799674988,0.3798605799674988
1773049180984958500,22.46395849609375,8.789435386657715,0.18005990982055664,1.0217353105545044
1773049180994927400,22.47392724609375,10.072587013244629,-0.9499505758285522,2.242672920227051
1773049181004910800,22.483910888671875,9.675378799438477,-0.16929219663143158,0.26979073882102966
1773049181014791000,22.493791015625,8.530412673950195,0.24227328598499298,0.13100704550743103
1773049181024608000,22.50360791015625,11.892328262329102,-1.5002998113632202,1.0648061037063599
1773049181034788000,22.5137880859375,8.645866394042969,-0.7004988193511963,0.8207381963729858
1773049181044821800,22.52382177734375,8.300702095031738,1.085145115852356,0.8685946464538574
1773049181054789600,22.53378955078125,12.117254257202148,-0.13100704550743103,1.1461620330810547
1773049181064774100,22.543774169921875,9.401998519897461,-1.466800332069397,-1.01814603805542
1773049181074654200,22.553654296875,9.675378799438477,0.07956135272979736,3.751347780227661
1773049181084471000,22.563470947265625,11.47537899017334,-0.16450655460357666,0.29371899366378784
1773049181094651100,22.573651123046876,10.29751205444336,-0.29371899366378784,-0.6544370055198669
1773049181104684800,22.583684814453125,8.453842163085938,-1.3423734903335571,2.2331018447875977
1773049181114564900,22.59356494140625,7.970492362976074,0.16091732680797577,-0.13698910176753998
1773049181124444700,22.603444580078126,9.728020668029785,-0.4612165689468384,-0.5006981492042542
1773049181134373000,22.613373046875,11.006385803222656,-1.0169496536254883,3.3104701042175293
1773049181144339000,22.6233388671875,8.684151649475098,-0.054436713457107544,0.29850462079048157
1773049181154518800,22.633518798828124,9.77109146118164,-0.25064817070961,-0.8267202377319336
1773049181164551700,22.6435517578125,12.917055130004883,-0.28893333673477173,2.8701908588409424
1773049181174514200,22.65351416015625,9.732806205749512,-0.355932354927063,1.0121639966964722
1773049181184503000,22.6635029296875,8.688937187194824,-0.054436713457107544,0.22193430364131927
1773049181194382800,22.6733828125,8.319844245910645,-0.29371899366378784,2.1278176307678223
1773049181204263000,22.683262939453126,10.503294944763184,-1.0839486122131348,-1.1425727605819702
1773049181214422300,22.69342236328125,7.893921852111816,-0.5712863802909851,1.984248161315918
1773049181224413000,22.703412841796876,10.541580200195312,-1.0265209674835205,1.4093725681304932
1773049181234376400,22.71337646484375,9.172286987304688,-0.8303094506263733,-1.5589239597320557
1773049181244364500,22.723364501953125,9.114859580993652,-0.3080759048461914,1.3567304611206055
1773049181254330600,22.73333056640625,9.876375198364258,-0.6909275650978088,1.1653046607971191
1773049181264316400,22.74331640625,10.24487018585205,-0.9834501147270203,1.6396816968917847
1773049181274284800,22.753284912109375,9.814162254333496,-0.7770691514015198,2.2570300102233887
1773049181284268800,22.763268798828125,9.790233612060547,-0.28893333673477173,-0.9415757060050964
1773049181294239000,22.773239013671876,11.14038372039795,-1.0169496536254883,3.5306098461151123
1773049181304221700,22.7832216796875,9.502496719360352,-0.25064817070961,-0.0029910283628851175
1773049181314193200,22.793193115234374,8.741579055786133,-0.8685946464538574,-0.6975077986717224
1773049181324174600,22.803174560546875,9.08135986328125,-1.2945170402526855,2.8079774379730225
1773049181334147300,22.813147216796875,8.985647201538086,0.03170489892363548,-0.4624129831790924
1773049181344128000,22.8231279296875,10.177870750427246,-1.0121639966964722,0.5527420043945312
1773049181354101500,22.8331015625,9.69930648803711,-1.0504491329193115,2.362314224243164
1773049181364081400,22.843081298828125,9.358927726745605,-0.06400800496339798,-0.3236292600631714
1773049181374055400,22.853055419921876,11.121241569519043,-1.0408778190612793,1.8598214387893677
1773049181384034800,22.863034912109374,10.378868103027344,-0.6957131624221802,1.0217353105545044
1773049181394009600,22.873009521484374,8.918647766113281,-0.1788634955883026,0.7776673436164856
1773049181403988500,22.882988525390626,10.005587577819824,-1.069591760635376,1.898106575012207
1773049181413963800,22.8929638671875,9.862018585205078,-0.9882357716560364,0.29850462079048157
1773049181423942100,22.902942138671875,8.62193775177002,-0.3128615617752075,1.563111424446106
1773049181433918000,22.91291796875,10.61815071105957,-0.5282155871391296,0.6149554252624512
1773049181443896000,22.92289599609375,9.382855415344238,-1.25144624710083,1.2275179624557495
1773049181453871900,22.932871826171876,8.885149002075195,-1.031306505203247,1.1509476900100708
1773049181463850000,22.94285009765625,9.991230964660645,0.15134602785110474,-0.16091732680797577
1773049181473826000,22.952825927734374,11.767901420593262,-1.5002998113632202,2.1948165893554688
1773049181483804000,22.962803955078126,10.431509971618652,-1.8550357818603516,1.2418749332427979
1773049181493780200,22.9727802734375,8.094919204711914,0.41515472531318665,0.494716078042984
1773049181503757800,22.9827578125,13.036696434020996,-0.5330012440681458,0.24586252868175507
1773049181513734400,22.992734375,10.584650993347168,-1.3758729696273804,2.4580271244049072
1773049181523711700,23.002711669921876,5.341378211975098,0.07477571070194244,1.3758729696273804
1773049181533688300,23.012688232421876,7.846065521240234,-0.14057832956314087,-1.3100703954696655
1773049181543666000,23.022666015625,10.661819458007812,-1.7012969255447388,0.06400800496339798
1773049181553642500,23.032642578125,8.23848819732666,-0.7579265832901001,4.11505651473999
1773049181563619800,23.042619873046874,10.115657806396484,-0.31764721870422363,-0.2709871530532837
1773049181573596700,23.0525966796875,12.433106422424316,-1.5385849475860596,-0.3762713670730591
1773049181583574000,23.062573974609375,9.339784622192383,-0.8063812255859375,2.9802606105804443
1773049181593550800,23.07255078125,8.70807933807373,-0.20757736265659332,0.5718846321105957
1773049181603528000,23.08252783203125,10.431509971618652,-1.069591760635376,0.8350951075553894
1773049181613504800,23.0925048828125,9.224929809570312,-0.7824530005455017,1.0121639966964722
1773049181623482000,23.102482177734377,8.123632431030273,-0.7435696125030518,0.9212366938591003
1773049181633459000,23.112458984375,10.177870750427246,-0.3655036687850952,1.2562319040298462
1773049181643436000,23.12243603515625,9.857233047485352,-1.246660590171814,0.5335994362831116
1773049181653413000,23.1324130859375,9.852447509765625,-0.8063812255859375,1.7832510471343994
1773049181663390200,23.14239013671875,9.665806770324707,-0.6478567123413086,0.7154539823532104
1773049181673367300,23.1523671875,12.294322967529297,-1.4428720474243164,1.6348960399627686
1773049181683344400,23.162344482421876,10.834102630615234,-0.26979073882102966,0.5288137793540955
1773049181693321200,23.1723212890625,8.48734188079834,0.38644084334373474,-0.05563312768936157
1773049181703298300,23.18229833984375,11.054242134094238,-1.3232308626174927,2.204387903213501
1773049181713275400,23.192275390625,7.055835723876953,-1.1892328262329102,0.6245267391204834
1773049181723252500,23.20225244140625,8.602795600891113,-0.23629122972488403,2.314457654953003
1773049181733229600,23.2122294921875,10.608579635620117,-0.6047859191894531,-0.2997010350227356
1773049181743206700,23.22220654296875,10.340582847595215,-1.1461620330810547,2.5537400245666504
1773049181753183500,23.23218359375,7.472187042236328,-0.10707881301641464,1.5290136337280273
1773049181763160600,23.24216064453125,9.6466646194458,-1.3040883541107178,-0.050847481936216354
1773049181773137700,23.2521376953125,10.97767162322998,-1.25144624710083,2.017747640609741
1773049181783114800,23.26211474609375,9.1052885055542,-0.04486542567610741,3.5545380115509033
1773049181793091800,23.272091796875,10.61815071105957,-0.4133601188659668,-1.5445669889450073
1773049181803069000,23.28206884765625,9.602995872497559,-0.973878800868988,1.9363917112350464
1773049181813046000,23.2920458984375,9.239286422729492,-0.4660021960735321,2.6356940269470215
1773049181823022800,23.30202294921875,7.999206066131592,-0.6861419081687927,0.47557350993156433
1773049181833000000,23.312,10.584650993347168,-0.5473581552505493,3.0233314037323
1773049181842977000,23.32197705078125,8.214560508728027,-0.9978070259094238,0.2554338276386261
1773049181852954000,23.3319541015625,9.023932456970215,-0.45643091201782227,0.8733802437782288
1773049181862931200,23.34193115234375,10.24487018585205,-0.7435696125030518,2.2187447547912598
1773049181872908300,23.351908203125,11.365309715270996,-2.032104730606079,1.9172492027282715
1773049181882885400,23.361885498046874,9.68494987487793,-0.28893333673477173,0.6867401003837585
1773049181892862500,23.371862548828126,10.560722351074219,-0.054436713457107544,1.5290136337280273
1773049181902839300,23.38183935546875,12.418749809265137,-0.8350951075553894,2.1134605407714844
1773049181912816400,23.39181640625,8.34855842590332,-1.332802176475525,1.069591760635376
1773049181922793500,23.40179345703125,7.539783954620361,0.1178465187549591,0.9116654396057129
1773049181932770600,23.4117705078125,10.182656288146973,-0.50907301902771,1.5822539329528809
1773049181942747600,23.42174755859375,11.068599700927734,-1.3519448041915894,0.9260223507881165
1773049181952724700,23.431724853515625,7.500900745391846,-0.5521438121795654,2.640479803085327
1773049181962701600,23.44170166015625,9.713663101196289,-0.48514479398727417,0.28893333673477173
1773049181972678700,23.4516787109375,12.936197280883789,-1.5912270545959473,2.1708884239196777
1773049181982655700,23.46165576171875,9.82373332977295,-0.34636107087135315,1.31365966796875
1773049181992632800,23.4716328125,9.694520950317383,-0.2267199456691742,0.47557350993156433
1773049182002610000,23.48160986328125,10.63250732421875,-0.9499505758285522,2.616551637649536
1773049182012587000,23.4915869140625,8.736793518066406,-0.8350951075553894,0.28893333673477173
1773049182022563800,23.501563720703125,8.343772888183594,-0.633499801158905,1.5242279767990112
1773049182032541000,23.511541015625,9.761520385742188,-0.20757736265659332,3.463610887527466
1773049182042518000,23.52151806640625,10.354940414428711,-0.9355936646461487,-0.29012975096702576
1773049182052495000,23.5314951171875,7.549355506896973,-0.45164528489112854,1.6971094608306885
1773049182062472200,23.54147216796875,9.019146919250488,-0.8877372145652771,2.6835505962371826
1773049182072449300,23.55144921875,9.952945709228516,-0.9451649188995361,1.074377417564392
1773049182082426400,23.56142626953125,9.665806770324707,-0.849452018737793,0.8159525394439697
1773049182092403500,23.571403564453124,9.90987491607666,0.01734796352684498,1.9124635457992554
1773049182102380500,23.581380615234377,9.378069877624512,-0.8590233325958252,0.8159525394439697
1773049182112357600,23.591357666015625,9.449854850769043,-0.9116654396057129,2.070389747619629
1773049182122334500,23.60133447265625,7.95134973526001,-0.4995017349720001,0.8159525394439697
1773049182132272600,23.611272705078125,9.095717430114746,-0.48035913705825806,2.9419753551483154
1773049182142246000,23.621245849609377,9.766305923461914,-0.7483552694320679,1.7976080179214478
1773049182152265700,23.631265625,9.320642471313477,-0.8255237936973572,0.04007977992296219
1773049182162243600,23.64124365234375,9.929018020629883,-0.8925228714942932,2.448455810546875
1773049182172181000,23.651180908203123,9.900303840637207,-0.4899304509162903,2.242672920227051
1773049182182154800,23.66115478515625,10.311869621276855,-0.7339983582496643,0.32721850275993347
1773049182192135200,23.67113525390625,9.258428573608398,-0.9116654396057129,2.352742910385132
1773049182202109400,23.681109375,9.656235694885254,-0.355932354927063,1.0217353105545044
1773049182212128000,23.6911279296875,10.61815071105957,-0.8973084688186646,1.5433706045150757
1773049182222107000,23.70110693359375,10.220941543579102,-0.6813562512397766,2.5920250415802
1773049182232082000,23.71108203125,9.08135986328125,-0.23629122972488403,0.16929219663143158
1773049182242060500,23.721060546875,8.947361946105957,-1.0504491329193115,2.3575284481048584
1773049182252036000,23.7310361328125,9.847661972045898,-0.7244270443916321,1.2275179624557495
1773049182262014500,23.741014404296877,8.559126853942871,-0.6813562512397766,0.08315058797597885
1773049182271951400,23.750951416015624,9.847661972045898,-0.6526423692703247,2.6356940269470215
1773049182281925600,23.760925537109376,10.01037311553955,-1.31365966796875,1.9746768474578857
1773049182291944400,23.7709443359375,9.952945709228516,-0.6574280261993408,0.6867401003837585
1773049182301923000,23.780923095703123,10.067801475524902,-0.5521438121795654,1.9459630250930786
1773049182311820800,23.79082080078125,10.216156005859375,-0.6909275650978088,2.448455810546875
1773049182321791200,23.800791259765624,9.325428009033203,-0.6239284873008728,0.2793620526790619
1773049182331775000,23.81077490234375,9.473783493041992,-0.7339983582496643,2.1134605407714844
1773049182341746700,23.82074658203125,9.938589096069336,-1.093519926071167,2.2474586963653564
1773049182351690000,23.83068994140625,8.434700012207031,-0.389431893825531,0.48035913705825806
1773049182361659100,23.8406591796875,9.914660453796387,-0.600000262260437,0.6963114142417908
1773049182371605500,23.85060546875,10.948958396911621,-1.643869161605835,1.5433706045150757
1773049182381572000,23.860572021484376,8.544769287109375,-0.9834501147270203,1.9172492027282715
1773049182391559400,23.870559326171875,9.009575843811035,0.31465616822242737,2.0368902683258057
1773049182401528300,23.8805283203125,11.32223892211914,-0.6047859191894531,-0.8889335989952087
1773049182411474700,23.890474609375,8.281558990478516,-1.4763715267181396,1.9459630250930786
1773049182421441300,23.900441162109374,6.988836765289307,-0.6813562512397766,2.084746837615967
1773049182431428600,23.9104287109375,10.536794662475586,-1.0217353105545044,2.11824631690979
1773049182441397200,23.920397216796875,13.089338302612305,-0.5042873620986938,1.4763715267181396
1773049182451305200,23.93030517578125,8.727222442626953,-0.7627122402191162,-0.30927231907844543
1773049182461267700,23.940267822265625,9.09093189239502,-0.8111668825149536,4.359124660491943
1773049182471259100,23.950259033203125,9.55513858795166,-1.0791629552841187,-1.0372886657714844
1773049182481224700,23.960224609375,9.368498802185059,-1.098305583000183,-0.6161518096923828
1773049182491097000,23.97009716796875,7.941778182983398,0.08434699475765228,2.616551637649536
1773049182501053400,23.980053466796875,6.07896614074707,-0.6526423692703247,1.3088740110397339
1773049182511012400,23.990012451171875,8.023134231567383,-1.648654818534851,-0.8506484627723694
1773049182520969000,23.999968994140627,8.698508262634277,-1.1461620330810547,2.7314071655273438
1773049182530889000,24.009888916015626,13.860424995422363,-1.4811571836471558,3.923630952835083
1773049182540841700,24.019841796875,11.441879272460938,-1.160519003868103,0.0687936544418335
1773049182550842600,24.029842529296875,10.757532119750977,-0.719641387462616,4.158127784729004
1773049182560800300,24.03980029296875,9.694520950317383,-0.08793623000383377,-1.2095718383789062
1773049182570758000,24.0497578125,7.750352382659912,-1.8741782903671265,1.495514154434204
1773049182580715500,24.059715576171875,7.280761241912842,-0.6382854580879211,2.4819552898406982
1773049182590596000,24.06959619140625,7.433901786804199,-0.4612165689468384,-1.3100703954696655
1773049182600546000,24.079546142578124,12.212966918945312,-2.0129621028900146,0.20757736265659332
1773049182610511000,24.089510986328126,10.762317657470703,-3.6023945808410645,4.804787635803223
1773049182620462600,24.099462646484376,9.675378799438477,0.0364905446767807,-0.8602197170257568
1773049182630464800,24.10946484375,13.453046798706055,-0.26500511169433594,0.9930213689804077
1773049182640421400,24.11942138671875,14.037493705749512,-1.6582261323928833,0.9260223507881165
1773049182650601200,24.129601318359374,5.4520463943481445,-1.5290136337280273,2.1613171100616455
1773049182660781300,24.13978125,7.007979393005371,-0.40378883481025696,-0.23748764395713806
1773049182670961200,24.149961181640624,10.929815292358398,-1.423729419708252,0.054436713457107544
1773049182681068000,24.160068115234374,12.893126487731934,-2.999403238296509,4.263411521911621
1773049182691026000,24.17002587890625,5.959324836730957,-0.15493527054786682,1.007378339767456
1773049182701018600,24.1800185546875,10.220941543579102,-0.8877372145652771,-1.3674981594085693
1773049182710980000,24.18997998046875,13.304692268371582,-1.4572290182113647,1.399801254272461
1773049182720969500,24.199969482421874,6.4187469482421875,-0.4325026869773865,2.1996021270751953
1773049182730934300,24.209934326171876,7.438687324523926,-1.667797327041626,-1.9184455871582031
1773049182740921300,24.21992138671875,8.46341323852539,-1.7635103464126587,4.253840446472168
1773049182750888400,24.229888427734377,13.00798225402832,-1.495514154434204,0.01136590726673603
1773049182760873500,24.23987353515625,11.44666576385498,-2.5058834552764893,2.96111798286438
1773049182770842600,24.249842529296874,8.066205024719238,0.15613168478012085,3.425325632095337
1773049182780826000,24.259826171875,10.642078399658203,-1.1413763761520386,-1.7748762369155884
1773049182790796800,24.269796875,10.005587577819824,-2.6494529247283936,4.36391019821167
1773049182800779000,24.279779052734376,5.787041664123535,-0.2554338276386261,2.3670997619628906
1773049182810659000,24.2896591796875,10.015159606933594,0.3194418251514435,-0.7501499056816101
1773049182820476400,24.299476318359375,10.805388450622559,-2.032104730606079,0.6963114142417908
1773049182830656300,24.30965625,7.874779224395752,-3.7698919773101807,2.472383975982666
1773049182840690400,24.3196904296875,7.984848976135254,-0.1788634955883026,2.937189817428589
1773049182850659000,24.3296591796875,13.774283409118652,-0.34636107087135315,-0.37148571014404297
1773049182860642800,24.339642822265624,16.35972785949707,-4.933402061462402,3.2961132526397705
1773049182870613200,24.34961328125,4.101297855377197,-0.6191428303718567,2.510669231414795
1773049182880595700,24.359595703125,7.8317084312438965,0.9176474809646606,0.3320041298866272
1773049182890567400,24.3695673828125,18.42832374572754,-0.882951557636261,0.5575276613235474
1773049182900548600,24.379548583984374,4.700101852416992,-2.850450038909912,3.9523448944091797
1773049182910521300,24.389521240234377,4.925027370452881,0.2955136001110077,-0.11306086927652359
1773049182920502000,24.399501953125,11.1978120803833,-2.008176326751709,0.3846462368965149
1773049182930475500,24.4094755859375,10.992029190063477,-1.9316060543060303,3.5497524738311768
1773049182940455400,24.419455322265627,8.410771369934082,-1.1174482107162476,1.423729419708252
1773049182950335500,24.42933544921875,9.952945709228516,-2.1948165893554688,0.9260223507881165
1773049182960153300,24.4391533203125,12.284751892089844,-3.157329559326172,6.044867992401123
1773049182970333200,24.449333251953124,10.579865455627441,-0.542572557926178,-0.7836494445800781
1773049182980367600,24.45936767578125,8.075776100158691,0.36251261830329895,-0.6975077986717224
1773049182990337800,24.469337890625,15.076577186584473,-1.9794625043869019,2.5393829345703125
1773049183000320300,24.4793203125,5.5621161460876465,-2.4436700344085693,0.8925228714942932
1773049183010292000,24.4892919921875,3.603590965270996,-0.020937198773026466,-0.5150550603866577
1773049183020273400,24.4992734375,10.086943626403809,-1.710868239402771,4.42612361907959
1773049183030246100,24.50924609375,11.054242134094238,-3.157329559326172,0.8925228714942932
1773049183040226800,24.519226806640624,8.990432739257812,-2.1996021270751953,3.5928232669830322
1773049183050106600,24.529106689453126,11.106884956359863,-1.4141582250595093,0.9643075466156006
1773049183059924500,24.538924560546874,12.461820602416992,-1.8502501249313354,1.5966109037399292
1773049183070104300,24.549104248046874,10.273584365844727,-0.7148557901382446,2.874976396560669
1773049183080138800,24.559138671875,7.692924976348877,-0.26979073882102966,1.31365966796875
1773049183090153500,24.569153564453124,8.96650505065918,-2.7738797664642334,-1.2574282884597778
1773049183100141000,24.57914111328125,6.275177478790283,-3.104687452316284,4.383052825927734
1773049183110062300,24.589062255859375,8.104490280151367,0.26201409101486206,0.6771687865257263
1773049183120043300,24.599043212890624,12.016755104064941,-2.084746837615967,1.3615161180496216
1773049183129923300,24.60892333984375,14.58784294128418,-3.473181962966919,3.583251953125
1773049183139741000,24.618740966796874,3.7423746585845947,-0.0687936544418335,-1.1377872228622437
1773049183149737700,24.62873779296875,13.218550682067871,-2.1996021270751953,3.363112211227417
1773049183159699000,24.638698974609376,15.358930587768555,-1.490728497505188,1.404586911201477
1773049183169878800,24.648878662109375,5.31266450881958,-0.26979073882102966,1.811964988708496
1773049183179912400,24.658912353515625,7.549355506896973,-1.074377417564392,0.13100704550743103
1773049183189878800,24.668878662109375,4.158725738525391,-0.9595218896865845,1.2705888748168945
1773049183199864600,24.678864501953125,10.781460762023926,-3.3296127319335938,2.3336002826690674
1773049183209832700,24.688832763671876,8.15234661102295,-2.400599241256714,6.140581130981445
1773049183219817000,24.69881689453125,9.492925643920898,-0.05922235921025276,-0.6735795736312866
1773049183229787000,24.708786865234377,12.30389404296875,-1.2131611108779907,-1.9567307233810425
1773049183239769600,24.71876953125,11.820544242858887,-4.689334392547607,11.379068374633789
1773049183249649700,24.728649658203125,7.051050186157227,-0.13579268753528595,0.672383189201355
1773049183259466800,24.738466796875,11.039885520935059,-1.222732424736023,-2.837887763977051
1773049183269646800,24.748646728515624,10.230513572692871,0.5060819983482361,0.9690931439399719
1773049183279680800,24.7586806640625,10.498509407043457,-1.965105652809143,4.900500774383545
1773049183289649200,24.768649169921876,6.783053874969482,-1.1413763761520386,-0.39541393518447876
1773049183299633400,24.77863330078125,5.791827201843262,-2.5920250415802,2.92283296585083
1773049183309603300,24.788603271484376,13.721043586730957,-2.017747640609741,-0.3858426511287689
1773049183319586000,24.7985859375,7.798209190368652,-2.6733810901641846,6.61914587020874
1773049183329557500,24.8085576171875,12.65324592590332,-1.160519003868103,0.7968099117279053
1773049183339539000,24.8185390625,8.976076126098633,-1.2418749332427979,-2.468794822692871
1773049183349511700,24.82851171875,13.87478256225586,-3.5928232669830322,5.819942951202393
1773049183359492400,24.838492431640624,6.792625427246094,0.050847481936216354,0.389431893825531
1773049183369372200,24.8483720703125,12.04068374633789,-1.2418749332427979,0.3032902777194977
1773049183379190000,24.85818994140625,9.814162254333496,-3.4205398559570312,2.338385820388794
1773049183389187000,24.86818701171875,3.809373617172241,-0.24586252868175507,-0.7980063557624817
1773049183399147800,24.878147705078124,11.240882873535156,-0.9786644577980042,-0.05563312768936157
1773049183409327900,24.888327880859375,12.686745643615723,-4.009772777557373,6.4564337730407715
1773049183419361500,24.898361572265625,9.263215065002441,-1.6342978477478027,-0.4289134442806244
1773049183429328000,24.908327880859375,6.270391941070557,-0.4181457459926605,1.9459630250930786
1773049183439313400,24.9183134765625,14.822937965393066,-1.893320918083191,2.9419753551483154
1773049183449193500,24.928193359375,11.91625690460205,-2.15653133392334,1.3280165195465088
1773049183459010000,24.938010009765627,6.485745906829834,-1.667797327041626,2.3670997619628906
1773049183469003300,24.948003173828123,8.214560508728027,0.03170489892363548,-1.1186445951461792
1773049183478967300,24.95796728515625,11.787044525146484,-2.740380048751831,3.7848472595214844
1773049183488957200,24.967957275390624,9.263215065002441,-2.2618155479431152,3.751347780227661
1773049183498923800,24.977923828125,3.067000389099121,-0.42771705985069275,2.424527645111084
1773049183509103900,24.988103759765625,9.019146919250488,-0.2793620526790619,-1.82273268699646
1773049183519136300,24.99813623046875,11.537592887878418,-3.2578279972076416,1.5966109037399292
1773049183529098200,25.00809814453125,8.023134231567383,-2.0368902683258057,5.886941909790039
1773049183539087600,25.018087646484375,9.708877563476562,-0.4372883439064026,3.324826955795288
1773049183548967700,25.0279677734375,13.668400764465332,-0.7872386574745178,-2.1098713874816895
1773049183558783200,25.037783203125,9.737591743469238,-1.922034740447998,4.531407833099365
1773049183568963300,25.04796337890625,6.826124668121338,-0.5760720372200012,3.6023945808410645
1773049183578996500,25.05799658203125,9.196215629577637,-0.8542376756668091,-0.6783652305603027
1773049183588960500,25.06796044921875,9.311071395874023,-2.434098720550537,0.9930213689804077
1773049183598948000,25.077947998046874,7.601997375488281,-1.5194423198699951,4.776073932647705
1773049183608914700,25.087914794921875,9.90987491607666,-0.29850462079048157,2.022533416748047
1773049183618900200,25.097900146484374,11.240882873535156,-1.332802176475525,2.276172637939453
1773049183628868900,25.107868896484376,10.86281681060791,-2.376671075820923,-0.5587241053581238
1773049183638852600,25.1178525390625,6.1363935470581055,-0.3032902777194977,1.960319995880127
1773049183648732700,25.127732666015625,12.299108505249023,-1.5625132322311401,4.383052825927734
1773049183658549500,25.137549560546876,11.082956314086914,-1.490728497505188,1.4763715267181396
1773049183668729600,25.1477294921875,7.228118896484375,-0.3032902777194977,0.26979073882102966
1773049183678763500,25.157763427734373,9.737591743469238,-2.4819552898406982,3.3822548389434814
1773049183688731100,25.167731201171875,11.1978120803833,-2.410170555114746,5.738586902618408
1773049183698716000,25.1777158203125,7.481758117675781,0.7310073375701904,-1.415354609489441
1773049183708685300,25.187685302734376,10.015159606933594,-1.0408778190612793,0.05922235921025276
1773049183718668300,25.197668212890626,12.433106422424316,-3.6502509117126465,4.876572608947754
1773049183728639500,25.207639404296874,2.032702922821045,-0.8350951075553894,2.726621389389038
1773049183738621200,25.21762109375,14.568700790405273,-0.5712863802909851,1.2801600694656372
1773049183748593400,25.227593505859375,11.073385238647461,-1.490728497505188,3.152543783187866
1773049183758574300,25.23757421875,8.047062873840332,-0.8973084688186646,2.103889226913452
1773049183768547600,25.247547607421875,9.675378799438477,-1.1222338676452637,-1.5930216312408447
1773049183778527700,25.25752783203125,11.892328262329102,-3.8225340843200684,4.862215518951416
1773049183788501800,25.267501708984376,7.822137355804443,0.2470589429140091,0.7393822073936462
1773049183798481200,25.277481201171874,8.95693302154541,-1.25144624710083,4.1389851570129395
1773049183808456000,25.2874560546875,11.69133186340332,-1.275374412536621,1.0217353105545044
1773049183818434800,25.297434814453126,6.864409923553467,-2.142174482345581,2.5537400245666504
1773049183828409900,25.307409912109375,11.849257469177246,-0.8877372145652771,-1.3674981594085693
1773049183838388500,25.317388427734375,7.1850481033325195,-2.0129621028900146,4.430909156799316
1773049183848364000,25.327364013671875,13.295121192932129,-1.1413763761520386,2.6356940269470215
1773049183858342400,25.33734228515625,5.547759532928467,-0.8733802437782288,-1.3962119817733765
1773049183868318200,25.347318115234376,15.51685619354248,-2.534597396850586,3.363112211227417
1773049183878296300,25.35729638671875,6.945765972137451,-0.666999340057373,0.9882357716560364
1773049183888272100,25.367272216796874,9.751948356628418,-0.18364913761615753,2.8701908588409424
1773049183898250000,25.37725,11.025528907775879,-2.568096876144409,1.404586911201477
1773049183908226300,25.387226318359374,8.799007415771484,-1.6773686408996582,2.103889226913452
1773049183918204200,25.3972041015625,7.573283672332764,-0.12622138857841492,1.835893154144287
1773049183928180500,25.407180419921875,11.25045394897461,-1.960319995880127,3.6167514324188232
1773049183938158000,25.417157958984376,9.258428573608398,-1.1318050622940063,2.6739792823791504
1773049183948038100,25.4270380859375,7.841279983520508,-0.18843477964401245,1.6827524900436401
1773049183957856300,25.436856201171874,13.118051528930664,-2.486740827560425,-0.18005990982055664
1773049183968036400,25.447036376953125,7.606783390045166,-1.7204394340515137,4.517050743103027
1773049183978071000,25.457071044921875,8.73200798034668,-0.4420739710330963,2.0512471199035645
1773049183988042500,25.46704248046875,11.23609733581543,-0.42293140292167664,-1.0516455173492432
1773049183998024200,25.477024169921876,10.488938331604004,-2.1230318546295166,4.962714195251465
1773049184007996700,25.48699658203125,9.382855415344238,-2.77866530418396,2.496312141418457
1773049184017977300,25.496977294921876,5.581258773803711,-0.48035913705825806,0.03529413416981697
1773049184027950800,25.506950927734376,12.16511058807373,-0.7627122402191162,3.2817561626434326
1773049184037930800,25.5169306640625,12.050254821777344,-2.3910279273986816,5.54177713394165
1773049184047905000,25.526905029296874,6.917052268981934,-1.2035897970199585,2.946761131286621
1773049184057884200,25.53688427734375,9.651450157165527,-1.2849457263946533,1.098305583000183
1773049184067859200,25.546859130859374,12.198610305786133,-1.7826528549194336,2.6979074478149414
1773049184077838000,25.556838134765623,9.790233612060547,-1.8550357818603516,4.483551502227783
1773049184087813000,25.566813232421875,8.382058143615723,-1.4189438819885254,1.8167506456375122
1773049184097791700,25.576791748046876,10.316655158996582,-1.6869399547576904,1.0456634759902954
1773049184107767300,25.586767333984376,11.303095817565918,-1.648654818534851,3.497110366821289
1773049184117745400,25.596745361328125,6.035895347595215,-0.12622138857841492,4.6510491371154785
1773049184127721500,25.606721435546874,10.570294380187988,-1.0600204467773438,-1.6648063659667969
1773049184137699300,25.61669921875,10.378868103027344,-2.7116663455963135,5.613562107086182
1773049184147675400,25.62667529296875,8.176275253295898,-0.29850462079048157,5.010570526123047
1773049184157653200,25.6366533203125,8.094919204711914,-0.2745763957500458,-0.31405797600746155
1773049184167629600,25.646629638671875,9.038289070129395,-1.0217353105545044,1.3758729696273804
1773049184177607200,25.656607177734376,6.931408882141113,-1.404586911201477,4.033700942993164
1773049184187583700,25.666583740234376,9.90987491607666,-1.3854442834854126,1.4763715267181396
1773049184197561300,25.676561279296877,9.248857498168945,-2.1756739616394043,3.008974552154541
1773049184207538000,25.686537841796873,8.822935104370117,0.8219345808029175,1.5242279767990112
1773049184217515300,25.696515380859374,10.01037311553955,-1.7922241687774658,2.7074787616729736
1773049184227491800,25.706491943359374,10.704890251159668,-3.0999016761779785,0.42771705985069275
1773049184237469200,25.71646923828125,6.208178520202637,-0.7004988193511963,3.071187973022461
1773049184247349200,25.726349365234373,11.121241569519043,-1.0169496536254883,1.0552347898483276
1773049184257167600,25.736167724609373,11.892328262329102,-3.166900873184204,4.335196495056152
1773049184267347700,25.74634765625,5.758327484130859,-0.32243284583091736,4.354339122772217
1773049184277382400,25.75638232421875,10.700104713439941,-0.5282155871391296,-1.8035900592803955
1773049184287262200,25.76626220703125,10.934600830078125,-1.2131611108779907,6.743572235107422
1773049184297079600,25.77607958984375,8.372486114501953,-1.576870083808899,2.7457640171051025
1773049184307259600,25.786259765625,7.2951178550720215,-0.23629122972488403,-2.042872428894043
1773049184317293600,25.79629345703125,13.414761543273926,-3.62153697013855,8.486743927001953
1773049184327262200,25.80626220703125,10.522438049316406,-1.6007983684539795,1.552941918373108
1773049184337246200,25.81624609375,5.959324836730957,-0.2027917206287384,2.86061954498291
1773049184347216400,25.82621630859375,12.337393760681152,-0.355932354927063,2.7984061241149902
1773049184357198800,25.83619873046875,9.708877563476562,-2.836092948913574,3.7848472595214844
1773049184367079000,25.846078857421876,8.295916557312012,-1.4715858697891235,1.649253010749817
1773049184376896000,25.85589599609375,5.68175745010376,0.23748764395713806,3.64127779006958
1773049184386891800,25.865891845703125,14.745769500732422,-1.9124635457992554,1.0456634759902954
1773049184396853800,25.875853759765626,9.215357780456543,-2.4580271244049072,1.989033818244934
1773049184407033900,25.886033935546877,6.85962438583374,-1.6534404754638672,6.303293228149414
1773049184417067000,25.89606689453125,12.78305721282959,-0.7627122402191162,0.20757736265659332
1773049184427032600,25.906032470703124,11.14038372039795,-1.4859428405761719,2.726621389389038
1773049184437019000,25.916018798828127,8.94257640838623,-1.3423734903335571,3.5545380115509033
1773049184446899000,25.92589892578125,8.233702659606934,-1.098305583000183,1.0504491329193115
1773049184456715500,25.935715576171877,10.65224838256836,-1.5433706045150757,2.5920250415802
1773049184466895400,25.945895263671876,10.326226234436035,-2.5489542484283447,4.2346978187561035
1773049184476928800,25.9559287109375,7.999206066131592,-1.093519926071167,1.5481562614440918
1773049184486894800,25.965894775390623,9.718449592590332,-1.1940184831619263,2.908475875854492
1773049184496881000,25.975880859375,12.888340950012207,-1.8837496042251587,2.5250260829925537
1773049184506849000,25.98584912109375,7.846065521240234,-2.0751755237579346,4.067200183868408
1773049184516833300,25.995833251953126,9.119645118713379,0.17527425289154053,3.885345697402954
1773049184526810400,26.005810302734375,11.073385238647461,-2.2618155479431152,1.5050854682922363
1773049184536787200,26.015787109375,10.622936248779297,-1.2993026971817017,1.9076778888702393
1773049184556734200,26.035734130859375,13.223336219787598,-2.6255247592926025,1.3232308626174927
1773049184566717000,26.045717041015624,9.708877563476562,-2.510669231414795,2.779263496398926
1773049184576727300,26.055727294921876,5.035097122192383,0.5682953596115112,2.300100803375244
1773049184586712800,26.065712890625,13.563117027282715,-2.89890456199646,2.7936203479766846
1773049184596593000,26.075593017578125,9.459425926208496,-1.31365966796875,3.62153697013855
1773049184606472700,26.08547265625,8.15234661102295,-0.19322042167186737,1.160519003868103
1773049184616596500,26.095596435546874,11.417951583862305,-1.4715858697891235,1.3710874319076538
1773049184626581200,26.105581298828124,8.161917686462402,-2.3192434310913086,7.438089370727539
1773049184636461000,26.1154609375,9.306285858154297,-0.29371899366378784,-1.171286702156067
1773049184646278000,26.12527783203125,8.166703224182129,0.13698910176753998,-0.4145565330982208
1773049184656458000,26.1354580078125,16.388442993164062,-4.354339122772217,4.2107696533203125
1773049184666491600,26.14549169921875,4.383651256561279,-1.160519003868103,2.3814568519592285
1773049184676458800,26.155458740234376,10.115657806396484,-0.1788634955883026,0.6005984544754028
1773049184686443800,26.16544384765625,12.375679016113281,-1.337587833404541,0.763310432434082
1773049184696413000,26.175412841796874,8.612366676330566,-2.4197418689727783,8.520243644714355
1773049184706396400,26.185396484375,7.774280548095703,0.14656038582324982,1.9028922319412231
1773049184716412400,26.195412353515625,8.482556343078613,-1.1270195245742798,-2.48315167427063
1773049184726344200,26.20534423828125,10.72403335571289,-1.5912270545959473,2.103889226913452
1773049184736322600,26.215322509765624,9.019146919250488,-0.6765705943107605,4.900500774383545
1773049184746298400,26.22529833984375,9.608379364013672,-0.7052844762802124,-0.6544370055198669
1773049184756276200,26.235276123046877,10.929815292358398,-1.989033818244934,4.215555191040039
1773049184766252300,26.245252197265625,6.6729841232299805,-0.5521438121795654,1.466800332069397
1773049184776230100,26.255230224609374,7.893921852111816,-0.7483552694320679,3.631108283996582
1773049184786110200,26.265110107421876,12.011969566345215,-1.4189438819885254,1.184447169303894
1773049184795928600,26.274928466796876,8.257631301879883,-0.8255237936973572,-0.5635097622871399
1773049184806108400,26.2851083984375,9.172286987304688,-2.242672920227051,7.46201753616333
1773049184816143000,26.29514306640625,10.388439178466797,-0.2841476798057556,0.5042873620986938
1773049184826114600,26.305114501953124,9.92423152923584,-0.5617151260375977,-1.534995675086975
1773049184836096300,26.31509619140625,9.263215065002441,-1.3663017749786377,6.413362979888916
1773049184846068700,26.32506884765625,9.90987491607666,-0.37507495284080505,3.0999016761779785
1773049184856049400,26.33504931640625,9.19143009185791,-0.7579265832901001,-0.5778666734695435
1773049184866023000,26.34502294921875,7.869993686676025,-0.9834501147270203,3.7561333179473877
1773049184876002800,26.3550029296875,11.08774185180664,-1.8789639472961426,1.6013965606689453
1773049184885883000,26.3648828125,9.45464038848877,-0.9643075466156006,4.067200183868408
1773049184895700500,26.374700439453125,9.598209381103516,-0.01615155301988125,2.376671075820923
1773049184905880600,26.384880615234376,12.145967483520508,-2.3048863410949707,1.4859428405761719
1773049184915915000,26.3949150390625,9.90987491607666,-1.466800332069397,3.1142587661743164
1773049184925885000,26.404885009765625,7.491329669952393,0.1944168359041214,3.4157543182373047
1773049184935867600,26.41486767578125,12.619746208190918,-0.6239284873008728,1.1222338676452637
1773049184945839000,26.424839111328126,7.45782995223999,-0.7339983582496643,5.048855781555176
1773049184955820800,26.43482080078125,7.707281589508057,-0.7579265832901001,2.6452653408050537
1773049184965793300,26.444793212890627,9.129216194152832,-2.1708884239196777,3.095116138458252
1773049184975774000,26.45477392578125,9.602995872497559,-0.7872386574745178,3.7944185733795166
1773049184985654000,26.464654052734375,6.950551509857178,0.2667997181415558,2.5633113384246826
1773049184995471600,26.4744716796875,10.350153923034668,-1.6247265338897705,3.1094729900360107
1773049185005651500,26.4846513671875,7.438687324523926,-0.542572557926178,2.4819552898406982
1773049185015686000,26.494685791015623,9.09093189239502,-0.9834501147270203,2.0991036891937256
1773049185025655300,26.5046552734375,9.339784622192383,-0.5904290080070496,4.196412563323975
1773049185035638500,26.514638427734376,7.304689407348633,0.4055834412574768,1.9938194751739502
1773049185045609500,26.524609375,9.6466646194458,-0.8877372145652771,1.6253247261047363
1773049185055591400,26.53459130859375,7.606783390045166,-1.1988041400909424,4.024129390716553
1773049185065563600,26.544563720703124,9.632308006286621,0.01734796352684498,-0.9320043921470642
1773049185075544600,26.554544677734373,9.076574325561523,-2.008176326751709,2.5776681900024414
1773049185085517800,26.564517822265625,9.545567512512207,-1.1700903177261353,3.6604204177856445
1773049185095498000,26.574498046875,6.639484405517578,-0.2745763957500458,-0.4097708761692047
1773049185105472000,26.584471923828126,12.136396408081055,-2.266601324081421,2.6739792823791504
1773049185115451400,26.594451416015627,10.024730682373047,-1.2131611108779907,3.095116138458252
1773049185125426000,26.604426025390627,9.943374633789062,-0.9643075466156006,0.6580262184143066
1773049185135405000,26.614405029296876,12.174681663513184,-0.8685946464538574,1.7688941955566406
1773049185145285000,26.62428515625,10.905887603759766,-1.423729419708252,3.9906299114227295
1773049185155103000,26.63410302734375,12.390035629272461,-2.5872395038604736,-0.08434699475765228
1773049185165283000,26.644282958984373,9.617950439453125,-1.8263218402862549,2.7601208686828613
1773049185175312000,26.654311767578125,14.123635292053223,-1.5912270545959473,2.5058834552764893
1773049185185271800,26.664271728515626,9.311071395874023,0.012562318705022335,0.7776673436164856
1773049185195151600,26.674151611328124,10.431509971618652,-0.4085744619369507,2.568096876144409
1773049185204973800,26.683973876953125,10.560722351074219,-0.9690931439399719,3.3056845664978027
1773049185214987300,26.6939873046875,9.004789352416992,-0.5856433510780334,0.2267199456691742
1773049185224935000,26.703934814453124,10.98724365234375,-1.3615161180496216,1.2275179624557495
1773049185234941000,26.71394091796875,10.28315544128418,-0.7052844762802124,5.039284706115723
1773049185244894500,26.72389453125,10.230513572692871,-0.25064817070961,2.1708884239196777
1773049185255074600,26.734074462890625,11.59980583190918,-1.5290136337280273,0.6436693072319031
1773049185265109500,26.744109619140627,8.343772888183594,-0.5282155871391296,3.6263227462768555
1773049185275081700,26.754081787109374,10.63250732421875,0.21355941891670227,2.266601324081421
1773049185285062400,26.7640625,9.637093544006348,-1.4141582250595093,-1.674377679824829
1773049185294942500,26.7739423828125,8.59322452545166,-0.9690931439399719,2.3814568519592285
1773049185304760000,26.783760009765626,8.81814956665039,-0.18364913761615753,1.5002998113632202
1773049185314940200,26.793940185546877,10.579865455627441,-1.1988041400909424,3.937987804412842
1773049185324974300,26.803974365234374,7.817351341247559,-0.5282155871391296,1.649253010749817
1773049185334943700,26.81394384765625,7.7455668449401855,-0.8015955686569214,0.5623133182525635
1773049185344927000,26.823927001953123,10.335797309875488,-0.9499505758285522,2.4436700344085693
1773049185354898000,26.83389794921875,9.425926208496094,-0.633499801158905,3.799204111099243
1773049185364880000,26.8438798828125,9.167501449584961,-0.5186443328857422,0.6149554252624512
1773049185374852000,26.85385205078125,8.794221878051758,-1.5194423198699951,1.5337992906570435
1773049185384833000,26.8638330078125,10.15872859954834,-1.069591760635376,3.6460635662078857
1773049185394713000,26.873713134765627,7.8317084312438965,-0.1501496136188507,2.0512471199035645
1773049185404530700,26.88353076171875,9.483354568481445,-0.7627122402191162,-0.18005990982055664
1773049185414710500,26.89371044921875,8.070990562438965,-1.490728497505188,3.9810585975646973
1773049185424745000,26.903744873046875,8.784649848937988,-0.9786644577980042,1.1413763761520386
1773049185434625000,26.913625,8.81814956665039,-0.50907301902771,1.4189438819885254
1773049185444441600,26.923441650390625,10.795817375183105,-1.3710874319076538,3.6939198970794678
1773049185454621700,26.93362158203125,9.449854850769043,-1.1461620330810547,2.1756739616394043
1773049185464698400,26.943698486328124,7.146762847900391,-0.2793620526790619,1.3232308626174927
1773049185474622500,26.95362255859375,10.700104713439941,-0.7052844762802124,4.019343852996826
1773049185484607000,26.96360693359375,9.847661972045898,-0.882951557636261,1.7353945970535278
1773049185494576600,26.97357666015625,8.765507698059082,-1.3280165195465088,0.3415754437446594
1773049185504559600,26.9835595703125,8.7176513671875,-1.2945170402526855,4.028914928436279
1773049185514439700,26.993439697265625,10.36929702758789,-0.09272187948226929,0.5335994362831116
1773049185524256800,27.0032568359375,9.569496154785156,-0.10229317098855972,1.495514154434204
1773049185534436600,27.0134365234375,10.479366302490234,-1.490728497505188,2.4388844966888428
1773049185544470800,27.023470703125,8.295916557312012,-1.9938194751739502,2.1517457962036133
1773049185554477800,27.033477783203125,8.899505615234375,-0.3128615617752075,0.6005984544754028
1773049185564466000,27.0434658203125,9.833304405212402,0.15613168478012085,-0.01734796352684498
1773049185574393000,27.05339306640625,11.854043006896973,-0.9978070259094238,3.410968780517578
1773049185584375000,27.063375,9.210572242736816,-1.2562319040298462,1.155733346939087
1773049185594347300,27.07334716796875,8.799007415771484,-0.4325026869773865,0.8111668825149536
1773049185604328200,27.083328125,11.758330345153809,-0.8685946464538574,2.496312141418457
1773049185614301200,27.09330126953125,9.535996437072754,-0.6239284873008728,1.6205391883850098
1773049185624281300,27.10328125,8.598010063171387,-1.1126625537872314,0.882951557636261
1773049185634255400,27.11325537109375,9.991230964660645,-0.6909275650978088,1.922034740447998
1773049185644235000,27.123235107421873,10.65224838256836,-1.2131611108779907,0.763310432434082
1773049185654209500,27.13320947265625,9.363713264465332,-0.4468596279621124,2.0368902683258057
1773049185664188700,27.143188720703126,8.698508262634277,-0.001794616924598813,2.908475875854492
1773049185674163500,27.15316357421875,11.662019729614258,-1.7587246894836426,0.20757736265659332
1773049185684142000,27.16314208984375,8.477770805358887,-1.160519003868103,2.908475875854492
1773049185694117600,27.17311767578125,9.737591743469238,-0.23629122972488403,2.7218358516693115
1773049185704096000,27.183095947265624,11.240882873535156,-1.1509476900100708,0.8446664214134216
1773049185714071800,27.19307177734375,8.990432739257812,-1.965105652809143,2.946761131286621
1773049185724050000,27.2030498046875,9.41635513305664,-0.20757736265659332,3.45882511138916
1773049185734025700,27.213025634765625,9.6466646194458,-0.16929219663143158,3.6358940601348877
1773049185744003600,27.223003662109374,12.409177780151367,-2.103889226913452,0.4325026869773865
1773049185753980000,27.23297998046875,7.443472862243652,-1.2275179624557495,3.4205398559570312
1773049185763957800,27.242957763671875,9.411569595336914,-0.04486542567610741,3.3104701042175293
1773049185773934000,27.25293408203125,12.346964836120605,-1.5912270545959473,-0.03170489892363548
1773049185783911700,27.26291162109375,9.488140106201172,-2.0512471199035645,3.410968780517578
1773049185793888300,27.27288818359375,8.353343963623047,0.18484555184841156,3.1094729900360107
1773049185803865600,27.282865478515625,10.63250732421875,-0.48035913705825806,-0.050847481936216354
1773049185813842200,27.29284228515625,11.911471366882324,-2.017747640609741,4.249054908752441
1773049185823819800,27.30281982421875,6.739983081817627,-0.7627122402191162,2.946761131286621
1773049185833796400,27.31279638671875,7.712067604064941,0.33379876613616943,-0.6927221417427063
1773049185843773700,27.322773681640626,12.65324592590332,-1.3280165195465088,3.1381869316101074
1773049185853750500,27.33275048828125,10.096514701843262,-1.960319995880127,3.5641093254089355
1773049185863727600,27.3427275390625,7.33340311050415,-0.18364913761615753,0.9499505758285522
1773049185873704700,27.35270458984375,9.833304405212402,-0.9451649188995361,2.4197418689727783
1773049185883681800,27.362681884765625,13.27119255065918,-1.9028922319412231,2.1996021270751953
1773049185893658600,27.37265869140625,7.400402069091797,-0.01615155301988125,1.246660590171814
1773049185903636000,27.382635986328125,9.229715347290039,-0.5282155871391296,1.5822539329528809
1773049185913612800,27.39261279296875,11.964113235473633,-1.3040883541107178,1.6875381469726562
1773049185923590000,27.40258984375,8.032705307006836,-0.719641387462616,0.7106683254241943
1773049185933567000,27.41256689453125,9.153144836425781,-0.4133601188659668,1.3280165195465088
1773049185943544000,27.4225439453125,10.498509407043457,-0.9308080077171326,3.8566319942474365
1773049185953521000,27.43252099609375,10.153943061828613,-1.423729419708252,2.3575284481048584
1773049185963498000,27.442498046875,7.386045455932617,-0.001794616924598813,0.8159525394439697
1773049185973475000,27.45247509765625,9.818947792053223,-0.2745763957500458,1.6636099815368652
1773049185983452200,27.4624521484375,10.771889686584473,-1.581655740737915,3.0376882553100586
1773049185993429200,27.47242919921875,7.491329669952393,-0.40378883481025696,1.835893154144287
1773049186003406300,27.48240625,8.933005332946777,-0.29371899366378784,0.48514479398727417
1773049186013383200,27.492383056640627,11.791830062866211,-1.4572290182113647,2.2713868618011475
1773049186023360300,27.5023603515625,8.60758113861084,-0.5569294691085815,2.7601208686828613
1773049186033337300,27.51233740234375,8.286344528198242,-0.054436713457107544,0.882951557636261
1773049186043314400,27.522314453125,11.00160026550293,-1.5912270545959473,1.4189438819885254
1773049186053291500,27.53229150390625,9.857233047485352,-0.9403793215751648,1.9268203973770142
1773049186063268600,27.5422685546875,7.0654072761535645,-0.2745763957500458,2.4819552898406982
1773049186073245700,27.55224560546875,10.637292861938477,-0.6813562512397766,1.7497515678405762
1773049186083222800,27.562222900390626,9.694520950317383,-1.3950155973434448,2.2953150272369385
1773049186093199600,27.57219970703125,8.544769287109375,-0.9499505758285522,0.8398807644844055
1773049186103176700,27.5821767578125,8.60758113861084,-0.06400800496339798,3.995415687561035
1773049186113153800,27.59215380859375,11.025528907775879,-1.0648061037063599,0.26979073882102966
1773049186123131000,27.602130859375,8.468199729919434,-1.3663017749786377,0.3415754437446594
1773049186133108000,27.61210791015625,8.578866958618164,-1.0791629552841187,3.9571304321289062
1773049186143084800,27.622084716796873,10.814960479736328,-1.222732424736023,1.7306089401245117
1773049186153062000,27.632061767578126,9.943374633789062,-0.8446664214134216,2.09431791305542
1773049186163039000,27.6420390625,8.712865829467773,-0.7627122402191162,1.4141582250595093
1773049186173016000,27.65201611328125,9.732806205749512,-1.1892328262329102,2.572882652282715
1773049186182993200,27.6619931640625,10.719246864318848,-1.8741782903671265,2.2809581756591797
1773049186192970200,27.67197021484375,8.563912391662598,-0.2793620526790619,0.7010970115661621
1773049186202947300,27.681947265625,9.2919282913208,-0.2554338276386261,1.6827524900436401
1773049186212885500,27.691885498046876,11.925827980041504,-2.103889226913452,3.5066816806793213
1773049186222858800,27.701858642578124,8.511270523071289,-1.5912270545959473,0.763310432434082
1773049186232878300,27.71187841796875,8.228917121887207,0.30508488416671753,1.649253010749817
1773049186242856200,27.721856201171875,12.8691987991333,-1.399801254272461,2.7218358516693115
1773049186252832500,27.73183251953125,9.828518867492676,-1.8741782903671265,0.42771705985069275
1773049186262810000,27.74181005859375,6.677769660949707,-0.025722842663526535,2.1230318546295166
1773049186272786700,27.75178662109375,12.145967483520508,-1.672582983970642,1.1270195245742798
1773049186282764300,27.761764404296876,11.25045394897461,-1.31365966796875,2.190030813217163
1773049186292740900,27.771740966796877,7.156334400177002,-0.030508488416671753,2.740978240966797
1773049186302718200,27.78171826171875,11.135598182678223,-0.5665007829666138,-0.47676992416381836
1773049186312694800,27.79169482421875,10.512866020202637,-1.6055840253829956,2.9754750728607178
1773049186322672400,27.80167236328125,9.004789352416992,-0.9499505758285522,1.5050854682922363
1773049186332649000,27.81164892578125,8.598010063171387,-0.48035913705825806,0.5814558863639832
1773049186342626300,27.821626220703124,11.1978120803833,-1.2993026971817017,2.4149563312530518
1773049186352603100,27.83160302734375,9.847661972045898,-1.648654818534851,2.352742910385132
1773049186362580500,27.84158056640625,7.989634990692139,-0.9786644577980042,0.605384111404419
1773049186372557300,27.851557373046877,10.896316528320312,-1.2275179624557495,2.5058834552764893
1773049186382534400,27.861534423828125,10.082158088684082,-1.4428720474243164,0.8111668825149536
1773049186392511500,27.871511474609374,8.477770805358887,-1.552941918373108,0.8877372145652771
1773049186402488600,27.881488525390626,9.876375198364258,-1.3758729696273804,1.8550357818603516
1773049186412426800,27.8914267578125,10.398011207580566,-1.9411773681640625,1.3950155973434448
1773049186422400000,27.90139990234375,8.880363464355469,-1.275374412536621,2.410170555114746
1773049186432419600,27.911419677734376,9.019146919250488,-2.3431715965270996,0.7202396392822266
1773049186442397400,27.9213974609375,9.952945709228516,-1.8885352611541748,1.8741782903671265
1773049186452373800,27.931373779296877,8.655437469482422,-1.1030912399291992,1.1270195245742798
1773049186462351600,27.9413515625,9.852447509765625,-1.965105652809143,2.788834810256958
1773049186472289000,27.9512890625,9.41635513305664,-1.5625132322311401,0.6771687865257263
1773049186482262800,27.9612626953125,7.975277900695801,-1.4380863904953003,1.677966833114624
1773049186492281900,27.97128173828125,12.0933256149292,-1.3088740110397339,2.669193744659424
1773049186502260200,27.98126025390625,9.033503532409668,-0.6382854580879211,0.5186443328857422
1773049186512081000,27.991080810546876,8.837292671203613,-0.916451096534729,1.7066807746887207
1773049186522043600,28.001043701171874,9.617950439453125,-0.8255237936973572,-0.01734796352684498
1773049186532190200,28.011190185546877,9.296713829040527,-0.9116654396057129,3.4205398559570312
1773049186542171400,28.02117138671875,10.388439178466797,-0.600000262260437,0.32721850275993347
1773049186552105500,28.03110546875,7.347760200500488,-0.9308080077171326,2.726621389389038
1773049186562082000,28.04108203125,11.264810562133789,-0.5760720372200012,1.25144624710083
1773049186572059600,28.0510595703125,8.947361946105957,-0.9690931439399719,1.3758729696273804
1773049186582036200,28.0610361328125,10.302297592163086,-0.11186445504426956,1.4189438819885254
1773049186592013800,28.071013916015627,9.134002685546875,-1.0169496536254883,2.558525562286377
1773049186601990400,28.080990478515623,10.589436531066895,-0.8542376756668091,1.7688941955566406
1773049186611967700,28.0909677734375,8.837292671203613,-0.7244270443916321,0.9116654396057129
1773049186621944600,28.100944580078124,9.962516784667969,-0.6909275650978088,2.534597396850586
1773049186631960800,28.1109609375,9.723235130310059,-0.973878800868988,1.1174482107162476
1773049186641941500,28.12094140625,8.822935104370117,-0.6813562512397766,1.069591760635376
1773049186651915000,28.1309150390625,9.747162818908691,-0.7100701332092285,1.179661512374878
1773049186661895000,28.14089501953125,9.258428573608398,-1.2658032178878784,2.424527645111084
1773049186671830300,28.150830322265627,9.761520385742188,-0.5760720372200012,1.1174482107162476
1773049186681805800,28.160805908203123,9.038289070129395,-0.34636107087135315,0.48514479398727417
1773049186691745500,28.17074560546875,10.757532119750977,-0.753140926361084,2.434098720550537
1773049186701717500,28.180717529296874,8.813364028930664,-0.7872386574745178,1.222732424736023
1773049186711622100,28.1906220703125,9.1052885055542,-0.7339983582496643,0.26979073882102966
1773049186721587500,28.20058740234375,10.791031837463379,-0.8733802437782288,2.166102647781372
1773049186731576300,28.210576416015623,9.943374633789062,-0.5282155871391296,2.0608184337615967
1773049186741543700,28.220543701171874,8.60758113861084,-0.4707878530025482,-0.08434699475765228
1773049186751491600,28.23049169921875,10.359725952148438,-1.098305583000183,1.6061822175979614
1773049186761457200,28.24045703125,9.852447509765625,-0.7052844762802124,0.9882357716560364
1773049186771406800,28.25040673828125,8.415556907653809,-0.5234299302101135,1.246660590171814
1773049186781370600,28.26037060546875,10.235299110412598,-0.7920243144035339,1.337587833404541
1773049186791360800,28.27036083984375,10.082158088684082,-0.8638089895248413,0.6149554252624512
1773049186801327400,28.280327392578126,9.478569030761719,-0.8973084688186646,1.563111424446106
1773049186811207400,28.29020751953125,9.92423152923584,-0.39421752095222473,0.03529413416981697
1773049186821087500,28.30008740234375,9.680164337158203,-0.5569294691085815,1.922034740447998
1773049186831152600,28.310152587890624,10.536794662475586,-1.031306505203247,0.9547362327575684
1773049186841115400,28.320115478515625,9.167501449584961,-1.1365907192230225,1.5726827383041382
1773049186851068000,28.33006787109375,9.613164901733398,-0.600000262260437,0.4325026869773865
1773049186861029600,28.340029541015625,10.321440696716309,-0.6622136831283569,1.074377417564392
1773049186870906000,28.349906005859374,10.541580200195312,-0.6813562512397766,0.48514479398727417
1773049186880859100,28.359859130859373,8.684151649475098,-1.007378339767456,1.6396816968917847
1773049186890859800,28.36985986328125,9.991230964660645,-0.6430711150169373,-0.04127619042992592
1773049186900817700,28.379817626953123,9.258428573608398,-0.849452018737793,0.8877372145652771
1773049186910813400,28.3898134765625,11.011171340942383,-0.7770691514015198,1.3710874319076538
1773049186920775400,28.399775390625,9.421140670776367,-1.1078768968582153,0.4181457459926605
1773049186930651600,28.409651611328126,9.602995872497559,-0.5617151260375977,0.9882357716560364
1773049186940605200,28.419605224609374,9.866804122924805,0.5060819983482361,1.1078768968582153
1773049186950605600,28.42960546875,11.025528907775879,0.26201409101486206,1.6253247261047363
1773049186960563500,28.4395634765625,10.287940979003906,0.4534398913383484,0.8303094506263733
1773049186970482200,28.449482177734374,7.970492362976074,0.30508488416671753,1.4859428405761719
1773049186980436200,28.459436279296874,11.288739204406738,0.9128618240356445,0.0975075215101242
1773049186990616300,28.4696162109375,9.751948356628418,0.7645068168640137,0.638883650302887
1773049187000796400,28.47979638671875,10.579865455627441,0.47258245944976807,1.2849457263946533
1773049187010976300,28.489976318359375,8.636295318603516,0.7214360237121582,0.39900317788124084
1773049187021083600,28.500083740234373,11.279168128967285,1.0516455173492432,0.12143574655056
1773049187031043600,28.510043701171874,11.408380508422852,0.8841479420661926,0.9930213689804077
1773049187041034500,28.520034423828125,8.128418922424316,0.8123632669448853,1.2801600694656372
1773049187050997800,28.529997802734375,9.608379364013672,0.7262216806411743,0.01615155301988125
1773049187060985900,28.53998583984375,11.020742416381836,0.26201409101486206,1.007378339767456
1773049187070952000,28.549951904296876,9.138788223266602,0.4773681163787842,0.9212366938591003
1773049187080937700,28.559937744140626,9.373284339904785,-0.08315058797597885,0.3655036687850952
1773049187090906000,28.569906005859377,8.827720642089844,-0.3128615617752075,0.5718846321105957
1773049187100890400,28.579890380859375,9.69930648803711,0.06999006122350693,0.8207381963729858
1773049187110860300,28.5898603515625,10.73838996887207,0.1657029688358307,1.3710874319076538
1773049187120843000,28.599843017578124,8.636295318603516,-0.35114672780036926,0.7872386574745178
1773049187130814500,28.609814453125,9.043074607849121,-0.45164528489112854,-0.09870393574237823
1773049187140796200,28.619796142578124,9.55513858795166,0.01734796352684498,1.2131611108779907
1773049187150768600,28.6297685546875,11.303095817565918,0.28594231605529785,0.1501496136188507
1773049187160749300,28.639749267578125,8.34855842590332,-0.2315055876970291,0.39421752095222473
1773049187170722800,28.649722900390625,7.64028263092041,-1.007378339767456,0.8542376756668091
1773049187180703000,28.659702880859374,9.602995872497559,0.5060819983482361,-0.04127619042992592
1773049187190677000,28.669677001953126,11.432308197021484,0.20877377688884735,2.0895323753356934
1773049187200656400,28.679656494140627,9.05264663696289,0.07956135272979736,0.08315058797597885
1773049187210631200,28.689631103515627,7.347760200500488,0.251844584941864,-0.0364905446767807
1773049187220610300,28.6996103515625,10.75274658203125,1.0133603811264038,1.2418749332427979
1773049187230585300,28.70958544921875,11.394022941589355,0.14656038582324982,2.103889226913452
1773049187240564000,28.71956396484375,8.569295883178711,-0.06400800496339798,0.37028929591178894
1773049187250444000,28.729444091796875,7.405188083648682,0.3720839321613312,0.001794616924598813
1773049187260262100,28.73926220703125,12.007184028625488,-0.28893333673477173,2.11824631690979
1773049187270442000,28.74944189453125,9.90987491607666,0.4630111753940582,0.50907301902771
1773049187280476700,28.7594765625,8.142775535583496,0.1704886108636856,-0.16091732680797577
1773049187290448000,28.76944775390625,10.01994514465332,-0.42293140292167664,2.520240545272827
1773049187300429800,28.779429931640625,9.775876998901367,0.30987054109573364,0.4133601188659668
1773049187310402000,28.789402099609376,10.680961608886719,-0.2602194547653198,-0.3044866919517517
1773049187320383000,28.799383056640625,9.08135986328125,-0.020937198773026466,2.032104730606079
1773049187330356200,28.809356201171877,9.2919282913208,0.251844584941864,1.1078768968582153
1773049187340336400,28.81933642578125,11.839686393737793,-0.31764721870422363,0.049651071429252625
1773049187350310100,28.82931005859375,8.894720077514648,-0.22193430364131927,1.1509476900100708
1773049187360289800,28.839289794921875,9.028717994689941,0.1417747437953949,2.8893332481384277
1773049187370264600,28.8492646484375,10.958529472351074,0.22791635990142822,0.05922235921025276
1773049187380243500,28.859243408203124,10.273584365844727,0.10827522724866867,0.4707878530025482
1773049187390218800,28.86921875,8.83250617980957,0.36251261830329895,1.093519926071167
1773049187400197400,28.879197265625,8.995218276977539,-0.26500511169433594,2.6835505962371826
1773049187410211600,28.889211669921874,11.91625690460205,0.19920247793197632,-0.15613168478012085
1773049187420193800,28.89919384765625,9.071788787841797,0.44386860728263855,1.6923238039016724
1773049187430127000,28.909127197265626,10.230513572692871,-0.29850462079048157,1.8215361833572388
1773049187440104400,28.9191044921875,9.014361381530762,-0.1501496136188507,-0.7405785918235779
1773049187449984300,28.928984375,11.059027671813965,0.4007977843284607,1.3950155973434448
1773049187459803000,28.938802978515625,9.795019149780273,-0.20757736265659332,2.7074787616729736
1773049187469982700,28.948982666015624,8.563912391662598,-0.18364913761615753,0.42771705985069275
1773049187480017700,28.959017578125,9.665806770324707,0.012562318705022335,0.26500511169433594
1773049187489989400,28.9689892578125,11.394022941589355,0.8506484627723694,1.8454644680023193
1773049187499970600,28.978970458984374,9.694520950317383,-0.08793623000383377,1.5385849475860596
1773049187509943600,28.988943603515626,8.612366676330566,0.0077766734175384045,0.6675975322723389
1773049187519924000,28.998924072265623,9.881160736083984,0.4821537733078003,1.8215361833572388
1773049187529897700,29.008897705078127,11.791830062866211,-0.4133601188659668,1.8550357818603516
1773049187539877600,29.018877685546876,7.999206066131592,0.6065805554389954,1.1413763761520386
1773049187549852000,29.028851806640624,9.512067794799805,0.0891326442360878,0.729810893535614
1773049187559831000,29.0388310546875,11.61416244506836,-0.11186445504426956,0.849452018737793
1773049187569806000,29.04880615234375,8.204988479614258,0.1704886108636856,1.6923238039016724
1773049187579785000,29.058784912109374,9.54078197479248,0.3290131092071533,1.8550357818603516
1773049187589760300,29.06876025390625,10.814960479736328,-0.48035913705825806,-0.3188436031341553
1773049187599739000,29.07873876953125,9.756733894348145,0.1704886108636856,0.26500511169433594
1773049187609714400,29.08871435546875,8.976076126098633,0.050847481936216354,3.008974552154541
1773049187619692500,29.098692626953124,10.177870750427246,0.026919255033135414,0.32721850275993347
1773049187629668600,29.108668701171876,9.828518867492676,-0.20757736265659332,0.3320041298866272
1773049187639646500,29.118646484375,8.789435386657715,0.38644084334373474,1.740180253982544
1773049187649526500,29.128526611328127,9.66102123260498,-0.26500511169433594,1.8023936748504639
1773049187659345000,29.138344970703123,11.580663681030273,-0.08315058797597885,-0.9511470198631287
1773049187669524700,29.148524658203126,7.956135272979736,0.7884350419044495,2.640479803085327
1773049187679559400,29.158559326171876,10.858031272888184,0.08434699475765228,1.649253010749817
1773049187689531000,29.16853076171875,8.171489715576172,-0.01615155301988125,0.04486542567610741
1773049187699512600,29.1785126953125,9.991230964660645,0.1944168359041214,1.1653046607971191
1773049187709485000,29.188485107421876,11.188240051269531,-0.4468596279621124,-0.26141586899757385
1773049187719465700,29.1984658203125,7.252047061920166,0.6640082597732544,1.740180253982544
1773049187729439200,29.208439208984377,10.50808048248291,0.6065805554389954,0.4612165689468384
1773049187739419400,29.21841943359375,12.06939697265625,-0.26500511169433594,-0.3332005441188812
1773049187749299200,29.22829931640625,7.601997375488281,-0.3080759048461914,1.275374412536621
1773049187759117300,29.238117431640624,7.865208148956299,0.7932206988334656,0.3798605799674988
1773049187769297200,29.248297119140624,12.926626205444336,0.8554341197013855,-0.17527425289154053
1773049187779331600,29.25833154296875,10.388439178466797,-0.21714866161346436,0.9882357716560364
1773049187789301800,29.2683017578125,7.515257835388184,-0.24107688665390015,1.155733346939087
1773049187799284500,29.278284423828126,9.775876998901367,0.8123632669448853,-0.24227328598499298
1773049187809256000,29.288255859375,13.199407577514648,0.33858439326286316,-0.0029910283628851175
1773049187819237400,29.2982373046875,7.280761241912842,0.0077766734175384045,1.4715858697891235
1773049187829210000,29.308210205078126,8.257631301879883,0.5252245664596558,0.4181457459926605
1773049187839190800,29.318190673828123,12.351750373840332,0.50129634141922,-0.7501499056816101
1773049187849164300,29.328164306640623,9.976874351501465,-0.03529413416981697,0.26500511169433594
1773049187859144200,29.338144287109376,8.161917686462402,0.7214360237121582,0.35114672780036926
1773049187869024300,29.348024169921874,11.470593452453613,0.5491527915000916,-0.5682953596115112
1773049187878842000,29.357842041015626,10.541580200195312,0.2763710021972656,-0.07477571070194244
1773049187889022000,29.36802197265625,8.60758113861084,0.0364905446767807,0.7776673436164856
1773049187899056600,29.378056640625,9.06700325012207,0.5778666734695435,0.3415754437446594
1773049187909026600,29.388026611328126,12.3278226852417,0.2667997181415558,0.8111668825149536
1773049187919009300,29.39800927734375,8.02791976928711,-0.11665010452270508,0.4899304509162903
1773049187928980700,29.407980712890627,8.37727165222168,0.8123632669448853,-0.04127619042992592
1773049187938962400,29.41796240234375,13.846068382263184,0.5491527915000916,0.729810893535614
1773049187948935200,29.42793505859375,7.228118896484375,-0.04486542567610741,0.5718846321105957
1773049187958915800,29.437915771484374,8.47298526763916,0.3481557071208954,-0.2709871530532837
1773049187968889000,29.44788916015625,10.264012336730957,0.8315058946609497,0.11186445504426956
1773049187978869200,29.457869140625,11.810972213745117,-0.2841476798057556,-0.03170489892363548
1773049187988843300,29.46784326171875,8.070990562438965,0.01734796352684498,0.15493527054786682
1773049187998822700,29.47782275390625,9.93380355834961,0.7836494445800781,0.3367897868156433
1773049188008797400,29.48779736328125,12.2799654006958,0.09870393574237823,-0.5587241053581238
1773049188018776600,29.497776611328124,7.118049144744873,-0.10229317098855972,0.1740778535604477
1773049188028656400,29.507656494140626,8.271987915039062,0.6783652305603027,0.23629122972488403
1773049188038474500,29.517474609375,11.193026542663574,0.5060819983482361,-0.4911268353462219
1773049188048473000,29.52747314453125,10.589436531066895,-0.04486542567610741,0.3367897868156433
1773049188058432800,29.537432861328124,7.1371917724609375,0.5060819983482361,0.19800607860088348
1773049188068612900,29.54761279296875,10.130014419555664,0.6448656916618347,-0.01734796352684498
1773049188078646800,29.557646728515625,11.11167049407959,0.2667997181415558,0.6340979933738708
1773049188088614000,29.56761376953125,9.301499366760254,-0.025722842663526535,0.6675975322723389
1773049188098599000,29.577598876953125,9.258428573608398,0.4007977843284607,-0.18005990982055664
1773049188108568300,29.587568359375,13.37169075012207,0.20877377688884735,0.37507495284080505
1773049188118551600,29.597551513671874,8.118846893310547,0.20877377688884735,0.07836493849754333
1773049188128431600,29.607431640625,7.079763889312744,0.6831508874893188,0.03529413416981697
1773049188138248700,29.617248779296876,10.17308521270752,0.6975077986717224,-0.05563312768936157
1773049188148428500,29.627428466796875,10.925029754638672,-0.42293140292167664,-0.18484555184841156
1773049188158462700,29.637462646484376,9.181859016418457,0.13220344483852386,-0.12263216078281403
1773049188168342800,29.6473427734375,10.657033920288086,1.1521440744400024,0.4612165689468384
1773049188178159000,29.6571591796875,12.016755104064941,0.6400800347328186,0.389431893825531
1773049188188339200,29.667339111328126,6.52462911605835,-0.32243284583091736,0.10229317098855972
1773049188198372900,29.677372802734375,9.593423843383789,0.3720839321613312,0.7968099117279053
1773049188208339000,29.6873388671875,14.606986045837402,-0.006580262444913387,0.3798605799674988
1773049188218324700,29.69732470703125,9.387641906738281,0.06999006122350693,-0.12741780281066895
1773049188228293000,29.707293212890626,7.5637125968933105,0.6113662123680115,0.7106683254241943
1773049188238277400,29.71727734375,10.714461326599121,0.09391828626394272,0.08315058797597885
1773049188248247300,29.727247314453123,6.878767013549805,-0.030508488416671753,0.08315058797597885
1773049188258230000,29.73722998046875,11.274381637573242,1.1425727605819702,0.42293140292167664
1773049188268201500,29.747201416015624,12.05504035949707,0.23270200192928314,-0.19920247793197632
1773049188278183200,29.75718310546875,9.723235130310059,-0.5952146053314209,0.025722842663526535
1773049188288155600,29.76715576171875,6.663413047790527,0.20398813486099243,1.3184453248977661
1773049188298136300,29.77713623046875,13.476975440979004,0.43908295035362244,1.9507486820220947
1773049188308109800,29.78710986328125,10.546365737915039,-0.4325026869773865,-0.2997010350227356
1773049188318090000,29.797090087890624,5.193023204803467,-0.04007977992296219,0.26979073882102966
1773049188328064000,29.80706396484375,12.380464553833008,0.7357929348945618,-0.18963119387626648
1773049188338043400,29.81704345703125,9.363713264465332,0.5635097622871399,1.1461620330810547
1773049188348018200,29.82701806640625,9.790233612060547,-0.3607180118560791,0.7345965504646301
1773049188357997000,29.8369970703125,8.765507698059082,0.50129634141922,0.6293123364448547
1773049188367972400,29.846972412109373,12.41396427154541,-0.1453639715909958,1.2275179624557495
1773049188377951000,29.856950927734374,8.252845764160156,-0.03529413416981697,-0.30927231907844543
1773049188387926500,29.866926513671874,6.332605361938477,0.8027920126914978,0.2267199456691742
1773049188397905000,29.87690478515625,10.944172859191895,0.6065805554389954,0.50907301902771
1773049188407880700,29.886880615234375,7.534998416900635,0.046061836183071136,-0.15134602785110474
1773049188417858800,29.89685888671875,12.988839149475098,0.8219345808029175,1.1318050622940063
1773049188427835000,29.9068349609375,11.571091651916504,-0.006580262444913387,1.495514154434204
1773049188437812700,29.916812744140625,6.988836765289307,0.2470589429140091,-0.1657029688358307
1773049188447692500,29.926692626953123,8.056633949279785,0.8410771489143372,0.2841476798057556
1773049188457511000,29.936510986328123,11.178668975830078,0.5682953596115112,0.7824530005455017
1773049188467691000,29.94669091796875,8.626724243164062,0.0029910283628851175,0.12143574655056
1773049188477725700,29.9567255859375,10.206584930419922,1.2287144660949707,0.9690931439399719
1773049188487697200,29.966697265625,12.212966918945312,0.09391828626394272,1.3423734903335571
1773049188497678800,29.976678955078125,8.34855842590332,-0.12622138857841492,-0.46719861030578613
1773049188507651300,29.9866513671875,6.5389862060546875,0.30508488416671753,-0.1944168359041214
1773049188517632000,29.996632080078125,12.035898208618164,0.5156532526016235,0.32721850275993347
1773049188527512000,30.006511962890624,10.465009689331055,0.24227328598499298,0.39900317788124084
1773049188537330000,30.016329833984376,12.418749809265137,-0.10707881301641464,-0.42412781715393066
1773049188547509800,30.026509765625,9.306285858154297,0.23270200192928314,2.3958137035369873
1773049188557544200,30.036544189453124,8.736793518066406,0.09870393574237823,2.4771697521209717
1773049188567513900,30.046513916015623,9.114859580993652,0.3194418251514435,-0.4863412082195282
1773049188577496800,30.056496826171873,11.331809997558594,0.4103690981864929,-0.09391828626394272
1773049188587468000,30.066468017578124,8.779864311218262,-0.5138586759567261,-0.0077766734175384045
1773049188597450000,30.076449951171874,6.940980434417725,0.16091732680797577,0.21236300468444824
1773049188607422200,30.086422119140625,11.734402656555176,1.0947163105010986,0.42293140292167664
1773049188617403100,30.096403076171875,11.791830062866211,-0.13579268753528595,0.25064817070961
1773049188627376400,30.10637646484375,6.907480716705322,0.050847481936216354,0.7250252366065979
1773049188637356500,30.1163564453125,10.622936248779297,0.5443671345710754,0.729810893535614
1773049188647330600,30.12633056640625,13.893924713134766,-0.04486542567610741,0.6675975322723389
1773049188657310200,30.136310302734376,7.903493404388428,-0.04007977992296219,0.6293123364448547
1773049188667284700,30.14628466796875,6.940980434417725,0.6544370055198669,0.1740778535604477
1773049188677263600,30.156263671875,11.039885520935059,0.5874379873275757,0.15493527054786682
1773049188687239000,30.166239013671873,9.972088813781738,0.41994038224220276,0.11665010452270508
1773049188697217500,30.176217529296874,8.34855842590332,0.9798609018325806,1.007378339767456
1773049188707193000,30.186193115234374,11.092527389526367,-0.1740778535604477,0.2793620526790619
1773049188717171500,30.19617138671875,10.36929702758789,0.6879364848136902,-0.19920247793197632
1773049188727051300,30.20605126953125,10.096514701843262,0.4295116662979126,0.4899304509162903
1773049188736869600,30.21586962890625,9.047860145568848,0.07477571070194244,0.916451096534729
1773049188747049500,30.226049560546876,8.171489715576172,0.4007977843284607,-0.2949153780937195
1773049188757084200,30.236084228515626,13.610973358154297,-0.11665010452270508,0.07357929646968842
1773049188767055400,30.246055419921873,7.927421569824219,-0.01615155301988125,0.7824530005455017
1773049188777037300,30.256037353515627,8.338987350463867,0.9080761671066284,0.3415754437446594
1773049188787009500,30.266009521484374,12.52881908416748,0.6352944374084473,-0.17527425289154053
1773049188796990500,30.275990478515624,5.796612739562988,-0.42771705985069275,1.3710874319076538
1773049188806963700,30.285963623046875,6.783053874969482,0.07956135272979736,2.328814744949341
1773049188816943900,30.29594384765625,17.145172119140625,1.1234302520751953,-0.9367900490760803
1773049188826918000,30.30591796875,10.661819458007812,-0.7722834944725037,-0.13220344483852386
1773049188836897300,30.315897216796873,1.2041879892349243,-0.37028929591178894,4.564907550811768
1773049188846872000,30.3258720703125,12.821341514587402,0.8793623447418213,-0.6735795736312866
1773049188856851200,30.335851318359374,14.204991340637207,0.11306086927652359,-0.625723123550415
1773049188866826200,30.345826171875,6.303891181945801,-0.13100704550743103,0.5814558863639832
1773049188876804900,30.355804931640623,9.847661972045898,0.5874379873275757,-0.18963119387626648
1773049188886780400,30.365780517578123,12.28953742980957,-0.11186445504426956,-0.5970092415809631
1773049188896758800,30.3757587890625,8.200202941894531,0.07477571070194244,0.42771705985069275
1773049188906734600,30.385734619140624,7.462615489959717,0.5635097622871399,0.8973084688186646
1773049188916712700,30.395712646484377,10.115657806396484,0.778863787651062,0.5138586759567261
1773049188926592500,30.405592529296875,14.731412887573242,0.01734796352684498,0.9978070259094238
1773049188936411000,30.415410888671875,7.922635555267334,-0.2602194547653198,1.9746768474578857
1773049188946590700,30.4255908203125,10.25922679901123,1.2239288091659546,-0.0029910283628851175
1773049188956625700,30.435625732421876,13.213765144348145,0.31465616822242737,-0.01734796352684498
1773049188966596900,30.445596923828123,4.240081787109375,-0.2315055876970291,0.389431893825531
1773049188976578600,30.45557861328125,10.24487018585205,1.1186445951461792,0.025722842663526535
1773049188986551000,30.465551025390624,14.013566017150879,0.31465616822242737,-0.4001995921134949
1773049188996531700,30.47553173828125,7.5637125968933105,-0.006580262444913387,-0.18484555184841156
1773049189006505200,30.485505126953125,8.243273735046387,0.9080761671066284,0.6484549641609192
1773049189016485400,30.4954853515625,13.118051528930664,0.11306086927652359,1.2179467678070068
1773049189026365200,30.505365234375,9.694520950317383,-0.01136590726673603,0.47557350993156433
1773049189036183000,30.51518310546875,11.164312362670898,0.46779683232307434,1.4476577043533325
1773049189046363100,30.525363037109376,7.946564197540283,-0.006580262444913387,1.673181176185608
1773049189056397600,30.5353974609375,8.760722160339355,0.8841479420661926,0.3607180118560791
1773049189066367500,30.545367431640624,9.588638305664062,0.12741780281066895,-0.36191442608833313
1773049189076350200,30.55535009765625,7.261618614196777,-0.15493527054786682,0.5718846321105957
1773049189086321700,30.56532177734375,10.819746017456055,1.2813565731048584,2.4388844966888428
1773049189096303400,30.575303466796875,12.217752456665039,-0.04007977992296219,-0.711864709854126
1773049189106275800,30.58527587890625,8.09970474243164,-0.3607180118560791,-0.18005990982055664
1773049189116256500,30.595256591796876,7.6498541831970215,0.33379876613616943,0.9020941257476807
1773049189126136600,30.605136474609374,11.7056884765625,0.486939400434494,1.399801254272461
1773049189135954400,30.614954345703126,10.929815292358398,-0.37507495284080505,0.9595218896865845
1773049189146134300,30.62513427734375,9.54078197479248,0.4103690981864929,0.2602194547653198
1773049189156168700,30.635168701171875,9.268000602722168,-0.08793623000383377,0.9403793215751648
1773049189166138400,30.645138427734373,9.885947227478027,0.5826523303985596,0.5288137793540955
1773049189176121300,30.655121337890623,8.219346046447754,0.4007977843284607,1.0169496536254883
1773049189186092500,30.665092529296874,9.483354568481445,0.36251261830329895,0.01136590726673603
1773049189196074200,30.67507421875,10.560722351074219,0.2566302418708801,-0.7597211599349976
1773049189206046700,30.685046630859375,12.141181945800781,-0.04007977992296219,0.3367897868156433
1773049189216027400,30.69502734375,5.940182209014893,0.745364248752594,1.007378339767456
1773049189225907500,30.704907470703127,13.237692832946777,0.7166503667831421,0.05922235921025276
1773049189235767800,30.714767822265625,10.666604995727539,-0.35114672780036926,-0.026919255033135414
1773049189245954800,30.724954833984373,9.157930374145508,-0.600000262260437,4.689932346343994
1773049189255938600,30.7349384765625,8.37727165222168,0.50129634141922,0.11186445504426956
1773049189265909000,30.744908935546874,11.58544921875,0.5060819983482361,-1.085145115852356
1773049189275891500,30.754891357421876,8.563912391662598,-0.07836493849754333,0.50907301902771
1773049189285863200,30.76486328125,8.133204460144043,0.33858439326286316,0.4707878530025482
1773049189295844600,30.7748447265625,12.500105857849121,-0.1788634955883026,0.37507495284080505
1773049189305817300,30.7848173828125,10.637292861938477,-0.01615155301988125,0.8590233325958252
1773049189315798000,30.794798095703126,9.004789352416992,-0.42293140292167664,0.7441678643226624
1773049189325677800,30.804677734375,8.530412673950195,0.4534398913383484,0.5240281820297241
1773049189335538200,30.8145380859375,12.792628288269043,0.12263216078281403,1.9411773681640625
1773049189345725700,30.8247255859375,8.937790870666504,-1.074377417564392,-0.26620152592658997
1773049189355709200,30.834709228515624,7.611568927764893,0.21355941891670227,0.11665010452270508
1773049189365679900,30.844679931640623,14.305490493774414,0.5826523303985596,1.5098711252212524
1773049189375662000,30.854662109375,7.688138961791992,-0.5042873620986938,0.6628118753433228
1773049189385633800,30.8646337890625,6.7351975440979,0.8315058946609497,1.6444673538208008
1773049189395615200,30.874615234375,10.517651557922363,0.41994038224220276,1.4620146751403809
1773049189405588200,30.884588134765625,11.484950065612793,0.23748764395713806,-0.6544370055198669
1773049189415568400,30.894568359375,9.153144836425781,0.11306086927652359,-0.06999006122350693
1773049189425448400,30.904448486328125,9.704092025756836,0.18963119387626648,0.8350951075553894
1773049189435308800,30.914308837890626,10.450653076171875,0.7597211599349976,-0.1704886108636856
1773049189445496300,30.924496337890623,10.944172859191895,0.4055834412574768,0.006580262444913387
1773049189455479800,30.934479736328125,6.4426751136779785,-0.18843477964401245,2.4436700344085693
1773049189465450500,30.944450439453124,9.358927726745605,0.778863787651062,0.22193430364131927
1773049189475432700,30.9544326171875,13.323834419250488,0.6544370055198669,0.4707878530025482
1773049189485404700,30.96440478515625,9.339784622192383,-0.15972091257572174,0.7920243144035339
1773049189495385900,30.9743857421875,7.568498134613037,0.4007977843284607,0.020937198773026466
1773049189505358800,30.98435888671875,10.685748100280762,0.1704886108636856,0.9020941257476807
1773049189515339300,30.99433935546875,11.164312362670898,-0.049651071429252625,0.11665010452270508
1773049189525219000,31.004218994140626,6.510272026062012,0.14656038582324982,-0.23270200192928314
1773049189535079400,31.014079345703124,11.202597618103027,0.12741780281066895,1.3710874319076538
1773049189545267000,31.024266845703124,10.015159606933594,-0.1453639715909958,0.7345965504646301
1773049189555250400,31.03425048828125,10.24487018585205,-0.006580262444913387,-0.06041877344250679
1773049189565221000,31.04422119140625,10.187442779541016,0.1704886108636856,1.7306089401245117
1773049189575203300,31.054203369140627,9.704092025756836,-0.0975075215101242,-0.05563312768936157
1773049189585175300,31.06417529296875,9.258428573608398,-0.5569294691085815,0.3080759048461914
1773049189595156500,31.074156494140624,7.95134973526001,0.41515472531318665,0.2841476798057556
1773049189605036500,31.08403662109375,10.75274658203125,0.06520441919565201,1.1270195245742798
1773049189614896600,31.093896728515624,9.138788223266602,-0.13100704550743103,0.7154539823532104
1773049189625083600,31.104083740234376,9.57906723022461,0.18484555184841156,-0.6640082597732544
1773049189635067400,31.1140673828125,10.881958961486816,0.06520441919565201,1.160519003868103
1773049189645037800,31.124037841796873,10.230513572692871,0.6783652305603027,1.9172492027282715
1773049189655020300,31.134020263671875,9.09093189239502,-0.08793623000383377,-0.4576273262500763
1773049189665031000,31.144031005859375,10.000802040100098,-0.001794616924598813,0.9308080077171326
1773049189675016200,31.15401611328125,10.072587013244629,0.5252245664596558,0.29850462079048157
1773049189684946200,31.1639462890625,10.24487018585205,0.30508488416671753,0.973878800868988
1773049189694925800,31.17392578125,10.335797309875488,-0.01615155301988125,1.466800332069397
1773049189704806000,31.183805908203126,8.85643482208252,0.28115665912628174,-0.24227328598499298
1773049189714666200,31.193666259765624,10.187442779541016,0.745364248752594,0.09272187948226929
1773049189724660200,31.20366015625,11.671590805053711,0.18963119387626648,0.9260223507881165
1773049189734623700,31.213623779296874,7.798209190368652,0.18963119387626648,-0.06999006122350693
1773049189744808400,31.223808349609374,11.571091651916504,0.24227328598499298,1.6301103830337524
1773049189754794200,31.233794189453125,10.953743934631348,-0.23629122972488403,0.42293140292167664
1773049189764762600,31.2437626953125,8.248059272766113,0.5539384484291077,1.1509476900100708
1773049189774746600,31.25374658203125,10.97767162322998,0.16091732680797577,0.9834501147270203
1773049189784716800,31.263716796875,8.420342445373535,-0.3846462368965149,-0.4097708761692047
1773049189794699300,31.27369921875,10.560722351074219,-0.13579268753528595,0.6628118753433228
1773049189804671000,31.2836708984375,10.503294944763184,-0.020937198773026466,0.5042873620986938
1773049189814652400,31.29365234375,9.46899700164795,-0.01136590726673603,0.3032902777194977
1773049189824625200,31.303625244140626,9.708877563476562,-0.42293140292167664,0.8159525394439697
1773049189834605800,31.313605712890624,8.755936622619629,0.3290131092071533,-0.09870393574237823
1773049189844579300,31.323579345703124,11.121241569519043,0.3242274820804596,0.916451096534729
1773049189854559200,31.333559326171876,9.608379364013672,-0.7292127013206482,1.0169496536254883
1773049189864533200,31.343533203125,8.008777618408203,0.4103690981864929,-0.13220344483852386
1773049189874512600,31.3535126953125,11.303095817565918,0.4582255482673645,1.1940184831619263
1773049189884487700,31.36348779296875,9.588638305664062,-0.5760720372200012,1.2370892763137817
1773049189894466600,31.373466552734374,9.507282257080078,0.0891326442360878,-0.23270200192928314
1773049189904441600,31.383441650390626,9.057432174682617,0.7884350419044495,0.6628118753433228
1773049189914420200,31.393420166015623,12.65324592590332,0.12263216078281403,1.3040883541107178
1773049189924300300,31.40330029296875,8.995218276977539,-0.10229317098855972,0.2745763957500458
1773049189934161000,31.413160888671875,7.098906517028809,0.8554341197013855,0.4707878530025482
1773049189944349700,31.423349609375,12.222537994384766,0.6640082597732544,1.1126625537872314
1773049189954332200,31.433332275390626,9.110074043273926,-0.01136590726673603,1.428515076637268
1773049189964304100,31.44330419921875,8.37727165222168,0.4247260093688965,0.6484549641609192
1773049189974285300,31.453285400390627,11.820544242858887,0.3768695592880249,-0.20877377688884735
1773049189984258300,31.46325830078125,9.143573760986328,0.36729827523231506,0.6819544434547424
1773049189994238500,31.473238525390624,9.325428009033203,0.23270200192928314,1.31365966796875
1773049190004212200,31.483212158203123,8.525627136230469,0.12741780281066895,-0.1704886108636856
1773049190014192000,31.493192138671876,10.98724365234375,0.26201409101486206,0.5335994362831116
1773049190024166400,31.50316650390625,9.90987491607666,-0.21236300468444824,2.6500511169433594
1773049190034145800,31.513145751953125,6.92183780670166,0.381655216217041,0.6293123364448547
1773049190044120600,31.52312060546875,9.545567512512207,0.17527425289154053,-0.26620152592658997
1773049190054099500,31.533099365234374,10.139585494995117,-0.29371899366378784,2.1613171100616455
1773049190064074800,31.54307470703125,8.559126853942871,0.1944168359041214,0.9260223507881165
1773049190074053000,31.55305322265625,10.805388450622559,-0.14057832956314087,1.6683956384658813
1773049190084029000,31.56302880859375,9.459425926208496,-0.2554338276386261,-0.06999006122350693
1773049190094007000,31.573007080078124,9.06700325012207,-0.05922235921025276,0.8255237936973572
1773049190103983000,31.582983154296876,9.69930648803711,0.15613168478012085,2.4293131828308105
1773049190113961000,31.5929609375,10.125228881835938,0.5539384484291077,-0.13220344483852386
1773049190123937300,31.602937255859374,9.651450157165527,-0.5617151260375977,1.3040883541107178
1773049190133915000,31.612914794921874,7.601997375488281,0.05563312768936157,0.6293123364448547
1773049190143891500,31.622891357421874,10.814960479736328,0.8602197170257568,2.1613171100616455
1773049190153869000,31.632869140625,11.518449783325195,-0.1740778535604477,1.4093725681304932
1773049190163846100,31.64284619140625,7.788637638092041,0.5156532526016235,-0.3523431420326233
1773049190173822700,31.65282275390625,9.430712699890137,0.15613168478012085,0.5575276613235474
1773049190183800000,31.662800048828124,10.843673706054688,0.30987054109573364,2.9419753551483154
1773049190193776600,31.672776611328125,10.388439178466797,0.21355941891670227,0.5186443328857422
1773049190203754200,31.682754150390625,9.507282257080078,0.15613168478012085,-0.33798620104789734
1773049190213730800,31.692730712890626,10.570294380187988,0.30987054109573364,1.2179467678070068
1773049190223708200,31.702708251953126,9.632308006286621,0.3720839321613312,1.7832510471343994
1773049190233685000,31.71268505859375,10.915458679199219,0.41994038224220276,1.2083754539489746
1773049190243662300,31.722662353515624,9.905089378356934,-0.08793623000383377,0.11186445504426956
1773049190253639200,31.73263916015625,9.44028377532959,0.23270200192928314,1.098305583000183
1773049190263616300,31.7426162109375,9.516854286193848,0.06041877344250679,1.3184453248977661
1773049190273593300,31.75259326171875,10.345368385314941,-0.2267199456691742,-0.19920247793197632
1773049190283570400,31.7625703125,9.976874351501465,-0.15493527054786682,0.15972091257572174
1773049190293547500,31.772547607421874,9.378069877624512,0.13220344483852386,1.9028922319412231
1773049190303524600,31.782524658203126,11.604591369628906,-0.12622138857841492,0.3846462368965149
1773049190313501400,31.79250146484375,9.196215629577637,-0.19800607860088348,0.5575276613235474
1773049190323478500,31.802478515625,8.641080856323242,0.3720839321613312,1.716252088546753
1773049190333455600,31.81245556640625,10.64686393737793,-0.18843477964401245,0.5335994362831116
1773049190343432700,31.8224326171875,9.914660453796387,-0.3798605799674988,0.9308080077171326
1773049190353409800,31.832409912109377,8.434700012207031,0.33858439326286316,1.3088740110397339
1773049190363387000,31.842386962890625,10.345368385314941,-0.049651071429252625,0.16450655460357666
1773049190373364000,31.852364013671874,10.431509971618652,-0.09272187948226929,0.6867401003837585
1773049190383341000,31.862341064453126,8.569295883178711,-0.09272187948226929,1.5242279767990112
1773049190393318100,31.872318115234375,9.747162818908691,0.7310073375701904,0.4181457459926605
1773049190403295200,31.882295166015624,11.47537899017334,0.022133609279990196,1.0504491329193115
1773049190413272000,31.89227197265625,9.31585693359375,-0.08315058797597885,0.7824530005455017
1773049190423249200,31.902249267578124,8.109275817871094,0.36729827523231506,1.428515076637268
1773049190433226200,31.912226318359377,10.958529472351074,0.3481557071208954,1.1892328262329102
1773049190443203300,31.922203369140625,10.767104148864746,0.046061836183071136,-0.5970092415809631
1773049190453180400,31.932180419921874,8.166703224182129,0.05563312768936157,1.8885352611541748
1773049190463157500,31.942157470703126,8.396414756774902,0.3529413342475891,1.7018951177597046
1773049190473134600,31.952134521484375,11.58544921875,0.12741780281066895,-0.989432156085968
1773049190483111700,31.962111572265623,10.402796745300293,0.23270200192928314,1.9363917112350464
1773049190493088800,31.9720888671875,8.425128936767578,0.2566302418708801,1.649253010749817
1773049190503065900,31.98206591796875,9.201001167297363,0.026919255033135414,0.3320041298866272
1773049190513043000,31.99204296875,10.637292861938477,0.3481557071208954,1.428515076637268
1773049190523020000,32.00202001953125,9.114859580993652,-0.09272187948226929,0.6532405614852905
1773049190532996900,32.011996826171874,9.622735977172852,0.0364905446767807,2.486740827560425
1773049190542974000,32.021973876953126,9.382855415344238,-0.12622138857841492,-0.2949153780937195
1773049190552951000,32.03195092773438,9.521639823913574,0.14656038582324982,0.20757736265659332
1773049190562928000,32.04192822265625,10.086943626403809,0.0364905446767807,2.15653133392334
1773049190572905200,32.0519052734375,8.530412673950195,0.04127619042992592,0.8207381963729858
1773049190582882300,32.06188232421875,10.450653076171875,0.19920247793197632,1.2083754539489746
1773049190592859400,32.071859375,9.086145401000977,-0.12143574655056,0.29850462079048157
1773049190602836500,32.08183642578125,9.449854850769043,0.26201409101486206,2.1948165893554688
1773049190612813600,32.0918134765625,10.216156005859375,0.04127619042992592,1.3567304611206055
1773049190622790400,32.10179028320312,9.258428573608398,0.046061836183071136,-0.625723123550415
1773049190632767500,32.111767578125,9.833304405212402,-0.18364913761615753,1.811964988708496
1773049190642744600,32.12174462890625,9.976874351501465,0.05563312768936157,1.074377417564392
1773049190652683000,32.13168310546875,9.885947227478027,0.28115665912628174,-0.2709871530532837
1773049190662656300,32.14165625,9.728020668029785,-0.05922235921025276,0.7489534616470337
1773049190672675800,32.15167578125,9.651450157165527,0.6735795736312866,1.587039589881897
1773049190682653700,32.16165380859375,10.201799392700195,-0.15493527054786682,0.4420739710330963
1773049190692630000,32.171630126953126,9.6466646194458,0.44386860728263855,1.4141582250595093
1773049190702607600,32.18160766601562,9.866804122924805,-0.030508488416671753,0.494716078042984
1773049190712584200,32.19158422851562,10.910673141479492,0.03170489892363548,0.6340979933738708
1773049190722561800,32.20156176757813,9.531210899353027,0.36251261830329895,0.8207381963729858
1773049190732538400,32.21153833007813,9.550353050231934,0.022133609279990196,0.8159525394439697
1773049190742515700,32.221515625,10.546365737915039,0.1944168359041214,1.4715858697891235
1773049190752492300,32.2314921875,9.608379364013672,-0.020937198773026466,-0.26141586899757385
1773049190762470000,32.24146997070312,10.374082565307617,0.5682953596115112,1.5098711252212524
1773049190772407600,32.25140747070313,9.334999084472656,-0.3846462368965149,2.328814744949341
1773049190782381000,32.261381103515625,10.163514137268066,0.13220344483852386,0.5814558863639832
1773049190792400600,32.27140063476563,9.31585693359375,0.3529413342475891,-0.5874379873275757
1773049190802378800,32.281378662109375,9.708877563476562,0.39601215720176697,1.9459630250930786
1773049190812354800,32.291354736328124,9.943374633789062,-0.5665007829666138,1.0839486122131348
1773049190822332700,32.30133276367187,8.813364028930664,-0.0975075215101242,-0.5300102233886719
1773049190832309000,32.31130908203125,10.17308521270752,0.7501499056816101,1.1892328262329102
1773049190842286600,32.32128662109375,10.015159606933594,-0.5042873620986938,2.582453727722168
1773049190852107800,32.331107666015626,9.354142189025879,0.3002992272377014,0.6436693072319031
1773049190862070000,32.34107006835937,8.995218276977539,0.5156532526016235,-0.01734796352684498
1773049190872217000,32.35121704101562,12.007184028625488,-0.18364913761615753,2.5058834552764893
1773049190882197800,32.36119775390625,8.563912391662598,-0.13100704550743103,1.8502501249313354
1773049190892132400,32.37113232421875,9.215357780456543,0.18963119387626648,-0.42412781715393066
1773049190902108400,32.3811083984375,10.666604995727539,0.1417747437953949,0.08315058797597885
1773049190912125200,32.391125244140625,9.847661972045898,-0.37028929591178894,1.984248161315918
1773049190922105600,32.401105712890626,9.229715347290039,0.2231307178735733,0.40378883481025696
1773049190932040700,32.41104077148437,9.34457015991211,0.625723123550415,0.7202396392822266
1773049190942016300,32.42101635742188,11.710474014282227,-0.10707881301641464,0.7202396392822266
1773049190951994600,32.43099462890625,8.271987915039062,0.10348957777023315,1.567897081375122
1773049190961970700,32.440970703125,8.83250617980957,0.8123632669448853,1.5481562614440918
1773049190971948800,32.45094873046875,11.623734474182129,-0.8590233325958252,-0.6831508874893188
1773049190981925000,32.46092504882812,8.209774017333984,0.22791635990142822,1.2179467678070068
1773049190991942000,32.47094189453125,9.119645118713379,0.5874379873275757,2.3670997619628906
1773049191001922000,32.48092211914062,12.208181381225586,-0.35114672780036926,-0.5682953596115112
1773049191011896000,32.49089599609375,8.765507698059082,0.3481557071208954,1.1174482107162476
1773049191021875700,32.500875732421875,9.311071395874023,0.1417747437953949,2.1852452754974365
1773049191031772400,32.5107724609375,10.029516220092773,0.4055834412574768,0.4899304509162903
1773049191041744000,32.520743896484376,9.354142189025879,0.07477571070194244,1.3806586265563965
1773049191051610400,32.5306103515625,9.77109146118164,0.23748764395713806,0.8015955686569214
1773049191061571000,32.540571044921876,9.334999084472656,-0.26500511169433594,0.26979073882102966
1773049191071603000,32.55060302734375,9.881160736083984,0.4342973232269287,1.6444673538208008
1773049191081570800,32.56057080078125,9.516854286193848,-0.06400800496339798,0.8446664214134216
1773049191091518200,32.57051831054687,9.972088813781738,-0.10707881301641464,-0.7357929348945618
1773049191101484000,32.580484130859375,9.766305923461914,0.0077766734175384045,1.3567304611206055
1773049191111394800,32.59039477539063,9.492925643920898,0.6831508874893188,1.831107497215271
1773049191121355300,32.60035522460937,10.666604995727539,-0.2027917206287384,0.10707881301641464
1773049191131387400,32.610387451171874,8.176275253295898,0.4582255482673645,1.3854442834854126
1773049191141355000,32.62035498046875,9.387641906738281,0.13220344483852386,1.2562319040298462
1773049191151235000,32.630235107421875,10.110872268676758,-0.355932354927063,-0.2997010350227356
1773049191161098200,32.64009814453125,8.665008544921875,0.3481557071208954,1.0360921621322632
1773049191171179300,32.65017919921875,9.358927726745605,0.022133609279990196,0.08793623000383377
1773049191181142500,32.660142578125,10.364511489868164,0.2955136001110077,1.3854442834854126
1773049191191133200,32.67013330078125,9.89551830291748,-0.08315058797597885,0.6580262184143066
1773049191201099300,32.680099365234376,10.340582847595215,0.09391828626394272,0.7968099117279053
1773049191211009800,32.690009765625,10.40758228302002,0.47258245944976807,1.6588243246078491
1773049191220970200,32.69997021484375,9.747162818908691,-0.2027917206287384,0.39900317788124084
1773049191230925000,32.709925048828126,9.766305923461914,-0.3415754437446594,1.1126625537872314
1773049191240885000,32.719885009765626,8.530412673950195,0.381655216217041,0.10229317098855972
1773049191250763000,32.729762939453124,10.479366302490234,0.05563312768936157,0.4707878530025482
1773049191260715000,32.73971508789062,9.617950439453125,0.13220344483852386,0.5910272002220154
1773049191270794000,32.7497939453125,9.397212982177734,0.23748764395713806,1.3758729696273804
1773049191280758500,32.75975854492187,11.025528907775879,0.3002992272377014,-0.2231307178735733
1773049191290593500,32.769593505859376,10.613365173339844,0.5682953596115112,0.5670989751815796
1773049191300545300,32.77954516601562,9.574281692504883,-0.389431893825531,1.922034740447998
1773049191310508800,32.7895087890625,9.244071960449219,0.4295116662979126,-0.37148571014404297
1773049191320461600,32.799461669921875,10.676176071166992,0.046061836183071136,-0.2997010350227356
1773049191330462500,32.80946240234375,10.53200912475586,-0.9451649188995361,0.7154539823532104
1773049191340420000,32.819420166015625,7.419544696807861,0.39601215720176697,0.11665010452270508
1773049191350600000,32.829599853515624,10.714461326599121,0.6113662123680115,-0.16091732680797577
1773049191360780000,32.839780029296875,10.853245735168457,-0.600000262260437,0.6675975322723389
1773049191370960100,32.849960205078126,7.946564197540283,0.6496513485908508,0.9068797826766968
1773049191381066800,32.86006665039063,10.15872859954834,0.3194418251514435,1.0408778190612793
1773049191391023900,32.87002392578125,10.36929702758789,-0.0975075215101242,0.0687936544418335
1773049191401017000,32.88001708984375,9.732806205749512,-0.42771705985069275,0.3367897868156433
1773049191410978000,32.88997802734375,10.163514137268066,-0.025722842663526535,-0.251844584941864
1773049191420968000,32.899968017578125,10.249655723571777,0.04127619042992592,0.32721850275993347
1773049191430932200,32.90993212890625,9.962516784667969,-0.4660021960735321,-0.2709871530532837
1773049191440919600,32.91991943359375,7.917850017547607,0.2955136001110077,0.5288137793540955
1773049191450886400,32.929886474609376,10.992029190063477,0.4630111753940582,0.13100704550743103
1773049191460871700,32.93987158203125,8.94257640838623,0.09391828626394272,1.0791629552841187
1773049191470840600,32.94984057617187,9.19143009185791,-0.07357929646968842,0.07357929646968842
1773049191480824300,32.95982421875,9.914660453796387,0.13220344483852386,0.049651071429252625
1773049191490794800,32.96979467773438,11.724830627441406,0.08434699475765228,-0.11306086927652359
1773049191500777000,32.97977685546875,9.392427444458008,-0.1788634955883026,0.2602194547653198
1773049191510749000,32.9897490234375,9.464211463928223,0.14656038582324982,0.12143574655056
1773049191520730000,32.99973022460937,9.19143009185791,0.33379876613616943,0.25064817070961
1773049191530703000,33.009703125,11.08774185180664,0.01734796352684498,1.1413763761520386
1773049191540683500,33.01968359375,9.110074043273926,0.6879364848136902,1.7976080179214478
1773049191550657000,33.029656982421876,10.029516220092773,0.06999006122350693,0.15493527054786682
1773049191560637000,33.039636962890626,9.632308006286621,0.23748764395713806,0.07836493849754333
1773049191570611200,33.049611083984374,9.263215065002441,-0.39421752095222473,0.23629122972488403
1773049191580590600,33.05959057617188,9.34457015991211,0.10827522724866867,0.9308080077171326
1773049191590565400,33.0695654296875,10.197013854980469,-0.0975075215101242,-0.046061836183071136
1773049191600544300,33.079544189453124,9.972088813781738,0.06041877344250679,-0.3810569941997528
1773049191610519600,33.08951953125,9.929018020629883,0.03170489892363548,1.0456634759902954
1773049191620498000,33.099497802734376,9.957731246948242,0.19920247793197632,0.21236300468444824
1773049191630473700,33.1094736328125,10.182656288146973,0.1417747437953949,1.4811571836471558
1773049191640451800,33.119451904296874,8.990432739257812,-0.2027917206287384,0.4899304509162903
1773049191650427600,33.129427734375,8.367700576782227,0.4247260093688965,0.5288137793540955
1773049191660405800,33.13940576171875,10.838888168334961,-0.9643075466156006,-0.07956135272979736
1773049191670381800,33.1493818359375,9.234500885009766,0.09870393574237823,-0.3284149169921875
1773049191680359700,33.15935961914062,9.325428009033203,0.6209374666213989,1.3040883541107178
1773049191690239700,33.16923974609375,11.298310279846191,0.01734796352684498,0.8781659007072449
1773049191700057900,33.179057861328126,7.6498541831970215,-0.5042873620986938,-0.7645068168640137
1773049191710238000,33.18923803710938,9.602995872497559,0.7357929348945618,1.9555343389511108
1773049191720272600,33.19927270507812,11.556735038757324,0.1657029688358307,0.6436693072319031
1773049191730244000,33.209244140625,10.331011772155762,-0.2602194547653198,-0.5102694034576416
1773049191740225800,33.21922583007812,8.59322452545166,-0.4995017349720001,0.4468596279621124
1773049191750198300,33.2291982421875,10.599007606506348,0.898504912853241,0.3080759048461914
1773049191760179000,33.239178955078124,10.579865455627441,-0.3320041298866272,0.9690931439399719
1773049191770059000,33.24905908203125,7.342974662780762,0.28115665912628174,0.605384111404419
1773049191779876600,33.258876708984374,9.857233047485352,0.5300102233886719,0.3320041298866272
1773049191789873700,33.268873779296875,12.294322967529297,0.2763710021972656,1.7066807746887207
1773049191799834600,33.27883471679687,8.799007415771484,-0.1740778535604477,0.6197410821914673
1773049191810014500,33.28901440429688,9.550353050231934,-0.21714866161346436,-0.5395814776420593
1773049191820048100,33.29904809570313,9.991230964660645,-0.40378883481025696,0.1788634955883026
1773049191830014500,33.309014404296875,11.312666893005371,-0.34636107087135315,1.0121639966964722
1773049191840000000,33.319,9.747162818908691,-0.973878800868988,0.25064817070961
1773049191849968600,33.32896875,7.9657063484191895,0.486939400434494,-0.41934216022491455
1773049191859952600,33.33895263671875,10.235299110412598,0.1657029688358307,0.9547362327575684
1773049191869922800,33.3489228515625,9.627521514892578,-0.6095715761184692,1.4476577043533325
1773049191879905300,33.3589052734375,8.81814956665039,-1.007378339767456,0.8111668825149536
1773049191889785300,33.36878540039063,11.063814163208008,0.4295116662979126,0.6340979933738708
1773049191899602700,33.37860278320313,9.545567512512207,-1.3663017749786377,1.2945170402526855
1773049191909782800,33.38878271484375,10.622936248779297,-0.4899304509162903,-0.15613168478012085
1773049191919816700,33.39881665039063,7.213762283325195,-0.21236300468444824,-0.39541393518447876
1773049191929785000,33.40878515625,12.524033546447754,-0.4707878530025482,1.5290136337280273
1773049191939769000,33.41876904296875,9.459425926208496,-0.6191428303718567,0.5575276613235474
1773049191949778200,33.428778076171874,8.228917121887207,0.0029910283628851175,-0.6783652305603027
1773049191959764700,33.4387646484375,9.871589660644531,-0.50907301902771,0.35114672780036926
1773049191969693400,33.448693359375,10.50808048248291,0.026919255033135414,1.7353945970535278
1773049191979674000,33.45867407226562,10.455438613891602,-0.5856433510780334,0.2554338276386261
1773049191989554200,33.46855419921875,8.813364028930664,0.18005990982055664,-0.6305087804794312
1773049191999371800,33.47837182617187,10.039087295532227,0.1417747437953949,1.5966109037399292
1773049192009552000,33.4885517578125,11.44666576385498,-0.9930213689804077,1.2370892763137817
1773049192019586000,33.4985859375,8.176275253295898,0.43908295035362244,-0.12741780281066895
1773049192029555700,33.5085556640625,11.518449783325195,-0.13579268753528595,0.9355936646461487
1773049192039538700,33.51853857421875,9.6466646194458,-0.5712863802909851,1.1078768968582153
1773049192049510000,33.528510009765625,8.50169849395752,0.17527425289154053,-0.3188436031341553
1773049192059491800,33.538491943359375,9.694520950317383,-0.6765705943107605,-0.15134602785110474
1773049192069372000,33.54837182617187,9.723235130310059,-0.030508488416671753,0.4181457459926605
1773049192079189200,33.55818920898437,9.602995872497559,-0.5138586759567261,1.1940184831619263
1773049192089369000,33.568369140625,9.818947792053223,-0.22193430364131927,-0.39541393518447876
1773049192099403300,33.5784033203125,8.851649284362793,-0.5617151260375977,0.42771705985069275
1773049192109283300,33.588283447265624,10.469795227050781,-0.3032902777194977,1.9507486820220947
1773049192119100000,33.59809985351563,9.55513858795166,-0.6143572330474854,-0.0077766734175384045
1773049192129280000,33.60828002929688,9.593423843383789,-0.6191428303718567,0.9595218896865845
1773049192139313700,33.61831372070313,9.718449592590332,-1.00259268283844,0.28893333673477173
1773049192149280300,33.6282802734375,9.488140106201172,0.0077766734175384045,1.160519003868103
1773049192159265800,33.638265869140625,10.0343017578125,-0.8446664214134216,-0.49591249227523804
1773049192169145600,33.6481455078125,8.338987350463867,-0.7004988193511963,0.030508488416671753
1773049192178962400,33.65796240234375,9.368498802185059,-0.40378883481025696,0.6293123364448547
1773049192189142300,33.66814233398438,10.608579635620117,-0.633499801158905,0.8877372145652771
1773049192199176000,33.67817602539063,10.14437198638916,-0.8207381963729858,-0.0891326442360878
1773049192209142500,33.688142578125,9.248857498168945,-0.16450655460357666,0.09272187948226929
1773049192219128000,33.698128173828124,10.63250732421875,-0.7824530005455017,2.764906644821167
1773049192229096700,33.7080966796875,11.207383155822754,-0.5042873620986938,-0.251844584941864
1773049192239080700,33.71808081054687,7.956135272979736,0.23270200192928314,-0.4001995921134949
1773049192249051000,33.72805078125,10.934600830078125,-0.2554338276386261,1.960319995880127
1773049192259033300,33.73803344726562,10.25922679901123,-0.6191428303718567,0.32243284583091736
1773049192268913400,33.74791333007813,8.295916557312012,-0.15493527054786682,0.37507495284080505
1773049192278730800,33.75773071289063,9.905089378356934,0.022133609279990196,0.2745763957500458
1773049192288910800,33.76791088867188,10.968100547790527,-0.47557350993156433,0.4660021960735321
1773049192298944800,33.77794482421875,10.053443908691406,-1.2562319040298462,1.031306505203247
1773049192308913200,33.7879130859375,7.893921852111816,0.3529413342475891,-0.3332005441188812
1773049192318897200,33.797897216796876,11.073385238647461,-0.7244270443916321,0.8063812255859375
1773049192328867300,33.807867431640624,11.33659553527832,-1.2418749332427979,1.6636099815368652
1773049192338850000,33.81785009765625,7.678567886352539,0.36729827523231506,0.7106683254241943
1773049192348821500,33.82782153320313,10.627721786499023,-0.5330012440681458,-0.6496513485908508
1773049192358803000,33.837802978515626,9.186644554138184,-1.155733346939087,2.434098720550537
1773049192368683000,33.84768310546875,9.459425926208496,-0.32243284583091736,0.15493527054786682
1773049192378500400,33.857500244140624,9.210572242736816,-0.5665007829666138,-0.6975077986717224
1773049192388680400,33.867680419921875,10.168299674987793,-0.8973084688186646,1.4715858697891235
1773049192398714600,33.87771459960938,9.08135986328125,-0.8398807644844055,0.4181457459926605
1773049192408683800,33.88768383789063,8.985647201538086,-0.5521438121795654,-0.1417747437953949
1773049192418667300,33.897667236328125,11.10209846496582,-1.0121639966964722,1.3854442834854126
1773049192428638000,33.907637939453124,10.637292861938477,-0.5808576941490173,0.2793620526790619
1773049192438620200,33.9176201171875,9.31585693359375,-0.5712863802909851,0.5862415432929993
1773049192448592100,33.92759204101562,9.492925643920898,-1.00259268283844,0.8015955686569214
1773049192458573300,33.9375732421875,9.90987491607666,-0.6478567123413086,0.8877372145652771
1773049192468546300,33.94754638671875,10.000802040100098,-0.31764721870422363,0.47557350993156433
1773049192478526500,33.9575263671875,9.996016502380371,-0.542572557926178,0.18364913761615753
1773049192488500200,33.96750024414062,9.186644554138184,-1.246660590171814,1.5481562614440918
1773049192498480000,33.97748022460937,8.7176513671875,-0.34636107087135315,-0.4911268353462219
1773049192508360000,33.98735986328125,10.168299674987793,-0.9212366938591003,0.5575276613235474
1773049192518177800,33.997177734375,11.202597618103027,-0.8590233325958252,1.557727575302124
1773049192528358000,34.00735791015625,9.004789352416992,-0.7722834944725037,0.34636107087135315
1773049192538392300,34.017392333984375,10.230513572692871,-0.6765705943107605,-0.17527425289154053
1773049192548362500,34.02736254882812,9.885947227478027,-0.9068797826766968,1.4859428405761719
1773049192558345200,34.03734521484375,9.349356651306152,-0.26979073882102966,0.4660021960735321
1773049192568316700,34.04731665039063,9.17707347869873,-1.0839486122131348,0.7202396392822266
1773049192578298000,34.057298095703125,9.143573760986328,-0.4181457459926605,-0.34277185797691345
1773049192588270800,34.067270751953124,9.167501449584961,-0.8398807644844055,1.7018951177597046
1773049192598251500,34.07725146484375,10.786246299743652,-0.6478567123413086,0.3320041298866272
1773049192608225000,34.08722509765625,8.516056060791016,-0.849452018737793,-0.4624129831790924
1773049192618205000,34.09720483398438,10.465009689331055,-0.7579265832901001,1.673181176185608
1773049192628179000,34.107178955078126,10.053443908691406,-0.973878800868988,0.19322042167186737
1773049192638158300,34.11715844726562,9.497711181640625,-0.32243284583091736,-0.09870393574237823
1773049192648133000,34.12713305664062,9.34457015991211,-1.1365907192230225,1.960319995880127
1773049192658112000,34.137112060546876,9.704092025756836,-0.34636107087135315,-0.20398813486099243
1773049192667992000,34.146991943359374,9.009575843811035,-0.916451096534729,-0.23270200192928314
1773049192677810200,34.15681005859375,10.187442779541016,-1.2275179624557495,1.6827524900436401
1773049192687808500,34.16680859375,9.492925643920898,-0.9068797826766968,-0.5102694034576416
1773049192697768400,34.1767685546875,9.708877563476562,-1.4620146751403809,1.0217353105545044
1773049192707948300,34.1869482421875,10.230513572692871,-1.922034740447998,0.45643091201782227
1773049192717982200,34.19698217773438,8.252845764160156,-1.222732424736023,1.098305583000183
1773049192727949600,34.20694946289063,10.307083129882812,-0.8350951075553894,0.5042873620986938
1773049192737934300,34.216934326171874,10.49372386932373,-2.070389747619629,0.26500511169433594
1773049192747903500,34.226903564453124,8.899505615234375,-1.6103696823120117,-0.0077766734175384045
1773049192757887000,34.23688696289062,7.70249605178833,-1.2275179624557495,1.2993026971817017
1773049192767766800,34.24676684570313,11.810972213745117,-1.7012969255447388,-0.26141586899757385
1773049192777584000,34.25658422851563,8.918647766113281,-1.5050854682922363,0.37507495284080505
1773049192787764000,34.26676391601563,8.880363464355469,-1.2179467678070068,0.8973084688186646
1773049192797798000,34.2767978515625,9.713663101196289,-0.9499505758285522,1.3519448041915894
1773049192807678000,34.28667797851563,10.925029754638672,-0.849452018737793,0.31764721870422363
1773049192817494500,34.29649462890625,8.990432739257812,-0.6765705943107605,-0.5204389095306396
1773049192827674400,34.30667431640625,9.991230964660645,-1.3232308626174927,1.0504491329193115
1773049192837708000,34.3167080078125,10.608579635620117,-0.6239284873008728,-0.2757728099822998
1773049192847674000,34.326674072265625,9.459425926208496,-0.9834501147270203,0.3080759048461914
1773049192857660000,34.336659912109376,9.201001167297363,-0.45164528489112854,-0.7645068168640137
1773049192867540000,34.3465400390625,9.004789352416992,-1.1988041400909424,1.1126625537872314
1773049192877356500,34.3563564453125,10.536794662475586,-0.3798605799674988,0.15493527054786682
1773049192887536600,34.36653662109375,9.833304405212402,-0.9116654396057129,0.28893333673477173
1773049192897570000,34.37657006835938,11.193026542663574,-0.8446664214134216,0.16929219663143158
1773049192907450000,34.3864501953125,8.482556343078613,-0.494716078042984,1.9507486820220947
1773049192917266200,34.39626611328125,11.782258987426758,-0.8638089895248413,0.42771705985069275
1773049192927446300,34.4064462890625,9.54078197479248,-1.31365966796875,-0.06520441919565201
1773049192937479400,34.4164794921875,8.674580574035645,-0.26500511169433594,0.10707881301641464
1773049192947444500,34.426444580078126,10.268798828125,-1.2562319040298462,0.8446664214134216
1773049192957431300,34.43643139648437,10.64686393737793,-0.7674978375434875,0.04007977992296219
1773049192967398700,34.44639868164062,8.50169849395752,-0.7052844762802124,-0.5539384484291077
1773049192977383400,34.45638354492188,10.168299674987793,-1.6390835046768188,0.9547362327575684
1773049192987352800,34.46635278320313,9.641879081726074,-0.6143572330474854,-0.31405797600746155
1773049192997336000,34.476336181640626,9.929018020629883,-0.9643075466156006,-0.11306086927652359
1773049193007216000,34.486216064453124,10.086943626403809,-2.1134605407714844,1.1126625537872314
1773049193017033200,34.496033203125,8.15234661102295,-0.8973084688186646,0.19800607860088348
1773049193027213300,34.50621337890625,9.866804122924805,-1.2945170402526855,0.9643075466156006
1773049193037247200,34.516247314453125,10.28315544128418,-1.6773686408996582,1.5774682760238647
1773049193047215000,34.52621508789063,7.956135272979736,-0.5473581552505493,-0.7501499056816101
1773049193057199400,34.53619946289062,9.08135986328125,-2.204387903213501,0.4995017349720001
1773049193067079400,34.54607934570313,10.015159606933594,-0.7292127013206482,0.4325026869773865
1773049193076896300,34.555896240234375,8.588438987731934,-1.1940184831619263,-0.13698910176753998
1773049193087076400,34.566076416015626,10.268798828125,-2.190030813217163,-0.4815555512905121
1773049193097110300,34.5761103515625,8.741579055786133,-1.093519926071167,1.2945170402526855
1773049193106990000,34.585989990234374,12.011969566345215,-0.40378883481025696,0.40378883481025696
1773049193116806400,34.59580639648438,10.608579635620117,-0.9116654396057129,-1.7222341299057007
1773049193126986500,34.60598657226563,7.893921852111816,-0.9882357716560364,3.5066816806793213
1773049193137020000,34.61602001953125,9.512067794799805,-1.1748759746551514,-1.3100703954696655
1773049193146985500,34.6259853515625,9.268000602722168,-0.1453639715909958,0.8733802437782288
1773049193156971800,34.6359716796875,11.33659553527832,-0.9882357716560364,0.5623133182525635
1773049193166851800,34.64585180664063,9.627521514892578,-1.3232308626174927,1.007378339767456
1773049193176668400,34.65566845703125,9.627521514892578,-0.6717849373817444,-0.592223584651947
1773049193186848300,34.66584814453125,9.411569595336914,-0.6095715761184692,-0.251844584941864
1773049193196882000,34.6758818359375,12.227323532104492,-1.7922241687774658,1.1461620330810547
1773049193206761700,34.68576171875,9.507282257080078,-0.6526423692703247,0.26500511169433594
1773049193216577800,34.695577880859375,9.430712699890137,-0.4612165689468384,-0.06520441919565201
1773049193226758000,34.7057578125,10.560722351074219,-1.9316060543060303,1.6396816968917847
1773049193236791300,34.71579125976562,8.219346046447754,0.046061836183071136,-0.30927231907844543
1773049193246756000,34.72575610351562,9.306285858154297,-1.3423734903335571,0.3415754437446594
1773049193256743000,34.735742919921876,10.9633150100708,-1.984248161315918,0.4468596279621124
1773049193266710300,34.745710205078126,7.232904434204102,-0.2315055876970291,0.8925228714942932
1773049193276695000,34.75569506835937,11.834900856018066,-1.2945170402526855,0.09272187948226929
1773049193286664400,34.76566455078125,9.512067794799805,-2.0656042098999023,0.5670989751815796
1773049193296647700,34.77564770507813,8.310273170471191,-1.2993026971817017,0.5910272002220154
1773049193306527700,34.78552783203125,9.866804122924805,-0.24107688665390015,-0.7166503667831421
1773049193316344800,34.7953447265625,11.753544807434082,-2.132603168487549,0.6963114142417908
1773049193326524700,34.805524658203126,8.990432739257812,-1.3806586265563965,-0.5252245664596558
1773049193336558600,34.81555859375,6.122036933898926,-1.1318050622940063,0.8877372145652771
1773049193346526700,34.82552661132812,12.31825065612793,-1.1700903177261353,-0.15613168478012085
1773049193356511000,34.835510986328124,9.632308006286621,-1.3615161180496216,0.7441678643226624
1773049193366481000,34.84548095703125,9.46899700164795,-1.2993026971817017,0.8111668825149536
1773049193376463600,34.85546362304687,8.329415321350098,-0.7052844762802124,-0.01734796352684498
1773049193386343700,34.86534375,11.657233238220215,-1.4811571836471558,0.494716078042984
1773049193396160800,34.87516088867188,10.570294380187988,-0.8111668825149536,1.1892328262329102
1773049193406340900,34.8853408203125,8.645866394042969,-0.15493527054786682,-1.1282159090042114
1773049193416374800,34.89537475585937,10.53200912475586,-2.2235305309295654,-0.12263216078281403
1773049193426343000,34.905343017578126,9.043074607849121,-1.6151553392410278,1.6827524900436401
1773049193436327200,34.9153271484375,9.004789352416992,0.9463613629341125,-0.625723123550415
1773049193446297000,34.92529711914062,13.055838584899902,-1.6965112686157227,-0.3332005441188812
1773049193456280000,34.93528002929688,7.252047061920166,-2.534597396850586,0.882951557636261
1773049193466251300,34.94525122070313,7.165905475616455,0.8937192559242249,0.6245267391204834
1773049193476233000,34.95523291015625,16.944175720214844,-0.10229317098855972,-0.6496513485908508
1773049193486113000,34.965113037109376,8.051848411560059,-3.6358940601348877,1.1318050622940063
1773049193495930400,34.974930419921876,5.102096080780029,0.1417747437953949,1.1988041400909424
1773049193505926700,34.9849267578125,11.657233238220215,-0.5138586759567261,-1.6408780813217163
1773049193515888000,34.99488818359375,12.739986419677734,-2.0033907890319824,0.3846462368965149
1773049193526068200,35.00506811523437,8.075776100158691,-0.8638089895248413,1.4524433612823486
1773049193536101600,35.0151015625,6.184250354766846,-0.13100704550743103,-0.09870393574237823
1773049193546067500,35.0250673828125,12.064611434936523,-1.6342978477478027,0.04486542567610741
1773049193565933600,35.04493359375,8.391629219055176,-1.1365907192230225,0.15493527054786682
1773049193575750100,35.05475024414063,10.273584365844727,-0.3607180118560791,-0.1944168359041214
1773049193585930000,35.06492993164063,12.07896900177002,-2.314457654953003,-1.0947163105010986
1773049193595963600,35.07496362304688,9.354142189025879,-2.788236618041992,2.4771697521209717
1773049193605843700,35.08484375,6.945765972137451,0.5539384484291077,0.20757736265659332
1773049193615659800,35.09465966796875,13.936995506286621,-1.0169496536254883,-2.286940336227417
1773049193625839900,35.10483984375,7.750352382659912,-2.338385820388794,2.7601208686828613
1773049193635873000,35.114873046875,5.724828243255615,-0.8015955686569214,-0.20877377688884735
1773049193645838000,35.124838134765625,11.073385238647461,-0.7722834944725037,-2.0859432220458984
1773049193655824600,35.13482470703125,12.600604057312012,-1.5290136337280273,0.7202396392822266
1773049193665792300,35.14479223632812,10.517651557922363,-1.6630117893218994,1.0456634759902954
1773049193675777000,35.154777099609376,9.31585693359375,-1.0648061037063599,-1.290927767753601
1773049193685657000,35.164656982421874,8.837292671203613,-1.1222338676452637,0.6484549641609192
1773049193695473700,35.1744736328125,11.154741287231445,-1.734796404838562,1.490728497505188
1773049193705467400,35.18446728515625,9.881160736083984,0.08434699475765228,-0.07956135272979736
1773049193715431000,35.194430908203124,8.59322452545166,-1.1653046607971191,-1.76051926612854
1773049193725611000,35.204611083984375,9.675378799438477,-2.0129621028900146,2.534597396850586
1773049193735644200,35.21464404296875,9.617950439453125,0.4630111753940582,-0.12263216078281403
1773049193745608400,35.2246083984375,10.853245735168457,-2.0368902683258057,-1.6552350521087646
1773049193755595800,35.234595703125,8.727222442626953,-0.8877372145652771,0.18843477964401245
1773049193765475800,35.24447583007812,8.866005897521973,-0.9260223507881165,1.2562319040298462
1773049193775292000,35.2542919921875,13.965709686279297,-1.1653046607971191,-0.2709871530532837
1773049193785472000,35.264471923828125,7.280761241912842,-1.3567304611206055,1.6636099815368652
1773049193795505400,35.27450537109375,9.751948356628418,-0.1740778535604477,-0.9750752449035645
1773049193805385500,35.28438549804687,9.632308006286621,-2.376671075820923,1.2323036193847656
1773049193815201300,35.294201171875,10.546365737915039,-1.2083754539489746,0.29371899366378784
1773049193825381400,35.30438134765625,7.443472862243652,0.5252245664596558,-0.5252245664596558
1773049193835414500,35.31441455078125,11.188240051269531,-2.3910279273986816,0.7106683254241943
1773049193845378800,35.32437890625,8.281558990478516,-2.190030813217163,-0.3762713670730591
1773049193855366100,35.3343662109375,7.481758117675781,-0.3128615617752075,1.673181176185608
1773049193865333000,35.3443330078125,13.634902000427246,-1.2705888748168945,0.22193430364131927
1773049193875318300,35.354318359375,11.743973731994629,-2.18045973777771,-0.06999006122350693
1773049193885287200,35.364287109375,5.700900077819824,-2.11824631690979,1.591825246810913
1773049193895270700,35.37427075195313,9.239286422729492,0.5826523303985596,-0.5252245664596558
1773049193905150700,35.384150634765625,11.159526824951172,-1.9555343389511108,-1.2861422300338745
1773049193914967800,35.3939677734375,10.555936813354492,-2.1517457962036133,1.8215361833572388
1773049193925147600,35.404147705078124,5.193023204803467,-0.8542376756668091,-0.046061836183071136
1773049193935181600,35.414181640625,11.398808479309082,-2.0416758060455322,0.2602194547653198
1773049193945149400,35.4241494140625,12.56710433959961,-0.8542376756668091,-0.4145565330982208
1773049193955134000,35.43413403320312,8.46341323852539,-1.3423734903335571,0.6484549641609192
1773049193965103600,35.444103515625,10.01037311553955,-1.801795482635498,3.2626137733459473
1773049193975086600,35.45408666992188,8.784649848937988,-0.25064817070961,-1.3722838163375854
1773049193985057800,35.46405786132812,11.006385803222656,-0.1740778535604477,-1.2717852592468262
1773049193995039500,35.47403955078125,9.483354568481445,-1.3710874319076538,0.6101697683334351
1773049194004919600,35.48391943359375,7.798209190368652,-1.179661512374878,0.3798605799674988
1773049194014737000,35.49373681640625,10.163514137268066,-0.8111668825149536,-1.0085747241973877
1773049194024917000,35.5039169921875,9.425926208496094,-0.5617151260375977,-0.6400800347328186
1773049194034951200,35.513951171875,9.862018585205078,-0.7674978375434875,1.8454644680023193
1773049194044920000,35.52392016601563,8.588438987731934,-1.7682958841323853,0.9978070259094238
1773049194054903600,35.53390356445313,8.971290588378906,-0.7920243144035339,-0.4624129831790924
1773049194064874000,35.5438740234375,8.794221878051758,0.2907279431819916,0.7345965504646301
1773049194074856400,35.5538564453125,11.633305549621582,-1.8502501249313354,0.638883650302887
1773049194084828200,35.563828125,9.023932456970215,-2.314457654953003,0.3655036687850952
1773049194094809600,35.5738095703125,8.066205024719238,-0.22193430364131927,-0.4289134442806244
1773049194104782300,35.5837822265625,11.763115882873535,-0.7483552694320679,1.984248161315918
1773049194114762800,35.5937626953125,12.337393760681152,-1.835893154144287,-0.1178465187549591
1773049194124736500,35.603736572265625,4.695316314697266,-0.19322042167186737,0.1740778535604477
1773049194134716200,35.61371606445312,8.631509780883789,-1.007378339767456,0.5240281820297241
1773049194144690700,35.62369067382812,10.858031272888184,-1.5864413976669312,-0.04127619042992592
1773049194154669800,35.633669921875,9.756733894348145,-2.386242389678955,2.7936203479766846
1773049194164644600,35.64364453125,10.63250732421875,0.4007977843284607,-0.9559326171875
1773049194174623500,35.65362353515625,10.393224716186523,-1.0121639966964722,-0.7166503667831421
1773049194184598800,35.663598876953124,12.576675415039062,-2.09431791305542,0.7968099117279053
1773049194194577200,35.6735771484375,4.8436713218688965,-0.34636107087135315,0.2745763957500458
1773049194204552700,35.683552734375,10.714461326599121,-0.4707878530025482,0.8685946464538574
1773049194214530800,35.69353076171875,11.331809997558594,-2.1134605407714844,0.605384111404419
1773049194224507000,35.7035068359375,7.9657063484191895,-0.4612165689468384,0.4612165689468384
1773049194234484700,35.71348461914062,10.240084648132324,-0.9355936646461487,0.04486542567610741
1773049194244461000,35.7234609375,9.7998046875,-0.6909275650978088,-0.8937192559242249
1773049194254439000,35.73343896484375,10.302297592163086,-1.7587246894836426,1.9028922319412231
1773049194264415200,35.74341528320313,9.000003814697266,-0.3415754437446594,0.763310432434082
1773049194274392800,35.753392822265624,9.818947792053223,-0.494716078042984,-2.200798511505127
1773049194284369200,35.763369140625,9.976874351501465,-1.6965112686157227,2.084746837615967
1773049194294346800,35.7733466796875,7.568498134613037,-0.600000262260437,1.4811571836471558
1773049194304323300,35.7833232421875,9.737591743469238,-0.2554338276386261,-0.9032905697822571
1773049194314300700,35.79330078125,10.73838996887207,-2.166102647781372,1.222732424736023
1773049194324277500,35.803277587890626,7.793423175811768,0.4103690981864929,0.7680960893630981
1773049194334254800,35.8132548828125,11.61416244506836,-1.2370892763137817,-0.0029910283628851175
1773049194344231400,35.8232314453125,9.244071960449219,-1.7922241687774658,-0.1657029688358307
1773049194354208800,35.833208740234376,6.759125709533691,0.0029910283628851175,1.093519926071167
1773049194364185600,35.843185546875,11.020742416381836,-0.7100701332092285,-0.7310073375701904
1773049194374163000,35.85316284179687,9.100502967834473,-1.6055840253829956,0.7728816866874695
1773049194384139800,35.863139892578126,8.918647766113281,-1.6773686408996582,2.496312141418457
1773049194394116900,35.87311694335938,8.69372272491455,0.15613168478012085,-1.6600207090377808
1773049194404093700,35.88309375,11.092527389526367,-1.2897313833236694,-0.06041877344250679
1773049194414070800,35.89307080078125,10.359725952148438,-1.0552347898483276,4.124628067016602
1773049194424047900,35.9030478515625,6.730412006378174,-1.4859428405761719,-1.4009976387023926
1773049194434025000,35.91302490234375,8.525627136230469,-0.6765705943107605,-0.9511470198631287
1773049194444002000,35.923001953125,9.842875480651855,-1.7730815410614014,3.6508491039276123
1773049194453979100,35.93297924804688,13.38126277923584,-1.155733346939087,-1.9950158596038818
1773049194463956000,35.9429560546875,7.39561653137207,-1.184447169303894,2.8701908588409424
1773049194473933000,35.95293310546875,11.652447700500488,-1.0121639966964722,-0.6161518096923828
1773049194483910100,35.96291015625,9.306285858154297,-0.42771705985069275,-0.10348957777023315
1773049194493887200,35.97288720703125,9.742377281188965,-0.9690931439399719,2.2331018447875977
1773049194503767300,35.98276733398438,8.760722160339355,-1.576870083808899,-1.1282159090042114
1773049194513647000,35.992647216796875,8.525627136230469,-0.5952146053314209,-0.49591249227523804
1773049194523818200,36.002818359375,9.943374633789062,-0.8398807644844055,2.717050075531006
1773049194533795300,36.01279541015625,12.715459823608398,-2.1134605407714844,-0.20398813486099243
1773049194543772400,36.0227724609375,7.323832035064697,0.20877377688884735,-0.9798609018325806
1773049194553749500,36.03274951171875,9.632308006286621,0.38644084334373474,-0.04127619042992592
1773049194563726300,36.04272631835938,13.654044151306152,-3.1381869316101074,-0.05563312768936157
1773049194573703400,36.05270336914062,6.668198585510254,-0.9403793215751648,1.3950155973434448
1773049194583680500,36.062680419921875,11.307881355285645,0.5970092415809631,0.7537391185760498
1773049194593657600,36.07265771484375,13.027124404907227,-3.0185458660125732,-4.106681823730469
1773049194603634700,36.082634765625,8.477770805358887,-1.3088740110397339,3.9571304321289062
1773049194613611800,36.09261181640625,10.781460762023926,-0.4707878530025482,1.7928223609924316
1773049194623588600,36.10258862304688,12.3278226852417,-0.29850462079048157,-3.4121651649475098
1773049194633565700,36.11256567382812,7.314260482788086,-0.04007977992296219,0.10707881301641464
1773049194643542800,36.122542724609374,7.070192813873291,-2.7834508419036865,1.3806586265563965
1773049194653520000,36.13251977539063,7.118049144744873,-0.50907301902771,-0.2470589429140091
1773049194663497000,36.1424970703125,8.808578491210938,0.9367900490760803,-0.1944168359041214
1773049194673473800,36.152473876953124,14.147563934326172,-1.5385849475860596,-0.7310073375701904
1773049194683451000,36.162450927734376,6.615556240081787,-3.5066816806793213,-0.9176474809646606
1773049194693428000,36.17242797851563,10.838888168334961,0.711864709854126,2.0608184337615967
1773049194703405000,36.18240502929687,12.591032981872559,-0.5952146053314209,1.0121639966964722
1773049194713382100,36.192382080078126,11.46102237701416,-2.324028968811035,0.45164528489112854
1773049194723359200,36.20235913085938,7.731209754943848,-1.0265209674835205,1.1700903177261353
1773049194733336300,36.21233642578125,7.82692289352417,-0.2745763957500458,1.2897313833236694
1773049194743313200,36.222313232421875,9.459425926208496,-0.9690931439399719,-2.349153518676758
1773049194753290200,36.23229028320313,8.602795600891113,-1.490728497505188,0.5335994362831116
1773049194763267300,36.24226733398437,13.903495788574219,-3.482753276824951,1.0600204467773438
1773049194773244400,36.252244384765625,9.196215629577637,-1.2849457263946533,-0.5635097622871399
1773049194783221500,36.26222143554688,14.79841136932373,1.7700905799865723,0.5575276613235474
1773049194793198300,36.2721982421875,13.577473640441895,-0.5282155871391296,-1.0755738019943237
1773049194803175400,36.282175537109374,7.338188648223877,-2.314457654953003,-0.2183450609445572
1773049194813152500,36.29215258789063,5.667400360107422,-1.4715858697891235,1.275374412536621
1773049194823129600,36.30212963867187,11.279168128967285,-1.2131611108779907,0.08315058797597885
1773049194833106700,36.312106689453124,7.2951178550720215,0.8123632669448853,-0.1178465187549591
1773049194843083800,36.322083740234376,7.256833076477051,0.3433700501918793,-0.24227328598499298
1773049194853060600,36.332060546875,9.502496719360352,-2.9180471897125244,-0.09391828626394272
1773049194863037700,36.34203759765625,5.921039581298828,-2.6015963554382324,-0.10827522724866867
1773049194873014800,36.352014892578126,18.447465896606445,-1.898106575012207,0.6340979933738708
1773049194882991900,36.36199194335938,11.221739768981934,-2.314457654953003,1.4380863904953003
1773049194892969000,36.37196899414062,13.4099760055542,2.066800594329834,0.1501496136188507
1773049194902946000,36.381946044921875,7.022336483001709,0.865005373954773,-0.09391828626394272
1773049194912923000,36.3919228515625,-0.5431707501411438,-0.10229317098855972,-0.012562318705022335
1773049194922900000,36.40189990234375,1.444068431854248,-0.7770691514015198,-0.5874379873275757
1773049194932877000,36.411876953125,11.868400573730469,-3.9427735805511475,-0.8889335989952087
1773049194942854100,36.42185424804688,19.969900131225586,1.4925230741500854,-0.3523431420326233
1773049194952831200,36.43183129882812,14.1858491897583,-2.3575284481048584,-0.4576273262500763
1773049194962808000,36.44180810546875,10.354940414428711,-8.419744491577148,1.1270195245742798
1773049194972785200,36.45178515625,-1.1276177167892456,0.9032905697822571,0.03529413416981697
1773049194982762200,36.46176220703125,18.35175323486328,2.042872428894043,0.9260223507881165
1773049194992739300,36.4717392578125,16.996816635131836,2.344966173171997,0.50907301902771
1773049195002716400,36.48171630859375,-0.39960137009620667,-0.20757736265659332,-0.30927231907844543
1773049195012693500,36.49169360351563,-0.8356932997703552,-0.12143574655056,-0.050847481936216354
1773049195022670600,36.50167065429687,1.5828521251678467,-0.01136590726673603,-0.0077766734175384045
1773049195032647400,36.5116474609375,45.0377082824707,-2.7260231971740723,-2.5022943019866943
1773049195042585600,36.52158569335938,1.4057832956314087,-5.20678186416626,-0.7214360237121582
1773049195052558800,36.53155883789063,-11.719447135925293,-1.710868239402771,-1.0277173519134521
1773049195062578700,36.54157861328125,17.88216209411621,-0.916451096534729,-0.07477571070194244
1773049195072556300,36.55155639648437,17.417953491210938,-0.48514479398727417,1.4428720474243164
1773049195082571500,36.56157153320312,8.219346046447754,-0.24107688665390015,2.1996021270751953
1773049195092553200,36.57155322265625,3.1818559169769287,0.2667997181415558,0.030508488416671753
1773049195102486800,36.58148681640625,16.268800735473633,-0.3655036687850952,-1.1042876243591309
1773049195112463600,36.59146362304688,8.684151649475098,-0.6430711150169373,-0.26141586899757385
1773049195122441000,36.60144091796875,3.5748770236968994,-2.659024238586426,-0.3236292600631714
1773049195132417800,36.611417724609375,8.23848819732666,-4.972285270690918,-0.36670008301734924
1773049195142356200,36.62135620117188,15.100505828857422,2.4406790733337402,-1.113858938217163
1773049195152329200,36.6313291015625,18.681962966918945,0.9224331378936768,-1.9663020372390747
1773049195162310100,36.64131005859375,8.128418922424316,-0.9212366938591003,0.6245267391204834
1773049195172284000,36.65128393554688,2.899502754211426,-0.006580262444913387,0.42293140292167664
1773049195182303200,36.66130322265625,9.004789352416992,0.1657029688358307,0.030508488416671753
1773049195192281600,36.67128149414062,7.798209190368652,0.13220344483852386,1.1365907192230225
1773049195202257200,36.681257080078126,3.555734395980835,-0.020937198773026466,0.3128615617752075
1773049195212235300,36.6912353515625,19.61576271057129,-0.8255237936973572,-0.5395814776420593
1773049195222172400,36.70117236328125,8.34855842590332,-0.4325026869773865,-0.26141586899757385
1773049195232146400,36.711146484375,5.676971912384033,-4.636692047119141,2.1708884239196777
1773049195242165200,36.72116528320313,9.704092025756836,-2.0608184337615967,0.9355936646461487
1773049195252143900,36.73114379882813,16.2927303314209,2.5124638080596924,-1.1186445951461792
1773049195262119400,36.741119384765625,12.768699645996094,0.5970092415809631,-0.7501499056816101
1773049195272097500,36.75109765625,5.825326919555664,-0.5042873620986938,0.5958128571510315
1773049195282034700,36.76103466796875,-0.5000999569892883,-1.222732424736023,0.19800607860088348
1773049195292008700,36.7710087890625,14.92822265625,-0.4372883439064026,-0.5395814776420593
1773049195301988900,36.78098876953125,22.168304443359375,-0.6909275650978088,0.5862415432929993
1773049195311963400,36.79096337890625,-0.3517449200153351,-1.0887342691421509,0.40378883481025696
1773049195321942800,36.80094287109375,5.0255255699157715,-2.7116663455963135,1.4572290182113647
1773049195331918000,36.81091796875,12.102896690368652,-3.0281169414520264,2.386242389678955
1773049195341858000,36.82085815429687,12.0933256149292,0.8697910308837891,-0.34277185797691345
1773049195351829800,36.830829833984374,17.04945945739746,0.5635097622871399,-1.2430713176727295
1773049195361851000,36.840850830078125,8.578866958618164,-0.494716078042984,0.7202396392822266
1773049195371827500,36.850827392578125,2.4496521949768066,-0.10707881301641464,0.4372883439064026
1773049195381805000,36.86080517578125,10.153943061828613,-1.0839486122131348,-0.07477571070194244
1773049195391781600,36.87078173828125,9.110074043273926,-1.8646070957183838,2.1708884239196777
1773049195401720300,36.88072021484375,7.39561653137207,-1.2179467678070068,0.7920243144035339
1773049195411693000,36.89069311523438,11.130812644958496,-2.3958137035369873,1.1126625537872314
1773049195421596700,36.9005966796875,13.52004623413086,0.6783652305603027,0.7441678643226624
1773049195431562800,36.91056274414063,6.93619441986084,0.251844584941864,-0.4145565330982208
1773049195441434600,36.9204345703125,8.181060791015625,-2.9515466690063477,0.04007977992296219
1773049195451391200,36.93039111328125,7.534998416900635,-1.1748759746551514,0.31764721870422363
1773049195461465900,36.9404658203125,20.56391716003418,1.200000524520874,-1.4488540887832642
1773049195471434200,36.95043432617187,10.120443344116211,-0.4372883439064026,0.01136590726673603
1773049195481381000,36.96038110351562,5.801398277282715,-2.252244234085083,0.8925228714942932
1773049195491347500,36.970347412109376,4.484747886657715,0.07956135272979736,0.6101697683334351
1773049195501257700,36.9802578125,9.7998046875,-1.4380863904953003,1.1318050622940063
1773049195511218400,36.990218505859374,9.229715347290039,-0.6526423692703247,0.9403793215751648
1773049195521173000,37.000173095703126,13.841282844543457,-1.1318050622940063,1.074377417564392
1773049195531133000,37.0101328125,12.500105857849121,-1.3758729696273804,0.8255237936973572
1773049195540972300,37.01997216796875,6.189035892486572,-0.6861419081687927,-0.4624129831790924
1773049195550920400,37.02992041015625,8.22413158416748,-1.9698911905288696,-1.32921302318573
1773049195561003300,37.040003173828126,10.01994514465332,-0.4612165689468384,1.5146567821502686
1773049195570964700,37.04996484375,12.55274772644043,-2.2474586963653564,-0.4289134442806244
1773049195580918300,37.05991821289062,9.306285858154297,-1.7252250909805298,-0.8793623447418213
1773049195590879200,37.069879150390626,6.385247230529785,0.5730810165405273,0.9116654396057129
1773049195600833500,37.07983349609375,12.265608787536621,-1.466800332069397,0.3798605799674988
1773049195610793700,37.08979370117188,9.08135986328125,-1.9698911905288696,0.7680960893630981
1773049195620671700,37.099671630859376,7.357331275939941,-1.3471591472625732,1.2801600694656372
1773049195630623700,37.109623779296875,12.2799654006958,-0.3320041298866272,-1.2335001230239868
1773049195640586800,37.11958666992187,9.349356651306152,-0.06400800496339798,0.39900317788124084
1773049195650539800,37.129539794921875,12.136396408081055,-3.119044303894043,2.688336133956909
1773049195660502000,37.139501953125,6.505486488342285,-1.332802176475525,-0.4911268353462219
1773049195670455800,37.149455810546876,8.722436904907227,0.8506484627723694,-0.6209374666213989
1773049195680455400,37.15945532226562,13.055838584899902,-0.39900317788124084,0.7537391185760498
1773049195690414000,37.1694140625,9.134002685546875,-3.0903303623199463,0.8925228714942932
1773049195700594200,37.17959423828125,5.724828243255615,-0.8015955686569214,-0.20398813486099243
1773049195710774000,37.18977392578125,9.44028377532959,0.7932206988334656,-0.4145565330982208
1773049195720954000,37.1999541015625,16.819150924682617,-0.9355936646461487,0.21236300468444824
1773049195731060700,37.21006079101563,8.885149002075195,-3.3966116905212402,1.7736797332763672
1773049195741016800,37.22001684570313,5.293521881103516,0.6496513485908508,0.24107688665390015
1773049195751010800,37.2300107421875,12.744771957397461,0.592223584651947,-0.6640082597732544
1773049195760971000,37.239970947265626,12.17946720123291,-1.7635103464126587,1.1270195245742798
1773049195770961400,37.24996142578125,7.180262565612793,-1.160519003868103,0.4133601188659668
1773049195780925400,37.259925537109375,4.609174728393555,-0.20757736265659332,-0.8937192559242249
1773049195790913000,37.2699130859375,13.223336219787598,0.2907279431819916,0.7728816866874695
1773049195800879400,37.27987939453125,13.405190467834473,-2.0416758060455322,1.3040883541107178
1773049195810865000,37.28986499023438,8.453842163085938,-2.5920250415802,-0.4289134442806244
1773049195820833500,37.29983349609375,5.135595798492432,0.47258245944976807,-0.3762713670730591
1773049195830817500,37.30981762695313,14.866008758544922,0.5970092415809631,0.7154539823532104
1773049195840748800,37.31974877929687,14.051851272583008,-2.84087872505188,1.1748759746551514
1773049195850727400,37.3297275390625,3.067000389099121,-1.1892328262329102,0.6675975322723389
1773049195860741600,37.33974169921875,9.057432174682617,1.1282159090042114,-0.3810569941997528
1773049195870723800,37.34972387695313,12.67717456817627,-0.6765705943107605,-0.09391828626394272
1773049195880695800,37.35969580078125,10.211370468139648,-1.552941918373108,1.1892328262329102
1773049195890677000,37.36967700195312,6.6969122886657715,-1.3567304611206055,1.31365966796875
1773049195900650000,37.37964990234375,8.837292671203613,0.022133609279990196,-0.3858426511287689
1773049195910630400,37.38963037109375,11.551949501037598,0.046061836183071136,0.15972091257572174
1773049195920604200,37.39960424804688,12.380464553833008,-3.4301111698150635,2.11824631690979
1773049195930583800,37.409583740234375,6.658627033233643,-0.4133601188659668,0.0975075215101242
1773049195940558300,37.419558349609375,7.635497093200684,1.109073281288147,-0.4049852192401886
1773049195950537500,37.42953735351563,15.320645332336426,0.026919255033135414,0.4420739710330963
1773049195960512300,37.43951220703125,6.558128833770752,-2.3431715965270996,0.6532405614852905
1773049195970491100,37.4494912109375,5.116453170776367,-1.7922241687774658,0.22193430364131927
1773049195980371000,37.45937084960938,13.266407012939453,1.4925230741500854,0.001794616924598813
1773049195990189000,37.46918896484375,12.662817001342773,-0.18843477964401245,0.9308080077171326
1773049196000369200,37.479369140625,6.399604320526123,-4.172484397888184,1.3088740110397339
1773049196010403600,37.48940356445313,5.739185333251953,-0.11665010452270508,-0.05563312768936157
1773049196020374500,37.49937451171875,14.353346824645996,1.6313068866729736,-0.5204389095306396
1773049196030356500,37.5093564453125,13.333406448364258,-0.18843477964401245,0.8590233325958252
1773049196040328400,37.519328369140624,6.5150580406188965,-2.3814568519592285,1.1030912399291992
1773049196050309600,37.5293095703125,7.788637638092041,-0.049651071429252625,0.16929219663143158
1773049196060282600,37.53928271484375,12.519248008728027,1.1808580160140991,0.5138586759567261
1773049196070263000,37.54926293945312,11.566306114196777,-0.37028929591178894,0.9260223507881165
1773049196080236800,37.55923681640625,6.055037498474121,-2.5393829345703125,-0.14656038582324982
1773049196090216200,37.56921630859375,9.56471061706543,0.6017948985099792,-0.4815555512905121
1773049196100190700,37.57919067382812,12.212966918945312,0.22791635990142822,0.1788634955883026
1773049196110169900,37.589169921875,9.334999084472656,-1.1700903177261353,0.9308080077171326
1773049196120145000,37.59914477539063,6.7208404541015625,-0.6095715761184692,0.9068797826766968
1773049196130123500,37.60912353515625,13.017553329467773,0.3720839321613312,-0.45284169912338257
1773049196140099000,37.61909912109375,9.325428009033203,-1.4476577043533325,0.5814558863639832
1773049196150077400,37.629077392578125,7.735995769500732,-0.48035913705825806,0.8159525394439697
1773049196160053000,37.63905297851562,9.833304405212402,-0.3128615617752075,0.23629122972488403
1773049196170031000,37.64903100585938,10.589436531066895,-0.916451096534729,-0.5443671345710754
1773049196179911200,37.6589111328125,9.100502967834473,-1.3615161180496216,1.0552347898483276
1773049196189729300,37.66872924804687,9.881160736083984,-0.5712863802909851,0.12143574655056
1773049196199909400,37.678909423828124,9.277571678161621,-0.355932354927063,-0.1704886108636856
1773049196209944000,37.68894409179688,10.695319175720215,-1.4380863904953003,1.4811571836471558
1773049196219915300,37.69891528320313,8.051848411560059,-0.15493527054786682,-0.6017948985099792
1773049196229897000,37.70889697265625,8.995218276977539,0.0029910283628851175,0.7872386574745178
1773049196239869400,37.718869384765625,12.299108505249023,-1.5864413976669312,0.729810893535614
1773049196249850000,37.72885009765625,8.190631866455078,-0.7824530005455017,-0.7645068168640137
1773049196259730200,37.73873022460938,9.062217712402344,0.50129634141922,1.0217353105545044
1773049196269547800,37.7485478515625,11.427522659301758,-1.246660590171814,0.672383189201355
1773049196279727600,37.7587275390625,10.450653076171875,-1.0887342691421509,0.4468596279621124
1773049196289762000,37.76876196289062,7.007979393005371,-0.6526423692703247,0.3320041298866272
1773049196299731500,37.7787314453125,11.437093734741211,0.1417747437953949,-0.09391828626394272
1773049196309714700,37.78871459960938,10.340582847595215,-1.8502501249313354,1.3232308626174927
1773049196319685600,37.798685546875,8.391629219055176,-0.9690931439399719,0.5575276613235474
1773049196329667600,37.80866748046875,8.310273170471191,0.1704886108636856,-0.5730810165405273
1773049196339639800,37.818639892578126,11.274381637573242,-0.4181457459926605,1.0839486122131348
1773049196349620700,37.82862084960937,11.25045394897461,-1.6342978477478027,1.2035897970199585
1773049196359500800,37.83850073242188,7.568498134613037,-0.6382854580879211,0.25064817070961
1773049196369318400,37.848318359375,10.417153358459473,0.4486542344093323,-0.4336991012096405
1773049196379498200,37.85849829101563,11.216954231262207,-1.1413763761520386,0.11186445504426956
1773049196389532400,37.86853247070312,9.1052885055542,-1.2131611108779907,1.7880367040634155
1773049196399501800,37.87850170898437,7.45782995223999,-0.07357929646968842,0.01136590726673603
1773049196409485000,37.88848510742187,10.498509407043457,-0.8877372145652771,-0.28534409403800964
1773049196419456000,37.8984560546875,11.121241569519043,-0.6526423692703247,1.8023936748504639
1773049196429438000,37.90843798828125,9.46899700164795,-1.069591760635376,0.5186443328857422
1773049196439449000,37.918448974609376,9.602995872497559,0.1657029688358307,-0.1178465187549591
1773049196449433900,37.92843383789062,10.733604431152344,-1.3615161180496216,0.8781659007072449
1773049196459314000,37.93831396484375,10.829317092895508,-1.1700903177261353,-0.6496513485908508
1773049196469194000,37.94819409179688,7.7216386795043945,0.5587241053581238,0.6675975322723389
1773049196479318300,37.958318359375,11.921042442321777,-1.0456634759902954,0.4325026869773865
1773049196489302500,37.96830249023437,9.110074043273926,-0.9595218896865845,0.4372883439064026
1773049196499272400,37.9782724609375,7.237690448760986,-0.054436713457107544,0.5910272002220154
1773049196509255200,37.98825512695313,11.398808479309082,-0.6095715761184692,0.5479564070701599
1773049196519226400,37.99822631835937,10.838888168334961,-1.3950155973434448,1.6636099815368652
1773049196529208000,38.0082080078125,9.320642471313477,0.4342973232269287,-0.5970092415809631
1773049196539180500,38.0181806640625,10.268798828125,-1.1078768968582153,-0.17527425289154053
1773049196549161200,38.0281611328125,9.78544807434082,-0.973878800868988,0.8350951075553894
1773049196559134700,38.038134765625,8.391629219055176,0.12741780281066895,-0.36191442608833313
1773049196569114600,38.04811450195312,9.521639823913574,-0.7100701332092285,0.4995017349720001
1773049196578994700,38.05799462890625,10.321440696716309,-0.6526423692703247,0.24586252868175507
1773049196588812300,38.06781225585937,8.73200798034668,-0.8111668825149536,0.7585247755050659
1773049196598810000,38.07781005859375,10.340582847595215,-0.2554338276386261,0.45643091201782227
1773049196608770300,38.08777026367188,9.483354568481445,-0.9499505758285522,0.6819544434547424
1773049196618950400,38.09795043945312,9.847661972045898,-0.32243284583091736,1.031306505203247
1773049196628984000,38.10798413085938,10.25922679901123,-0.42293140292167664,-0.7262216806411743
1773049196638951000,38.11795092773438,10.278369903564453,-1.160519003868103,0.42771705985069275
1773049196648936200,38.127936279296875,9.57906723022461,-0.24107688665390015,0.5431707501411438
1773049196658904800,38.13790478515625,8.7176513671875,-0.1453639715909958,-0.3188436031341553
1773049196668888600,38.147888671875,10.268798828125,-1.0504491329193115,1.6683956384658813
1773049196678859000,38.15785888671875,7.621140003204346,-0.5042873620986938,0.15493527054786682
1773049196688841500,38.16784155273437,8.650651931762695,0.04127619042992592,-0.13220344483852386
1773049196698721500,38.17772143554687,12.476177215576172,-0.6430711150169373,1.960319995880127
1773049196708538600,38.18753857421875,10.603793144226074,-1.275374412536621,-0.0891326442360878
1773049196718718700,38.19771875,8.813364028930664,-0.08793623000383377,-0.17527425289154053
1773049196728752600,38.20775268554687,10.072587013244629,-0.3607180118560791,1.3423734903335571
1773049196738721300,38.21772119140625,12.595818519592285,-0.6526423692703247,-0.4336991012096405
1773049196748705300,38.22770532226563,7.573283672332764,-0.6574280261993408,0.18843477964401245
1773049196758675500,38.237675537109375,8.453842163085938,-0.5330012440681458,1.5002998113632202
1773049196768658000,38.24765795898438,9.535996437072754,-0.020937198773026466,-0.20398813486099243
1773049196778629400,38.25762939453125,9.828518867492676,-1.31365966796875,1.1030912399291992
1773049196788610800,38.26761083984375,10.216156005859375,-0.31764721870422363,0.9786644577980042
1773049196798583600,38.27758349609375,8.257631301879883,-0.09272187948226929,-0.778863787651062
1773049196808564200,38.28756420898438,12.294322967529297,-1.4524433612823486,1.399801254272461
1773049196818537700,38.297537841796874,9.723235130310059,-1.00259268283844,0.6340979933738708
1773049196828517600,38.307517578125,9.258428573608398,-0.049651071429252625,-1.333998680114746
1773049196838491600,38.31749169921875,11.782258987426758,-0.18843477964401245,0.9068797826766968
1773049196848471000,38.327470947265624,9.20578670501709,-1.7443677186965942,-0.022133609279990196
1773049196858351000,38.33735107421875,7.678567886352539,-0.0687936544418335,0.03529413416981697
1773049196868169000,38.3471689453125,9.215357780456543,-0.4468596279621124,0.0687936544418335
1773049196878167000,38.3571669921875,11.341381072998047,-1.3280165195465088,1.1222338676452637
1773049196888127000,38.367126953125,8.396414756774902,-0.48035913705825806,0.8542376756668091
1773049196898121000,38.377120849609376,8.574081420898438,-0.07357929646968842,-0.012562318705022335
1773049196908084500,38.38708447265625,12.715459823608398,-0.6957131624221802,0.638883650302887
1773049196918264300,38.39726440429688,9.272786140441895,-1.1700903177261353,0.4660021960735321
1773049196928297500,38.40729736328125,10.082158088684082,0.534795880317688,0.8159525394439697
1773049196938262000,38.41726196289063,10.441082000732422,-0.37028929591178894,-0.4911268353462219
1773049196948249300,38.42724926757813,9.847661972045898,-1.1126625537872314,0.8207381963729858
1773049196958129200,38.437129150390625,8.023134231567383,-0.1788634955883026,0.916451096534729
1773049196967945500,38.44694555664063,8.909076690673828,0.06999006122350693,-0.49591249227523804
1773049196978125300,38.45712524414063,11.84447193145752,-1.0121639966964722,0.5862415432929993
1773049196988158700,38.46715869140625,7.022336483001709,-1.1940184831619263,1.2323036193847656
1773049196998124300,38.47712426757813,10.086943626403809,0.46779683232307434,-0.05563312768936157
1773049197008110600,38.48711059570312,10.436295509338379,-1.0552347898483276,0.25064817070961
1773049197018078500,38.497078369140624,11.403594970703125,-1.2131611108779907,1.7545372247695923
1773049197028063000,38.50706298828125,7.309474945068359,-0.11186445504426956,-0.31405797600746155
1773049197038032400,38.51703247070313,9.862018585205078,0.14656038582324982,0.8111668825149536
1773049197048015600,38.527015625,11.992827415466309,-1.922034740447998,1.7880367040634155
1773049197057895400,38.5368955078125,7.630711555480957,-0.19322042167186737,-0.5491527915000916
1773049197067712500,38.54671240234375,8.133204460144043,0.4295116662979126,1.0456634759902954
1773049197077707800,38.556707763671874,11.398808479309082,-1.672582983970642,0.7393822073936462
1773049197087670300,38.566670166015626,9.728020668029785,-0.9451649188995361,0.21236300468444824
1773049197097661700,38.57666162109375,7.323832035064697,0.12741780281066895,0.7154539823532104
1773049197107627000,38.586626953125,11.992827415466309,-0.5473581552505493,-0.3810569941997528
1773049197117807000,38.59680712890625,10.254441261291504,-1.069591760635376,1.0121639966964722
1773049197127839700,38.60683984375,8.947361946105957,-0.5282155871391296,1.3184453248977661
1773049197137802800,38.616802734375,10.402796745300293,0.381655216217041,-1.0755738019943237
1773049197147791000,38.626791015625,10.101301193237305,-1.1222338676452637,0.14057832956314087
1773049197157671200,38.63667114257812,9.7998046875,-0.42293140292167664,1.4141582250595093
1773049197167487000,38.646487060546875,7.9657063484191895,-0.31764721870422363,-0.3762713670730591
1773049197177478000,38.65647778320312,11.58544921875,-0.5138586759567261,0.7872386574745178
1773049197187444000,38.66644384765625,8.923434257507324,-1.007378339767456,0.8542376756668091
1773049197197623800,38.676623779296875,8.889934539794922,-0.1740778535604477,-0.0077766734175384045
1773049197207656700,38.68665673828125,9.972088813781738,-0.7627122402191162,0.9116654396057129
1773049197217619000,38.696618896484374,9.847661972045898,-0.21236300468444824,-0.6783652305603027
1773049197227607800,38.70660791015625,9.57906723022461,-0.8063812255859375,1.5774682760238647
1773049197237573000,38.71657299804688,10.757532119750977,-0.7579265832901001,1.2370892763137817
1773049197247559700,38.7265595703125,9.976874351501465,0.3290131092071533,-1.0516455173492432
1773049197257527300,38.73652734375,10.249655723571777,-1.0408778190612793,0.9643075466156006
1773049197267511800,38.74651171875,9.986445426940918,-0.8877372145652771,1.4141582250595093
1773049197277481500,38.7564814453125,8.588438987731934,0.2183450609445572,-0.865005373954773
1773049197287464400,38.76646435546875,10.292726516723633,-0.9260223507881165,0.3655036687850952
1773049197297344500,38.77634448242188,9.358927726745605,-0.9212366938591003,1.3184453248977661
1773049197307161600,38.78616162109375,8.59322452545166,-0.12622138857841492,-0.03170489892363548
1773049197317341400,38.796341552734376,10.627721786499023,-0.28893333673477173,1.1748759746551514
1773049197327375600,38.80637573242188,9.93380355834961,-0.5473581552505493,-0.31405797600746155
1773049197337343500,38.81634350585937,8.449056625366211,-0.7435696125030518,1.1988041400909424
1773049197347327700,38.82632763671875,9.742377281188965,-0.13100704550743103,1.00259268283844
1773049197357207800,38.83620776367187,10.374082565307617,-0.15972091257572174,-0.9559326171875
1773049197367024600,38.84602465820313,10.28315544128418,-1.6103696823120117,1.6923238039016724
1773049197377019000,38.856018798828124,7.865208148956299,0.06041877344250679,0.4707878530025482
1773049197386982100,38.865982177734374,9.804591178894043,0.09391828626394272,-0.39062830805778503
1773049197397162000,38.87616186523437,10.704890251159668,-1.1988041400909424,1.5050854682922363
1773049197407195400,38.8861953125,7.898707389831543,-0.2602194547653198,0.5623133182525635
1773049197417160000,38.896159912109376,9.723235130310059,-0.40378883481025696,0.7680960893630981
1773049197427147000,38.90614697265625,11.020742416381836,-0.020937198773026466,0.21236300468444824
1773049197437114000,38.91611401367187,10.445867538452148,-0.8638089895248413,1.1940184831619263
1773049197447099100,38.92609912109375,9.632308006286621,-0.6717849373817444,0.3655036687850952
1773049197456979000,38.93597900390625,9.153144836425781,0.12741780281066895,-0.5635097622871399
1773049197466795800,38.94579565429687,11.37488079071045,-0.7387840151786804,0.9595218896865845
1773049197476789200,38.955789306640625,10.139585494995117,-1.2705888748168945,0.9882357716560364
1773049197486753000,38.9657529296875,7.941778182983398,-0.22193430364131927,-0.4576273262500763
1773049197496932900,38.975932861328126,10.311869621276855,-0.39421752095222473,0.6867401003837585
1773049197506966300,38.98596630859375,11.317452430725098,-1.0408778190612793,0.9403793215751648
1773049197516930300,38.995930419921876,8.971290588378906,-1.2418749332427979,0.35114672780036926
1773049197526917600,39.005917724609375,8.291130065917969,-0.025722842663526535,0.2602194547653198
1773049197536884200,39.01588427734375,10.838888168334961,-1.0791629552841187,0.006580262444913387
1773049197546869800,39.02586987304687,10.307083129882812,-0.882951557636261,0.9643075466156006
1773049197556838700,39.03583862304688,8.904291152954102,-0.5330012440681458,0.10707881301641464
1773049197566822100,39.045822265625,10.125228881835938,-0.6526423692703247,0.42293140292167664
1773049197576792600,39.05579248046875,9.814162254333496,-0.6239284873008728,0.05922235921025276
1773049197586775000,39.06577514648438,9.392427444458008,-1.1318050622940063,0.8207381963729858
1773049197596746800,39.07574682617187,9.378069877624512,-0.5042873620986938,1.3040883541107178
1773049197606728000,39.08572802734375,9.756733894348145,-0.26500511169433594,-1.3100703954696655
1773049197616701000,39.09570092773438,9.334999084472656,-0.8733802437782288,1.423729419708252
1773049197626681300,39.10568139648438,9.89551830291748,-1.5002998113632202,1.2562319040298462
1773049197636654800,39.11565478515625,9.282357215881348,-0.18364913761615753,-1.2526426315307617
1773049197646634800,39.125634765625,9.507282257080078,-0.7920243144035339,0.9786644577980042
1773049197656609000,39.13560913085937,11.149955749511719,-1.8406788110733032,1.4572290182113647
1773049197666588200,39.145588134765624,9.157930374145508,-1.9507486820220947,0.18364913761615753
1773049197676468200,39.15546826171875,8.051848411560059,-0.4133601188659668,-0.33798620104789734
1773049197686286000,39.1652861328125,10.091729164123535,-0.32721850275993347,0.9595218896865845
1773049197696466200,39.175466064453126,11.734402656555176,-0.6909275650978088,1.2801600694656372
1773049197706500600,39.18550048828125,8.923434257507324,-1.1365907192230225,0.39421752095222473
1773049197716471000,39.195470947265626,8.382058143615723,-0.4420739710330963,-0.9798609018325806
1773049197726453500,39.20545361328125,10.345368385314941,-1.835893154144287,1.7258232831954956
1773049197736425200,39.21542529296875,10.867602348327637,-0.1501496136188507,0.2554338276386261
1773049197746406700,39.22540673828125,9.473783493041992,0.13220344483852386,-0.9272187948226929
1773049197756286500,39.23528637695313,10.307083129882812,-1.581655740737915,1.3040883541107178
1773049197766104000,39.24510400390625,8.952147483825684,-0.8015955686569214,0.355932354927063
1773049197776100600,39.2551005859375,9.397212982177734,-0.3080759048461914,1.0360921621322632
1773049197786061800,39.265061767578125,11.389237403869629,-0.9834501147270203,1.428515076637268
1773049197796054500,39.27505444335937,9.488140106201172,-1.074377417564392,0.03529413416981697
1773049197806018800,39.285018798828126,8.281558990478516,-0.3655036687850952,-0.15134602785110474
1773049197816199000,39.29519897460938,10.05823040008545,-0.7770691514015198,1.2083754539489746
1773049197826231800,39.30523168945312,11.518449783325195,-1.4572290182113647,0.638883650302887
1773049197836195600,39.315195556640624,8.157132148742676,-0.07357929646968842,-0.8219345808029175
1773049197846183400,39.325183349609375,9.06700325012207,-1.0217353105545044,0.9595218896865845
1773049197856063200,39.335063232421874,11.647662162780762,-0.8350951075553894,1.4189438819885254
1773049197865879600,39.34487963867188,7.874779224395752,-0.3655036687850952,-0.19920247793197632
1773049197875870700,39.35487060546875,9.46899700164795,-0.7004988193511963,0.32243284583091736
1773049197885836300,39.36483618164063,9.507282257080078,-1.031306505203247,1.2035897970199585
1773049197895824600,39.37482470703125,9.670592308044434,-0.3846462368965149,-0.6831508874893188
1773049197905792500,39.38479248046875,9.464211463928223,-1.4093725681304932,1.7258232831954956
1773049197915972400,39.394972412109375,9.728020668029785,-0.50907301902771,0.7776673436164856
1773049197926005000,39.4050048828125,10.36929702758789,-0.6430711150169373,-1.2047861814498901
1773049197935965700,39.41496557617187,9.871589660644531,-0.9643075466156006,1.740180253982544
1773049197945955800,39.42495581054688,9.598209381103516,-0.4181457459926605,0.5527420043945312
1773049197955920000,39.434919921875,10.17308521270752,-1.2131611108779907,0.26979073882102966
1773049197965907500,39.44490747070312,8.92821979522705,-0.29371899366378784,0.13579268753528595
1773049197975874000,39.4548740234375,9.2919282913208,-0.666999340057373,0.48514479398727417
1773049197985859300,39.464859375,11.21216869354248,-1.495514154434204,1.2131611108779907
1773049197995828200,39.474828125,8.444271087646484,-0.08793623000383377,-0.711864709854126
1773049198005812000,39.48481201171875,10.378868103027344,-0.8398807644844055,0.9212366938591003
1773049198015782400,39.49478247070312,11.355737686157227,-0.8973084688186646,0.7058826684951782
1773049198025764600,39.5047646484375,8.74636459350586,-0.6478567123413086,0.2027917206287384
1773049198035736300,39.514736328125,9.656235694885254,-0.3798605799674988,0.5958128571510315
1773049198045717800,39.5247177734375,9.818947792053223,-0.8542376756668091,-0.0077766734175384045
1773049198055690500,39.5346904296875,9.905089378356934,-1.1174482107162476,1.3519448041915894
1773049198065671200,39.544671142578125,8.813364028930664,-0.5760720372200012,-0.046061836183071136
1773049198075644700,39.55464477539063,9.311071395874023,-0.47557350993156433,-0.2997010350227356
1773049198085624300,39.564624267578125,9.775876998901367,-0.8925228714942932,1.7306089401245117
1773049198095504400,39.57450439453125,9.914660453796387,-0.9260223507881165,-0.3523431420326233
1773049198105322200,39.584322265625,8.516056060791016,-0.4660021960735321,-0.1704886108636856
1773049198115502000,39.594502197265626,9.90987491607666,-0.9499505758285522,2.266601324081421
1773049198125536800,39.60453686523437,11.715259552001953,-0.633499801158905,0.4707878530025482
1773049198135506700,39.614506591796875,8.204988479614258,-0.7674978375434875,-0.05563312768936157
1773049198145489400,39.62448950195313,8.813364028930664,-0.45164528489112854,1.069591760635376
1773049198155369500,39.63436938476563,9.694520950317383,-0.5138586759567261,0.2027917206287384
1773049198165186600,39.6441865234375,9.08135986328125,-0.8207381963729858,0.12622138857841492
1773049198175366700,39.65436669921875,9.339784622192383,-1.3040883541107178,0.8398807644844055
1773049198185400600,39.66440063476563,9.000003814697266,-0.6191428303718567,0.15972091257572174
1773049198195280600,39.67428076171875,10.834102630615234,-0.6717849373817444,0.2315055876970291
1773049198205097000,39.68409692382812,10.671390533447266,-0.666999340057373,0.31764721870422363
1773049198215277000,39.69427709960937,8.904291152954102,-0.7292127013206482,0.5186443328857422
1773049198225353700,39.704353759765624,10.063015937805176,-1.0600204467773438,1.404586911201477
1773049198235233500,39.71423364257812,9.627521514892578,0.06520441919565201,-0.7692924737930298
1773049198245048800,39.724048828125,9.900303840637207,-1.7874385118484497,2.2570300102233887
1773049198255231200,39.73423120117187,10.75274658203125,-0.3128615617752075,-0.022133609279990196
1773049198265218800,39.74421875,6.7351975440979,-0.025722842663526535,-0.7836494445800781
1773049198275185200,39.75418505859375,11.791830062866211,-1.5194423198699951,0.7872386574745178
1773049198285170700,39.764170654296876,9.086145401000977,-0.7339983582496643,0.24586252868175507
1773049198295050800,39.77405078125,9.890732765197754,-0.7148557901382446,0.48514479398727417
1773049198304867300,39.78386743164062,11.532807350158691,-1.3950155973434448,1.5337992906570435
1773049198315047400,39.79404736328125,9.248857498168945,-0.06400800496339798,-0.8793623447418213
1773049198325080800,39.80408081054688,10.704890251159668,-1.0265209674835205,0.09272187948226929
1773049198335047400,39.81404736328125,9.004789352416992,-0.9786644577980042,1.3184453248977661
1773049198345033000,39.824032958984375,9.876375198364258,-0.5521438121795654,0.47557350993156433
1773049198355001600,39.834001708984374,10.608579635620117,-0.9260223507881165,0.07836493849754333
1773049198364985300,39.8439853515625,9.08135986328125,-0.7483552694320679,0.4468596279621124
1773049198374955800,39.85395581054688,9.358927726745605,-0.600000262260437,0.3032902777194977
1773049198384938200,39.86393823242187,9.593423843383789,-0.8015955686569214,1.3567304611206055
1773049198394910000,39.873909912109376,10.551151275634766,-0.7968099117279053,0.16450655460357666
1773049198404891100,39.88389111328125,8.267202377319336,-0.6717849373817444,-0.4624129831790924
1773049198414864000,39.89386376953125,9.680164337158203,-0.9403793215751648,1.8837496042251587
1773049198424844500,39.903844482421874,11.355737686157227,-0.6574280261993408,0.1501496136188507
1773049198434724600,39.913724609375,8.578866958618164,-0.39900317788124084,-0.9607182741165161
1773049198444542200,39.923542236328124,9.296713829040527,-0.9882357716560364,1.6683956384658813
1773049198454722000,39.93372216796875,10.240084648132324,-0.8973084688186646,0.638883650302887
1773049198464756500,39.94375659179688,9.871589660644531,-0.849452018737793,0.04486542567610741
1773049198474726100,39.95372607421875,9.157930374145508,-0.21714866161346436,0.638883650302887
1773049198484709000,39.963709228515626,9.44028377532959,-0.916451096534729,0.37507495284080505
1773049198494680300,39.97368041992188,10.896316528320312,-1.5960127115249634,1.7258232831954956
1773049198504662000,39.983662109375,8.425128936767578,0.026919255033135414,-0.1657029688358307
1773049198514634200,39.99363427734375,9.502496719360352,-0.7824530005455017,0.605384111404419
1773049198524615200,40.003615234375,11.69133186340332,-1.0552347898483276,0.1740778535604477
1773049198534588400,40.01358837890625,8.569295883178711,-0.5282155871391296,0.29850462079048157
1773049198544568300,40.023568359375,10.264012336730957,-0.7339983582496643,0.389431893825531
1773049198554542600,40.03354248046875,9.804591178894043,-1.2035897970199585,0.1453639715909958
1773049198564522000,40.04352197265625,10.005587577819824,-0.29850462079048157,0.42293140292167664
1773049198574496500,40.05349658203125,9.852447509765625,-0.8159525394439697,0.20757736265659332
1773049198584475600,40.0634755859375,8.894720077514648,-0.7052844762802124,-0.01734796352684498
1773049198594355500,40.07335546875,9.000003814697266,-1.1318050622940063,1.184447169303894
1773049198604173600,40.083173583984376,10.393224716186523,-0.4085744619369507,0.001794616924598813
1773049198614353700,40.09335375976563,9.502496719360352,-0.8638089895248413,0.7585247755050659
1773049198624388000,40.10338818359375,10.345368385314941,-0.9403793215751648,0.2841476798057556
1773049198634358800,40.11335888671875,8.822935104370117,-0.2267199456691742,-0.251844584941864
1773049198644341000,40.12334106445312,10.642078399658203,-0.8925228714942932,0.3367897868156433
1773049198654312700,40.133312744140625,10.091729164123535,-1.337587833404541,1.3854442834854126
1773049198664294000,40.1432939453125,8.329415321350098,-0.355932354927063,0.37507495284080505
1773049198674267000,40.15326684570312,10.460224151611328,-0.5665007829666138,-0.6113662123680115
1773049198684247300,40.16324731445312,10.340582847595215,-1.1126625537872314,0.7393822073936462
1773049198694221000,40.17322094726563,7.8556365966796875,-0.6813562512397766,0.7489534616470337
1773049198704200700,40.18320068359375,9.478569030761719,-0.7968099117279053,0.3655036687850952
1773049198714175200,40.19317529296875,9.991230964660645,-0.4372883439064026,-0.5778666734695435
1773049198724154400,40.203154296875,9.766305923461914,-1.557727575302124,1.6109678745269775
1773049198734129200,40.21312915039063,9.651450157165527,-0.28893333673477173,-0.18484555184841156
1773049198744108000,40.22310791015625,10.268798828125,-0.47557350993156433,-1.2095718383789062
1773049198753987800,40.23298779296875,11.12602710723877,-1.5864413976669312,1.922034740447998
1773049198763806000,40.242805908203124,8.875576972961426,-0.12622138857841492,0.24586252868175507
1773049198773986000,40.252986083984375,9.502496719360352,-0.6287141442298889,-1.482353687286377
1773049198784020500,40.2630205078125,10.613365173339844,-1.4380863904953003,1.184447169303894
1773049198793900500,40.27290063476563,9.071788787841797,-0.45643091201782227,-0.3475574851036072
1773049198803717600,40.282717529296875,9.043074607849121,-0.8207381963729858,-0.4145565330982208
1773049198813673700,40.292673828125,9.976874351501465,-0.5282155871391296,0.18364913761615753
1773049198823632400,40.30263232421875,10.17308521270752,-1.5672988891601562,0.006580262444913387
1773049198833812500,40.3128125,9.790233612060547,-0.4420739710330963,-0.4576273262500763
1773049198843889200,40.32288916015625,9.1052885055542,-0.48514479398727417,-0.6400800347328186
1773049198853892400,40.332892333984375,12.576675415039062,-1.2035897970199585,-0.14656038582324982
1773049198863883500,40.342883544921875,8.985647201538086,-1.1653046607971191,0.001794616924598813
1773049198873807600,40.3528076171875,9.651450157165527,-0.12143574655056,-0.6544370055198669
1773049198883792100,40.362792236328126,10.101301193237305,-0.5521438121795654,-0.4384847581386566
1773049198893761800,40.37276171875,10.335797309875488,-1.6821542978286743,-0.4815555512905121
1773049198903744800,40.382744873046875,7.429116249084473,-0.5856433510780334,0.030508488416671753
1773049198913715700,40.3927158203125,9.459425926208496,0.12741780281066895,-0.8745766878128052
1773049198933670000,40.412669921875,9.387641906738281,-1.1318050622940063,-0.01734796352684498
1773049198943650800,40.42265087890625,8.612366676330566,0.33379876613616943,-0.2709871530532837
1773049198953624000,40.4326240234375,12.06939697265625,-1.643869161605835,-1.583450436592102
1773049198963604200,40.44260424804688,9.339784622192383,-1.007378339767456,-0.3475574851036072
1773049198973578000,40.45257788085937,8.13798999786377,0.13220344483852386,-0.44327038526535034
1773049198983557600,40.4625576171875,10.690533638000488,-0.8781659007072449,-0.7310073375701904
1773049198993532200,40.4725322265625,9.713663101196289,-1.8598214387893677,-0.050847481936216354
1773049199003511300,40.48251123046875,8.315058708190918,-0.12622138857841492,-0.7740781307220459
1773049199013486300,40.492486328125,9.929018020629883,-0.40378883481025696,-0.7405785918235779
1773049199023465000,40.50246484375,11.743973731994629,-1.831107497215271,-0.3475574851036072
1773049199033440300,40.51244018554687,7.1850481033325195,-0.29371899366378784,-0.5252245664596558
1773049199043418600,40.52241870117187,10.608579635620117,-0.7292127013206482,-1.1425727605819702
1773049199053394400,40.53239453125,11.394022941589355,-1.3040883541107178,-0.5682953596115112
1773049199063372500,40.54237255859375,8.46341323852539,-0.6095715761184692,-0.4049852192401886
1773049199073348600,40.5523486328125,9.229715347290039,-0.39421752095222473,-1.2143574953079224
1773049199083326200,40.562326171875,10.719246864318848,-0.9930213689804077,-1.171286702156067
1773049199093302500,40.57230249023438,9.550353050231934,-0.8638089895248413,-0.8793623447418213
1773049199103280400,40.5822802734375,8.598010063171387,-0.9595218896865845,-0.5635097622871399
1773049199113256700,40.592256591796875,10.412367820739746,-0.7004988193511963,-0.9798609018325806
1773049199123234300,40.602234375,10.139585494995117,-1.3184453248977661,-1.1042876243591309
1773049199133211000,40.6122109375,10.38365364074707,-0.5521438121795654,-0.6113662123680115
1773049199143188200,40.62218823242188,8.602795600891113,-0.542572557926178,-0.7740781307220459
1773049199153164800,40.63216479492188,11.384451866149902,-1.672582983970642,-0.7740781307220459
1773049199163142100,40.64214208984375,9.196215629577637,-0.13100704550743103,-0.5778666734695435
1773049199173119000,40.652118896484374,10.216156005859375,-1.6821542978286743,-0.7214360237121582
1773049199183096300,40.66209643554687,10.834102630615234,-0.19800607860088348,-0.7980063557624817
1773049199193073000,40.67207299804687,8.794221878051758,-1.3423734903335571,-0.9272187948226929
1773049199203050200,40.68205029296875,11.72004508972168,-0.7148557901382446,-0.8506484627723694
1773049199213027000,40.692027099609376,8.554341316223145,-0.7292127013206482,-0.4384847581386566
1773049199223004200,40.70200415039063,10.455438613891602,-0.9020941257476807,-0.9463613629341125
1773049199232981000,40.71198095703125,9.19143009185791,-1.2658032178878784,-0.3044866919517517
1773049199242958300,40.721958251953126,9.876375198364258,-0.45164528489112854,-0.8697910308837891
1773049199252935200,40.73193505859375,9.747162818908691,-0.9547362327575684,-0.8793623447418213
1773049199262912300,40.74191235351562,9.45464038848877,-0.9355936646461487,0.39421752095222473
1773049199272889300,40.751889404296875,9.905089378356934,-0.9643075466156006,-1.0516455173492432
1773049199282866400,40.76186645507813,10.307083129882812,-1.074377417564392,-0.5102694034576416
1773049199292843300,40.77184326171875,10.445867538452148,-0.5856433510780334,-0.2231307178735733
1773049199302820400,40.7818203125,8.727222442626953,-0.9403793215751648,-0.9750752449035645
1773049199312797400,40.79179736328125,9.852447509765625,-0.47557350993156433,-0.6783652305603027
1773049199322774500,40.8017744140625,9.637093544006348,-1.490728497505188,-0.6448656916618347
1773049199332751600,40.811751708984374,9.06700325012207,-0.7339983582496643,0.494716078042984
1773049199342728700,40.82172875976563,9.449854850769043,-0.5330012440681458,-1.0037890672683716
1773049199352705500,40.83170556640625,9.608379364013672,-0.5569294691085815,-0.4863412082195282
1773049199362682600,40.8416826171875,10.01994514465332,-1.4763715267181396,0.8303094506263733
1773049199372659700,40.85165966796875,8.248059272766113,-1.0887342691421509,-1.1617153882980347
1773049199382636500,40.86163647460938,10.05823040008545,-0.12143574655056,-0.5102694034576416
1773049199392613600,40.87161352539062,12.974482536315918,-1.9746768474578857,0.6675975322723389
1773049199402590700,40.8815908203125,9.20578670501709,-0.40378883481025696,-0.8745766878128052
1773049199412567800,40.89156787109375,8.458627700805664,-0.9978070259094238,-0.3475574851036072
1773049199422545000,40.901544921875,12.04068374633789,-1.3423734903335571,0.16929219663143158
1773049199432521700,40.91152172851562,7.5637125968933105,-0.8877372145652771,-0.9990034699440002
1773049199442498800,40.921498779296876,10.7766752243042,-0.4133601188659668,0.04486542567610741
1773049199452476000,40.93147583007813,8.075776100158691,-0.7148557901382446,-0.8027920126914978
1773049199462453000,40.94145288085937,10.192228317260742,-1.5672988891601562,-0.07956135272979736
1773049199472430000,40.95143017578125,10.992029190063477,-1.5146567821502686,0.7202396392822266
1773049199482407000,40.96140698242188,10.512866020202637,-1.0600204467773438,-1.932802438735962
1773049199492384000,40.97138403320312,11.739188194274902,-1.1270195245742798,1.557727575302124
1773049199502361000,40.981361083984375,10.359725952148438,0.022133609279990196,-0.026919255033135414
1773049199512338200,40.99133813476563,9.196215629577637,-0.2027917206287384,-1.32921302318573
1773049199522315300,41.00131518554687,8.813364028930664,-3.377469062805176,-0.4815555512905121
1773049199532253400,41.01125341796875,6.198606967926025,0.15134602785110474,-0.0029910283628851175
1773049199542226400,41.021226318359375,11.059027671813965,-0.4420739710330963,-0.1657029688358307
1773049199552207400,41.03120727539063,12.749557495117188,-2.5250260829925537,-0.36191442608833313
1773049199562181400,41.041181396484376,7.793423175811768,-0.7579265832901001,-1.0707881450653076
1773049199572161500,41.05116162109375,10.417153358459473,-1.2897313833236694,0.32243284583091736
1773049199582136000,41.061135986328125,12.007184028625488,-0.8925228714942932,-0.06999006122350693
1773049199592115500,41.07111547851562,10.000802040100098,-1.5194423198699951,-0.1657029688358307
1773049199602090500,41.081090576171874,8.574081420898438,-0.19322042167186737,-0.7932206988334656
1773049199612108300,41.0911083984375,7.055835723876953,-0.8446664214134216,-0.3044866919517517
1773049199622087700,41.10108764648437,11.154741287231445,-2.472383975982666,0.05922235921025276
1773049199632023600,41.1110234375,6.7351975440979,-0.389431893825531,-0.625723123550415
1773049199641998600,41.12099853515625,10.953743934631348,-0.7339983582496643,-0.5204389095306396
1773049199651977700,41.13097778320312,10.220941543579102,-1.6582261323928833,0.3415754437446594
1773049199661953000,41.140953125,7.793423175811768,-1.1748759746551514,-1.0133603811264038
1773049199671932000,41.150931884765626,10.17308521270752,-0.7100701332092285,-0.33798620104789734
1773049199681907500,41.16090747070312,10.7766752243042,-0.8111668825149536,0.4325026869773865
1773049199691924700,41.1709248046875,9.723235130310059,-1.4141582250595093,-0.7070791125297546
1773049199701904600,41.18090454101562,8.396414756774902,-1.6917256116867065,0.11665010452270508
1773049199711840000,41.19084008789063,9.239286422729492,-0.2745763957500458,0.8446664214134216
1773049199721815300,41.20081518554687,10.9633150100708,-1.3040883541107178,-0.42412781715393066
1773049199731677700,41.210677734375,8.612366676330566,-0.8255237936973572,-0.5730810165405273
1773049199741641700,41.22064184570313,7.036693096160889,-0.9690931439399719,0.5288137793540955
1773049199751670300,41.23067016601563,10.460224151611328,-1.3950155973434448,-0.5395814776420593
1773049199761641000,41.24064086914063,9.483354568481445,-1.337587833404541,-0.012562318705022335
1773049199771585500,41.25058544921875,9.593423843383789,-0.8925228714942932,0.5335994362831116
1773049199781553700,41.2605537109375,10.220941543579102,-1.2705888748168945,-0.4863412082195282
1773049199791500800,41.27050073242187,10.747961044311523,-1.6917256116867065,-0.6448656916618347
1773049199801466600,41.280466552734374,10.177870750427246,-1.2035897970199585,0.5240281820297241
1773049199811416000,41.290416015625,9.7998046875,-0.15493527054786682,-0.3284149169921875
1773049199821380400,41.30038037109375,9.56471061706543,-1.2370892763137817,0.39900317788124084
1773049199831370000,41.310369873046874,9.071788787841797,-2.252244234085083,-0.3475574851036072
1773049199841336800,41.3203369140625,6.184250354766846,-0.6191428303718567,-0.47676992416381836
1773049199851324000,41.33032397460938,10.853245735168457,-0.9499505758285522,-0.7262216806411743
1773049199861292800,41.34029272460938,11.3509521484375,-2.659024238586426,0.12143574655056
1773049199871161900,41.35016186523438,9.06700325012207,-1.8885352611541748,0.9834501147270203
1773049199881120800,41.36012084960937,9.583852767944336,-0.13100704550743103,-1.089930772781372
1773049199891076900,41.37007690429687,12.236894607543945,-0.8159525394439697,-0.5204389095306396
1773049199901035500,41.380035400390625,11.796615600585938,-2.8552355766296387,1.2179467678070068
1773049199911030800,41.39003076171875,4.996811866760254,-0.5665007829666138,-0.4145565330982208
1773049199920993000,41.39999291992188,7.275975227355957,0.3433700501918793,-0.7070791125297546
1773049199930907400,41.409907470703125,15.033506393432617,-3.3056845664978027,-1.022931694984436
1773049199940865000,41.41986499023437,8.861220359802246,-2.7451658248901367,2.046461582183838
1773049199950822700,41.42982275390625,5.964110374450684,0.3290131092071533,-0.44327038526535034
1773049199960780000,41.43978002929688,12.730414390563965,-1.922034740447998,-2.2677977085113525
1773049199970660600,41.44966064453125,13.151551246643066,-2.510669231414795,1.1700903177261353
1773049199980610600,41.459610595703126,6.7208404541015625,-0.39900317788124084,-0.5102694034576416
1773049199990614300,41.4696142578125,9.766305923461914,-0.6957131624221802,-1.6791633367538452
1773049200000569600,41.47956958007813,10.685748100280762,-2.5489542484283447,0.03529413416981697
1773049200010491000,41.48949096679687,9.814162254333496,-2.1469600200653076,0.1501496136188507
1773049200020443000,41.49944287109375,8.190631866455078,-0.5569294691085815,-0.865005373954773
1773049200030483000,41.50948291015625,10.235299110412598,-1.4428720474243164,-0.23270200192928314
1773049200040444000,41.51944384765625,11.030314445495605,-2.103889226913452,-0.012562318705022335
1773049200050623700,41.52962377929688,8.300702095031738,-1.7587246894836426,0.054436713457107544
1773049200060803800,41.53980395507813,10.17308521270752,-0.9403793215751648,-0.012562318705022335
1773049200070983700,41.54998364257813,10.005587577819824,-1.0600204467773438,0.28893333673477173
1773049200081049000,41.56004907226563,9.272786140441895,-1.9124635457992554,-0.01734796352684498
1773049200090966800,41.569966796875,8.090133666992188,-2.300100803375244,-0.11306086927652359
1773049200100956400,41.57995629882812,8.875576972961426,-0.9355936646461487,-0.6975077986717224
1773049200110959900,41.5899599609375,11.159526824951172,-1.00259268283844,-0.1417747437953949
1773049200120950800,41.59995068359375,10.445867538452148,-2.7834508419036865,1.0456634759902954
1773049200130913800,41.609913818359374,8.563912391662598,-1.6630117893218994,-0.3044866919517517
1773049200140902100,41.61990209960938,9.06700325012207,-0.5521438121795654,-0.8937192559242249
1773049200150868000,41.62986791992188,12.145967483520508,-1.8263218402862549,0.7393822073936462
1773049200160854000,41.63985400390625,9.019146919250488,-2.6111676692962646,0.34636107087135315
1773049200170822100,41.649822265625,7.06062126159668,-1.160519003868103,-1.2191431522369385
1773049200180806400,41.65980639648438,10.747961044311523,-1.0648061037063599,-0.5150550603866577
1773049200190776300,41.6697763671875,11.921042442321777,-2.376671075820923,1.098305583000183
1773049200200759000,41.679759033203126,8.200202941894531,-1.6295121908187866,0.6293123364448547
1773049200210730500,41.68973046875,7.453044414520264,-0.5712863802909851,-1.2813565731048584
1773049200220712200,41.69971215820313,11.791830062866211,-2.4532413482666016,-0.4336991012096405
1773049200230684400,41.709684326171875,10.417153358459473,-1.9172492027282715,-0.0077766734175384045
1773049200240665300,41.71966528320313,7.8317084312438965,-0.7770691514015198,-0.5395814776420593
1773049200250545200,41.729545166015626,11.054242134094238,-1.8065811395645142,-0.45284169912338257
1773049200260425200,41.73942529296875,10.690533638000488,-2.18045973777771,-0.26620152592658997
1773049200270359800,41.74935986328125,8.976076126098633,-1.5242279767990112,0.13100704550743103
1773049200280321500,41.75932153320313,9.148359298706055,-1.0408778190612793,0.6245267391204834
1773049200290501600,41.76950170898437,9.637093544006348,-1.1222338676452637,-1.2717852592468262
1773049200300535000,41.77953515625,9.244071960449219,-1.9507486820220947,0.39900317788124084
1773049200310500600,41.78950048828125,8.889934539794922,-1.5625132322311401,-0.7597211599349976
1773049200320487000,41.79948681640625,9.282357215881348,-1.5912270545959473,0.5575276613235474
1773049200330454800,41.809454833984375,11.10209846496582,-1.672582983970642,0.21236300468444824
1773049200340439000,41.81943896484375,8.813364028930664,-1.4620146751403809,-0.9080761671066284
1773049200350409000,41.82940893554687,10.197013854980469,-2.0608184337615967,0.6675975322723389
1773049200360391700,41.8393916015625,10.082158088684082,-1.7060825824737549,-0.3475574851036072
1773049200370271700,41.849271728515625,9.90987491607666,-1.160519003868103,-0.29012975096702576
1773049200380088800,41.8590888671875,10.527223587036133,-1.7395820617675781,-0.15134602785110474
1773049200390269000,41.86926904296875,9.78544807434082,-1.9316060543060303,0.10707881301641464
1773049200400302800,41.879302734375,9.507282257080078,-1.6534404754638672,-0.12263216078281403
1773049200410271000,41.88927099609375,8.789435386657715,-0.9690931439399719,-0.9032905697822571
1773049200420255200,41.89925512695312,9.89551830291748,-1.5290136337280273,-0.15613168478012085
1773049200430225200,41.90922509765625,9.339784622192383,-2.084746837615967,-0.04127619042992592
1773049200440208000,41.91920776367188,8.94257640838623,-1.3758729696273804,-0.9080761671066284
1773049200450088000,41.929087890625,10.316655158996582,-1.5146567821502686,0.020937198773026466
1773049200459905000,41.938905029296876,10.206584930419922,-1.8406788110733032,0.8111668825149536
1773049200469900500,41.94890063476562,8.50169849395752,-1.3184453248977661,-1.0612168312072754
1773049200479862800,41.95886279296875,9.392427444458008,-1.672582983970642,0.3128615617752075
1773049200490042600,41.96904272460937,10.546365737915039,-1.9794625043869019,0.05922235921025276
1773049200500076000,41.97907592773438,8.98086166381836,-1.5242279767990112,-0.9750752449035645
1773049200510041300,41.98904125976563,9.220144271850586,-1.222732424736023,0.01615155301988125
1773049200520028000,41.99902783203125,10.488938331604004,-2.18045973777771,0.7537391185760498
1773049200529995500,42.00899560546875,9.009575843811035,-1.9268203973770142,-0.6209374666213989
1773049200539980000,42.01897998046875,9.076574325561523,-1.8789639472961426,0.03529413416981697
1773049200549949400,42.02894946289062,9.000003814697266,-0.9930213689804077,-1.0947163105010986
1773049200559932700,42.0389326171875,10.469795227050781,-1.8113667964935303,-0.11306086927652359
1773049200569812700,42.048812744140626,10.700104713439941,-1.8646070957183838,1.1700903177261353
1773049200579629800,42.0586298828125,9.023932456970215,-1.667797327041626,-1.2765709161758423
1773049200589809700,42.0688095703125,10.38365364074707,-1.989033818244934,-0.3188436031341553
1773049200599843600,42.078843505859375,10.230513572692871,-1.710868239402771,1.074377417564392
1773049200609811700,42.08881176757812,10.04865837097168,-1.643869161605835,-1.3196417093276978
1773049200619796000,42.0987958984375,9.229715347290039,-1.6247265338897705,-0.4384847581386566
1773049200629766000,42.108765869140626,9.363713264465332,-1.893320918083191,-0.45284169912338257
1773049200639748600,42.11874853515625,8.22413158416748,-1.4811571836471558,-0.5874379873275757
1773049200649720000,42.12871997070312,9.689735412597656,-1.8646070957183838,-0.23748764395713806
1773049200659701500,42.13870141601563,9.761520385742188,-2.15653133392334,-0.4097708761692047
1773049200669581600,42.14858154296875,9.215357780456543,-1.6103696823120117,0.3080759048461914
1773049200679399000,42.15839892578125,10.187442779541016,-1.6630117893218994,0.01136590726673603
1773049200689579000,42.1685791015625,10.220941543579102,-2.0512471199035645,-1.0133603811264038
1773049200699613200,42.17861328125,10.287940979003906,-1.8598214387893677,1.0456634759902954
1773049200709582000,42.18858203125,10.197013854980469,-1.8646070957183838,0.0975075215101242
1773049200719565600,42.19856567382813,9.272786140441895,-1.1174482107162476,0.13579268753528595
1773049200729536300,42.20853637695313,9.588638305664062,-2.022533416748047,0.7441678643226624
1773049200739518500,42.2185185546875,8.118846893310547,-2.2091734409332275,-1.0995019674301147
1773049200749398500,42.2283984375,8.602795600891113,-1.7682958841323853,-0.23270200192928314
1773049200759215600,42.238215576171875,10.479366302490234,-2.084746837615967,-0.13220344483852386
1773049200769395700,42.248395751953126,10.608579635620117,-2.0751755237579346,-0.9655039310455322
1773049200779430000,42.25842993164063,9.229715347290039,-1.989033818244934,0.22193430364131927
1773049200789309700,42.268309814453126,10.40758228302002,-2.1134605407714844,0.6197410821914673
1773049200799126300,42.27812622070312,11.063814163208008,-2.2618155479431152,0.030508488416671753
1773049200809306400,42.28830639648437,9.713663101196289,-2.2187447547912598,-0.3188436031341553
1773049200819340000,42.29834008789062,9.54078197479248,-1.7730815410614014,-0.12741780281066895
1773049200829306400,42.308306396484376,9.613164901733398,-1.2897313833236694,-1.1473584175109863
1773049200839292000,42.3182919921875,10.177870750427246,-2.606382131576538,0.5910272002220154
1773049200849260500,42.32826049804687,8.520841598510742,-2.190030813217163,-0.2709871530532837
1773049200859244500,42.33824462890625,8.784649848937988,-2.2331018447875977,-1.0325030088424683
1773049200869124400,42.34812426757812,11.422737121582031,-2.5154547691345215,0.6771687865257263
1773049200878941400,42.35794140625,9.6466646194458,-1.9698911905288696,0.3607180118560791
1773049200888936000,42.36793603515625,10.168299674987793,-1.1748759746551514,-1.8083757162094116
1773049200898898700,42.37789868164062,9.92423152923584,-2.3718855381011963,0.7776673436164856
1773049200909078800,42.388078857421874,8.98086166381836,-1.9794625043869019,-0.07477571070194244
1773049200919112000,42.39811181640625,8.492127418518066,-2.290529489517212,-0.5395814776420593
1773049200929076700,42.40807666015625,10.460224151611328,-1.8837496042251587,1.4859428405761719
1773049200939063600,42.4180634765625,10.335797309875488,-2.4197418689727783,0.6245267391204834
1773049200949031000,42.428031005859374,9.186644554138184,-2.338385820388794,-1.4775680303573608
1773049200959016000,42.43801586914063,8.300702095031738,-1.1222338676452637,0.35114672780036926
1773049200968895700,42.447895751953126,10.570294380187988,-1.8646070957183838,-0.5054838061332703
1773049200978712600,42.457712646484374,9.7998046875,-3.0137600898742676,-0.0077766734175384045
1773049200988892700,42.467892578125,8.420342445373535,-2.9276185035705566,0.7250252366065979
1773049200998926300,42.47792626953125,9.46899700164795,-1.428515076637268,-2.301297187805176
1773049201008893200,42.48789306640625,12.189038276672363,-2.328814744949341,-0.251844584941864
1773049201018878500,42.49787841796875,11.14038372039795,-2.242672920227051,3.300898790359497
1773049201028847400,42.50784741210938,8.118846893310547,-2.1134605407714844,-1.908874273300171
1773049201038830800,42.517830810546876,7.405188083648682,-1.710868239402771,-0.18005990982055664
1773049201048801300,42.52780126953125,11.1978120803833,-2.6111676692962646,-0.11306086927652359
1773049201058783500,42.537783447265625,9.167501449584961,-1.9698911905288696,-0.3332005441188812
1773049201068755500,42.54775537109375,10.15872859954834,-2.18045973777771,-0.2231307178735733
1773049201078736600,42.557736572265625,9.814162254333496,-2.4053850173950195,-0.5204389095306396
1773049201088709600,42.56770971679688,11.025528907775879,-2.8654050827026367,-0.8315058946609497
1773049201098690000,42.57768994140625,8.846863746643066,-1.734796404838562,-1.3914263248443604
1773049201108663600,42.58766357421875,11.193026542663574,-1.6534404754638672,-0.9032905697822571
1773049201118643500,42.5976435546875,10.15872859954834,-2.276172637939453,0.8350951075553894
1773049201128617700,42.60761767578125,9.229715347290039,-2.659024238586426,0.5527420043945312
1773049201138596900,42.617596923828124,7.299903869628906,-1.5481562614440918,-0.8841479420661926
1773049201148477000,42.62747680664062,9.670592308044434,-2.242672920227051,0.37507495284080505
1773049201158294800,42.637294677734374,10.733604431152344,-2.3910279273986816,0.001794616924598813
1773049201168475000,42.647474853515625,9.134002685546875,-2.328814744949341,0.6293123364448547
1773049201178509300,42.65750927734375,10.627721786499023,-2.692523717880249,-2.0620148181915283
1773049201188389400,42.66738940429688,10.063015937805176,-2.4532413482666016,-0.3858426511287689
1773049201198206200,42.677206298828125,11.01595687866211,-1.7682958841323853,1.1030912399291992
1773049201208386300,42.68738623046875,10.220941543579102,-2.324028968811035,-1.4344971179962158
1773049201218420200,42.697420166015625,8.506484031677246,-2.4819552898406982,-0.6161518096923828
1773049201228387800,42.70738793945313,8.315058708190918,-1.9076778888702393,-0.4911268353462219
1773049201238372400,42.71737231445312,9.134002685546875,-2.0273189544677734,-0.01734796352684498
1773049201248252400,42.72725244140625,9.847661972045898,-2.032104730606079,-0.5635097622871399
1773049201258069200,42.7370693359375,8.104490280151367,-2.1517457962036133,-0.36191442608833313
1773049201268249300,42.74724926757813,10.584650993347168,-2.5010979175567627,0.7680960893630981
1773049201278283000,42.757282958984376,10.043872833251953,-2.448455810546875,-0.3523431420326233
1773049201288250000,42.76725,10.063015937805176,-1.9124635457992554,-1.4632110595703125
1773049201298235100,42.77723510742187,10.106086730957031,-1.5433706045150757,0.8446664214134216
1773049201308204300,42.787204345703124,9.905089378356934,-1.643869161605835,-0.7884350419044495
1773049201318187500,42.7971875,8.439485549926758,-2.908475875854492,-1.2095718383789062
1773049201328158500,42.80715844726563,7.400402069091797,-1.8885352611541748,-0.026919255033135414
1773049201338140400,42.81714038085938,8.775078773498535,-1.6295121908187866,-0.26141586899757385
1773049201348112400,42.8271123046875,11.178668975830078,-2.5776681900024414,-0.04127619042992592
1773049201358093600,42.83709350585937,8.98086166381836,-3.3678979873657227,0.8063812255859375
1773049201367973600,42.8469736328125,8.813364028930664,-1.835893154144287,-0.592223584651947
1773049201377791000,42.856791015625,10.40758228302002,-0.7579265832901001,-0.8219345808029175
1773049201387787800,42.86678784179688,12.67717456817627,-2.7116663455963135,0.32243284583091736
1773049201397749000,42.8767490234375,8.990432739257812,-3.3200414180755615,0.8398807644844055
1773049201407928800,42.8869287109375,6.165107727050781,-0.45643091201782227,-0.8027920126914978
1773049201417962500,42.89696240234375,11.240882873535156,-2.0033907890319824,-1.3914263248443604
1773049201427928600,42.90692846679688,10.608579635620117,-3.1477582454681396,0.7920243144035339
1773049201437914400,42.91691430664063,6.212964057922363,-2.017747640609741,-0.5252245664596558
1773049201447794400,42.92679443359375,8.727222442626953,-0.8877372145652771,-1.4344971179962158
1773049201457611000,42.936611083984374,12.246466636657715,-3.597608804702759,-1.1617153882980347
1773049201467790800,42.94679077148437,9.905089378356934,-2.4388844966888428,0.763310432434082
1773049201477824500,42.95682446289062,7.2951178550720215,-0.633499801158905,-0.4624129831790924
1773049201487790800,42.966790771484376,12.28953742980957,-2.850450038909912,-1.2335001230239868
1773049201497776400,42.9767763671875,10.311869621276855,-2.620738983154297,1.222732424736023
1773049201507745000,42.9867451171875,7.146762847900391,-0.31764721870422363,-0.23748764395713806
1773049201517729000,42.99672900390625,10.029516220092773,-2.7212376594543457,-1.2574282884597778
1773049201527699000,43.00669897460938,9.670592308044434,-3.3200414180755615,-0.49591249227523804
1773049201537681700,43.016681640625,6.356533527374268,-0.5712863802909851,-0.711864709854126
1773049201547653000,43.026653076171876,11.389237403869629,-2.630310297012329,0.1501496136188507
1773049201557634600,43.03663452148437,11.633305549621582,-4.215555191040039,-1.8705891370773315
1773049201567607300,43.04660717773437,6.730412006378174,-1.4141582250595093,-0.9750752449035645
1773049201577588000,43.056587890625,11.595020294189453,-2.1517457962036133,-0.33798620104789734
1773049201587561500,43.0665615234375,12.917055130004883,-3.377469062805176,-0.10827522724866867
1773049201597541000,43.076541015625,7.941778182983398,-1.2131611108779907,-1.0516455173492432
1773049201607515400,43.086515380859375,8.655437469482422,-1.9938194751739502,-0.6017948985099792
1773049201617494800,43.09649487304687,11.044671058654785,-2.8941190242767334,1.5242279767990112
1773049201627469600,43.10646948242187,7.568498134613037,-1.4811571836471558,-0.6831508874893188
1773049201637448400,43.116448486328125,9.756733894348145,-2.448455810546875,-2.272583246231079
1773049201647423500,43.126423583984376,10.14437198638916,-3.0041887760162354,-0.2949153780937195
1773049201657402000,43.13640209960938,9.186644554138184,-2.4915266036987305,-0.34277185797691345
1773049201667377700,43.146377685546874,10.398011207580566,-1.5242279767990112,-1.2765709161758423
1773049201677355800,43.15635571289062,10.714461326599121,-3.3918261528015137,-1.0325030088424683
1773049201687235800,43.16623583984375,10.527223587036133,-2.376671075820923,-0.9846464991569519
1773049201697054000,43.176053955078125,8.295916557312012,-1.730010747909546,0.9260223507881165
1773049201707234000,43.186234130859376,12.275179862976074,-1.9076778888702393,-0.9559326171875
1773049201717268700,43.19626879882812,8.50169849395752,-3.0903303623199463,-0.49591249227523804
1773049201727239700,43.20623974609375,8.918647766113281,-1.835893154144287,0.4468596279621124
1773049201737221600,43.2162216796875,9.138788223266602,-1.8065811395645142,0.025722842663526535
1773049201747193900,43.22619384765625,11.365309715270996,-2.2857437133789062,-0.4815555512905121
1773049201757174800,43.2361748046875,9.224929809570312,-2.84087872505188,-0.9846464991569519
1773049201767148000,43.24614794921875,8.047062873840332,-2.2713868618011475,0.5862415432929993
1773049201777128000,43.2561279296875,11.681161880493164,-2.3431715965270996,-0.7884350419044495
1773049201787008000,43.26600805664062,9.914660453796387,-2.4197418689727783,0.1453639715909958
1773049201796825900,43.275825927734374,9.076574325561523,-1.6103696823120117,-0.8745766878128052
1773049201807005700,43.28600561523437,8.722436904907227,-2.022533416748047,0.13100704550743103
1773049201817040100,43.2960400390625,10.75274658203125,-2.0656042098999023,0.29850462079048157
1773049201827010000,43.30601000976562,8.204988479614258,-2.5537400245666504,0.26979073882102966
1773049201836992800,43.31599267578125,8.338987350463867,-1.835893154144287,0.21236300468444824
1773049201846964200,43.325964111328126,9.900303840637207,-2.7116663455963135,0.32721850275993347
1773049201856946000,43.33594580078125,10.005587577819824,-2.252244234085083,-0.18484555184841156
1773049201866918400,43.34591845703125,9.210572242736816,-2.1517457962036133,-0.022133609279990196
1773049201876899000,43.35589916992188,10.043872833251953,-2.3048863410949707,-0.01734796352684498
1773049201886872300,43.36587231445313,9.100502967834473,-1.9124635457992554,-0.4815555512905121
1773049201896852200,43.37585229492188,9.473783493041992,-2.084746837615967,0.7680960893630981
1773049201906826500,43.385826416015625,9.535996437072754,-2.2331018447875977,0.3320041298866272
1773049201916806000,43.39580590820312,9.66102123260498,-2.3336002826690674,-0.6113662123680115
1773049201926780700,43.40578076171875,9.411569595336914,-2.11824631690979,0.29850462079048157
1773049201936759600,43.415759521484375,9.833304405212402,-2.1613171100616455,0.6628118753433228
1773049201946639400,43.425639404296874,9.076574325561523,-2.0608184337615967,-0.44327038526535034
1773049201956457500,43.43545751953125,9.550353050231934,-2.1278176307678223,1.466800332069397
1773049201966455800,43.445455810546875,9.804591178894043,-2.2809581756591797,-0.2231307178735733
1773049201976415700,43.455415771484375,9.009575843811035,-2.606382131576538,0.3320041298866272
1773049201986595600,43.465595703125,8.971290588378906,-2.0129621028900146,-0.18484555184841156
1773049201996629500,43.47562939453125,9.224929809570312,-2.0991036891937256,-0.5635097622871399
1773049202006596600,43.4855966796875,10.225728034973145,-1.9124635457992554,0.5575276613235474
1773049202016581600,43.49558154296875,9.31585693359375,-2.338385820388794,-0.8554341197013855
1773049202026550800,43.50555078125,8.866005897521973,-2.228316068649292,-0.9511470198631287
1773049202036534300,43.5155341796875,10.110872268676758,-2.644667148590088,1.80717933177948
1773049202046414000,43.5254140625,9.363713264465332,-1.984248161315918,-1.5397813320159912
1773049202056231200,43.535231201171875,9.449854850769043,-2.2857437133789062,0.28893333673477173
1773049202066226200,43.54522607421875,10.130014419555664,-2.2235305309295654,-0.21355941891670227
1773049202076188700,43.55518872070313,7.980063438415527,-2.0895323753356934,-1.4297115802764893
1773049202086180000,43.56518017578125,9.828518867492676,-2.3096721172332764,0.37507495284080505
1773049202096145400,43.5751455078125,9.881160736083984,-2.596810817718506,-0.6496513485908508
1773049202106325500,43.58532543945312,9.358927726745605,-2.103889226913452,-0.36670008301734924
1773049202116358400,43.5953583984375,10.115657806396484,-2.754737138748169,0.494716078042984
1773049202126321000,43.60532080078125,9.876375198364258,-1.8741782903671265,-1.2287144660949707
1773049202136309500,43.6153095703125,10.125228881835938,-2.1134605407714844,0.729810893535614
1773049202146275000,43.62527514648438,10.115657806396484,-2.462812662124634,-0.7980063557624817
1773049202156261400,43.63526147460937,8.698508262634277,-1.6342978477478027,0.3415754437446594
1773049202166238500,43.645238525390624,11.020742416381836,-3.095116138458252,-0.5102694034576416
1773049202176206300,43.655206298828126,8.578866958618164,-2.11824631690979,-0.2949153780937195
1773049202186190800,43.66519091796875,9.919445991516113,-2.424527645111084,0.39900317788124084
1773049202196160500,43.675160400390624,10.053443908691406,-1.7826528549194336,-0.49591249227523804
1773049202206143500,43.6851435546875,9.905089378356934,-2.15653133392334,0.28893333673477173
1773049202216114400,43.69511450195313,8.372486114501953,-1.5098711252212524,-1.26699960231781
1773049202226096400,43.70509643554688,10.053443908691406,-2.4149563312530518,0.6771687865257263
1773049202236068600,43.715068603515626,10.781460762023926,-2.5489542484283447,-1.262213945388794
1773049202246049500,43.72504956054688,8.353343963623047,-2.084746837615967,0.9643075466156006
1773049202256022800,43.73502270507812,10.441082000732422,-1.3710874319076538,-0.7405785918235779
1773049202266003000,43.7450029296875,10.24487018585205,-2.6877379417419434,-0.44327038526535034
1773049202275976700,43.75497680664063,9.694520950317383,-2.190030813217163,-0.39062830805778503
1773049202285956000,43.7649560546875,8.880363464355469,-1.7778671979904175,-0.20877377688884735
1773049202295836200,43.77483618164062,10.484152793884277,-1.552941918373108,-0.9415757060050964
1773049202305654300,43.784654296875,9.512067794799805,-2.266601324081421,-0.251844584941864
1773049202315652000,43.79465209960937,8.655437469482422,-1.8065811395645142,-0.36191442608833313
1773049202325612300,43.8046123046875,9.780662536621094,-2.166102647781372,0.4085744619369507
1773049202335792000,43.814792236328124,10.197013854980469,-2.1230318546295166,-0.47676992416381836
1773049202345826000,43.82482592773437,8.8707914352417,-1.4380863904953003,-0.30927231907844543
1773049202355793000,43.83479296875,10.455438613891602,-1.6965112686157227,-0.3188436031341553
1773049202365778200,43.84477807617188,9.435498237609863,-2.1996021270751953,-0.36670008301734924
1773049202375747000,43.8547470703125,9.34457015991211,-1.490728497505188,0.9595218896865845
1773049202385730600,43.86473046875,9.89551830291748,-1.7156537771224976,-0.47198426723480225
1773049202395610600,43.874610595703125,10.240084648132324,-1.989033818244934,-0.2949153780937195
1773049202405427700,43.884427734375,9.000003814697266,-1.3184453248977661,-0.22791635990142822
1773049202415607600,43.894607666015624,9.2919282913208,-1.246660590171814,-0.7357929348945618
1773049202425641500,43.90464135742187,10.450653076171875,-1.9986051321029663,-0.11306086927652359
1773049202435521500,43.914521484375,9.062217712402344,-1.7156537771224976,-0.026919255033135414
1773049202445337900,43.924337890625,9.038289070129395,-1.2275179624557495,-1.085145115852356
1773049202455518000,43.93451806640625,10.700104713439941,-1.8454644680023193,0.020937198773026466
1773049202465551400,43.94455126953125,9.929018020629883,-1.710868239402771,0.13100704550743103
1773049202475517200,43.95451708984375,9.363713264465332,-1.5290136337280273,-0.39541393518447876
1773049202485503200,43.96450317382813,9.996016502380371,-1.1413763761520386,-0.2805584669113159
1773049202495471400,43.974471435546874,9.45464038848877,-1.3663017749786377,-1.022931694984436
1773049202505455600,43.98445556640625,9.210572242736816,-1.1988041400909424,0.4612165689468384
1773049202515425500,43.99442553710937,9.478569030761719,-1.3519448041915894,-0.6305087804794312
1773049202525408300,44.004408203125,9.737591743469238,-1.8550357818603516,-0.18484555184841156
1773049202535288300,44.014288330078124,9.134002685546875,-1.5385849475860596,0.355932354927063
1773049202545105400,44.02410546875,9.129216194152832,-1.093519926071167,-0.5682953596115112
1773049202555101000,44.034100830078124,10.915458679199219,-1.399801254272461,0.18364913761615753
1773049202565063200,44.04406323242188,9.694520950317383,-1.2131611108779907,-0.6592226624488831
1773049202575054800,44.05405493164063,8.655437469482422,-0.9786644577980042,-0.3858426511287689
1773049202585020000,44.06402001953125,9.047860145568848,-1.2705888748168945,-0.2997010350227356
1773049202595200000,44.07419995117188,8.880363464355469,-1.1892328262329102,-0.1944168359041214
1773049202605232600,44.08423266601562,9.004789352416992,-1.3950155973434448,0.34636107087135315
1773049202615112700,44.09411279296875,9.057432174682617,-1.8550357818603516,-1.1330015659332275
1773049202624928300,44.10392822265625,9.694520950317383,-1.4763715267181396,-1.171286702156067
1773049202634916900,44.113916748046876,10.436295509338379,-1.3710874319076538,-0.7357929348945618
1773049202644884500,44.12388452148438,10.077372550964355,-0.8255237936973572,-0.31405797600746155
1773049202655064600,44.13406469726562,10.359725952148438,-1.8741782903671265,-0.6496513485908508
1773049202665097000,44.14409692382812,7.812565803527832,-1.098305583000183,-0.7310073375701904
1773049202674977000,44.15397705078125,9.368498802185059,-0.5330012440681458,0.6963114142417908
1773049202684791800,44.163791748046876,9.401998519897461,-1.1700903177261353,-0.9320043921470642
1773049202694972000,44.17397192382813,8.84207820892334,-0.9499505758285522,0.1453639715909958
1773049202705004500,44.18400463867187,9.20578670501709,-1.0169496536254883,0.32243284583091736
1773049202714884400,44.19388427734375,9.574281692504883,-1.3710874319076538,-1.1665010452270508
1773049202724699400,44.203699462890626,9.641879081726074,-1.1078768968582153,0.5042873620986938
1773049202734879500,44.21387939453125,9.761520385742188,-1.00259268283844,0.6101697683334351
1773049202744912100,44.223912109375,10.680961608886719,-1.5290136337280273,-0.6017948985099792
1773049202754792200,44.23379223632813,9.464211463928223,-1.3567304611206055,0.2745763957500458
1773049202764607200,44.243607177734376,9.000003814697266,-0.4420739710330963,-0.5006981492042542
1773049202774595300,44.25359521484375,9.45464038848877,-0.3128615617752075,-0.05563312768936157
1773049202784563500,44.2635634765625,9.92423152923584,-1.6055840253829956,0.14057832956314087
1773049202794743600,44.27374365234375,7.534998416900635,-1.404586911201477,0.08793623000383377
1773049202804776000,44.28377587890625,7.8317084312438965,-0.001794616924598813,-0.3044866919517517
1773049202814656000,44.293656005859376,10.302297592163086,-1.031306505203247,0.6293123364448547
1773049202824470800,44.303470703125,10.436295509338379,-1.4093725681304932,0.4612165689468384
1773049202834650600,44.31365063476562,8.985647201538086,-1.1509476900100708,-0.7692924737930298
1773049202844683300,44.323683349609375,10.690533638000488,-0.5808576941490173,-0.0891326442360878
1773049202854644500,44.33364453125,11.245668411254883,-1.4093725681304932,1.0839486122131348
1773049202864634000,44.343634033203124,9.637093544006348,-1.1461620330810547,-0.5252245664596558
1773049202874514200,44.35351416015625,8.142775535583496,-0.6191428303718567,0.2602194547653198
1773049202884330000,44.363330078125,10.929815292358398,-1.1892328262329102,1.3088740110397339
1773049202894510000,44.373510009765624,9.062217712402344,-0.7968099117279053,0.18364913761615753
1773049202904543000,44.38354296875,8.549555778503418,-0.7004988193511963,-0.2949153780937195
1773049202914507000,44.39350708007812,9.818947792053223,-1.2083754539489746,1.2275179624557495
1773049202924494600,44.40349462890625,11.566306114196777,-1.7874385118484497,1.567897081375122
1773049202934461000,44.4134609375,9.708877563476562,-0.916451096534729,0.030508488416671753
1773049202944446700,44.42344677734375,10.87717342376709,-1.576870083808899,1.4380863904953003
1773049202954415000,44.4334150390625,11.078170776367188,-0.6717849373817444,0.8350951075553894
1773049202964399000,44.443399169921875,10.163514137268066,-0.882951557636261,0.3607180118560791
1773049202974369300,44.45336938476562,10.953743934631348,-1.399801254272461,0.973878800868988
1773049202984351700,44.463351806640624,9.46899700164795,-0.7052844762802124,0.37028929591178894
1773049202994231800,44.47323168945312,9.656235694885254,-1.1222338676452637,1.1461620330810547
1773049203004049200,44.48304907226562,9.425926208496094,-1.0360921621322632,0.5479564070701599
1773049203014229000,44.49322900390625,10.082158088684082,-1.9363917112350464,1.1988041400909424
1773049203024263200,44.50326318359375,10.781460762023926,-1.2801600694656372,1.80717933177948
1773049203034231600,44.5132314453125,10.273584365844727,-0.5617151260375977,-0.09870393574237823
1773049203044215600,44.52321557617187,11.216954231262207,-1.3615161180496216,0.6580262184143066
1773049203054185700,44.533185791015626,10.120443344116211,-0.9451649188995361,1.1030912399291992
1773049203064168200,44.54316821289063,10.197013854980469,-1.2418749332427979,-0.06520441919565201
1773049203074140000,44.55313989257812,11.025528907775879,-1.2945170402526855,0.8638089895248413
1773049203084121300,44.56312133789063,9.268000602722168,-1.0408778190612793,0.9643075466156006
1773049203094093800,44.57309375,9.1052885055542,-0.7872386574745178,0.12143574655056
1773049203104074500,44.58307446289062,10.743175506591797,-1.6917256116867065,-0.0364905446767807
1773049203114048000,44.593048095703125,9.747162818908691,-1.3663017749786377,0.2267199456691742
1773049203124028000,44.60302783203125,9.277571678161621,-0.8255237936973572,0.39900317788124084
1773049203134002200,44.61300219726562,10.187442779541016,-0.9930213689804077,-0.8602197170257568
1773049203143981600,44.62298168945313,10.292726516723633,-1.7730815410614014,1.275374412536621
1773049203153861400,44.632861328125,9.023932456970215,-0.9403793215751648,-0.20398813486099243
1773049203163741400,44.642741455078124,9.483354568481445,-0.7770691514015198,0.4372883439064026
1773049203173910300,44.65291015625,10.733604431152344,-0.9308080077171326,-0.26141586899757385
1773049203183889200,44.66288916015625,8.74636459350586,-1.1892328262329102,-0.8027920126914978
1773049203193864400,44.67286450195313,9.1052885055542,-1.1318050622940063,0.3655036687850952
1773049203203843000,44.68284301757812,9.287142753601074,-1.0360921621322632,-0.29012975096702576
1773049203213818600,44.692818603515626,9.68494987487793,-0.9068797826766968,-0.0029910283628851175
1773049203223796700,44.702796630859375,7.999206066131592,-1.1078768968582153,-0.1417747437953949
1773049203233772800,44.71277270507812,8.324629783630371,-1.0600204467773438,-0.41934216022491455
1773049203243750700,44.72275073242187,8.94257640838623,-0.9212366938591003,0.08315058797597885
1773049203253726700,44.73272680664063,8.775078773498535,-0.6191428303718567,-0.8745766878128052
1773049203263704600,44.74270458984375,8.70807933807373,-0.9499505758285522,-0.7405785918235779
1773049203273681000,44.752680908203125,9.224929809570312,-1.2801600694656372,0.25064817070961
1773049203283658500,44.76265844726562,9.06700325012207,-1.155733346939087,-0.8458628058433533
1773049203293635000,44.77263500976562,9.076574325561523,-1.222732424736023,-0.9367900490760803
1773049203303612700,44.78261279296875,9.842875480651855,-1.1030912399291992,0.34636107087135315
1773049203313589200,44.79258935546875,9.708877563476562,-0.5952146053314209,-0.5874379873275757
1773049203323566600,44.802566650390624,8.94257640838623,-0.8733802437782288,-0.6879364848136902
1773049203333543200,44.812543212890624,9.41635513305664,-1.1892328262329102,0.31764721870422363
1773049203343520500,44.8225205078125,9.114859580993652,-0.9499505758285522,-0.16091732680797577
1773049203353400600,44.83240063476563,9.325428009033203,-0.7004988193511963,-0.09391828626394272
1773049203363219000,44.84221899414062,9.900303840637207,-1.1413763761520386,1.2705888748168945
1773049203373399000,44.85239892578125,9.89551830291748,-0.9882357716560364,-0.0077766734175384045
1773049203383433700,44.86243383789063,10.17308521270752,-0.8877372145652771,0.3415754437446594
1773049203393405400,44.87240551757812,11.164312362670898,-0.5856433510780334,0.4420739710330963
1773049203403387000,44.88238696289063,10.25922679901123,-0.9403793215751648,0.9595218896865845
1773049203413359600,44.89235961914063,9.608379364013672,-0.7968099117279053,0.18364913761615753
1773049203423340000,44.90234008789062,9.449854850769043,-0.8877372145652771,1.0408778190612793
1773049203433313800,44.912313720703125,10.939387321472168,-1.3519448041915894,1.8454644680023193
1773049203443293400,44.92229345703125,8.990432739257812,-0.9260223507881165,1.2179467678070068
1773049203453268000,44.93226806640625,9.311071395874023,-0.600000262260437,0.8925228714942932
1773049203463247000,44.9422470703125,10.565508842468262,-1.00259268283844,0.8781659007072449
1773049203473222100,44.95222216796875,10.426724433898926,-0.5521438121795654,1.3615161180496216
1773049203483200800,44.96220068359375,10.192228317260742,-0.9978070259094238,1.25144624710083
1773049203493176300,44.97217626953125,10.053443908691406,-0.5617151260375977,1.0504491329193115
1773049203503154700,44.98215478515625,10.36929702758789,-0.4707878530025482,1.0600204467773438
1773049203513130500,44.99213061523437,10.589436531066895,-0.8638089895248413,0.9930213689804077
1773049203523108600,45.00210864257812,9.948160171508789,-0.6382854580879211,0.21236300468444824
1773049203533084400,45.01208447265625,9.862018585205078,-0.8973084688186646,1.1413763761520386
1773049203543062500,45.0220625,9.282357215881348,-0.7292127013206482,0.5670989751815796
1773049203553038600,45.03203857421875,8.549555778503418,-0.4372883439064026,0.8733802437782288
1773049203563016400,45.04201635742187,10.412367820739746,-0.8303094506263733,1.4763715267181396
1773049203572992800,45.05199267578125,9.852447509765625,-0.7579265832901001,1.3040883541107178
1773049203582970400,45.061970458984376,9.253643035888672,-0.19800607860088348,1.2323036193847656
1773049203592947000,45.07194702148438,10.106086730957031,-0.5042873620986938,1.1509476900100708
1773049203602924500,45.081924560546874,9.277571678161621,-0.9403793215751648,0.3655036687850952
1773049203612940000,45.09193994140625,8.588438987731934,-0.21714866161346436,0.8925228714942932
1773049203622921200,45.10192114257813,9.019146919250488,-0.4420739710330963,1.246660590171814
1773049203632855300,45.11185522460938,10.04865837097168,-0.8207381963729858,0.5383850932121277
1773049203642832000,45.12183178710937,7.007979393005371,-0.6574280261993408,0.882951557636261
1773049203652809500,45.1318095703125,8.899505615234375,-0.04486542567610741,1.2658032178878784
1773049203662786000,45.1417861328125,9.287142753601074,-0.16450655460357666,1.2131611108779907
1773049203672763400,45.15176342773437,9.732806205749512,-0.7244270443916321,1.2897313833236694
1773049203682740200,45.161740234375,7.956135272979736,-0.5856433510780334,0.9978070259094238
1773049203692717600,45.17171752929688,8.26241683959961,0.3481557071208954,0.9930213689804077
1773049203702694400,45.1816943359375,10.728818893432617,-1.5242279767990112,1.4093725681304932
1773049203712671700,45.191671630859375,9.157930374145508,-0.37028929591178894,1.1892328262329102
1773049203722648600,45.20164868164063,8.674580574035645,-0.29850462079048157,0.7441678643226624
1773049203732626000,45.2116259765625,9.378069877624512,-0.9260223507881165,0.7776673436164856
1773049203742603000,45.22160302734375,9.186644554138184,-0.6191428303718567,0.2267199456691742
1773049203752580000,45.231580078125,8.496912956237793,-0.06400800496339798,-0.44327038526535034
1773049203762557000,45.24155688476562,12.002398490905762,-1.3902299404144287,0.7680960893630981
1773049203772534300,45.2515341796875,9.55513858795166,-1.6342978477478027,0.7728816866874695
1773049203782511400,45.26151147460938,9.952945709228516,-1.031306505203247,-0.5252245664596558
1773049203792488400,45.27148852539062,10.465009689331055,-1.2275179624557495,0.11665010452270508
1773049203802465500,45.281465576171875,11.825329780578613,-0.9595218896865845,0.2027917206287384
1773049203812442600,45.29144262695313,9.713663101196289,-1.1126625537872314,-1.8945173025131226
1773049203822419700,45.30141967773437,9.675378799438477,-1.2418749332427979,-0.5443671345710754
1773049203832396800,45.311396728515625,10.292726516723633,-0.8638089895248413,0.31764721870422363
1773049203842374000,45.32137377929688,11.398808479309082,-2.338385820388794,0.3846462368965149
1773049203852351000,45.33135107421875,10.082158088684082,-0.9403793215751648,-0.1944168359041214
1773049203862328000,45.341328125,9.637093544006348,-0.4420739710330963,-0.9463613629341125
1773049203872305200,45.35130517578125,12.452248573303223,-1.6773686408996582,0.34636107087135315
1773049203882282200,45.3612822265625,9.742377281188965,-1.4811571836471558,0.10229317098855972
1773049203892259300,45.37125927734375,10.747961044311523,-1.2993026971817017,-0.8123632669448853
1773049203902236400,45.381236328125,10.50808048248291,-1.1030912399291992,-0.13220344483852386
1773049203912174600,45.39117456054687,10.805388450622559,-0.7770691514015198,0.5623133182525635
1773049203922147800,45.40114794921875,9.952945709228516,0.050847481936216354,-0.9272187948226929
1773049203932089900,45.41108984375,9.162715911865234,-0.7722834944725037,-1.4727823734283447
1773049203942060000,45.42106005859375,11.863615036010742,-1.5720844268798828,-0.3810569941997528
1773049203952121600,45.43112158203125,8.286344528198242,-1.490728497505188,-0.5300102233886719
1773049203962101000,45.44110107421875,10.733604431152344,-2.4149563312530518,-0.5006981492042542
1773049203972037000,45.451037109375,10.474580764770508,-0.9068797826766968,0.763310432434082
1773049203982012200,45.46101220703125,11.590234756469727,-1.710868239402771,-0.23270200192928314
1773049203992030000,45.47103002929688,11.518449783325195,-1.0456634759902954,-0.0364905446767807
1773049204002009300,45.48100927734375,9.838089942932129,-1.0552347898483276,-0.0029910283628851175
1773049204011945500,45.490945556640625,11.422737121582031,-1.5960127115249634,-0.989432156085968
1773049204021920500,45.50092041015625,8.971290588378906,-1.1174482107162476,-0.6017948985099792
1773049204031938600,45.5109384765625,10.714461326599121,-1.6821542978286743,0.4085744619369507
1773049204041917700,45.520917724609376,10.225728034973145,-1.6342978477478027,-0.5778666734695435
1773049204051892700,45.53089282226563,10.067801475524902,-0.8925228714942932,-0.1657029688358307
1773049204061871400,45.54087133789063,11.696117401123047,-1.423729419708252,1.337587833404541
1773049204071769300,45.550769287109375,9.881160736083984,-1.2849457263946533,-1.2813565731048584
1773049204081740000,45.560739990234374,9.82373332977295,-0.5808576941490173,-0.3332005441188812
1773049204091723300,45.57072314453125,10.067801475524902,-1.0648061037063599,-0.5539384484291077
1773049204101695500,45.58069555664063,10.350153923034668,-1.2179467678070068,-1.1282159090042114
1773049204111522600,45.5905224609375,9.78544807434082,-1.7156537771224976,-0.9990034699440002
1773049204121480200,45.60048022460938,8.784649848937988,-1.557727575302124,-0.17527425289154053
1773049204131515100,45.61051513671875,9.766305923461914,-1.984248161315918,-0.7501499056816101
1773049204141480700,45.620480712890625,9.401998519897461,-1.246660590171814,-0.9942178130149841
1773049204151508000,45.63050805664062,10.704890251159668,-1.9507486820220947,-1.2574282884597778
1773049204161479700,45.640479736328125,9.632308006286621,-2.2809581756591797,-1.7796618938446045
1773049204171346000,45.65034594726563,10.968100547790527,-1.5337992906570435,-1.0803594589233398
1773049204181307100,45.66030712890625,11.3509521484375,-2.084746837615967,-1.1042876243591309
1773049204191261400,45.670261474609376,10.04865837097168,-1.5864413976669312,-0.8937192559242249
1773049204201221600,45.6802216796875,8.770293235778809,-1.1700903177261353,-0.9798609018325806
1773049204211176700,45.6901767578125,10.067801475524902,-1.831107497215271,-1.0037890672683716
1773049204221136600,45.70013671875,8.851649284362793,-0.7770691514015198,-0.8602197170257568
1773049204231015000,45.71001489257812,9.244071960449219,-0.5617151260375977,-0.9702895879745483
1773049204240966400,45.71996630859375,10.216156005859375,-1.2418749332427979,-1.4536397457122803
1773049204251007200,45.73000732421875,9.368498802185059,-1.552941918373108,-1.357926845550537
1773049204260968000,45.73996801757813,10.106086730957031,-1.8789639472961426,-0.8219345808029175
1773049204270922500,45.74992260742187,8.669795036315918,-1.893320918083191,0.2554338276386261
1773049204280882700,45.75988256835937,8.741579055786133,-1.1700903177261353,-0.4624129831790924
1773049204290837800,45.769837646484376,10.125228881835938,-0.7968099117279053,1.2801600694656372
1773049204300797400,45.77979736328125,11.092527389526367,-0.7968099117279053,0.16450655460357666
1773049204310753300,45.789753173828124,9.392427444458008,-0.9355936646461487,0.6628118753433228
1773049204320712400,45.79971240234375,9.986445426940918,-1.0408778190612793,1.8885352611541748
1773049204330630100,45.809630126953124,9.004789352416992,-2.132603168487549,1.587039589881897
1773049204340585000,45.8195849609375,8.037490844726562,-0.020937198773026466,0.4612165689468384
1773049204350506800,45.8295068359375,9.531210899353027,0.592223584651947,0.6963114142417908
1773049204360458500,45.83945849609375,11.992827415466309,-1.5625132322311401,0.2027917206287384
1773049204370460400,45.84946044921875,6.505486488342285,-0.8733802437782288,0.8446664214134216
1773049204380417300,45.85941723632813,6.821339130401611,0.30508488416671753,0.9068797826766968
1773049204390597400,45.86959741210938,11.283953666687012,-0.5952146053314209,1.5194423198699951
1773049204400777200,45.87977709960938,9.20578670501709,-0.26979073882102966,1.179661512374878
1773049204410957300,45.88995727539063,7.625925540924072,0.39601215720176697,0.7872386574745178
1773049204421064400,45.900064453125,8.181060791015625,0.4534398913383484,0.849452018737793
1773049204431022000,45.91002197265625,8.779864311218262,-0.13579268753528595,0.9355936646461487
1773049204441014800,45.92001489257812,7.022336483001709,-0.5617151260375977,0.6340979933738708
1773049204450976500,45.9299765625,6.241677761077881,0.8219345808029175,0.35114672780036926
1773049204460966100,45.939966064453124,9.009575843811035,0.0891326442360878,0.7585247755050659
1773049204470930700,45.9499306640625,6.203392505645752,-0.45643091201782227,0.1501496136188507
1773049204480917800,45.959917724609376,6.873981475830078,-0.973878800868988,0.3655036687850952
1773049204490885000,45.969885009765626,7.328617572784424,0.3481557071208954,0.7872386574745178
1773049204500870100,45.9798701171875,9.172286987304688,-0.18364913761615753,0.5186443328857422
1773049204510839300,45.98983935546875,8.46341323852539,-0.4468596279621124,0.7393822073936462
1773049204520822800,45.99982275390625,8.11406135559082,-0.2554338276386261,0.9547362327575684
1773049204530793700,46.00979370117187,9.77109146118164,-0.633499801158905,1.2323036193847656
1773049204540776000,46.01977587890625,9.421140670776367,-0.18364913761615753,1.179661512374878
1773049204550748000,46.02974780273438,10.043872833251953,-0.2602194547653198,1.1940184831619263
1773049204560729000,46.03972900390625,9.704092025756836,-0.6622136831283569,1.2945170402526855
1773049204570609200,46.04960913085937,8.789435386657715,-0.4325026869773865,0.8638089895248413
1773049204580426800,46.0594267578125,8.372486114501953,0.6400800347328186,0.34636107087135315
1773049204590606800,46.06960693359375,10.29751205444336,-1.7012969255447388,0.9403793215751648
1773049204600641000,46.07964111328125,9.009575843811035,-1.1078768968582153,0.07357929646968842
1773049204610610400,46.0896103515625,8.751151084899902,-0.2841476798057556,0.24107688665390015
1773049204620594000,46.099593994140626,12.485748291015625,-1.3184453248977661,-0.15613168478012085
1773049204630564900,46.10956494140625,10.72403335571289,-0.32243284583091736,0.21714866161346436
1773049204640546800,46.119546875,9.296713829040527,0.251844584941864,0.916451096534729
1773049204650519000,46.12951904296875,11.652447700500488,-0.4085744619369507,-0.4289134442806244
1773049204660500200,46.13950024414063,8.899505615234375,0.28115665912628174,-0.7884350419044495
1773049204670473200,46.14947314453125,8.751151084899902,0.0029910283628851175,-0.2949153780937195
1773049204680453600,46.15945361328125,9.6466646194458,-0.8638089895248413,-0.6352944374084473
1773049204690427600,46.169427734375,6.802196502685547,-0.42771705985069275,-0.9176474809646606
1773049204700407300,46.1794072265625,9.531210899353027,0.30508488416671753,-0.44805604219436646
1773049204710381800,46.1893818359375,10.350153923034668,-1.0408778190612793,-1.3866406679153442
1773049204720361000,46.19936083984375,8.281558990478516,-1.098305583000183,-1.6313068866729736
1773049204730336300,46.20933618164062,9.742377281188965,-1.2705888748168945,-0.7645068168640137
1773049204740315000,46.21931494140625,9.004789352416992,-0.3128615617752075,-0.711864709854126
1773049204750290400,46.22929052734375,10.64686393737793,-1.8161523342132568,-0.9367900490760803
1773049204760268800,46.23926879882813,7.438687324523926,-0.4612165689468384,-0.6927221417427063
1773049204770244600,46.24924462890625,9.033503532409668,-0.35114672780036926,-0.898504912853241
1773049204780222700,46.25922265625,9.550353050231934,-1.5672988891601562,-1.1856436729431152
1773049204790198800,46.26919873046875,7.012764930725098,-0.5377869009971619,-0.7022934556007385
1773049204800177000,46.27917700195312,6.926623344421387,-0.6143572330474854,-0.7022934556007385
1773049204810153200,46.2891533203125,9.033503532409668,0.2566302418708801,-0.8602197170257568
1773049204820130800,46.299130859375,12.227323532104492,-2.1948165893554688,-1.2047861814498901
1773049204830011000,46.309010986328126,9.972088813781738,-1.490728497505188,-1.0037890672683716
1773049204839829200,46.31882934570312,9.976874351501465,-1.0121639966964722,-1.200000524520874
1773049204849828900,46.328828857421875,13.448261260986328,-1.5481562614440918,-1.6265212297439575
1773049204859787800,46.33878784179687,10.469795227050781,-0.45643091201782227,-1.195214867591858
1773049204869968000,46.3489677734375,10.40758228302002,-0.8973084688186646,-2.468794822692871
1773049204880002000,46.359001953125,10.992029190063477,-1.2083754539489746,-3.029313564300537
1773049204889970000,46.36896997070313,8.995218276977539,-0.3032902777194977,-1.3483555316925049
1773049204899954400,46.37895434570312,14.003994941711426,-2.5250260829925537,-1.0707881450653076
1773049204909924400,46.38892431640625,11.95454216003418,-1.7060825824737549,-0.9559326171875
1773049204919907300,46.3989072265625,12.256037712097168,-1.6007983684539795,1.4763715267181396
1773049204929787100,46.408787109375,16.039091110229492,-2.908475875854492,1.0839486122131348
1773049204939604500,46.4186044921875,12.275179862976074,-1.9124635457992554,1.5966109037399292
1773049204949784600,46.42878466796875,12.28953742980957,-2.4149563312530518,1.898106575012207
1773049204959818800,46.43881884765625,12.28953742980957,-1.9459630250930786,1.8646070957183838
1773049204969698800,46.44869873046875,15.205789566040039,-0.9547362327575684,2.0033907890319824
1773049204979515400,46.458515380859374,13.35733413696289,-1.7443677186965942,1.1078768968582153
1773049204989695500,46.468695556640625,12.586247444152832,-1.423729419708252,1.8406788110733032
1773049204999729200,46.478729248046875,12.912269592285156,-0.6526423692703247,1.8502501249313354
1773049205009695500,46.48869555664062,13.71625804901123,-1.4380863904953003,1.6827524900436401
1773049205019681300,46.49868139648437,13.46740436553955,-1.3184453248977661,1.3615161180496216
1773049205029649700,46.508649658203126,7.759923934936523,-0.7968099117279053,0.7202396392822266
1773049205039634000,46.51863403320313,12.145967483520508,-1.184447169303894,1.5146567821502686
1773049205049604000,46.52860400390625,12.509676933288574,-1.0456634759902954,1.6109678745269775
1773049205059586800,46.5385869140625,10.982458114624023,-1.2849457263946533,1.649253010749817
1773049205069558300,46.54855834960937,9.196215629577637,-0.7579265832901001,1.404586911201477
1773049205079540000,46.5585400390625,9.866804122924805,-0.07836493849754333,1.1988041400909424
1773049205089512700,46.5685126953125,11.465807914733887,-1.7635103464126587,1.8454644680023193
1773049205099493400,46.57849340820312,8.023134231567383,-0.9930213689804077,0.9930213689804077
1773049205109467000,46.588466796875,8.98086166381836,-0.8446664214134216,0.9451649188995361
1773049205129421000,46.60842114257812,10.05823040008545,-1.7491533756256104,0.001794616924598813
1773049205139400700,46.61840063476563,7.707281589508057,-1.6965112686157227,-0.8219345808029175
1773049205149280500,46.628280517578126,8.569295883178711,-0.35114672780036926,0.3320041298866272
1773049205159098600,46.6380986328125,10.096514701843262,-1.3040883541107178,0.5718846321105957
1773049205169096700,46.6480966796875,8.530412673950195,-1.466800332069397,0.4133601188659668
1773049205179057000,46.65805688476563,6.361319065093994,-0.7435696125030518,-0.6448656916618347
1773049205189237000,46.66823706054687,8.554341316223145,-0.8446664214134216,0.8063812255859375
1773049205199271000,46.67827099609375,10.326226234436035,-1.3519448041915894,1.4093725681304932
1773049205209238000,46.68823803710937,7.074978351593018,-0.9930213689804077,0.7537391185760498
1773049205219223300,46.69822338867188,6.926623344421387,-0.7920243144035339,0.6771687865257263
1773049205229103000,46.70810302734375,10.039087295532227,-1.5720844268798828,1.1509476900100708
1773049205238920000,46.717919921875,10.565508842468262,-1.7060825824737549,1.4620146751403809
1773049205249100000,46.72810009765625,7.922635555267334,-0.9834501147270203,1.2131611108779907
1773049205259134000,46.738134033203124,7.098906517028809,-0.08793623000383377,0.9403793215751648
1773049205269062000,46.74806176757812,9.704092025756836,-1.3710874319076538,1.4763715267181396
1773049205279043300,46.75804321289063,8.405985832214355,-0.8207381963729858,1.0552347898483276
1773049205289055000,46.76805493164063,8.075776100158691,-0.753140926361084,0.576670229434967
1773049205299039500,46.77803955078125,8.727222442626953,-1.6247265338897705,1.184447169303894
1773049205309009400,46.788009521484376,8.765507698059082,-0.50907301902771,1.1270195245742798
1773049205318992400,46.79799243164062,8.94257640838623,-1.5050854682922363,0.18843477964401245
1773049205328963600,46.807963623046874,10.067801475524902,-1.1174482107162476,0.6867401003837585
1773049205338945500,46.81794555664062,10.106086730957031,-0.7872386574745178,-1.2143574953079224
1773049205348918000,46.82791796875,9.694520950317383,-1.3423734903335571,-0.4624129831790924
1773049205358899000,46.83789892578125,9.201001167297363,-1.9555343389511108,-0.19920247793197632
1773049205368779000,46.847779052734374,8.338987350463867,-2.017747640609741,-1.5738791227340698
1773049205378596600,46.8575966796875,9.220144271850586,-1.2658032178878784,-1.0755738019943237
1773049205388776700,46.867776611328125,9.952945709228516,-1.2323036193847656,-0.8602197170257568
1773049205398811100,46.87781103515625,9.20578670501709,-1.2801600694656372,-1.0372886657714844
1773049205408780800,46.88778076171875,7.95134973526001,-1.1892328262329102,-0.8123632669448853
1773049205418763800,46.897763671875,10.149157524108887,-1.4141582250595093,-1.0755738019943237
1773049205428735000,46.90773486328125,10.206584930419922,-1.989033818244934,-1.0612168312072754
1773049205438717000,46.91771704101563,9.301499366760254,-0.9355936646461487,-0.8075776696205139
1773049205448597000,46.927596923828126,9.358927726745605,-0.9834501147270203,-1.1330015659332275
1773049205458414600,46.93741455078125,10.75274658203125,-1.3280165195465088,-2.406581401824951
1773049205468410600,46.94741064453125,9.92423152923584,-0.9643075466156006,-2.0620148181915283
1773049205478372400,46.957372314453124,8.15234661102295,-0.6957131624221802,-1.1377872228622437
1773049205488552400,46.967552490234375,9.1052885055542,-0.3032902777194977,-0.8697910308837891
1773049205498586000,46.977586181640625,9.602995872497559,-0.9690931439399719,-1.1042876243591309
1773049205508552000,46.98755200195313,8.133204460144043,-0.666999340057373,-0.7836494445800781
1773049205518538200,46.99753833007812,9.392427444458008,-0.882951557636261,-1.0277173519134521
1773049205528418000,47.00741796875,9.378069877624512,-0.9643075466156006,-0.8697910308837891
1773049205538235000,47.01723486328125,9.047860145568848,-0.4420739710330963,-0.8554341197013855
1773049205548227600,47.0272275390625,9.181859016418457,-0.9930213689804077,-0.3236292600631714
1773049205558191900,47.03719189453125,9.45464038848877,-0.6622136831283569,0.45164528489112854
1773049205568372000,47.0473720703125,9.263215065002441,-0.48514479398727417,0.3032902777194977
1773049205578405000,47.05740502929687,9.632308006286621,-0.10229317098855972,0.8350951075553894
1773049205588369000,47.067368896484375,8.98086166381836,-0.05922235921025276,-0.44805604219436646
1773049205598357000,47.07735693359375,9.08135986328125,-0.3080759048461914,-0.20877377688884735
1773049205608323000,47.08732299804687,8.530412673950195,-0.13100704550743103,0.12622138857841492
1773049205618308900,47.09730883789062,8.468199729919434,-0.28893333673477173,-0.8889335989952087
1773049205628189000,47.10718896484375,8.98086166381836,-0.37507495284080505,-0.03170489892363548
1773049205638005800,47.117005859375,8.453842163085938,-0.030508488416671753,-0.28534409403800964
1773049205647999000,47.1269990234375,8.736793518066406,-0.1501496136188507,0.10229317098855972
1773049205657963000,47.136962890625,9.253643035888672,-0.4085744619369507,1.093519926071167
1773049205667953200,47.146953125,7.956135272979736,-0.07357929646968842,-0.0891326442360878
1773049205677919700,47.15691967773437,8.382058143615723,-0.01136590726673603,0.7776673436164856
1773049205688099800,47.16709985351562,9.445069313049316,-0.2793620526790619,0.973878800868988
1773049205698132700,47.1771328125,8.291130065917969,-0.025722842663526535,0.973878800868988
1773049205708094500,47.18709448242188,8.62193775177002,-0.06400800496339798,1.0217353105545044
1773049205718083800,47.197083740234376,8.496912956237793,-0.3367897868156433,1.2035897970199585
1773049205728049000,47.207048828125,8.913862228393555,-0.07357929646968842,1.0360921621322632
1773049205738035700,47.21703564453125,8.674580574035645,-0.21714866161346436,1.0360921621322632
1773049205748003000,47.22700317382812,9.234500885009766,-0.1501496136188507,0.6149554252624512
1773049205757988000,47.23698803710938,9.095717430114746,-0.01615155301988125,0.21714866161346436
1773049205767957500,47.24695751953125,8.59322452545166,-0.0975075215101242,0.882951557636261
1773049205777941000,47.25694091796875,9.641879081726074,-0.16929219663143158,0.916451096534729
1773049205787911700,47.26691162109375,10.082158088684082,-0.2793620526790619,0.4085744619369507
1773049205797894000,47.27689379882813,10.04865837097168,0.022133609279990196,0.3320041298866272
1773049205807866000,47.2868662109375,9.852447509765625,0.20398813486099243,0.5527420043945312
1773049205817847000,47.29684692382813,10.091729164123535,-0.1788634955883026,-0.36670008301734924
1773049205827820300,47.3068203125,9.598209381103516,-0.28893333673477173,-0.6975077986717224
1773049205837800700,47.31680078125,9.981659889221191,-0.7292127013206482,-0.12741780281066895
1773049205847774500,47.3267744140625,10.484152793884277,-0.9882357716560364,0.21714866161346436
1773049205857754400,47.33675439453125,10.077372550964355,-0.5904290080070496,-0.8075776696205139
1773049205867634200,47.34663427734375,10.465009689331055,-0.7244270443916321,-0.592223584651947
1773049205877452300,47.35645239257813,11.23609733581543,-1.155733346939087,-0.989432156085968
1773049205887632400,47.36663232421875,11.518449783325195,-1.466800332069397,-0.6400800347328186
1773049205897667000,47.3766669921875,10.982458114624023,-0.9116654396057129,-0.6209374666213989
1773049205907676200,47.38667626953125,11.427522659301758,-1.069591760635376,-1.4727823734283447
1773049205917662700,47.396662841796875,11.633305549621582,-1.2658032178878784,0.47557350993156433
1773049205927542800,47.40654272460937,11.216954231262207,-1.7252250909805298,-0.8410771489143372
1773049205937422600,47.41642260742187,11.398808479309082,-1.797009825706482,-0.7597211599349976
1773049205947545600,47.42654565429687,11.542378425598145,-1.3615161180496216,-0.3762713670730591
1773049205957531000,47.43653076171875,11.437093734741211,-1.4859428405761719,-1.1282159090042114
1773049205967411000,47.44641088867188,11.973684310913086,-1.5864413976669312,-0.7357929348945618
1773049205977227800,47.456227783203126,12.20339584350586,-1.4428720474243164,-1.6983058452606201
1773049205987408000,47.46640795898438,10.886744499206543,-1.672582983970642,-0.0364905446767807
1773049205997441800,47.47644189453125,10.704890251159668,-1.5864413976669312,-0.4624129831790924
1773049206007408400,47.486408447265624,10.905887603759766,-1.3280165195465088,-0.5778666734695435
1773049206017394000,47.49639379882812,12.16511058807373,-1.031306505203247,-0.30927231907844543
1773049206027362800,47.50636279296875,11.988041877746582,-0.6909275650978088,-1.0755738019943237
1773049206037346600,47.5163466796875,11.25045394897461,-0.8015955686569214,0.9116654396057129
1773049206047226600,47.5262265625,9.728020668029785,-0.6861419081687927,-0.6735795736312866
1773049206057043700,47.53604370117188,9.747162818908691,-0.8781659007072449,0.4468596279621124
1773049206067223800,47.54622387695313,10.709675788879395,-0.6717849373817444,1.1318050622940063
1773049206077257700,47.5562578125,10.130014419555664,-0.48514479398727417,-0.5826523303985596
1773049206087225600,47.5662255859375,9.814162254333496,-0.020937198773026466,0.030508488416671753
1773049206097210400,47.57621044921875,10.240084648132324,-0.5521438121795654,0.3080759048461914
1773049206107179800,47.5861796875,9.148359298706055,-0.5952146053314209,0.12622138857841492
1773049206117163000,47.5961630859375,9.397212982177734,-0.6574280261993408,0.849452018737793
1773049206127043000,47.60604296875,9.986445426940918,-0.5138586759567261,0.4468596279621124
1773049206136860400,47.6158603515625,10.254441261291504,-0.3367897868156433,-0.10348957777023315
1773049206147040300,47.626040283203125,8.727222442626953,-0.40378883481025696,-0.4001995921134949
1773049206157074400,47.636074462890626,8.679366111755371,-0.9308080077171326,0.5431707501411438
1773049206166954500,47.64595458984375,8.50169849395752,-0.5138586759567261,-0.8841479420661926
1773049206176771000,47.65577099609375,8.775078773498535,-1.155733346939087,-0.18005990982055664
1773049206186951200,47.665951171875,9.186644554138184,-0.666999340057373,-0.34277185797691345
1773049206196984800,47.67598486328125,8.252845764160156,0.04127619042992592,-0.8793623447418213
1773049206206951200,47.685951171875,10.63250732421875,-1.4524433612823486,-1.2765709161758423
1773049206216937000,47.69593701171875,8.559126853942871,-0.8111668825149536,-0.7932206988334656
1773049206226905300,47.7059052734375,8.142775535583496,-0.7872386574745178,-1.3674981594085693
1773049206236889600,47.7158896484375,9.670592308044434,-0.9355936646461487,-1.1330015659332275
1773049206246859800,47.72585986328125,8.808578491210938,-0.8350951075553894,-0.9128618240356445
1773049206256842500,47.735842529296875,8.252845764160156,-0.9786644577980042,-1.0133603811264038
1773049206266814000,47.74581396484375,9.852447509765625,-1.5050854682922363,-0.8410771489143372
1773049206276795600,47.755795654296875,9.339784622192383,-1.5960127115249634,-0.8027920126914978
1773049206286768400,47.765768310546875,9.723235130310059,-1.0265209674835205,-0.6113662123680115
1773049206296749000,47.7757490234375,10.38365364074707,-1.2370892763137817,-0.6352944374084473
1773049206306722600,47.78572265625,10.53200912475586,-1.7635103464126587,-0.4576273262500763
1773049206316702700,47.79570263671875,9.421140670776367,-1.6821542978286743,-0.3188436031341553
1773049206326676700,47.8056767578125,9.387641906738281,-1.1940184831619263,-0.6305087804794312
1773049206336656100,47.81565625,10.139585494995117,-1.0552347898483276,-0.8315058946609497
1773049206346631200,47.825631103515626,10.225728034973145,-2.1948165893554688,0.21236300468444824
1773049206356610000,47.83561010742188,9.857233047485352,-1.8161523342132568,-0.44805604219436646
1773049206366490000,47.84548999023438,9.905089378356934,-0.7100701332092285,-1.0516455173492432
1773049206376308200,47.85530810546875,11.32223892211914,-1.6773686408996582,-0.28534409403800964
1773049206386488300,47.86548828125,10.211370468139648,-1.4572290182113647,-0.2805584669113159
1773049206396523000,47.87552294921875,9.181859016418457,-0.9595218896865845,-1.2765709161758423
1773049206406493700,47.88549365234375,11.25045394897461,-1.1413763761520386,-0.5970092415809631
1773049206416476200,47.89547607421875,10.335797309875488,-1.1126625537872314,-0.3475574851036072
1773049206426448100,47.9054482421875,9.425926208496094,-1.6821542978286743,-1.0707881450653076
1773049206436429300,47.91542919921875,10.546365737915039,-1.2179467678070068,-0.592223584651947
1773049206446402300,47.92540234375,10.771889686584473,-0.7483552694320679,-0.8745766878128052
1773049206456382700,47.9353828125,10.565508842468262,-1.160519003868103,-0.7692924737930298
1773049206466356700,47.94535668945313,8.520841598510742,-0.8303094506263733,-0.14656038582324982
1773049206476336400,47.95533642578125,8.894720077514648,-1.069591760635376,-0.7501499056816101
1773049206486311000,47.965310791015625,10.29751205444336,-1.4859428405761719,0.7154539823532104
1773049206496290000,47.9752900390625,10.225728034973145,-1.0600204467773438,0.8255237936973572
1773049206506265000,47.98526513671875,10.039087295532227,-0.8733802437782288,-0.8075776696205139
1773049206516244000,47.995243896484375,10.89153003692627,-1.1365907192230225,0.37028929591178894
1773049206526219500,48.00521948242187,9.747162818908691,-1.1078768968582153,0.32243284583091736
1773049206536198000,48.01519799804687,9.598209381103516,-1.4189438819885254,0.5958128571510315
1773049206546173700,48.025173583984376,10.05823040008545,-1.2897313833236694,0.7968099117279053
1773049206556151800,48.03515185546875,9.062217712402344,-1.3663017749786377,0.6484549641609192
1773049206566127900,48.0451279296875,8.511270523071289,-0.8877372145652771,0.5479564070701599
1773049206576106000,48.05510595703125,9.378069877624512,-0.8446664214134216,0.1453639715909958
1773049206586082300,48.06508227539062,10.254441261291504,-0.7292127013206482,-0.06041877344250679
1773049206596060200,48.07506005859375,8.995218276977539,-0.5282155871391296,-0.44805604219436646
1773049206606036500,48.08503637695313,9.282357215881348,-0.882951557636261,0.24586252868175507
1773049206616014300,48.095014404296876,9.488140106201172,-0.8733802437782288,-0.22791635990142822
1773049206625991000,48.104990966796876,9.775876998901367,-0.8350951075553894,-0.050847481936216354
1773049206635968300,48.11496826171875,9.186644554138184,-0.494716078042984,0.3655036687850952
1773049206645945000,48.124945068359374,9.401998519897461,-0.5569294691085815,-0.5204389095306396
1773049206655922400,48.13492236328125,8.641080856323242,-0.6239284873008728,-0.7214360237121582
1773049206665802500,48.144802490234376,7.846065521240234,-0.34636107087135315,-0.1178465187549591
1773049206675663600,48.15466357421875,8.889934539794922,-0.5617151260375977,-0.15134602785110474
1773049206685853400,48.164853515625,9.737591743469238,-0.8111668825149536,0.08315058797597885
1773049206695835000,48.1748349609375,8.846863746643066,-0.50907301902771,-0.8410771489143372
1773049206705807600,48.1848076171875,8.679366111755371,-0.1501496136188507,-0.5730810165405273
1773049206715788300,48.194788330078126,10.498509407043457,-0.4995017349720001,-0.26141586899757385
1773049206725762000,48.20476196289062,9.507282257080078,-0.39900317788124084,-0.7405785918235779
1773049206735742000,48.21474194335938,9.354142189025879,-0.2745763957500458,-0.3284149169921875
1773049206745622000,48.2246220703125,8.98086166381836,-0.16929219663143158,-0.4576273262500763
1773049206755439900,48.23443994140625,8.846863746643066,0.1417747437953949,-0.8793623447418213
1773049206765620000,48.24461987304687,9.306285858154297,-0.5712863802909851,-0.3858426511287689
1773049206775654400,48.254654296875,9.401998519897461,-0.8781659007072449,-0.18963119387626648
1773049206785624600,48.26462451171875,8.923434257507324,-0.2554338276386261,-0.8745766878128052
1773049206795607300,48.274607177734374,10.273584365844727,-0.1740778535604477,-0.4815555512905121
1773049206805579000,48.2845791015625,10.292726516723633,-0.45643091201782227,-0.7310073375701904
1773049206815560400,48.294560546875,8.598010063171387,-0.6143572330474854,-1.0037890672683716
1773049206825533200,48.304533203125,8.70807933807373,-0.389431893825531,-0.6400800347328186
1773049206835513900,48.31451391601563,10.474580764770508,0.07956135272979736,-0.2709871530532837
1773049206845394000,48.324393798828126,10.29751205444336,0.15613168478012085,-0.9032905697822571
1773049206855211800,48.33421166992188,9.258428573608398,0.03170489892363548,-0.9415757060050964
1773049206865391600,48.3443916015625,8.889934539794922,0.10827522724866867,-0.7836494445800781
1773049206875426300,48.35442626953125,9.919445991516113,-0.600000262260437,-1.0133603811264038
1773049206885396000,48.36439599609375,8.799007415771484,0.22791635990142822,-0.7740781307220459
1773049206895379000,48.37437890625,8.60758113861084,0.6640082597732544,-0.7022934556007385
1773049206905350100,48.38435009765625,10.50808048248291,0.6113662123680115,-0.9176474809646606
1773049206915332000,48.39433203125,9.368498802185059,0.1657029688358307,-0.9176474809646606
1773049206925212200,48.40421215820312,8.166703224182129,0.06999006122350693,-0.7357929348945618
1773049206935029800,48.41402978515625,9.986445426940918,-0.049651071429252625,-0.8458628058433533
1773049206945209600,48.424209716796874,8.751151084899902,0.2763710021972656,-0.6687939167022705
1773049206955243800,48.434243896484375,9.162715911865234,0.7166503667831421,-0.7070791125297546
1773049206965213000,48.444212890625,9.201001167297363,0.8171489238739014,-0.7262216806411743
1773049206975196700,48.45419677734375,9.598209381103516,0.711864709854126,-0.8075776696205139
1773049206985167000,48.4641669921875,7.573283672332764,0.30987054109573364,-0.7166503667831421
1773049206995149600,48.474149658203125,9.378069877624512,0.5156532526016235,-0.7501499056816101
1773049207005121500,48.48412158203125,9.201001167297363,0.4103690981864929,-0.45284169912338257
1773049207015102700,48.494102783203125,9.09093189239502,0.7070791125297546,0.12143574655056
1773049207025075700,48.50407568359375,8.755936622619629,0.592223584651947,-0.12741780281066895
1773049207035056000,48.51405615234375,9.435498237609863,0.12741780281066895,-0.5252245664596558
1773049207044936200,48.523936279296876,8.990432739257812,0.20398813486099243,-0.7740781307220459
1773049207054754000,48.53375415039063,9.224929809570312,0.3433700501918793,-0.8171489238739014
1773049207064934100,48.54393408203125,10.38365364074707,-0.355932354927063,-0.6831508874893188
1773049207074968600,48.55396850585937,8.358129501342773,-0.633499801158905,-0.357128769159317
1773049207084938500,48.5639384765625,7.936992645263672,-0.2793620526790619,-0.6640082597732544
1773049207094921500,48.57392138671875,9.038289070129395,-0.07357929646968842,-0.8793623447418213
1773049207104892700,48.583892578125,8.889934539794922,0.046061836183071136,-0.9080761671066284
1773049207114874400,48.59387426757812,6.677769660949707,-0.48514479398727417,-1.3818551301956177
1773049207124754400,48.60375439453125,8.482556343078613,-0.025722842663526535,-1.1425727605819702
1773049207134572000,48.61357202148437,12.021540641784668,-2.740380048751831,-4.125824451446533
1773049207144752000,48.623752197265624,8.684151649475098,-1.7874385118484497,-1.8418751955032349
1773049207154786300,48.633786376953125,11.245668411254883,-0.07357929646968842,-1.1569297313690186
1773049207164666400,48.643666259765624,12.768699645996094,0.4342973232269287,-1.3866406679153442
1773049207174483200,48.65348315429687,9.866804122924805,-0.4660021960735321,-1.2143574953079224
1773049207184663300,48.66366333007812,9.20578670501709,-1.0504491329193115,-0.9750752449035645
1773049207194697000,48.67369702148437,7.127620220184326,-1.5625132322311401,-0.6831508874893188
1773049207204663800,48.68366381835938,12.390035629272461,-1.3232308626174927,-1.3052847385406494
1773049207214649300,48.6936494140625,11.528020858764648,-0.6813562512397766,-1.5206388235092163
1773049207224529200,48.703529052734375,11.56152057647705,0.3433700501918793,-1.444068431854248
1773049207234346000,48.71334594726562,11.255239486694336,0.2955136001110077,-1.3100703954696655
1773049207244339500,48.72333935546875,10.848459243774414,0.2955136001110077,-1.1617153882980347
1773049207254303500,48.733303466796876,14.444273948669434,0.4534398913383484,-1.7700905799865723
1773049207264483300,48.7434833984375,9.411569595336914,0.2667997181415558,-1.176072359085083
1773049207274516700,48.753516845703125,9.124430656433105,0.2763710021972656,-1.1665010452270508
1773049207284480800,48.763480712890626,14.678770065307617,0.09870393574237823,-1.9232312440872192
1773049207294468400,48.77346826171875,7.7455668449401855,-0.4133601188659668,-5.5860443115234375
1773049207304435000,48.78343505859375,10.771889686584473,-0.9355936646461487,1.0408778190612793
1773049207314420500,48.79342041015625,16.484155654907227,0.8458628058433533,1.563111424446106
1773049207324389400,48.80338940429687,10.953743934631348,0.6113662123680115,0.6340979933738708
1773049207334373000,48.813373046875,7.984848976135254,0.9655039310455322,0.030508488416671753
1773049207344343600,48.82334350585938,13.62054443359375,0.5252245664596558,1.160519003868103
1773049207354326000,48.83332592773438,9.732806205749512,-0.13100704550743103,1.069591760635376
1773049207364298000,48.843298095703126,9.89551830291748,-2.400599241256714,3.482753276824951
1773049207374279200,48.85327905273437,11.346166610717773,0.012562318705022335,1.5290136337280273
1773049207384252200,48.86325219726562,12.40439224243164,0.5539384484291077,0.8685946464538574
1773049207394232800,48.87323291015625,8.209774017333984,0.2955136001110077,0.605384111404419
1773049207404206300,48.88320629882813,8.34855842590332,0.625723123550415,0.5431707501411438
1773049207414186200,48.89318627929688,12.888340950012207,0.3529413342475891,1.25144624710083
1773049207424066300,48.90306640625,8.913862228393555,0.0077766734175384045,1.1653046607971191
1773049207433884200,48.91288427734375,11.116456031799316,-0.054436713457107544,1.2083754539489746
1773049207443882000,48.922882080078125,8.13798999786377,0.06999006122350693,0.5718846321105957
1773049207453842400,48.93284252929688,9.000003814697266,0.2183450609445572,0.6675975322723389
1773049207464022500,48.9430224609375,8.990432739257812,0.06999006122350693,0.849452018737793
1773049207474056400,48.95305639648438,9.392427444458008,-0.37028929591178894,0.672383189201355
1773049207484023300,48.963023193359376,8.569295883178711,-0.4325026869773865,0.3846462368965149
1773049207494008600,48.973008544921875,8.880363464355469,-0.29371899366378784,-0.3475574851036072
1773049207503888600,48.982888671875,9.325428009033203,-0.01136590726673603,-0.23270200192928314
1773049207513705500,48.99270556640625,10.13479995727539,0.47258245944976807,-0.6017948985099792
1773049207523885300,49.00288525390625,9.057432174682617,0.20398813486099243,-0.7214360237121582
1773049207533919200,49.01291918945312,10.771889686584473,-0.5760720372200012,0.03529413416981697
1773049207543885800,49.0228857421875,7.659425258636475,-0.6622136831283569,-0.6161518096923828
1773049207553871400,49.032871337890626,7.874779224395752,-1.1461620330810547,-1.9280169010162354
1773049207563840300,49.04284033203125,9.747162818908691,0.07477571070194244,-0.6831508874893188
1773049207573824000,49.052823974609375,9.890732765197754,0.20398813486099243,-0.7501499056816101
1773049207583794400,49.06279443359375,9.512067794799805,0.33858439326286316,-0.898504912853241
1773049207593777200,49.072777099609375,9.46899700164795,-0.3607180118560791,-0.8841479420661926
1773049207603748900,49.08274877929688,8.520841598510742,-1.3710874319076538,-0.9463613629341125
1773049207613730300,49.092730224609376,10.053443908691406,-1.3280165195465088,-1.3196417093276978
1773049207623703000,49.102703125,8.195417404174805,0.13220344483852386,-0.9655039310455322
1773049207633683700,49.11268359375,10.551151275634766,0.05563312768936157,-1.200000524520874
1773049207643657500,49.122657470703125,9.6466646194458,0.09391828626394272,-1.01814603805542
1773049207653637000,49.13263720703125,9.670592308044434,-0.4995017349720001,-1.3627125024795532
1773049207663611600,49.14261157226562,9.124430656433105,-0.7627122402191162,-1.420140266418457
1773049207673590800,49.1525908203125,8.276773452758789,-1.3040883541107178,-0.9942178130149841
1773049207683565800,49.16256591796875,10.450653076171875,-1.160519003868103,-1.1665010452270508
1773049207693544700,49.17254467773437,8.765507698059082,-0.16450655460357666,-1.1425727605819702
1773049207703520000,49.18252001953125,10.273584365844727,0.7549355626106262,-0.8793623447418213
1773049207713498600,49.19249853515625,10.125228881835938,0.18484555184841156,-0.778863787651062
1773049207723474400,49.20247436523437,9.507282257080078,-0.3128615617752075,-0.7357929348945618
1773049207733452500,49.21245263671875,8.60758113861084,-0.4660021960735321,-0.26620152592658997
1773049207743428600,49.2224287109375,10.450653076171875,-0.9978070259094238,0.389431893825531
1773049207753406700,49.23240673828125,9.124430656433105,0.050847481936216354,-0.8937192559242249
1773049207763382800,49.2423828125,9.143573760986328,0.6496513485908508,-0.7836494445800781
1773049207773360600,49.252360595703124,10.469795227050781,-0.049651071429252625,-0.4911268353462219
1773049207783337000,49.2623369140625,9.311071395874023,-0.849452018737793,0.08793623000383377
1773049207793314800,49.27231469726563,8.482556343078613,-0.5617151260375977,-0.15613168478012085
1773049207803291400,49.28229150390625,10.541580200195312,-0.14057832956314087,0.45643091201782227
1773049207813269000,49.29226904296875,11.513664245605469,-0.26979073882102966,0.07357929646968842
1773049207823245600,49.30224560546875,8.784649848937988,0.6065805554389954,-0.5252245664596558
1773049207833223200,49.31222314453125,10.484152793884277,-0.5282155871391296,-0.1417747437953949
1773049207843199700,49.32219970703125,9.981659889221191,-1.1413763761520386,0.3128615617752075
1773049207853177300,49.33217724609375,8.602795600891113,-0.28893333673477173,0.35114672780036926
1773049207863154200,49.342154296875,10.455438613891602,-0.06400800496339798,0.14057832956314087
1773049207873131500,49.352131591796876,9.952945709228516,0.5491527915000916,-0.5252245664596558
1773049207883108400,49.3621083984375,9.038289070129395,0.5826523303985596,-0.3044866919517517
1773049207893085700,49.372085693359374,9.311071395874023,-0.23629122972488403,0.030508488416671753
1773049207903062500,49.3820625,8.751151084899902,-0.12622138857841492,-0.8937192559242249
1773049207913040000,49.39203979492188,10.053443908691406,-0.7824530005455017,0.3655036687850952
1773049207923016700,49.4020166015625,9.742377281188965,-0.1788634955883026,0.45643091201782227
1773049207932994000,49.411994140625,9.162715911865234,0.7501499056816101,-0.7501499056816101
1773049207942932200,49.42193212890625,10.925029754638672,0.0029910283628851175,0.08793623000383377
1773049207952905500,49.43190551757812,8.851649284362793,-0.4468596279621124,-0.5102694034576416
1773049207962925300,49.44192529296875,8.660223007202148,-1.0552347898483276,-0.4863412082195282
1773049207972903200,49.451903076171874,10.01037311553955,-0.3607180118560791,0.3128615617752075
1773049207982879500,49.46187939453125,10.316655158996582,0.2763710021972656,-0.8793623447418213
1773049207992857300,49.471857421875,9.708877563476562,0.10348957777023315,-0.20877377688884735
1773049208002833700,49.48183374023437,9.780662536621094,-0.5617151260375977,-0.3762713670730591
1773049208012811300,49.491811279296876,8.96650505065918,-0.7148557901382446,-0.5778666734695435
1773049208022788000,49.5017880859375,9.890732765197754,-1.2179467678070068,0.4420739710330963
1773049208032765400,49.51176538085937,9.569496154785156,0.012562318705022335,-0.865005373954773
1773049208042664400,49.52166455078125,10.220941543579102,1.113858938217163,-1.0947163105010986
1773049208052634000,49.531634033203126,11.46102237701416,0.2763710021972656,-0.18963119387626648
1773049208062696400,49.54169653320312,9.033503532409668,-0.9020941257476807,-0.3332005441188812
1773049208072675300,49.55167529296875,7.180262565612793,-1.9698911905288696,-1.022931694984436
1773049208082650600,49.56165063476563,10.819746017456055,0.2907279431819916,-0.30927231907844543
1773049208092629200,49.57162915039063,11.940184593200684,0.4247260093688965,-0.44805604219436646
1773049208102604800,49.581604736328124,9.263215065002441,-0.09272187948226929,-1.583450436592102
1773049208112583200,49.591583251953125,8.166703224182129,-0.8063812255859375,-1.444068431854248
1773049208122559000,49.60155908203125,8.712865829467773,-0.4372883439064026,0.8303094506263733
1773049208132537000,49.611537109375,12.308679580688477,-0.882951557636261,0.2027917206287384
1773049208142358000,49.62135791015625,8.8707914352417,0.4007977843284607,-2.334796667098999
1773049208152320500,49.631320556640624,9.885947227478027,0.898504912853241,0.37507495284080505
1773049208162467300,49.64146728515625,11.33659553527832,-1.5098711252212524,0.4660021960735321
1773049208172448500,49.65144848632813,7.2089762687683105,-2.0656042098999023,-0.4863412082195282
1773049208182421800,49.661421875,9.20578670501709,0.9511470198631287,-0.5682953596115112
1773049208192402000,49.67140185546875,13.055838584899902,0.8315058946609497,-0.7597211599349976
1773049208202376000,49.6813759765625,10.455438613891602,0.1944168359041214,-0.6544370055198669
1773049208212355600,49.69135546875,6.351747512817383,-0.08315058797597885,0.37507495284080505
1773049208222330400,49.701330322265626,9.737591743469238,-1.31365966796875,-1.3196417093276978
1773049208232309500,49.7113095703125,10.65224838256836,-0.34636107087135315,-0.17527425289154053
1773049208242189300,49.72118920898438,10.872387886047363,1.042074203491211,0.025722842663526535
1773049208252007400,49.73100732421875,9.512067794799805,-0.3367897868156433,-1.9663020372390747
1773049208262199800,49.74119970703125,9.46899700164795,-2.084746837615967,0.19322042167186737
1773049208272179200,49.75117919921875,8.228917121887207,-1.1940184831619263,-0.7262216806411743
1773049208282154000,49.761154052734376,10.666604995727539,0.050847481936216354,-1.0947163105010986
1773049208292133000,49.77113305664062,11.523235321044922,0.5060819983482361,0.2793620526790619
1773049208302108200,49.781108154296874,10.063015937805176,-0.9690931439399719,-1.2574282884597778
1773049208312086800,49.791086669921874,9.047860145568848,-2.1852452754974365,-1.0612168312072754
1773049208322101200,49.80110131835937,9.186644554138184,-0.3080759048461914,-0.28534409403800964
1773049208332083700,49.81108374023437,10.805388450622559,0.8793623447418213,-1.602592945098877
1773049208341963500,49.82096362304687,12.198610305786133,-0.32721850275993347,0.39900317788124084
1773049208351843600,49.83084350585938,8.751151084899902,-0.7627122402191162,-0.11306086927652359
1773049208361971000,49.840970947265625,6.457031726837158,-0.08793623000383377,-1.9806588888168335
1773049208371950000,49.8509501953125,11.269596099853516,0.2955136001110077,-0.865005373954773
1773049208381964000,49.86096411132812,10.091729164123535,0.6687939167022705,-0.4384847581386566
1773049208391946800,49.87094677734375,7.707281589508057,0.36729827523231506,-1.7222341299057007
1773049208401879300,49.88087939453125,7.941778182983398,-0.11186445504426956,-1.113858938217163
1773049208411857200,49.890857177734375,10.321440696716309,0.5539384484291077,-0.6544370055198669
1773049208421833700,49.900833740234376,11.164312362670898,-0.6239284873008728,-0.26620152592658997
1773049208431811300,49.91081127929687,8.066205024719238,0.2763710021972656,-0.45284169912338257
1773049208441691100,49.92069116210938,9.071788787841797,-0.9308080077171326,-2.8043880462646484
1773049208451571200,49.9305712890625,11.921042442321777,-1.0217353105545044,-1.2382856607437134
1773049208461664300,49.94066430664063,8.372486114501953,0.5635097622871399,-0.8123632669448853
1773049208471638000,49.950637939453124,11.049456596374512,-1.399801254272461,-2.2773690223693848
1773049208481579800,49.960579833984376,8.698508262634277,-1.2658032178878784,-0.6783652305603027
1773049208491550200,49.97055029296875,8.190631866455078,1.022931694984436,-0.2566302418708801
1773049208501495300,49.980495361328124,11.58544921875,0.6879364848136902,-0.8458628058433533
1773049208511463200,49.990463134765626,10.560722351074219,-2.400599241256714,-0.5826523303985596
1773049208521410600,50.00041064453125,7.103692054748535,-0.7339983582496643,-0.836291491985321
1773049208531376400,50.01037646484375,8.315058708190918,0.8410771489143372,-1.113858938217163
1773049208541256400,50.02025634765625,13.366905212402344,-0.18843477964401245,1.3710874319076538
1773049208551136500,50.03013647460938,10.685748100280762,-1.1174482107162476,0.5958128571510315
1773049208561241300,50.040241455078124,5.815755367279053,0.20398813486099243,-2.48315167427063
1773049208571205600,50.05020556640625,10.512866020202637,0.7310073375701904,0.31764721870422363
1773049208581156900,50.06015698242187,13.041481971740723,-0.7920243144035339,2.3575284481048584
1773049208591119600,50.07011962890625,8.794221878051758,-0.8207381963729858,-0.7214360237121582
1773049208601072000,50.080072021484376,7.127620220184326,-0.16450655460357666,-1.7078771591186523
1773049208611034000,50.0900341796875,11.33659553527832,0.3002992272377014,1.7497515678405762
1773049208620949000,50.099948974609376,11.092527389526367,0.2955136001110077,1.069591760635376
1773049208630906000,50.10990600585937,10.393224716186523,-0.3846462368965149,0.638883650302887
1773049208640786200,50.1197861328125,7.611568927764893,0.3002992272377014,0.26500511169433594
1773049208650666200,50.12966625976563,11.073385238647461,0.6305087804794312,0.7489534616470337
1773049208660779500,50.13977954101563,11.897113800048828,-1.1174482107162476,1.6348960399627686
1773049208670737000,50.14973681640625,8.133204460144043,-0.25064817070961,-0.46719861030578613
1773049208680656600,50.15965673828125,7.936992645263672,0.7980063557624817,-0.5054838061332703
1773049208690610000,50.16960986328125,11.949756622314453,0.381655216217041,1.0839486122131348
1773049208700571600,50.179571533203124,10.996814727783203,-1.0360921621322632,1.0791629552841187
1773049208710526200,50.189526123046875,8.468199729919434,-0.42293140292167664,0.25064817070961
1773049208720487200,50.19948706054687,8.554341316223145,0.9176474809646606,0.3798605799674988
1773049208730442000,50.20944189453125,12.265608787536621,0.19920247793197632,1.0121639966964722
1773049208740322000,50.21932202148437,10.709675788879395,-1.0552347898483276,0.5527420043945312
1773049208750202000,50.2292021484375,6.174678802490234,-0.13579268753528595,-0.23270200192928314
1773049208760382200,50.23938232421875,9.90987491607666,0.8602197170257568,0.2315055876970291
1773049208770562000,50.24956201171875,12.600604057312012,-0.6574280261993408,1.4572290182113647
1773049208780742100,50.2597421875,9.608379364013672,-0.9020941257476807,-0.4097708761692047
1773049208790922000,50.269921875,7.2089762687683105,0.6783652305603027,-0.3236292600631714
1773049208810980000,50.28997998046875,11.978469848632812,-0.6143572330474854,0.3367897868156433
1773049208820969000,50.29996899414063,7.481758117675781,-0.13100704550743103,-0.20398813486099243
1773049208830934500,50.3099345703125,8.233702659606934,0.8315058946609497,0.24586252868175507
1773049208840920800,50.3199208984375,11.657233238220215,0.046061836183071136,0.7776673436164856
1773049208850888700,50.329888671875,10.24487018585205,-1.155733346939087,-0.1657029688358307
1773049208860873200,50.33987329101563,7.5637125968933105,0.24227328598499298,-0.37148571014404297
1773049208870843100,50.349843017578124,8.520841598510742,0.6209374666213989,0.7824530005455017
1773049208880826000,50.359826171875,11.940184593200684,-0.054436713457107544,0.7489534616470337
1773049208890797600,50.36979760742187,9.382855415344238,-0.6861419081687927,-0.5006981492042542
1773049208900779300,50.379779296875,7.127620220184326,0.6831508874893188,-0.2757728099822998
1773049208910751700,50.38975170898438,10.426724433898926,0.012562318705022335,0.45164528489112854
1773049208920732700,50.39973266601562,10.450653076171875,-0.494716078042984,-0.10348957777023315
1773049208930706000,50.409705810546875,8.50169849395752,-0.020937198773026466,-0.8219345808029175
1773049208940686000,50.41968603515625,7.371688365936279,0.46779683232307434,0.24586252868175507
1773049208950660400,50.429660400390624,10.795817375183105,0.6400800347328186,0.07836493849754333
1773049208960640000,50.43963989257813,10.886744499206543,-0.1788634955883026,-1.0037890672683716
1773049208970614500,50.44961450195313,8.482556343078613,-0.50907301902771,-0.534795880317688
1773049208980593700,50.45959375,7.012764930725098,0.44386860728263855,0.576670229434967
1773049208990569000,50.46956884765625,11.638091087341309,-0.5473581552505493,-0.0029910283628851175
1773049209000547600,50.47954760742188,10.053443908691406,-0.3607180118560791,-0.37148571014404297
1773049209010523100,50.489523193359375,8.190631866455078,0.8171489238739014,0.1453639715909958
1773049209020501500,50.49950146484375,10.182656288146973,0.30508488416671753,0.39421752095222473
1773049209030477600,50.5094775390625,12.074183464050293,-1.552941918373108,0.4612165689468384
1773049209040455700,50.51945556640625,7.433901786804199,0.08434699475765228,-0.9463613629341125
1773049209050335500,50.52933544921875,9.019146919250488,0.8841479420661926,-0.5150550603866577
1773049209060154000,50.539154052734375,12.447463035583496,-0.20757736265659332,0.08793623000383377
1773049209070334000,50.549333984375,9.905089378356934,-1.0504491329193115,-0.47198426723480225
1773049209080369000,50.55936889648437,8.937790870666504,-0.01615155301988125,-0.8554341197013855
1773049209090340000,50.56934008789062,10.4219388961792,0.47258245944976807,0.3080759048461914
1773049209100322000,50.57932202148437,12.2799654006958,-0.48514479398727417,0.18843477964401245
1773049209110294500,50.58929443359375,9.56471061706543,-0.7872386574745178,-0.7214360237121582
1773049209120275200,50.59927514648437,7.0893354415893555,0.6400800347328186,-0.6305087804794312
1773049209130249000,50.6092490234375,12.064611434936523,0.19920247793197632,0.39421752095222473
1773049209140228900,50.619228759765626,11.609376907348633,-1.9268203973770142,-0.12263216078281403
1773049209150203100,50.629203125,8.62193775177002,-0.11665010452270508,-0.8219345808029175
1773049209160182800,50.63918286132812,9.972088813781738,1.0947163105010986,0.26979073882102966
1773049209170157600,50.64915747070312,12.864412307739258,-0.3080759048461914,0.42293140292167664
1773049209180136400,50.659136474609376,9.842875480651855,-0.4995017349720001,-0.7501499056816101
1773049209190016500,50.6690166015625,7.530212879180908,-0.08793623000383377,-0.5730810165405273
1773049209199834600,50.67883471679688,11.394022941589355,0.0077766734175384045,0.5814558863639832
1773049209209833200,50.68883325195313,11.006385803222656,-0.2267199456691742,0.16929219663143158
1773049209219793200,50.69879321289063,10.153943061828613,-0.6047859191894531,-1.6983058452606201
1773049209229973000,50.70897290039063,8.98086166381836,0.06520441919565201,-0.22791635990142822
1773049209240007200,50.71900708007813,9.82373332977295,0.24227328598499298,0.7872386574745178
1773049209249974500,50.728974609375,11.710474014282227,-0.2602194547653198,-1.0660024881362915
1773049209259959600,50.73895947265625,9.588638305664062,-0.7339983582496643,-0.5300102233886719
1773049209269928700,50.7489287109375,8.684151649475098,0.41515472531318665,0.7393822073936462
1773049209279912200,50.758912109375,10.661819458007812,0.5778666734695435,-0.18484555184841156
1773049209289883100,50.768883056640625,11.992827415466309,-1.0600204467773438,-0.26620152592658997
1773049209299865300,50.778865234375,8.056633949279785,-0.355932354927063,0.35114672780036926
1773049209309837600,50.788837646484374,7.980063438415527,0.8793623447418213,-0.7884350419044495
1773049209319818800,50.79881884765625,11.815757751464844,0.09391828626394272,1.0887342691421509
1773049209329791700,50.80879174804687,10.426724433898926,-0.719641387462616,0.605384111404419
1773049209339772200,50.81877221679687,7.151548862457275,-0.07836493849754333,-0.5826523303985596
1773049209349746200,50.82874609375,10.771889686584473,0.22791635990142822,1.0791629552841187
1773049209359725800,50.838725830078126,10.992029190063477,0.3290131092071533,0.7824530005455017
1773049209369606000,50.84860595703125,9.277571678161621,-0.020937198773026466,-0.04127619042992592
1773049209379424000,50.85842407226563,7.549355506896973,0.0077766734175384045,0.6245267391204834
1773049209389421800,50.868421875,9.268000602722168,-0.09272187948226929,1.399801254272461
1773049209399382300,50.87838232421875,11.815757751464844,0.28115665912628174,1.0600204467773438
1773049209409376000,50.8883759765625,8.83250617980957,0.30987054109573364,0.6245267391204834
1773049209419339800,50.89833984375,9.349356651306152,-0.08315058797597885,0.605384111404419
1773049209429520000,50.90851977539062,8.401200294494629,-0.3367897868156433,0.9020941257476807
1773049209439553000,50.91855297851563,10.910673141479492,0.5826523303985596,0.2027917206287384
1773049209449517600,50.928517578125,10.757532119750977,-0.2841476798057556,1.0839486122131348
1773049209459505000,50.9385048828125,8.660223007202148,-0.753140926361084,0.6436693072319031
1773049209469385000,50.94838500976562,8.506484031677246,-1.6295121908187866,0.049651071429252625
1773049209479201500,50.958201416015626,10.091729164123535,-0.7244270443916321,-0.7549355626106262
1773049209489381400,50.96838134765625,10.249655723571777,0.11306086927652359,1.222732424736023
1773049209499415000,50.9784150390625,9.588638305664062,-0.600000262260437,0.7824530005455017
1773049209509380400,50.98838037109375,7.735995769500732,-0.6478567123413086,-0.2470589429140091
1773049209519367200,50.9983671875,9.535996437072754,-0.8015955686569214,0.5383850932121277
1773049209529334800,51.008334716796874,10.311869621276855,-0.3367897868156433,1.7353945970535278
1773049209539319600,51.01831958007813,10.575079917907715,-0.7674978375434875,0.8303094506263733
1773049209549289200,51.02828930664062,9.287142753601074,-0.8159525394439697,0.26979073882102966
1773049209559272400,51.0382724609375,9.382855415344238,-0.6047859191894531,-0.29012975096702576
1773049209569243600,51.04824365234375,9.656235694885254,-1.0504491329193115,0.4181457459926605
1773049209579225600,51.0582255859375,9.124430656433105,-0.21714866161346436,-0.18005990982055664
1773049209589197800,51.06819775390625,9.516854286193848,-0.6478567123413086,-0.15613168478012085
1773049209599179000,51.07817895507812,10.73838996887207,-1.0600204467773438,1.074377417564392
1773049209609059000,51.08805908203125,7.9657063484191895,-0.5521438121795654,0.26500511169433594
1773049209618876700,51.09787670898437,10.177870750427246,-0.3320041298866272,-0.5150550603866577
1773049209629056800,51.108056884765624,10.441082000732422,-0.24586252868175507,1.0504491329193115
1773049209639091500,51.11809155273438,10.555936813354492,-0.37507495284080505,0.39900317788124084
1773049209649060900,51.12806079101563,9.449854850769043,0.5252245664596558,-0.15613168478012085
1773049209659044000,51.138044189453126,10.321440696716309,0.36729827523231506,0.2027917206287384
1773049209669015300,51.14801538085938,9.996016502380371,-0.12622138857841492,-0.26620152592658997
1773049209678997200,51.15799731445313,8.482556343078613,0.46779683232307434,0.26979073882102966
1773049209688969700,51.1679697265625,10.64686393737793,0.9032905697822571,-0.18484555184841156
1773049209698950700,51.17795068359375,11.456236839294434,0.6400800347328186,0.5862415432929993
1773049209708924000,51.187923828125,9.119645118713379,0.6400800347328186,-0.6352944374084473
1773049209718904300,51.197904296875,8.789435386657715,0.778863787651062,-0.06520441919565201
1773049209728878300,51.20787841796875,10.695319175720215,0.9511470198631287,0.5527420043945312
1773049209738858000,51.21785791015625,10.627721786499023,1.089930772781372,0.2793620526790619
1773049209748832800,51.22783276367188,10.398011207580566,0.5635097622871399,0.6340979933738708
1773049209758812000,51.23781201171875,7.132406234741211,-0.12622138857841492,0.06400800496339798
1773049209768823800,51.24782373046875,10.292726516723633,-0.42293140292167664,-0.5054838061332703
1773049209778806300,51.25780615234375,8.051848411560059,0.5587241053581238,0.4085744619369507
1773049209788686000,51.26768603515625,11.3509521484375,0.6161518096923828,0.001794616924598813
1773049209798566100,51.27756616210937,8.779864311218262,-0.08793623000383377,0.11665010452270508
1773049209808462800,51.287462890625,6.8309102058410645,-0.40378883481025696,-0.03170489892363548
1773049209818422300,51.29742236328125,10.340582847595215,-1.0504491329193115,-0.18963119387626648
1773049209828602400,51.30760229492188,8.851649284362793,-1.1126625537872314,0.48035913705825806
1773049209838636500,51.31763647460937,13.012767791748047,0.6544370055198669,0.729810893535614
1773049209848604200,51.327604248046875,8.48734188079834,-1.25144624710083,0.1740778535604477
1773049209858589000,51.3375888671875,6.390032768249512,-0.6382854580879211,-0.16091732680797577
1773049209868469000,51.34746899414063,10.0343017578125,-0.21714866161346436,-0.7405785918235779
1773049209878286000,51.3572861328125,10.881958961486816,-0.0687936544418335,0.2793620526790619
1773049209888280000,51.36728002929687,9.033503532409668,0.0364905446767807,0.9547362327575684
1773049209898243600,51.37724365234375,8.338987350463867,-0.29850462079048157,-0.6735795736312866
1773049209908234200,51.387234130859376,9.234500885009766,-0.35114672780036926,0.638883650302887
1773049209918200600,51.39720068359375,9.478569030761719,0.36251261830329895,0.025722842663526535
1773049209928380700,51.40738061523437,10.307083129882812,0.9798609018325806,-0.3475574851036072
1773049209938413600,51.41741357421875,10.345368385314941,-0.07836493849754333,0.03529413416981697
1773049209948376000,51.4273759765625,9.358927726745605,-0.916451096534729,-0.23748764395713806
1773049209958365200,51.437365234375,7.936992645263672,0.5730810165405273,-0.18963119387626648
1773049209968245000,51.44724487304688,13.031909942626953,0.3577269911766052,1.1174482107162476
1773049209978061000,51.45706103515625,11.796615600585938,0.16091732680797577,0.26500511169433594
1773049209988241200,51.4672412109375,8.415556907653809,-0.45164528489112854,-0.8458628058433533
1773049209998274600,51.47727465820312,8.209774017333984,-0.3032902777194977,-0.6879364848136902
1773049210008154600,51.48715454101563,9.138788223266602,0.9990034699440002,-0.3332005441188812
1773049210017970700,51.496970703125,13.807783126831055,-0.2027917206287384,-0.3332005441188812
1773049210028150500,51.50715063476562,7.735995769500732,-0.21236300468444824,-0.13220344483852386
1773049210038184000,51.51718383789063,8.655437469482422,0.3768695592880249,-0.6592226624488831
1773049210048147700,51.52714770507812,11.451451301574707,-2.5393829345703125,0.13100704550743103
1773049210058135600,51.53713549804687,10.307083129882812,0.28594231605529785,0.020937198773026466
1773049210068102100,51.54710205078125,9.972088813781738,1.3537393808364868,-0.20398813486099243
1773049210078088000,51.557087890625,12.92184066772461,-0.26500511169433594,0.39421752095222473
1773049210087968000,51.56696801757813,6.960123062133789,-1.2945170402526855,-0.01734796352684498
1773049210097784800,51.576784912109375,8.813364028930664,-0.08315058797597885,-0.026919255033135414
1773049210107965000,51.58696484375,12.524033546447754,0.7884350419044495,0.9690931439399719
1773049210117998600,51.59699853515625,10.915458679199219,0.07956135272979736,0.355932354927063
1773049210127965200,51.60696508789062,8.353343963623047,-1.8789639472961426,0.6005984544754028
1773049210137951000,51.61695092773437,6.749554634094238,0.09391828626394272,-0.5682953596115112
1773049210147919600,51.62691967773438,12.361321449279785,1.109073281288147,-0.07956135272979736
1773049210157904000,51.63690380859375,13.692329406738281,-0.01136590726673603,1.3040883541107178
1773049210167874000,51.6468740234375,7.922635555267334,-0.973878800868988,1.591825246810913
1773049210177856800,51.65685668945312,7.956135272979736,-0.7148557901382446,-0.8554341197013855
1773049210187736800,51.66673681640625,11.710474014282227,-0.32243284583091736,0.7154539823532104
1773049210197554400,51.67655444335937,11.528020858764648,0.5060819983482361,1.1318050622940063
1773049210207734300,51.686734375,10.929815292358398,-0.04486542567610741,-0.05563312768936157
1773049210217768700,51.696768798828124,8.391629219055176,-0.8781659007072449,-0.15134602785110474
1773049210227737000,51.70673706054688,9.69930648803711,-1.4715858697891235,0.3607180118560791
1773049210237721300,51.71672143554687,11.121241569519043,0.4582255482673645,0.5527420043945312
1773049210247691500,51.72669140625,12.122039794921875,0.36729827523231506,0.11186445504426956
1773049210257674200,51.73667431640625,10.197013854980469,-1.007378339767456,-0.1704886108636856
1773049210267646000,51.74664599609375,7.908278942108154,-0.9643075466156006,-0.12741780281066895
1773049210277627600,51.756627685546874,10.704890251159668,0.6687939167022705,0.32721850275993347
1773049210287507700,51.7665078125,13.577473640441895,0.22791635990142822,0.5479564070701599
1773049210297325300,51.7763251953125,10.067801475524902,-1.2705888748168945,-0.10348957777023315
1773049210307321900,51.78632177734375,7.141977310180664,-0.6909275650978088,0.42293140292167664
1773049210317283300,51.79628344726562,9.656235694885254,0.38644084334373474,-0.4336991012096405
1773049210327463400,51.80646337890625,13.563117027282715,0.3242274820804596,-0.0891326442360878
1773049210337497300,51.81649731445312,10.570294380187988,-0.3367897868156433,0.576670229434967
1773049210347463400,51.82646337890625,6.701697826385498,-0.5282155871391296,-0.5682953596115112
1773049210357449500,51.83644946289063,9.77109146118164,-0.5186443328857422,-0.6735795736312866
1773049210367329500,51.84632958984375,11.173883438110352,0.5252245664596558,0.7250252366065979
1773049210377146400,51.856146484375,11.666805267333984,0.30508488416671753,0.8398807644844055
1773049210387326200,51.866326171875,8.803792953491211,-0.7292127013206482,-0.6975077986717224
1773049210397360000,51.876360107421874,8.554341316223145,-0.7100701332092285,-0.14656038582324982
1773049210407326500,51.88632641601563,10.450653076171875,0.6975077986717224,0.22193430364131927
1773049210417312500,51.8963125,12.20339584350586,0.5539384484291077,0.6628118753433228
1773049210427281000,51.90628100585938,9.608379364013672,-0.5186443328857422,0.03529413416981697
1773049210437265200,51.91626513671875,6.299105644226074,-0.9595218896865845,0.4660021960735321
1773049210447235300,51.9262353515625,9.694520950317383,0.6352944374084473,-0.29012975096702576
1773049210457218000,51.93621801757813,12.375679016113281,0.9702895879745483,0.5814558863639832
1773049210467098000,51.94609814453125,10.838888168334961,-0.3846462368965149,0.48035913705825806
1773049210476915500,51.95591552734375,6.131608009338379,-0.666999340057373,0.03529413416981697
1773049210486911200,51.9659111328125,7.994420528411865,-0.0687936544418335,0.26979073882102966
1773049210496873500,51.97587353515625,14.23849105834961,0.8793623447418213,0.9451649188995361
1773049210506865400,51.98586547851563,9.497711181640625,0.0364905446767807,0.7202396392822266
1773049210516830700,51.99583081054688,6.792625427246094,-0.3032902777194977,0.5862415432929993
1773049210527010600,52.00601049804688,7.524828910827637,-0.6574280261993408,-0.022133609279990196
1773049210537044000,52.0160439453125,11.298310279846191,0.9702895879745483,0.39900317788124084
1773049210547007000,52.026007080078124,11.427522659301758,0.2715853750705719,1.2562319040298462
1773049210556995600,52.03599560546875,6.5868425369262695,-0.7483552694320679,0.9978070259094238
1773049210566875400,52.04587548828125,6.308676719665527,-0.29371899366378784,0.8638089895248413
1773049210576691700,52.05569165039063,12.888340950012207,0.6735795736312866,1.1030912399291992
1773049210586683000,52.06568286132813,10.120443344116211,0.30508488416671753,0.9882357716560364
1773049210596649000,52.07564892578125,8.161917686462402,0.2715853750705719,0.7393822073936462
1773049210606828800,52.08582885742187,7.098906517028809,0.13698910176753998,0.6197410821914673
1773049210616862000,52.09586206054688,11.10209846496582,0.15134602785110474,1.2035897970199585
1773049210626824400,52.105824462890624,11.11167049407959,-0.08315058797597885,1.4811571836471558
1773049210636813600,52.1158134765625,8.396414756774902,0.2667997181415558,0.7058826684951782
1773049210646779000,52.12577880859375,6.711269378662109,0.07956135272979736,0.6484549641609192
1773049210656765400,52.135765380859375,11.188240051269531,0.28594231605529785,1.3088740110397339
1773049210666733600,52.14573364257812,11.054242134094238,0.33379876613616943,1.332802176475525
1773049210676718000,52.155718017578124,8.090133666992188,0.20877377688884735,0.8063812255859375
1773049210686687700,52.16568774414063,8.161917686462402,-0.16450655460357666,1.404586911201477
1773049210696671000,52.1756708984375,11.897113800048828,0.3433700501918793,1.4811571836471558
1773049210706642200,52.18564208984375,10.039087295532227,0.3290131092071533,1.1748759746551514
1773049210716624400,52.195624267578125,8.228917121887207,-0.006580262444913387,1.275374412536621
1773049210726596600,52.2055966796875,9.19143009185791,-0.030508488416671753,1.5050854682922363
1773049210736577800,52.21557788085938,11.7056884765625,0.06520441919565201,1.835893154144287
1773049210746551000,52.22555102539062,9.143573760986328,0.2907279431819916,1.1365907192230225
1773049210756531500,52.23553149414062,9.502496719360352,0.2715853750705719,1.1318050622940063
1773049210766505500,52.24550537109375,8.995218276977539,0.20877377688884735,1.1318050622940063
1773049210776485000,52.255485107421876,10.791031837463379,0.05563312768936157,1.7114664316177368
1773049210786460000,52.2654599609375,10.249655723571777,0.23270200192928314,1.3615161180496216
1773049210796439000,52.27543896484375,9.325428009033203,-0.45643091201782227,1.9363917112350464
1773049210806414300,52.285414306640625,9.148359298706055,-0.1788634955883026,1.5966109037399292
1773049210816393000,52.29539306640625,11.216954231262207,0.5108676552772522,1.2370892763137817
1773049210826273000,52.30527294921875,11.734402656555176,0.21355941891670227,1.4428720474243164
1773049210836091400,52.31509130859375,7.486543655395508,0.022133609279990196,0.9308080077171326
1773049210846090200,52.32509033203125,10.149157524108887,0.0891326442360878,1.2035897970199585
1773049210856050000,52.3350498046875,12.045469284057617,0.1178465187549591,1.4428720474243164
1773049210866230000,52.34522998046875,10.220941543579102,0.0891326442360878,1.222732424736023
1773049210876264000,52.35526391601562,7.999206066131592,-0.05922235921025276,0.8925228714942932
1773049210886231600,52.3652314453125,10.36929702758789,0.13698910176753998,1.093519926071167
1773049210896216600,52.37521655273437,12.232109069824219,0.251844584941864,1.2705888748168945
1773049210906186000,52.38518603515625,9.172286987304688,-0.20757736265659332,1.031306505203247
1773049210916169500,52.39516943359375,8.181060791015625,0.18963119387626648,0.6532405614852905
1773049210926049300,52.40504931640625,12.074183464050293,0.2470589429140091,0.6005984544754028
1773049210935866600,52.41486669921875,10.695319175720215,0.22791635990142822,-0.19920247793197632
1773049210945862000,52.42486181640625,8.535198211669922,0.33858439326286316,-0.10827522724866867
1773049210955824600,52.43482470703125,9.167501449584961,-0.006580262444913387,0.3320041298866272
1773049210966004500,52.44500439453125,11.37488079071045,0.11306086927652359,0.2745763957500458
1773049210976038100,52.4550380859375,10.436295509338379,0.1178465187549591,0.3032902777194977
1773049210986003500,52.46500341796875,9.282357215881348,0.14656038582324982,-0.050847481936216354
1773049210995990300,52.474990234375,8.894720077514648,0.46779683232307434,-0.6687939167022705
1773049211005958000,52.4849580078125,11.274381637573242,0.23748764395713806,0.50907301902771
1773049211015942700,52.494942626953126,10.000802040100098,-0.19800607860088348,0.6867401003837585
1773049211025912300,52.50491235351563,8.976076126098633,-0.15493527054786682,0.4372883439064026
1773049211035895600,52.5148955078125,10.326226234436035,0.10348957777023315,0.7010970115661621
1773049211045866800,52.52486669921875,11.044671058654785,0.5204389095306396,0.4995017349720001
1773049211055848700,52.5348486328125,9.761520385742188,-0.21714866161346436,-0.26620152592658997
1773049211065821000,52.544821044921875,7.798209190368652,0.13698910176753998,0.48035913705825806
1773049211075802000,52.55480200195313,10.829317092895508,-0.21714866161346436,1.0169496536254883
1773049211085775400,52.564775390625,11.782258987426758,-0.020937198773026466,0.21236300468444824
1773049211095755800,52.574755859375,8.066205024719238,0.06041877344250679,0.29371899366378784
1773049211105729800,52.58472973632813,9.804591178894043,-0.025722842663526535,-0.23748764395713806
1773049211115709400,52.59470947265625,9.780662536621094,0.486939400434494,0.18843477964401245
1773049211125684200,52.60468432617188,11.092527389526367,-0.18843477964401245,0.849452018737793
1773049211135663600,52.61466357421875,8.439485549926758,-0.14057832956314087,0.7010970115661621
1773049211145543400,52.62454345703125,8.961718559265137,0.33858439326286316,0.7489534616470337
1773049211155361500,52.634361572265625,11.398808479309082,0.3290131092071533,0.6340979933738708
1773049211165541600,52.644541748046876,9.138788223266602,-0.20757736265659332,0.3607180118560791
1773049211175576600,52.65457666015625,8.38684368133545,0.10827522724866867,0.6867401003837585
1773049211185547300,52.66454736328125,9.593423843383789,0.3194418251514435,1.0169496536254883
1773049211195529700,52.67452978515625,11.710474014282227,-0.13579268753528595,1.490728497505188
1773049211205409500,52.68440942382812,8.358129501342773,-0.24586252868175507,1.160519003868103
1773049211215227100,52.69422705078125,9.248857498168945,0.30508488416671753,0.973878800868988
1773049211225223200,52.70422314453125,10.709675788879395,0.5491527915000916,0.9212366938591003
1773049211235185200,52.71418505859375,10.220941543579102,-0.08315058797597885,0.8973084688186646
1773049211245177300,52.72417724609375,7.400402069091797,-1.2083754539489746,1.4524433612823486
1773049211255142400,52.73414233398437,8.775078773498535,0.6544370055198669,0.6484549641609192
1773049211265322200,52.744322265625,13.37169075012207,0.50129634141922,0.9978070259094238
1773049211275355600,52.75435571289062,8.703293800354004,-0.9930213689804077,0.973878800868988
1773049211285319000,52.76431884765625,7.347760200500488,0.06999006122350693,0.5527420043945312
1773049211295307300,52.774307373046874,11.489736557006836,0.9320043921470642,0.9643075466156006
1773049211305187300,52.78418725585937,11.921042442321777,0.046061836183071136,1.2370892763137817
1773049211315003400,52.79400341796875,7.716853141784668,-0.5856433510780334,1.0839486122131348
1773049211325183500,52.80418359375,8.276773452758789,0.2907279431819916,0.8255237936973572
1773049211335217200,52.814217041015624,12.375679016113281,0.7645068168640137,1.0600204467773438
1773049211345182000,52.82418188476562,10.05823040008545,-0.24586252868175507,1.1174482107162476
1773049211355169000,52.8341689453125,6.323033809661865,-0.7100701332092285,1.160519003868103
1773049211365136400,52.84413647460938,11.164312362670898,0.9032905697822571,0.9547362327575684
1773049211375121700,52.85412158203125,11.662019729614258,0.18963119387626648,0.9595218896865845
1773049211385090800,52.8640908203125,8.727222442626953,-0.5904290080070496,0.672383189201355
1773049211395074300,52.87407421875,8.391629219055176,0.39122650027275085,0.7537391185760498
1773049211405045200,52.884045166015625,12.662817001342773,0.18005990982055664,0.9978070259094238
1773049211415027500,52.89402734375,10.517651557922363,-1.1174482107162476,0.6005984544754028
1773049211424999700,52.903999755859374,7.779066562652588,0.5443671345710754,0.638883650302887
1773049211434980900,52.91398095703125,10.053443908691406,0.7310073375701904,0.34636107087135315
1773049211444861000,52.92386083984375,11.777473449707031,-0.39900317788124084,0.7728816866874695
1773049211454678800,52.9336787109375,7.88913631439209,-0.6574280261993408,0.7776673436164856
1773049211464859000,52.94385888671875,8.367700576782227,0.7549355626106262,0.7920243144035339
1773049211474893300,52.953893310546874,12.710674285888672,0.41515472531318665,1.1940184831619263
1773049211484862700,52.96386279296875,9.694520950317383,-0.389431893825531,0.7250252366065979
1773049211494846200,52.97384619140625,7.898707389831543,-0.19322042167186737,0.8685946464538574
1773049211504726000,52.98372607421875,11.370095252990723,0.46779683232307434,1.069591760635376
1773049211514543400,52.99354345703125,10.848459243774414,-0.4420739710330963,0.729810893535614
1773049211524538600,53.00353857421875,9.004789352416992,-0.1740778535604477,0.05922235921025276
1773049211534501400,53.01350146484375,8.13798999786377,0.7549355626106262,0.10707881301641464
1773049211544492800,53.02349291992188,12.696316719055176,-0.10707881301641464,0.5383850932121277
1773049211554458400,53.03345825195313,8.894720077514648,-0.7100701332092285,0.7776673436164856
1773049211564638500,53.04363842773437,7.304689407348633,0.5108676552772522,0.31764721870422363
1773049211574671400,53.05367138671875,10.98724365234375,0.778863787651062,0.5623133182525635
1773049211584634400,53.06363427734375,12.227323532104492,-0.4420739710330963,0.638883650302887
1773049211594623000,53.073623046875,5.705685615539551,0.3002992272377014,0.4468596279621124
1773049211604588800,53.0835888671875,12.160325050354004,0.5491527915000916,1.1892328262329102
1773049211614575000,53.0935751953125,10.474580764770508,-0.08315058797597885,0.6819544434547424
1773049211624543200,53.10354321289063,10.38365364074707,0.06041877344250679,0.9690931439399719
1773049211634527700,53.11352783203125,9.459425926208496,0.026919255033135414,0.4468596279621124
1773049211644407800,53.12340771484375,9.675378799438477,0.4582255482673645,0.5431707501411438
1773049211654225000,53.13322485351563,10.65224838256836,-0.35114672780036926,0.5288137793540955
1773049211664405000,53.14340502929687,7.481758117675781,0.05563312768936157,0.3798605799674988
1773049211674439000,53.15343896484375,10.627721786499023,0.41515472531318665,0.2793620526790619
1773049211684406300,53.16340625,10.40758228302002,-0.2745763957500458,0.26979073882102966
1773049211694391300,53.17339135742188,8.425128936767578,0.18005990982055664,0.19800607860088348
1773049211704360700,53.18336059570313,9.761520385742188,0.14656038582324982,0.8303094506263733
1773049211714344200,53.19334423828125,11.499307632446289,-0.030508488416671753,1.246660590171814
1773049211724315000,53.20331494140625,9.5264253616333,-0.1788634955883026,0.6532405614852905
1773049211734297300,53.21329736328125,8.228917121887207,0.49651068449020386,0.5814558863639832
1773049211744269300,53.223269287109375,11.183454513549805,0.20398813486099243,1.0360921621322632
1773049211754250800,53.23325073242187,9.478569030761719,-0.32243284583091736,0.882951557636261
1773049211764223700,53.2432236328125,8.090133666992188,0.31465616822242737,0.8303094506263733
1773049211774204200,53.2532041015625,10.555936813354492,0.3194418251514435,0.8685946464538574
1773049211784178200,53.26317822265625,10.14437198638916,-0.3320041298866272,0.5383850932121277
1773049211794158000,53.27315795898438,8.779864311218262,0.18005990982055664,0.5288137793540955
1773049211804132600,53.28313256835938,10.268798828125,0.4007977843284607,0.45643091201782227
1773049211814112000,53.293112060546875,11.623734474182129,-0.23629122972488403,0.3367897868156433
1773049211824087000,53.30308715820313,8.665008544921875,-0.025722842663526535,0.6771687865257263
1773049211834065700,53.31306567382813,9.54078197479248,0.9367900490760803,0.32721850275993347
1773049211844041200,53.323041259765624,11.441879272460938,0.2955136001110077,0.5138586759567261
1773049211854019800,53.333019775390625,9.325428009033203,-0.09272187948226929,0.8207381963729858
1773049211863995600,53.34299560546875,8.11406135559082,0.39601215720176697,0.729810893535614
1773049211873974000,53.35297412109375,11.441879272460938,0.6496513485908508,1.0648061037063599
1773049211883853800,53.36285375976563,9.962516784667969,-0.05922235921025276,1.00259268283844
1773049211893734000,53.37273388671875,8.779864311218262,-0.4085744619369507,1.2131611108779907
1773049211903904300,53.382904296875,10.29751205444336,0.8506484627723694,0.6915257573127747
1773049211913882400,53.39288232421875,11.355737686157227,0.07477571070194244,0.9116654396057129
1773049211923858700,53.402858642578124,8.343772888183594,-0.23629122972488403,0.40378883481025696
1773049211933836500,53.41283642578125,9.885947227478027,0.6448656916618347,0.3128615617752075
1773049211943813000,53.42281323242187,11.389237403869629,-0.0687936544418335,0.8398807644844055
1773049211953790700,53.43279077148438,8.688937187194824,-0.9212366938591003,1.0169496536254883
1773049211963767600,53.442767578125,8.482556343078613,0.7022934556007385,0.5575276613235474
1773049211973745200,53.4527451171875,11.21216869354248,0.6735795736312866,0.8015955686569214
1773049211983721700,53.4627216796875,9.766305923461914,-0.6717849373817444,1.1748759746551514
1773049211993699300,53.47269921875,7.755138397216797,-0.3080759048461914,1.0121639966964722
1773049212003676200,53.48267626953125,11.020742416381836,0.778863787651062,0.916451096534729
1773049212013653500,53.49265356445313,10.762317657470703,-0.11186445504426956,1.0791629552841187
1773049212023630600,53.502630615234374,8.47298526763916,-0.5282155871391296,1.1509476900100708
1773049212033608000,53.51260791015625,10.28315544128418,0.6640082597732544,0.6532405614852905
1773049212043584800,53.52258471679688,10.426724433898926,-0.21236300468444824,0.605384111404419
1773049212053562000,53.53256201171875,8.913862228393555,-0.13100704550743103,0.7345965504646301
1773049212063539200,53.54253930664063,9.411569595336914,0.4295116662979126,0.5186443328857422
1773049212073516500,53.5525166015625,10.579865455627441,-0.03529413416981697,0.355932354927063
1773049212083493600,53.56249365234375,8.645866394042969,-0.030508488416671753,0.6484549641609192
1773049212093470700,53.572470703125,9.7998046875,0.5970092415809631,0.8255237936973572
1773049212103447800,53.58244775390625,10.555936813354492,0.4582255482673645,0.9403793215751648
1773049212113425200,53.592425048828126,8.990432739257812,-0.06400800496339798,0.7441678643226624
1773049212123402200,53.60240234375,9.545567512512207,0.24227328598499298,0.8063812255859375
1773049212133379600,53.612379638671875,10.522438049316406,0.5443671345710754,0.9595218896865845
1773049212143356700,53.62235668945313,9.795019149780273,0.08434699475765228,0.9260223507881165
1773049212153333800,53.63233374023437,9.732806205749512,-0.12143574655056,0.5575276613235474
1773049212163310800,53.642310791015625,9.704092025756836,0.0891326442360878,0.5186443328857422
1773049212173288200,53.6522880859375,10.149157524108887,0.18963119387626648,-0.0029910283628851175
1773049212183265300,53.662265380859374,9.44028377532959,0.18963119387626648,0.42293140292167664
1773049212193242400,53.672242431640626,11.207383155822754,-0.20757736265659332,-0.13698910176753998
1773049212203219700,53.6822197265625,8.535198211669922,0.0077766734175384045,-0.15134602785110474
1773049212213196800,53.69219677734375,9.814162254333496,0.5682953596115112,0.7106683254241943
1773049212223174000,53.702173828125,10.915458679199219,-0.19800607860088348,0.5288137793540955
1773049212233151200,53.71215112304687,8.81814956665039,-0.1788634955883026,0.01136590726673603
1773049212243128300,53.72212841796875,8.34855842590332,0.3529413342475891,0.5042873620986938
1773049212253105400,53.73210546875,11.413166046142578,0.1417747437953949,1.0839486122131348
1773049212263082800,53.742082763671874,10.28315544128418,-0.8159525394439697,0.763310432434082
1773049212273059800,53.752059814453126,8.032705307006836,0.2907279431819916,0.34636107087135315
1773049212283037000,53.76203686523438,10.829317092895508,0.18963119387626648,0.9403793215751648
1773049212293014300,53.77201416015625,10.848459243774414,-0.6382854580879211,0.2793620526790619
1773049212302991400,53.78199145507813,8.578866958618164,0.13698910176753998,-0.26620152592658997
1773049212312968400,53.79196850585937,9.478569030761719,0.5060819983482361,0.22193430364131927
1773049212322945800,53.80194580078125,11.317452430725098,-0.24586252868175507,0.5862415432929993
1773049212332923000,53.8119228515625,8.679366111755371,0.07956135272979736,0.6197410821914673
1773049212342900000,53.82189990234375,9.287142753601074,0.6065805554389954,0.35114672780036926
1773049212352877300,53.83187719726563,10.311869621276855,0.1944168359041214,0.6915257573127747
1773049212362854400,53.8418544921875,9.602995872497559,-0.1788634955883026,0.9690931439399719
1773049212372831500,53.85183154296875,9.69930648803711,0.3529413342475891,0.8638089895248413
1773049212382808600,53.86180859375,10.168299674987793,0.23270200192928314,1.0121639966964722
1773049212392786000,53.87178588867187,9.34457015991211,0.3242274820804596,0.7968099117279053
1773049212402763000,53.881762939453125,11.073385238647461,0.1944168359041214,0.6245267391204834
1773049212412740400,53.891740234375,8.81814956665039,0.07956135272979736,0.18843477964401245
1773049212422717400,53.901717529296874,9.651450157165527,0.33379876613616943,-0.23748764395713806
1773049212432694500,53.91169458007813,10.024730682373047,0.36729827523231506,0.42293140292167664
1773049212442671900,53.921671875,10.302297592163086,0.15134602785110474,0.29850462079048157
1773049212452649000,53.93164892578125,8.157132148742676,0.33379876613616943,0.4085744619369507
1773049212462626000,53.9416259765625,10.13479995727539,0.6017948985099792,0.672383189201355
1773049212472603400,53.95160327148437,10.024730682373047,0.06520441919565201,0.7058826684951782
1773049212482580500,53.96158056640625,9.114859580993652,0.07477571070194244,0.729810893535614
1773049212492557600,53.9715576171875,9.728020668029785,0.04127619042992592,0.9930213689804077
1773049212502496000,53.98149609375,10.153943061828613,0.10827522724866867,1.2897313833236694
1773049212512469200,53.99146923828125,9.358927726745605,0.18963119387626648,0.9068797826766968
1773049212522489000,54.00148901367187,9.80937671661377,-0.01615155301988125,0.8015955686569214
1773049212532467000,54.01146704101563,9.138788223266602,-0.355932354927063,0.37028929591178894
1773049212542443300,54.021443359375,9.497711181640625,0.2470589429140091,0.29850462079048157
1773049212552421000,54.031421142578125,10.72403335571289,-0.10707881301641464,0.5862415432929993
1773049212562397700,54.041397705078126,9.996016502380371,-0.09272187948226929,0.7250252366065979
1773049212572375300,54.05137524414062,8.736793518066406,0.1417747437953949,0.8015955686569214
1773049212582352100,54.06135205078125,11.01595687866211,0.14656038582324982,1.0217353105545044
1773049212592329700,54.07132983398437,9.718449592590332,-0.11186445504426956,1.0839486122131348
1773049212602306600,54.081306640625,8.909076690673828,0.18005990982055664,1.007378339767456
1773049212612284000,54.091283935546876,10.417153358459473,0.2955136001110077,1.160519003868103
1773049212622260700,54.1012607421875,10.168299674987793,-0.3320041298866272,1.3710874319076538
1773049212632238000,54.11123803710937,8.98086166381836,0.08434699475765228,1.0887342691421509
1773049212642176300,54.12117626953125,10.7766752243042,0.23270200192928314,0.6340979933738708
1773049212652149800,54.13114965820313,10.106086730957031,-0.24107688665390015,0.24586252868175507
1773049212662130700,54.141130615234374,9.583852767944336,0.18963119387626648,0.2745763957500458
1773049212672104700,54.15110473632812,10.192228317260742,0.18005990982055664,0.18843477964401245
1773049212682084900,54.1610849609375,10.445867538452148,-0.18843477964401245,1.222732424736023
1773049212692059600,54.1710595703125,9.45464038848877,0.0891326442360878,1.0887342691421509
1773049212702039300,54.18103930664063,9.69930648803711,0.4007977843284607,0.8111668825149536
1773049212712014300,54.19101440429687,9.507282257080078,-0.2315055876970291,1.2035897970199585
1773049212721993500,54.200993408203125,9.761520385742188,0.15613168478012085,1.069591760635376
1773049212731969300,54.21096923828125,9.905089378356934,-0.05922235921025276,1.155733346939087
1773049212741948000,54.220947998046874,9.334999084472656,0.20877377688884735,0.9451649188995361
1773049212751923700,54.230923828125,10.273584365844727,0.21355941891670227,0.7680960893630981
1773049212761941000,54.24094091796875,10.661819458007812,-0.26979073882102966,0.6771687865257263
1773049212771921200,54.25092114257812,8.703293800354004,0.21355941891670227,-0.1944168359041214
1773049212781817600,54.26081762695313,10.177870750427246,0.30508488416671753,0.5862415432929993
1773049212791789300,54.27078930664062,10.50808048248291,-0.48514479398727417,0.049651071429252625
1773049212801810700,54.280810791015625,8.252845764160156,0.23270200192928314,0.39900317788124084
1773049212811787500,54.29078759765625,9.033503532409668,0.8171489238739014,0.9547362327575684
1773049212821726200,54.300726318359374,11.44666576385498,0.23270200192928314,1.1078768968582153
1773049212831699200,54.31069921875,7.860422611236572,-0.1740778535604477,0.7202396392822266
1773049212841603000,54.32060302734375,8.147561073303223,0.4007977843284607,0.9882357716560364
1773049212851569200,54.330569091796875,12.667603492736816,0.18484555184841156,1.2323036193847656
1773049212861518600,54.3405185546875,9.282357215881348,-0.11186445504426956,0.6628118753433228
1773049212871483000,54.35048291015625,8.995218276977539,0.05563312768936157,0.6245267391204834
1773049212881434000,54.36043408203125,10.771889686584473,-0.4612165689468384,-0.625723123550415
1773049212891397000,54.370397216796874,9.497711181640625,0.4582255482673645,0.11665010452270508
1773049212901427000,54.38042700195312,10.50808048248291,-0.020937198773026466,-0.1178465187549591
1773049212911396600,54.390396728515626,8.209774017333984,-0.7627122402191162,0.29371899366378784
1773049212921265000,54.40026489257812,9.382855415344238,0.6305087804794312,0.7106683254241943
1773049212931224600,54.410224609375,11.221739768981934,0.5587241053581238,0.22193430364131927
1773049212941180400,54.42018041992188,8.70807933807373,-0.2315055876970291,0.50907301902771
1773049212951139800,54.430139892578126,10.053443908691406,0.04127619042992592,1.222732424736023
1773049212961096000,54.440095947265625,10.139585494995117,0.26201409101486206,0.5479564070701599
1773049212971054800,54.45005493164062,10.168299674987793,-0.12143574655056,0.5042873620986938
1773049212981050000,54.46005004882812,10.206584930419922,-0.006580262444913387,0.4420739710330963
1773049212991012600,54.4700126953125,9.100502967834473,-0.10229317098855972,-0.33798620104789734
1773049213000965400,54.47996533203125,9.957731246948242,0.21355941891670227,-0.3523431420326233
1773049213010927000,54.48992700195313,9.622735977172852,0.10827522724866867,-0.18484555184841156
1773049213020842200,54.49984228515625,9.637093544006348,0.07477571070194244,0.4133601188659668
1773049213030799400,54.50979931640625,8.808578491210938,0.44386860728263855,0.7106683254241943
1773049213040757800,54.5197578125,10.867602348327637,-0.16450655460357666,0.8255237936973572
1773049213050715000,54.52971484375,9.66102123260498,-0.3320041298866272,0.9451649188995361
1773049213060596200,54.53959619140625,9.148359298706055,0.592223584651947,0.8303094506263733
1773049213070545700,54.54954565429688,10.972886085510254,0.03170489892363548,0.8781659007072449
1773049213080550000,54.5595498046875,9.531210899353027,-0.7004988193511963,0.2745763957500458
1773049213090505000,54.5695048828125,8.789435386657715,0.5204389095306396,-0.15613168478012085
1773049213100503800,54.57950390625,10.354940414428711,-0.18843477964401245,0.3655036687850952
1773049213110463200,54.58946313476562,9.814162254333496,-0.09272187948226929,-0.2997010350227356
1773049213120643300,54.599643310546874,9.014361381530762,0.4007977843284607,-0.31405797600746155
1773049213130823200,54.6098232421875,9.325428009033203,-0.0687936544418335,0.6819544434547424
1773049213141003300,54.620003173828124,9.637093544006348,0.3290131092071533,0.50907301902771
1773049213151069400,54.6300693359375,10.536794662475586,0.10827522724866867,0.7250252366065979
1773049213161046500,54.64004663085937,8.329415321350098,-0.3655036687850952,1.1748759746551514
1773049213171004200,54.65000415039062,9.69930648803711,0.7501499056816101,0.672383189201355
1773049213180996900,54.65999682617188,11.484950065612793,0.49651068449020386,0.8781659007072449
1773049213190958600,54.66995849609375,8.645866394042969,0.0077766734175384045,0.8685946464538574
1773049213200948200,54.6799482421875,9.057432174682617,0.28115665912628174,0.001794616924598813
1773049213210913000,54.6899130859375,11.135598182678223,-0.12622138857841492,0.2027917206287384
1773049213220900400,54.699900390625,10.130014419555664,0.1657029688358307,-0.046061836183071136
1773049213230867500,54.709867431640625,9.66102123260498,0.251844584941864,-0.30927231907844543
1773049213240852700,54.71985278320312,9.718449592590332,-0.4372883439064026,0.6197410821914673
1773049213250822000,54.72982177734375,9.550353050231934,0.44386860728263855,0.6340979933738708
1773049213260805400,54.73980541992187,10.599007606506348,0.9846464991569519,0.4995017349720001
1773049213270776000,54.74977612304688,9.5264253616333,-0.054436713457107544,0.9403793215751648
1773049213280758500,54.75975854492187,8.310273170471191,0.0891326442360878,0.8063812255859375
1773049213290730500,54.76973046875,10.603793144226074,0.5108676552772522,0.9260223507881165
1773049213300711700,54.77971166992187,10.824531555175781,-0.24586252868175507,1.1174482107162476
1773049213310685000,54.789684814453125,9.92423152923584,-0.6574280261993408,0.916451096534729
1773049213320665300,54.799665283203126,8.15234661102295,0.41994038224220276,0.26979073882102966
1773049213330639000,54.80963916015625,11.638091087341309,0.30987054109573364,-0.19920247793197632
1773049213340619000,54.81961889648438,10.465009689331055,-0.389431893825531,0.07357929646968842
1773049213350593500,54.82959350585938,8.176275253295898,-0.01615155301988125,0.48035913705825806
1773049213360573000,54.839572998046876,8.090133666992188,0.7501499056816101,0.4660021960735321
1773049213370548000,54.8495478515625,12.667603492736816,0.28115665912628174,1.0217353105545044
1773049213380526800,54.85952685546875,9.129216194152832,-1.3232308626174927,0.9403793215751648
1773049213390502100,54.869502197265625,7.860422611236572,0.7166503667831421,0.7010970115661621
1773049213400480800,54.879480712890626,11.729616165161133,0.6496513485908508,1.2801600694656372
1773049213410456600,54.88945654296875,10.326226234436035,-0.08793623000383377,0.8063812255859375
1773049213420434700,54.8994345703125,8.73200798034668,0.3242274820804596,0.5431707501411438
1773049213430411000,54.90941088867187,9.637093544006348,-0.049651071429252625,0.3128615617752075
1773049213440388900,54.91938891601563,10.824531555175781,0.2715853750705719,-0.18484555184841156
1773049213450365200,54.929365234375,9.670592308044434,0.2566302418708801,0.638883650302887
1773049213460343000,54.939343017578125,8.73200798034668,0.19920247793197632,0.6149554252624512
1773049213470319600,54.949319580078125,10.15872859954834,0.5300102233886719,0.6293123364448547
1773049213480297200,54.95929711914062,10.579865455627441,-0.08793623000383377,0.9930213689804077
1773049213490312700,54.96931274414062,7.860422611236572,0.10827522724866867,0.7824530005455017
1773049213500294100,54.97929418945313,10.920244216918945,0.46779683232307434,1.184447169303894
1773049213510228200,54.98922827148437,10.426724433898926,-0.09272187948226929,1.0121639966964722
1773049213520204800,54.99920483398437,8.468199729919434,-0.15972091257572174,0.9786644577980042
1773049213530084900,55.0090849609375,10.130014419555664,0.13698910176753998,0.6771687865257263
1773049213539903700,55.01890380859375,10.077372550964355,-0.2602194547653198,-0.03170489892363548
1773049213549904000,55.02890380859375,10.278369903564453,0.14656038582324982,0.389431893825531
1773049213559862500,55.03886254882813,9.545567512512207,-0.12622138857841492,0.9116654396057129
1773049213570042400,55.04904248046875,9.866804122924805,0.4103690981864929,0.2841476798057556
1773049213580076500,55.05907666015625,11.011171340942383,-0.06400800496339798,0.4420739710330963
1773049213590045200,55.06904516601563,9.134002685546875,-0.7387840151786804,1.6875381469726562
1773049213600029400,55.07902954101562,9.119645118713379,0.7501499056816101,0.729810893535614
1773049213609999600,55.08899951171875,9.622735977172852,0.5108676552772522,0.7345965504646301
1773049213619982300,55.098982421875,9.588638305664062,0.07477571070194244,0.9690931439399719
1773049213629953800,55.108953857421874,9.952945709228516,-0.29371899366378784,0.1501496136188507
1773049213639935500,55.118935546875,9.569496154785156,-0.22193430364131927,0.24107688665390015
1773049213649815600,55.12881567382812,10.005587577819824,0.49651068449020386,-0.06520441919565201
1773049213659633200,55.13863305664062,10.872387886047363,-0.21714866161346436,0.5575276613235474
1773049213669813200,55.14881323242187,8.425128936767578,-0.42293140292167664,0.9355936646461487
1773049213679847700,55.15884765625,9.143573760986328,0.9750752449035645,0.28893333673477173
1773049213689816800,55.16881689453125,10.661819458007812,0.18005990982055664,0.8925228714942932
1773049213699800300,55.17880029296875,9.790233612060547,-0.10229317098855972,1.007378339767456
1773049213709771000,55.18877099609375,9.919445991516113,0.30508488416671753,1.0456634759902954
1773049213719753500,55.19875341796875,8.837292671203613,-0.5808576941490173,1.1940184831619263
1773049213729725400,55.20872534179688,8.429914474487305,0.5300102233886719,0.7250252366065979
1773049213739706600,55.21870654296875,11.331809997558594,0.3433700501918793,0.916451096534729
1773049213749679900,55.22867993164063,8.602795600891113,0.16091732680797577,0.12622138857841492
1773049213759660300,55.23866040039063,9.996016502380371,0.30987054109573364,-0.0891326442360878
1773049213769634000,55.248634033203125,8.770293235778809,0.18484555184841156,0.7920243144035339
1773049213779614000,55.258614013671874,10.867602348327637,0.5204389095306396,0.7872386574745178
1773049213789588500,55.26858837890625,9.608379364013672,-0.10707881301641464,0.7920243144035339
1773049213799568000,55.27856787109375,8.042277336120605,0.04127619042992592,0.9547362327575684
1773049213809543000,55.28854296875,11.499307632446289,0.33858439326286316,1.2705888748168945
1773049213819521800,55.298521728515624,9.483354568481445,-0.2793620526790619,0.9212366938591003
1773049213829401600,55.30840161132812,8.23848819732666,0.3242274820804596,0.7872386574745178
1773049213839220000,55.318219970703126,11.729616165161133,0.07956135272979736,0.9595218896865845
1773049213849218600,55.328218505859375,8.578866958618164,-0.001794616924598813,0.15493527054786682
1773049213859178500,55.338178466796876,11.240882873535156,0.18484555184841156,0.21236300468444824
1773049213869358300,55.3483583984375,8.808578491210938,-0.06400800496339798,0.7824530005455017
1773049213879392300,55.358392333984376,10.01037311553955,0.6017948985099792,0.8877372145652771
1773049213889360000,55.36835986328125,9.919445991516113,-0.4085744619369507,1.160519003868103
1773049213899344600,55.3783447265625,9.023932456970215,0.09870393574237823,1.0456634759902954
1773049213909314300,55.388314208984376,10.747961044311523,0.4103690981864929,1.1653046607971191
1773049213919297500,55.398297607421874,10.130014419555664,0.0077766734175384045,1.0791629552841187
1773049213929177600,55.40817749023437,9.521639823913574,0.39601215720176697,0.8685946464538574
1773049213938995000,55.41799487304687,10.115657806396484,-0.26979073882102966,0.4707878530025482
1773049213948990000,55.42798999023437,7.601997375488281,-0.03529413416981697,-0.0364905446767807
1773049213958952700,55.43795263671875,10.331011772155762,0.30987054109573364,-0.18963119387626648
1773049213969132500,55.44813256835938,10.7766752243042,-0.28893333673477173,0.8638089895248413
1773049213979166200,55.458166259765626,9.507282257080078,0.5730810165405273,0.8303094506263733
1773049213989131300,55.46813134765625,10.465009689331055,-0.16929219663143158,0.973878800868988
1773049213999118000,55.4781181640625,8.799007415771484,-0.3607180118560791,0.9882357716560364
1773049214009085700,55.48808569335937,10.096514701843262,0.7836494445800781,1.0648061037063599
1773049214019070500,55.49807055664063,10.484152793884277,0.18484555184841156,1.1892328262329102
1773049214029040000,55.5080400390625,7.8077802658081055,-0.1501496136188507,0.6867401003837585
1773049214039023400,55.5180234375,10.36929702758789,0.10827522724866867,0.20757736265659332
1773049214048903400,55.5279033203125,10.503294944763184,0.46779683232307434,0.576670229434967
1773049214058763300,55.53776318359375,10.714461326599121,-0.09272187948226929,0.29850462079048157
1773049214068948500,55.547948486328124,7.505686283111572,0.19920247793197632,0.4468596279621124
1773049214078934000,55.55793408203125,9.972088813781738,0.7692924737930298,0.9068797826766968
1773049214088903000,55.56790283203125,11.441879272460938,-0.020937198773026466,1.1892328262329102
1773049214098886700,55.57788671875,8.530412673950195,-0.054436713457107544,0.9212366938591003
1773049214108857300,55.587857421875,9.588638305664062,0.1657029688358307,1.1078768968582153
1773049214118839800,55.59783984375,10.488938331604004,-0.12622138857841492,1.2370892763137817
1773049214128719600,55.6077197265625,9.531210899353027,0.11306086927652359,0.8303094506263733
1773049214138579700,55.61757983398437,9.68494987487793,0.0364905446767807,0.06400800496339798
1773049214148766000,55.627765869140624,10.17308521270752,0.46779683232307434,0.020937198773026466
1773049214158750700,55.63775073242188,11.12602710723877,-0.5808576941490173,1.074377417564392
1773049214168720100,55.64772021484375,7.788637638092041,0.04127619042992592,0.45643091201782227
1773049214178703400,55.65770336914063,9.694520950317383,0.7884350419044495,0.5138586759567261
1773049214188674600,55.66767456054688,11.748759269714355,-0.6047859191894531,1.2179467678070068
1773049214198656500,55.67765649414063,8.62193775177002,0.1944168359041214,0.882951557636261
1773049214208628700,55.687628662109375,9.665806770324707,0.5635097622871399,1.074377417564392
1773049214218610000,55.69760986328125,9.153144836425781,0.04127619042992592,0.9882357716560364
1773049214228583200,55.707583251953125,10.101301193237305,-0.07836493849754333,0.763310432434082
1773049214238563600,55.7175634765625,9.842875480651855,-0.001794616924598813,0.48514479398727417
1773049214248443400,55.727443359375,10.455438613891602,0.07477571070194244,0.06400800496339798
1773049214258304000,55.737303955078126,10.273584365844727,-0.2267199456691742,0.4372883439064026
1773049214268491800,55.74749169921875,9.17707347869873,0.7740781307220459,0.9260223507881165
1773049214278475000,55.75747509765625,11.298310279846191,0.38644084334373474,1.0360921621322632
1773049214288484900,55.76748486328125,9.157930374145508,-0.6382854580879211,0.8590233325958252
1773049214298471000,55.77747094726563,8.109275817871094,0.16091732680797577,0.7872386574745178
1773049214308400400,55.787400390625,11.274381637573242,0.6113662123680115,1.2370892763137817
1773049214318380800,55.797380859375,9.325428009033203,0.17527425289154053,1.031306505203247
1773049214328260900,55.8072607421875,8.061419486999512,0.06999006122350693,0.29850462079048157
1773049214338121200,55.817121337890626,10.120443344116211,0.4630111753940582,0.6436693072319031
1773049214348115000,55.82711499023438,11.499307632446289,0.012562318705022335,0.9068797826766968
1773049214358078700,55.83707861328125,9.57906723022461,-0.5952146053314209,-0.06999006122350693
1773049214368263200,55.84726318359375,8.276773452758789,0.49172505736351013,0.8350951075553894
1773049214378249200,55.857249267578126,11.666805267333984,0.2955136001110077,1.4333007335662842
1773049214388217600,55.86721752929687,9.062217712402344,-0.389431893825531,1.00259268283844
1773049214398201900,55.877201904296875,8.899505615234375,0.18963119387626648,0.9403793215751648
1773049214408171800,55.887171875,10.340582847595215,0.0029910283628851175,1.2083754539489746
1773049214418154800,55.89715478515625,8.923434257507324,0.2566302418708801,0.9595218896865845
1773049214428126200,55.90712622070313,9.82373332977295,0.13220344483852386,0.6245267391204834
1773049214438108000,55.91710791015625,9.320642471313477,0.19920247793197632,0.28893333673477173
1773049214448080400,55.927080322265624,10.512866020202637,0.026919255033135414,1.1365907192230225
1773049214458061300,55.93706127929688,10.201799392700195,0.20398813486099243,0.916451096534729
1773049214468034800,55.94703491210937,10.412367820739746,-0.04486542567610741,0.7680960893630981
1773049214478015000,55.95701489257812,9.46899700164795,0.534795880317688,0.9978070259094238
1773049214487989200,55.9669892578125,9.833304405212402,0.026919255033135414,1.0600204467773438
1773049214497968600,55.97696875,9.368498802185059,-0.11186445504426956,0.672383189201355
1773049214507943400,55.986943359375,8.861220359802246,0.6352944374084473,0.7154539823532104
1773049214517922600,55.99692260742187,10.73838996887207,-0.12143574655056,0.6580262184143066
1773049214527897900,56.00689794921875,8.971290588378906,0.4582255482673645,0.24586252868175507
1773049214537876500,56.01687646484375,11.08774185180664,0.15134602785110474,0.6915257573127747
1773049214547852000,56.02685205078125,9.277571678161621,0.10827522724866867,1.0217353105545044
1773049214557830400,56.03683032226562,9.478569030761719,0.08434699475765228,1.0600204467773438
1773049214567806500,56.04680639648438,9.282357215881348,-0.13579268753528595,0.973878800868988
1773049214577784600,56.05678466796875,10.536794662475586,0.4630111753940582,1.0408778190612793
1773049214587760600,56.0667607421875,9.258428573608398,-0.48035913705825806,0.9068797826766968
1773049214597738500,56.076738525390624,9.521639823913574,0.24227328598499298,1.0121639966964722
1773049214607618600,56.08661865234375,9.69930648803711,0.18005990982055664,0.3032902777194977
1773049214617437200,56.09643725585938,9.866804122924805,0.14656038582324982,0.7010970115661621
1773049214627617000,56.10661694335938,9.535996437072754,0.2667997181415558,0.9834501147270203
1773049214637652000,56.11665185546875,9.062217712402344,0.18484555184841156,0.7968099117279053
1773049214647623400,56.12662353515625,10.546365737915039,-0.09272187948226929,1.2849457263946533
1773049214657605000,56.136605224609376,8.904291152954102,-0.13100704550743103,1.160519003868103
1773049214667577900,56.146577880859375,9.972088813781738,0.5682953596115112,1.0791629552841187
1773049214677558500,56.15655859375,10.235299110412598,-0.06400800496339798,1.155733346939087
1773049214687532000,56.16653198242187,10.426724433898926,0.28115665912628174,0.7680960893630981
1773049214697512200,56.17651220703125,8.755936622619629,0.07477571070194244,0.20757736265659332
1773049214707486500,56.18648657226562,10.25922679901123,0.251844584941864,0.9547362327575684
1773049214717465900,56.1964658203125,10.393224716186523,0.5778666734695435,0.5814558863639832
1773049214727441000,56.20644091796875,10.106086730957031,-0.31764721870422363,0.8877372145652771
1773049214737419800,56.21641967773437,8.679366111755371,0.5252245664596558,0.9451649188995361
1773049214747395000,56.22639501953125,9.713663101196289,0.2955136001110077,1.0360921621322632
1773049214757373700,56.236373779296876,11.504093170166016,-0.3415754437446594,1.2562319040298462
1773049214767349500,56.246349609375,8.612366676330566,0.07956135272979736,0.9547362327575684
1773049214777327600,56.25632763671875,10.110872268676758,0.6735795736312866,0.8542376756668091
1773049214787303700,56.2663037109375,10.958529472351074,-0.5186443328857422,1.1509476900100708
1773049214797281800,56.27628173828125,9.009575843811035,0.4247260093688965,0.35114672780036926
1773049214807257900,56.2862578125,8.727222442626953,0.5300102233886719,0.638883650302887
1773049214817236000,56.296236083984375,10.560722351074219,-0.15493527054786682,1.1748759746551514
1773049214827212300,56.30621240234375,10.168299674987793,0.01734796352684498,1.1222338676452637
1773049214837190100,56.31619018554687,8.617152214050293,0.31465616822242737,0.9403793215751648
1773049214847166700,56.32616674804687,10.819746017456055,0.1657029688358307,1.179661512374878
1773049214857144300,56.33614428710938,10.216156005859375,-0.24586252868175507,0.9882357716560364
1773049214867121000,56.34612084960938,8.588438987731934,0.3002992272377014,0.8925228714942932
1773049214877098500,56.356098388671874,9.82373332977295,0.1944168359041214,0.9308080077171326
1773049214887075300,56.36607543945313,9.881160736083984,0.41515472531318665,0.7920243144035339
1773049214897052700,56.376052734375,9.742377281188965,0.09870393574237823,0.8925228714942932
1773049214907029500,56.386029541015624,8.382058143615723,0.3002992272377014,0.6101697683334351
1773049214917006800,56.3960068359375,10.24487018585205,0.5108676552772522,0.7441678643226624
1773049214926983700,56.40598364257813,9.368498802185059,0.3002992272377014,0.7537391185760498
1773049214936961000,56.4159609375,9.167501449584961,-0.45643091201782227,4.473979949951172
1773049214946938000,56.42593823242188,10.445867538452148,-1.0121639966964722,2.2713868618011475
1773049214956915500,56.43591552734375,10.728818893432617,0.5874379873275757,0.030508488416671753
1773049214966892300,56.445892333984375,7.960920810699463,0.5252245664596558,-0.18005990982055664
1773049214976869600,56.45586962890625,9.66102123260498,-0.006580262444913387,2.070389747619629
1773049214986846700,56.4658466796875,10.757532119750977,0.1417747437953949,1.155733346939087
1773049214996823800,56.47582373046875,9.756733894348145,0.47258245944976807,1.2035897970199585
1773049215006801000,56.48580078125,10.460224151611328,-0.5904290080070496,2.558525562286377
1773049215016778200,56.4957783203125,8.520841598510742,0.07956135272979736,1.332802176475525
1773049215026755300,56.50575537109375,10.326226234436035,0.12263216078281403,4.019343852996826
1773049215036732400,56.515732421875,9.06700325012207,-0.5856433510780334,1.2658032178878784
1773049215046709500,56.52570947265625,7.6977105140686035,2.018944025039673,-0.9559326171875
1773049215056686800,56.53568676757813,11.734402656555176,0.9415757060050964,2.0895323753356934
1773049215066664000,56.54566381835937,10.939387321472168,0.5587241053581238,2.4580271244049072
1773049215076641000,56.55564111328125,8.583653450012207,0.7022934556007385,2.0751755237579346
1773049215086618000,56.5656181640625,10.939387321472168,0.898504912853241,1.4811571836471558
1773049215096595200,56.57559521484375,8.933005332946777,-0.1788634955883026,3.5401811599731445
1773049215106572300,56.585572265625,8.02791976928711,0.2470589429140091,2.96111798286438
1773049215116549600,56.59554956054688,9.459425926208496,0.7214360237121582,-0.4815555512905121
1773049215126526700,56.60552661132812,9.363713264465332,0.23270200192928314,1.9076778888702393
1773049215136503800,56.61550390625,10.005587577819824,-0.0687936544418335,3.4205398559570312
1773049215146481000,56.62548095703125,8.511270523071289,0.6687939167022705,-0.5635097622871399
1773049215156458200,56.635458251953125,11.130812644958496,0.9367900490760803,2.582453727722168
1773049215166338000,56.64533813476562,9.708877563476562,0.28594231605529785,4.024129390716553
1773049215176157000,56.65515698242187,8.047062873840332,0.8554341197013855,1.557727575302124
1773049215186336800,56.66533666992188,9.263215065002441,0.0891326442360878,2.2331018447875977
1773049215196371700,56.675371826171876,9.473783493041992,0.05563312768936157,3.1764719486236572
1773049215206343700,56.68534375,9.665806770324707,0.1944168359041214,1.1940184831619263
1773049215216325000,56.6953251953125,9.382855415344238,0.5491527915000916,2.424527645111084
1773049215226298000,56.70529809570313,10.29751205444336,0.06041877344250679,1.6253247261047363
1773049215236278500,56.71527856445312,8.765507698059082,0.9511470198631287,1.677966833114624
1773049215246158600,56.72515869140625,10.067801475524902,0.2907279431819916,2.8079774379730225
1773049215255976400,56.7349765625,10.527223587036133,0.3720839321613312,2.032104730606079
1773049215266156300,56.74515625,9.19143009185791,0.39601215720176697,2.4532413482666016
1773049215276191000,56.75519091796875,9.425926208496094,0.0891326442360878,2.7840490341186523
1773049215286161000,56.76516088867187,10.024730682373047,-0.04007977992296219,1.989033818244934
1773049215296144000,56.775143798828125,8.779864311218262,0.1178465187549591,1.1270195245742798
1773049215306115300,56.785115234375,10.436295509338379,0.3002992272377014,2.3048863410949707
1773049215316097000,56.795096923828126,9.559925079345703,0.3481557071208954,1.6396816968917847
1773049215326069500,56.805069580078126,9.512067794799805,0.5395814776420593,1.5290136337280273
1773049215336050400,56.81505053710937,9.728020668029785,0.2907279431819916,3.1381869316101074
1773049215346023700,56.82502368164062,9.670592308044434,0.3529413342475891,1.8598214387893677
1773049215356003800,56.83500390625,9.761520385742188,-0.23629122972488403,2.5920250415802
1773049215365884000,56.8448837890625,9.57906723022461,0.6783652305603027,1.3567304611206055
1773049215375702000,56.854701904296874,9.492925643920898,-0.6239284873008728,2.9036903381347656
1773049215385699600,56.86469946289063,10.402796745300293,0.5156532526016235,1.222732424736023
1773049215395660000,56.87465991210937,8.539983749389648,0.47258245944976807,0.9834501147270203
1773049215405840100,56.88484008789062,10.905887603759766,0.4821537733078003,3.300898790359497
1773049215415874000,56.8948740234375,9.627521514892578,0.33858439326286316,1.8502501249313354
1773049215425841000,56.9048408203125,8.252845764160156,0.7549355626106262,1.7497515678405762
1773049215435826400,56.91482641601562,9.876375198364258,0.1944168359041214,4.776073932647705
1773049215445706200,56.92470629882813,9.900303840637207,0.381655216217041,0.3798605799674988
1773049215455523000,56.934523193359375,10.110872268676758,-0.3367897868156433,2.1278176307678223
1773049215465703200,56.944703125,9.157930374145508,0.3002992272377014,2.92283296585083
1773049215475737000,56.954737060546876,10.622936248779297,0.1657029688358307,1.155733346939087
1773049215485617000,56.964616943359374,10.98724365234375,0.6735795736312866,1.1174482107162476
1773049215495433200,56.97443310546875,7.616354465484619,0.9080761671066284,3.1956145763397217
1773049215505613300,56.98461328125,9.967302322387695,-0.26500511169433594,1.155733346939087
1773049215515647000,56.99464697265625,8.511270523071289,1.0707881450653076,2.568096876144409
1773049215525612300,57.0046123046875,10.359725952148438,0.13698910176753998,1.6444673538208008
1773049215535598800,57.01459887695312,10.230513572692871,-0.37028929591178894,2.386242389678955
1773049215545566700,57.024566650390625,7.927421569824219,-0.355932354927063,1.7832510471343994
1773049215555551500,57.03455151367187,9.19143009185791,1.2813565731048584,1.2035897970199585
1773049215565521000,57.04452099609375,10.824531555175781,-0.6909275650978088,2.7696921825408936
1773049215575504100,57.05450415039063,9.153144836425781,0.7692924737930298,1.074377417564392
1773049215585475300,57.06447534179687,9.957731246948242,0.11306086927652359,4.143770694732666
1773049215595457300,57.07445727539063,11.964113235473633,1.113858938217163,1.466800332069397
1773049215605337300,57.08433740234375,7.39561653137207,-0.025722842663526535,1.716252088546753
1773049215615155000,57.09415502929688,8.971290588378906,0.50129634141922,3.080759048461914
1773049215625151000,57.10415087890625,7.1132636070251465,-0.16929219663143158,1.0360921621322632
1773049215635112700,57.11411279296875,10.757532119750977,0.4055834412574768,0.054436713457107544
1773049215645292800,57.124292724609376,9.751948356628418,-0.4181457459926605,5.2354960441589355
1773049215655326500,57.134326416015625,10.805388450622559,1.0085747241973877,0.21714866161346436
1773049215665206500,57.14420654296875,10.091729164123535,1.1569297313690186,5.249852657318115
1773049215675022600,57.15402270507813,9.68494987487793,0.03170489892363548,1.6875381469726562
1773049215685202700,57.16420263671875,5.720042705535889,0.8697910308837891,0.15972091257572174
1773049215695236000,57.174236083984376,12.667603492736816,0.26201409101486206,4.091128349304199
1773049215705201000,57.18420092773437,11.432308197021484,-0.3367897868156433,2.166102647781372
1773049215715188000,57.19418798828125,7.500900745391846,0.33858439326286316,-0.0891326442360878
1773049215725155300,57.2041552734375,9.473783493041992,0.08434699475765228,2.6021945476531982
1773049215735140400,57.21414038085938,10.546365737915039,0.6448656916618347,2.3336002826690674
1773049215745020400,57.2240205078125,8.813364028930664,0.5682953596115112,1.098305583000183
1773049215754837200,57.23383715820312,9.665806770324707,0.7932206988334656,3.095116138458252
1773049215764831000,57.2438310546875,10.0343017578125,-0.2745763957500458,3.243471145629883
1773049215774794800,57.253794677734376,10.005587577819824,-0.15972091257572174,1.0121639966964722
1773049215784785200,57.26378515625,9.038289070129395,-0.40378883481025696,1.7736797332763672
1773049215794751500,57.27375146484375,10.541580200195312,0.865005373954773,1.7976080179214478
1773049215804931600,57.283931640625,10.704890251159668,-0.21714866161346436,4.272983074188232
1773049215814964500,57.293964599609374,8.674580574035645,0.07477571070194244,0.19800607860088348
1773049215824926500,57.303926513671875,7.592426300048828,1.0947163105010986,1.3663017749786377
1773049215834915800,57.313915771484375,11.494522094726562,0.5300102233886719,3.583251953125
1773049215844881000,57.323880859375,8.846863746643066,1.1425727605819702,3.229114055633545
1773049215854867700,57.33386767578125,9.675378799438477,-0.3846462368965149,-0.2183450609445572
1773049215864747800,57.34374780273438,8.96650505065918,0.0077766734175384045,0.6484549641609192
1773049215874564400,57.353564453125,9.588638305664062,0.9272187948226929,3.4301111698150635
1773049215884556500,57.363556640625,12.323036193847656,0.5682953596115112,3.597608804702759
1773049215894521300,57.373521240234375,8.880363464355469,-0.7244270443916321,0.5186443328857422
1773049215904510700,57.3835107421875,4.3788652420043945,1.2526426315307617,2.9898319244384766
1773049215914478000,57.39347802734375,14.525629997253418,0.8937192559242249,4.071985721588135
1773049215924465000,57.40346484375,9.89551830291748,-0.01136590726673603,2.204387903213501
1773049215934434300,57.413434326171874,5.044668197631836,0.6161518096923828,1.2275179624557495
1773049215944614100,57.4236142578125,13.199407577514648,0.7214360237121582,2.2187447547912598
1773049215954646800,57.433646728515626,9.766305923461914,-0.5856433510780334,2.7601208686828613
1773049215964526600,57.443526611328124,8.81814956665039,-0.494716078042984,0.6340979933738708
1773049215974341600,57.45334155273437,9.34457015991211,1.042074203491211,2.0129621028900146
1773049215984521500,57.463521484375,11.815757751464844,1.5738791227340698,4.910071849822998
1773049215994554000,57.47355419921875,11.130812644958496,-0.9690931439399719,1.9459630250930786
1773049216004515000,57.48351513671875,2.6219353675842285,-0.07836493849754333,-0.49591249227523804
1773049216014505200,57.493505126953124,8.674580574035645,1.4446666240692139,4.402195453643799
1773049216024469500,57.50346948242188,15.373287200927734,0.05563312768936157,2.9563324451446533
1773049216034457000,57.51345703125,7.33340311050415,-0.42771705985069275,-0.41934216022491455
1773049216044424000,57.523423828125,7.903493404388428,0.2667997181415558,0.8303094506263733
1773049216054409500,57.533409423828125,11.039885520935059,1.0133603811264038,4.823930263519287
1773049216064378000,57.543378173828124,12.088540077209473,-0.39900317788124084,1.9459630250930786
1773049216074362000,57.553362060546874,8.200202941894531,0.6209374666213989,0.06400800496339798
1773049216084332500,57.56333251953125,7.740781307220459,0.6831508874893188,3.152543783187866
1773049216094315000,57.57331494140625,12.835699081420898,-0.48514479398727417,3.253042459487915
1773049216104286700,57.58328662109375,8.233702659606934,0.01734796352684498,0.20757736265659332
1773049216114268200,57.59326806640625,7.362117290496826,1.3010972738265991,1.7306089401245117
1773049216124241200,57.6032412109375,12.17946720123291,0.06520441919565201,3.3583266735076904
1773049216134221800,57.61322192382813,9.670592308044434,0.49172505736351013,2.8414769172668457
1773049216144195600,57.623195556640624,7.869993686676025,1.0803594589233398,2.4675984382629395
1773049216154175500,57.63317553710937,12.337393760681152,0.2763710021972656,1.6301103830337524
1773049216164149800,57.64314965820312,9.732806205749512,-0.5521438121795654,2.510669231414795
1773049216174129200,57.653129150390626,7.769495010375977,0.8219345808029175,3.0185458660125732
1773049216184104200,57.66310424804688,11.628520011901855,-0.2315055876970291,0.9786644577980042
1773049216194083000,57.6730830078125,9.306285858154297,0.251844584941864,1.466800332069397
1773049216204058400,57.683058349609375,7.33340311050415,-0.01615155301988125,2.9898319244384766
1773049216214037000,57.693037109375,11.269596099853516,1.3154542446136475,1.7593228816986084
1773049216224012800,57.7030126953125,9.900303840637207,-0.09272187948226929,2.8462624549865723
1773049216233991000,57.71299096679687,9.488140106201172,0.3529413342475891,2.534597396850586
1773049216243967000,57.72296704101562,7.443472862243652,0.33858439326286316,0.32243284583091736
1773049216253945000,57.73294506835938,11.710474014282227,0.2667997181415558,3.8422749042510986
1773049216263921200,57.742921142578126,10.920244216918945,-0.753140926361084,3.823132276535034
1773049216273899000,57.75289892578125,7.869993686676025,0.23748764395713806,-1.2143574953079224
1773049216283875600,57.76287548828125,9.248857498168945,1.2574282884597778,2.166102647781372
1773049216293853400,57.772853515625,11.149955749511719,0.3481557071208954,5.613562107086182
1773049216303830000,57.782830078125,7.390830993652344,0.09870393574237823,-0.4097708761692047
1773049216313807600,57.7928076171875,9.110074043273926,0.6687939167022705,1.25144624710083
1773049216323784200,57.8027841796875,11.58544921875,0.13220344483852386,4.631906509399414
1773049216333761800,57.81276171875,10.0343017578125,-0.39421752095222473,0.7058826684951782
1773049216343738400,57.82273828125,6.4426751136779785,1.0564311742782593,1.495514154434204
1773049216353716000,57.83271606445312,11.72004508972168,-0.06400800496339798,3.377469062805176
1773049216363692800,57.84269287109375,12.20339584350586,0.15613168478012085,2.2187447547912598
1773049216373670100,57.85267016601563,6.34217643737793,0.8697910308837891,2.434098720550537
1773049216383647000,57.86264697265625,10.622936248779297,0.3290131092071533,2.108675003051758
1773049216393624300,57.872624267578125,10.50808048248291,-0.0975075215101242,2.108675003051758
1773049216403601400,57.88260131835938,6.931408882141113,0.022133609279990196,2.4149563312530518
1773049216413578800,57.892578857421874,10.546365737915039,0.4247260093688965,1.2131611108779907
1773049216423555600,57.9025556640625,10.743175506591797,0.07477571070194244,2.534597396850586
1773049216433533000,57.91253295898437,10.077372550964355,0.3002992272377014,2.5920250415802
1773049216443510000,57.922510009765624,8.429914474487305,0.39122650027275085,1.80717933177948
1773049216453487000,57.932487060546876,9.689735412597656,0.18484555184841156,1.835893154144287
1773049216463464200,57.94246411132813,11.652447700500488,-0.01615155301988125,3.3343982696533203
1773049216473441500,57.952441650390625,9.196215629577637,0.2907279431819916,0.9978070259094238
1773049216483418400,57.96241845703125,8.712865829467773,0.0077766734175384045,2.9276185035705566
1773049216493395700,57.97239575195312,9.876375198364258,0.3433700501918793,1.898106575012207
1773049216503372800,57.982372802734375,7.956135272979736,0.15134602785110474,1.9698911905288696
1773049216513350000,57.99234985351563,10.714461326599121,0.4582255482673645,2.070389747619629
1773049216523327000,58.00232690429687,9.535996437072754,0.18005990982055664,2.5537400245666504
1773049216533304300,58.01230419921875,9.66102123260498,0.43908295035362244,1.6683956384658813
1773049216543281400,58.02228149414063,10.225728034973145,0.06041877344250679,2.434098720550537
1773049216553258500,58.03225854492187,9.277571678161621,-0.054436713457107544,1.7497515678405762
1773049216563235600,58.042235595703126,8.48734188079834,0.5443671345710754,1.6827524900436401
1773049216573213000,58.052212890625,10.843673706054688,0.30987054109573364,2.803191661834717
1773049216583190000,58.06218994140625,9.756733894348145,0.36729827523231506,2.726621389389038
1773049216593167000,58.0721669921875,8.003992080688477,0.9463613629341125,1.591825246810913
1773049216603144200,58.08214428710937,9.641879081726074,0.12263216078281403,3.300898790359497
1773049216613121300,58.092121337890624,11.537592887878418,0.06041877344250679,1.4572290182113647
1773049216623098400,58.10209838867188,7.774280548095703,0.30987054109573364,1.893320918083191
1773049216633075700,58.11207568359375,9.842875480651855,0.36729827523231506,3.0185458660125732
1773049216643052800,58.122052734375,10.316655158996582,0.4055834412574768,1.1222338676452637
1773049216653030000,58.13202978515625,8.684151649475098,-0.32721850275993347,2.347957134246826
1773049216663007000,58.14200708007812,9.100502967834473,1.290927767753601,2.640479803085327
1773049216672984300,58.151984375,10.49372386932373,0.4342973232269287,1.4811571836471558
1773049216682961400,58.16196142578125,10.536794662475586,-0.42293140292167664,2.932404041290283
1773049216692938500,58.1719384765625,6.979265213012695,0.17527425289154053,1.3423734903335571
1773049216702915600,58.18191552734375,9.014361381530762,0.39122650027275085,1.5050854682922363
1773049216712893000,58.19189282226562,12.452248573303223,-0.13579268753528595,3.2817561626434326
1773049216722870000,58.2018701171875,8.085348129272461,0.07477571070194244,1.2705888748168945
1773049216732847000,58.21184716796875,8.338987350463867,0.04127619042992592,1.5822539329528809
1773049216742824200,58.22182421875,10.4219388961792,0.5682953596115112,3.3822548389434814
1773049216752801300,58.23180126953125,10.551151275634766,-0.6717849373817444,1.1318050622940063
1773049216762778400,58.2417783203125,8.794221878051758,0.022133609279990196,1.5433706045150757
1773049216772755700,58.25175561523437,7.922635555267334,-0.26979073882102966,3.372683525085449
1773049216782732800,58.26173291015625,11.858829498291016,-0.39900317788124084,1.404586911201477
1773049216792710000,58.2717099609375,8.482556343078613,-0.23629122972488403,2.693121910095215
1773049216802687000,58.28168701171875,8.851649284362793,-0.08315058797597885,2.0608184337615967
1773049216812664300,58.29166430664063,8.827720642089844,0.09870393574237823,2.664407968521118
1773049216822641400,58.30164135742187,9.613164901733398,-0.7770691514015198,2.4053850173950195
1773049216832618500,58.311618408203124,9.737591743469238,-0.32721850275993347,1.9459630250930786
1773049216842595600,58.321595703125,9.368498802185059,-0.21236300468444824,2.190030813217163
1773049216852572700,58.33157275390625,11.264810562133789,-0.542572557926178,3.597608804702759
1773049216862550000,58.341550048828125,9.033503532409668,-0.37507495284080505,0.9355936646461487
1773049216872527000,58.35152709960938,8.535198211669922,-0.4420739710330963,2.132603168487549
1773049216882504200,58.36150415039062,10.398011207580566,-0.8063812255859375,2.6356940269470215
1773049216892481300,58.371481201171875,9.057432174682617,-0.08315058797597885,2.15653133392334
1773049216902458400,58.38145825195313,10.335797309875488,-0.8925228714942932,2.347957134246826
1773049216912435500,58.391435546875,8.195417404174805,-0.21714866161346436,1.2179467678070068
1773049216922412800,58.401412841796876,9.095717430114746,-0.7004988193511963,3.837489366531372
1773049216932390000,58.41138989257813,11.571091651916504,-0.3846462368965149,0.8685946464538574
1773049216942367000,58.421366943359374,8.7176513671875,-0.5856433510780334,2.6261229515075684
1773049216952344300,58.43134423828125,10.488938331604004,-0.719641387462616,1.8837496042251587
1773049216962321400,58.4413212890625,8.34855842590332,-0.24107688665390015,2.779263496398926
1773049216972298500,58.451298583984375,10.843673706054688,-0.7824530005455017,2.3718855381011963
1773049216982275600,58.46127563476563,9.378069877624512,-0.600000262260437,0.8733802437782288
1773049216992252700,58.47125268554687,8.219346046447754,-0.600000262260437,2.448455810546875
1773049217002230000,58.48122998046875,11.58544921875,-0.2841476798057556,4.6995038986206055
1773049217012207000,58.49120703125,8.765507698059082,-0.35114672780036926,1.3950155973434448
1773049217022145300,58.50114526367187,6.03110933303833,-0.5760720372200012,-0.7357929348945618
1773049217032118500,58.511118408203124,9.1052885055542,-1.179661512374878,5.513063430786133
1773049217042099700,58.521099609375,13.228121757507324,-0.6287141442298889,1.1126625537872314
1773049217052073700,58.53107373046875,10.072587013244629,0.12263216078281403,2.079961061477661
1773049217062054000,58.54105395507813,7.304689407348633,-0.9547362327575684,3.6939198970794678
1773049217072028700,58.55102856445313,10.201799392700195,-0.7722834944725037,-0.5826523303985596
1773049217082008000,58.561008056640624,9.531210899353027,-0.9643075466156006,4.564907550811768
1773049217091983400,58.5709833984375,9.833304405212402,0.6879364848136902,0.5718846321105957
1773049217101962500,58.58096240234375,8.204988479614258,-0.5282155871391296,1.6013965606689453
1773049217111938000,58.59093798828125,9.602995872497559,-1.4620146751403809,4.17726993560791
1773049217121955600,58.60095556640625,7.850851058959961,-0.4181457459926605,0.31764721870422363
1773049217131935200,58.610935302734376,8.84207820892334,0.7310073375701904,1.1509476900100708
1773049217141909800,58.62090966796875,13.779068946838379,-1.4428720474243164,4.890929698944092
1773049217151889200,58.63088916015625,9.694520950317383,-1.0408778190612793,1.3663017749786377
1773049217161825300,58.6408251953125,5.020740032196045,0.28594231605529785,0.7680960893630981
1773049217171800300,58.65080029296875,12.931411743164062,-0.8303094506263733,3.1477582454681396
1773049217181740800,58.66074072265625,11.815757751464844,-0.542572557926178,2.970689296722412
1773049217191712300,58.67071215820312,6.888338088989258,-0.5952146053314209,0.8781659007072449
1773049217201656300,58.68065625,9.229715347290039,-0.6957131624221802,1.5481562614440918
1773049217211625000,58.690625,10.05823040008545,-0.3798605799674988,3.6263227462768555
1773049217221571800,58.70057177734375,9.622735977172852,-0.32721850275993347,2.079961061477661
1773049217231538200,58.7105380859375,8.444271087646484,-0.8255237936973572,1.9268203973770142
1773049217241487000,58.72048706054687,9.100502967834473,-0.6239284873008728,2.0751755237579346
1773049217251452000,58.73045190429688,9.512067794799805,-0.12143574655056,3.66520619392395
1773049217261402600,58.74040258789063,11.3509521484375,-0.9068797826766968,1.7066807746887207
1773049217271366000,58.75036596679688,9.900303840637207,-1.0839486122131348,1.552941918373108
1773049217281246000,58.760245849609376,8.636295318603516,-0.39421752095222473,2.228316068649292
1773049217291068000,58.77006787109375,10.345368385314941,0.39122650027275085,3.7465620040893555
1773049217301233200,58.78023315429687,12.016755104064941,-1.1653046607971191,0.1501496136188507
1773049217311198700,58.79019873046875,7.180262565612793,-1.3280165195465088,2.132603168487549
1773049217321148700,58.80014868164063,5.863611698150635,0.7836494445800781,3.971487283706665
1773049217331112700,58.81011279296875,11.23609733581543,-0.9930213689804077,0.8255237936973572
1773049217341025500,58.82002563476563,12.576675415039062,-0.973878800868988,2.0368902683258057
1773049217350984200,58.82998413085937,6.869195461273193,-0.8733802437782288,2.496312141418457
1773049217360940800,58.83994091796875,9.588638305664062,-0.35114672780036926,1.3280165195465088
1773049217370899500,58.8498994140625,11.642876625061035,-1.007378339767456,4.038486480712891
1773049217380856300,58.85985620117187,11.149955749511719,-1.5864413976669312,0.6245267391204834
1773049217390814700,58.869814697265625,7.232904434204102,-1.7443677186965942,0.15493527054786682
1773049217400771600,58.879771484375,7.621140003204346,-0.9882357716560364,4.048057556152344
1773049217410730000,58.88972998046875,11.12602710723877,-1.1653046607971191,1.8215361833572388
1773049217420648400,58.8996484375,10.005587577819824,-1.835893154144287,1.2275179624557495
1773049217430602800,58.90960278320313,6.634698867797852,-1.6630117893218994,3.253042459487915
1773049217440564000,58.91956396484375,7.960920810699463,-1.1270195245742798,3.032902717590332
1773049217450518800,58.92951879882813,12.945768356323242,-1.490728497505188,1.965105652809143
1773049217460479200,58.93947924804687,9.09093189239502,-1.2610175609588623,2.18045973777771
1773049217470434800,58.94943481445313,8.118846893310547,-1.3232308626174927,1.1988041400909424
1773049217480314600,58.959314697265626,10.426724433898926,-1.1988041400909424,2.434098720550537
1773049217490194700,58.969194580078124,10.292726516723633,-0.6143572330474854,3.3200414180755615
1773049217500374800,58.979374755859375,9.56471061706543,-0.5377869009971619,0.049651071429252625
1773049217510554600,58.9895546875,8.506484031677246,-0.8303094506263733,3.0137600898742676
1773049217520734700,58.999734619140625,9.535996437072754,-0.29371899366378784,3.66520619392395
1773049217530914800,59.009914794921876,9.162715911865234,-0.5377869009971619,0.9308080077171326
1773049217540995800,59.01999584960937,9.972088813781738,-0.389431893825531,2.4149563312530518
1773049217550970600,59.029970703125,10.187442779541016,-0.8015955686569214,3.6843485832214355
1773049217560950000,59.03994995117188,10.589436531066895,-0.48514479398727417,0.9308080077171326
1773049217570925300,59.04992529296875,9.545567512512207,-0.6717849373817444,2.276172637939453
1773049217580904400,59.05990454101563,10.762317657470703,-0.542572557926178,3.080759048461914
1773049217590880000,59.0698798828125,9.421140670776367,-0.40378883481025696,0.7489534616470337
1773049217600858600,59.079858642578124,8.751151084899902,-0.7824530005455017,3.2961132526397705
1773049217610834700,59.08983471679687,10.436295509338379,-0.4899304509162903,1.654038667678833
1773049217620813000,59.09981298828125,8.310273170471191,-0.8542376756668091,1.567897081375122
1773049217630789000,59.1097890625,9.124430656433105,-0.5856433510780334,3.6263227462768555
1773049217640767200,59.11976733398438,9.55513858795166,-0.5569294691085815,1.7306089401245117
1773049217650743600,59.12974365234375,8.520841598510742,-0.22193430364131927,1.5098711252212524
1773049217660721400,59.139721435546875,10.9633150100708,-1.0408778190612793,3.1334011554718018
1773049217670698000,59.149697998046875,9.248857498168945,-0.39421752095222473,2.1948165893554688
1773049217680578000,59.159578125,8.248059272766113,-0.3655036687850952,2.0656042098999023
1773049217690396700,59.16939672851562,11.532807350158691,-0.7627122402191162,2.4149563312530518
1773049217700576800,59.17957666015625,9.33021354675293,-0.8111668825149536,1.8215361833572388
1773049217710611700,59.18961181640625,8.679366111755371,-0.3128615617752075,2.788834810256958
1773049217720584200,59.199584228515626,10.450653076171875,-1.2610175609588623,0.7154539823532104
1773049217730565000,59.20956518554687,8.324629783630371,-0.8159525394439697,2.669193744659424
1773049217740538600,59.21953857421875,8.889934539794922,-1.2801600694656372,2.6596224308013916
1773049217750518800,59.229518798828124,8.837292671203613,-0.39421752095222473,1.5146567821502686
1773049217760492800,59.23949291992187,10.676176071166992,-1.3184453248977661,2.558525562286377
1773049217770472400,59.24947241210938,9.914660453796387,-1.2275179624557495,2.6835505962371826
1773049217780352500,59.2593525390625,7.500900745391846,-0.9212366938591003,1.557727575302124
1773049217790170600,59.26917065429687,10.627721786499023,-0.8111668825149536,1.184447169303894
1773049217800350500,59.2793505859375,10.63250732421875,-1.7922241687774658,3.9332022666931152
1773049217810385200,59.28938525390625,8.7176513671875,-0.50907301902771,0.7585247755050659
1773049217820355600,59.29935546875,8.626724243164062,-1.1174482107162476,2.654836654663086
1773049217830338300,59.30933837890625,11.700902938842773,-0.9786644577980042,1.9746768474578857
1773049217840310000,59.31931005859375,8.23848819732666,-0.5904290080070496,1.4428720474243164
1773049217850291500,59.32929150390625,8.281558990478516,-0.6526423692703247,3.5928232669830322
1773049217860264400,59.33926440429688,11.078170776367188,-0.753140926361084,1.0217353105545044
1773049217870244900,59.34924487304688,8.612366676330566,-0.8159525394439697,1.80717933177948
1773049217880125000,59.359125,9.613164901733398,-0.4660021960735321,4.229912281036377
1773049217889942800,59.36894287109375,10.474580764770508,-0.18364913761615753,0.28893333673477173
1773049217900123000,59.37912280273437,8.736793518066406,-0.7770691514015198,3.0376882553100586
1773049217910157300,59.3891572265625,9.20578670501709,-0.7292127013206482,2.908475875854492
1773049217920127000,59.399126953125,8.952147483825684,-0.5665007829666138,1.8023936748504639
1773049217930110200,59.409110107421874,10.354940414428711,-0.7339983582496643,2.7314071655273438
1773049217940081400,59.419081298828125,10.570294380187988,-0.5330012440681458,3.1381869316101074
1773049217950063400,59.4290634765625,8.645866394042969,-0.4181457459926605,2.410170555114746
1773049217960035600,59.43903564453125,9.497711181640625,-0.3798605799674988,-1.0372886657714844
1773049217970016500,59.4490166015625,9.80937671661377,-1.6821542978286743,5.776872158050537
1773049217979896600,59.458896484375,7.530212879180908,0.6161518096923828,2.1230318546295166
1773049217989714400,59.46871435546875,9.44028377532959,-1.6630117893218994,-1.5882359743118286
1773049217999894500,59.47889453125,11.666805267333984,-1.5050854682922363,5.748157978057861
1773049218009929000,59.48892895507812,8.684151649475098,1.1904292106628418,2.8079774379730225
1773049218019898600,59.498898681640625,11.868400573730469,-1.4620146751403809,-2.310868501663208
1773049218029881600,59.50888159179687,8.563912391662598,-0.6047859191894531,4.6749773025512695
1773049218039852800,59.51885278320312,7.611568927764893,0.06041877344250679,3.3056845664978027
1773049218049834800,59.52883471679687,11.571091651916504,-1.1222338676452637,-1.6265212297439575
1773049218059807200,59.53880712890625,6.370890140533447,-0.6143572330474854,2.5633113384246826
1773049218069788200,59.5487880859375,11.499307632446289,-2.0991036891937256,4.713860511779785
1773049218079668200,59.55866821289062,10.412367820739746,0.10348957777023315,-1.3148560523986816
1773049218089486000,59.568486083984375,9.196215629577637,0.2566302418708801,3.6604204177856445
1773049218099666000,59.578666015625,10.01994514465332,-1.5481562614440918,1.8263218402862549
1773049218109700400,59.58870043945313,4.273581027984619,-0.8350951075553894,1.9076778888702393
1773049218119580400,59.598580322265626,12.471391677856445,-0.6526423692703247,2.228316068649292
1773049218129397500,59.6083974609375,9.66102123260498,-0.45643091201782227,1.0121639966964722
1773049218139577300,59.618577392578125,9.17707347869873,-1.0169496536254883,3.9523448944091797
1773049218149611300,59.628611328125,8.372486114501953,-1.25144624710083,1.567897081375122
1773049218159578400,59.638578369140625,8.38684368133545,-0.23629122972488403,0.29371899366378784
1773049218169563600,59.64856372070312,12.126825332641602,-1.1892328262329102,2.9898319244384766
1773049218179443700,59.65844360351562,10.254441261291504,-1.2562319040298462,2.7936203479766846
1773049218189260500,59.66826049804688,5.657829284667969,0.6783652305603027,0.5288137793540955
1773049218199254300,59.67825415039062,9.41635513305664,-1.490728497505188,2.3336002826690674
1773049218209218000,59.68821801757812,12.299108505249023,-0.9260223507881165,3.1142587661743164
1773049218219208400,59.69820849609375,6.854838848114014,-0.9643075466156006,0.3846462368965149
1773049218229174800,59.7081748046875,8.343772888183594,-0.5952146053314209,3.5162527561187744
1773049218239355000,59.71835498046875,11.647662162780762,-1.423729419708252,2.8893332481384277
1773049218249387800,59.7283876953125,10.043872833251953,-1.3902299404144287,-0.49591249227523804
1773049218259350000,59.73835009765625,7.352545738220215,-0.5856433510780334,4.73300313949585
1773049218269339100,59.74833911132812,10.75274658203125,-0.19322042167186737,2.9563324451446533
1773049218279219200,59.75821923828125,12.356535911560059,-1.6055840253829956,-0.7932206988334656
1773049218289035000,59.76803491210938,6.716054916381836,-0.25064817070961,2.568096876144409
1773049218299215000,59.77821508789062,8.075776100158691,-1.4141582250595093,5.431707382202148
1773049218309248500,59.78824853515625,11.465807914733887,-0.025722842663526535,-0.4145565330982208
1773049218319212800,59.798212890625,9.382855415344238,-1.672582983970642,-0.16091732680797577
1773049218329200400,59.808200439453124,10.50808048248291,-1.5625132322311401,5.670989513397217
1773049218339167200,59.81816723632812,5.547759532928467,1.2382856607437134,2.0656042098999023
1773049218349152500,59.82815258789063,11.470593452453613,-1.7539390325546265,0.11186445504426956
1773049218359121400,59.83812133789063,8.952147483825684,-1.3615161180496216,3.243471145629883
1773049218369105200,59.84810522460938,7.328617572784424,-0.6191428303718567,3.2243285179138184
1773049218379075800,59.858075927734376,14.90429401397705,-0.47557350993156433,0.1740778535604477
1773049218389058300,59.86805834960938,6.413960933685303,-0.3032902777194977,3.6987056732177734
1773049218399030300,59.8780302734375,11.274381637573242,-1.7395820617675781,1.2370892763137817
1773049218409011500,59.88801147460938,7.481758117675781,-0.10707881301641464,1.4189438819885254
1773049218418891500,59.8978916015625,8.549555778503418,-0.6478567123413086,4.36391019821167
1773049218428709400,59.90770947265625,13.031909942626953,-1.581655740737915,0.7920243144035339
1773049218438889200,59.91788916015625,5.916254043579102,0.17527425289154053,0.50907301902771
1773049218448923600,59.927923583984374,13.682758331298828,-1.6630117893218994,5.460421085357666
1773049218458893000,59.93789306640625,7.592426300048828,-0.5569294691085815,0.4995017349720001
1773049218468876500,59.94787646484375,6.763911247253418,-0.5904290080070496,-0.09391828626394272
1773049218478756400,59.95775634765625,12.845270156860352,-1.2179467678070068,5.867799282073975
1773049218488573700,59.96757373046875,7.975277900695801,0.7070791125297546,0.6340979933738708
1773049218498753800,59.97775390625,10.077372550964355,-2.7690939903259277,0.9355936646461487
1773049218508787700,59.98778759765625,8.554341316223145,-0.3655036687850952,4.268197536468506
1773049218518667800,59.99766772460937,10.412367820739746,0.8219345808029175,2.084746837615967
1773049218528484600,60.00748461914063,13.534402847290039,-2.4532413482666016,1.1222338676452637
1773049218538664400,60.01766455078125,5.274379253387451,-1.4189438819885254,2.266601324081421
1773049218548698000,60.027697998046875,7.999206066131592,0.9463613629341125,2.462812662124634
1773049218558664400,60.03766455078125,13.817354202270508,-1.7491533756256104,3.008974552154541
1773049218568650500,60.047650390625,9.157930374145508,-1.179661512374878,1.2993026971817017
1773049218578530300,60.0575302734375,5.121238708496094,0.6544370055198669,2.1708884239196777
1773049218588347100,60.06734716796875,11.508878707885742,-1.1270195245742798,3.2961132526397705
1773049218598340000,60.077340087890626,11.523235321044922,-0.5952146053314209,2.4771697521209717
1773049218608304400,60.08730444335937,7.084549427032471,-0.9116654396057129,1.3710874319076538
1773049218618294300,60.09729418945312,10.498509407043457,-1.0504491329193115,2.070389747619629
1773049218628261000,60.10726123046875,8.990432739257812,-0.1788634955883026,5.106283664703369
1773049218638441200,60.11744116210937,11.700902938842773,-0.8638089895248413,-0.2949153780937195
1773049218648473900,60.127473876953125,7.946564197540283,-0.8350951075553894,1.7258232831954956
1773049218658435800,60.137435791015626,7.884350776672363,-0.7100701332092285,4.28734016418457
1773049218668425200,60.14742529296875,9.095717430114746,-0.21714866161346436,1.1365907192230225
1773049218678305300,60.15730517578125,9.90987491607666,-1.5290136337280273,1.8167506456375122
1773049218688121000,60.16712109375,10.579865455627441,0.43908295035362244,2.252244234085083
1773049218698301200,60.17730126953125,8.396414756774902,-0.6526423692703247,3.1764719486236572
1773049218708334600,60.18733447265625,11.532807350158691,-1.965105652809143,1.5481562614440918
1773049218718298600,60.19729858398438,6.902695178985596,0.10348957777023315,2.4819552898406982
1773049218728286200,60.2072861328125,9.991230964660645,-0.3415754437446594,1.4811571836471558
1773049218738253000,60.21725317382813,11.312666893005371,-1.6630117893218994,2.970689296722412
1773049218748238600,60.227238525390625,7.500900745391846,-0.34636107087135315,1.9363917112350464
1773049218758207200,60.237207275390624,8.665008544921875,-0.355932354927063,1.4189438819885254
1773049218768191200,60.247191162109374,10.24487018585205,-0.7872386574745178,2.937189817428589
1773049218778071300,60.2570712890625,9.153144836425781,-0.4468596279621124,1.1748759746551514
1773049218787888400,60.26688842773437,8.018348693847656,-0.5330012440681458,3.6939198970794678
1773049218797883100,60.27688305664063,10.36929702758789,-0.6957131624221802,1.428515076637268
1773049218807846100,60.28684619140625,9.617950439453125,-0.973878800868988,2.5920250415802
1773049218818026000,60.29702587890625,8.909076690673828,-0.48035913705825806,2.0608184337615967
1773049218828059400,60.307059326171874,9.881160736083984,-0.9403793215751648,2.596810817718506
1773049218838024400,60.3170244140625,10.388439178466797,-0.8063812255859375,2.2331018447875977
1773049218848011500,60.32701147460938,8.8707914352417,-0.7722834944725037,1.8646070957183838
1773049218857979000,60.33697875976563,9.857233047485352,-0.3655036687850952,0.9547362327575684
1773049218867964000,60.3469638671875,9.33021354675293,-0.26500511169433594,4.019343852996826
1773049218877843700,60.35684375,9.263215065002441,-1.031306505203247,2.462812662124634
1773049218887660800,60.36666088867187,9.023932456970215,-0.39421752095222473,-0.7070791125297546
1773049218897841000,60.3768408203125,9.014361381530762,-0.882951557636261,4.095914363861084
1773049218907874800,60.386874755859374,11.465807914733887,-0.6526423692703247,2.932404041290283
1773049218917754600,60.39675463867187,8.827720642089844,-0.8781659007072449,1.4333007335662842
1773049218927571200,60.4065712890625,10.426724433898926,-0.8398807644844055,0.9643075466156006
1773049218937751000,60.4167509765625,9.804591178894043,-0.4133601188659668,3.5880374908447266
1773049218947784700,60.42678466796875,10.40758228302002,-1.4476577043533325,4.143770694732666
1773049218957750300,60.436750244140626,10.072587013244629,0.7740781307220459,-0.9176474809646606
1773049218967736800,60.44673681640625,9.043074607849121,-0.9451649188995361,3.8183467388153076
1773049218977617000,60.45661694335938,10.311869621276855,-1.4333007335662842,2.376671075820923
1773049218987433500,60.46643359375,5.590830326080322,0.1178465187549591,2.7553353309631348
1773049218997426000,60.47642602539062,11.288739204406738,-0.4420739710330963,1.8215361833572388
1773049219007390700,60.486390625,10.996814727783203,-2.0416758060455322,1.3471591472625732
1773049219017570600,60.49657055664063,7.95134973526001,0.1944168359041214,3.3822548389434814
1773049219027603700,60.506603759765625,8.94257640838623,-0.5138586759567261,2.3910279273986816
1773049219037606400,60.5166064453125,11.499307632446289,-1.0217353105545044,2.4675984382629395
1773049219047598300,60.52659838867187,9.277571678161621,-0.7483552694320679,1.5385849475860596
1773049219057522000,60.53652197265625,8.429914474487305,-0.07836493849754333,2.314457654953003
1773049219067507000,60.5465068359375,11.595020294189453,-0.8111668825149536,3.3104701042175293
1773049219077387000,60.55638696289063,9.268000602722168,-0.9116654396057129,0.9308080077171326
1773049219087203800,60.566203857421876,8.248059272766113,-0.7052844762802124,1.490728497505188
1773049219097383700,60.5763837890625,9.143573760986328,-0.3415754437446594,3.0759735107421875
1773049219107417900,60.58641796875,10.570294380187988,-1.2275179624557495,2.6596224308013916
1773049219117384700,60.596384765625,8.267202377319336,-0.50907301902771,0.7010970115661621
1773049219127370000,60.60636987304687,8.544769287109375,-0.3320041298866272,1.835893154144287
1773049219137339100,60.616339111328124,11.662019729614258,-1.1700903177261353,3.339184045791626
1773049219147323000,60.626322998046874,9.334999084472656,-0.4468596279621124,1.031306505203247
1773049219157293300,60.63629321289063,8.578866958618164,-0.28893333673477173,1.8598214387893677
1773049219167275800,60.64627587890625,12.227323532104492,-1.3854442834854126,2.300100803375244
1773049219177247700,60.65624780273438,8.655437469482422,-0.32721850275993347,2.3336002826690674
1773049219187229200,60.666229248046875,7.932207107543945,-0.666999340057373,2.596810817718506
1773049219197109000,60.67610888671875,11.618948936462402,-1.0552347898483276,1.0456634759902954
1773049219206926800,60.6859267578125,7.788637638092041,-0.9499505758285522,3.0041887760162354
1773049219216923400,60.69592333984375,8.583653450012207,-0.45164528489112854,2.8223342895507812
1773049219226884900,60.705884765625,10.546365737915039,-0.6095715761184692,1.1892328262329102
1773049219237065000,60.71606494140625,9.670592308044434,-1.2610175609588623,2.4053850173950195
1773049219247098600,60.7260986328125,9.023932456970215,0.3481557071208954,2.5058834552764893
1773049219257064700,60.736064697265626,7.913064479827881,-0.882951557636261,3.8901314735412598
1773049219267050800,60.74605078125,12.074183464050293,-1.1270195245742798,0.030508488416671753
1773049219276930800,60.755930908203126,7.175477027893066,-0.3080759048461914,2.946761131286621
1773049219286747400,60.76574731445312,11.734402656555176,-0.8733802437782288,3.032902717590332
1773049219296740400,60.775740234375,9.608379364013672,-1.031306505203247,1.404586911201477
1773049219306704600,60.78570458984375,7.95134973526001,0.05563312768936157,1.1078768968582153
1773049219316694500,60.79569458007813,11.652447700500488,-1.399801254272461,2.8941190242767334
1773049219326661400,60.805661376953125,8.961718559265137,-0.31764721870422363,1.9698911905288696
1773049219336841500,60.815841552734376,7.994420528411865,-0.21236300468444824,1.1078768968582153
1773049219346874400,60.82587426757812,10.767104148864746,-0.48035913705825806,2.2474586963653564
1773049219356836000,60.83583618164062,8.434700012207031,-0.8638089895248413,2.5393829345703125
1773049219366825500,60.84582543945312,8.300702095031738,-0.3080759048461914,2.376671075820923
1773049219376705500,60.85570556640625,11.14038372039795,-0.633499801158905,0.7250252366065979
1773049219386521600,60.865521484375,10.843673706054688,-1.2418749332427979,2.8558337688446045
1773049219396701400,60.87570141601562,9.421140670776367,-0.494716078042984,1.6061822175979614
1773049219406734800,60.88573486328125,8.559126853942871,-0.39421752095222473,2.1278176307678223
1773049219416615000,60.89561499023438,12.122039794921875,-1.093519926071167,2.0033907890319824
1773049219426430700,60.9054306640625,8.281558990478516,-0.2745763957500458,0.7058826684951782
1773049219436610600,60.91561059570312,6.940980434417725,-0.34636107087135315,3.607180118560791
1773049219446644000,60.92564404296875,10.9633150100708,-0.2793620526790619,0.8398807644844055
1773049219456607700,60.93560766601563,8.219346046447754,-1.2323036193847656,2.0129621028900146
1773049219466595600,60.945595703125,8.200202941894531,0.13220344483852386,2.0512471199035645
1773049219476475600,60.9554755859375,9.272786140441895,-1.1653046607971191,2.424527645111084
1773049219486334500,60.96533447265625,12.06939697265625,-1.0408778190612793,2.324028968811035
1773049219496516000,60.97551611328125,8.338987350463867,-0.15972091257572174,2.9802606105804443
1773049219506504400,60.98550439453125,10.657033920288086,-0.849452018737793,1.587039589881897
1773049219516470500,60.99547045898437,10.465009689331055,-0.6143572330474854,3.119044303894043
1773049219526456600,61.00545654296875,6.92183780670166,-0.3080759048461914,1.922034740447998
1773049219536425000,61.01542504882813,9.478569030761719,-0.5377869009971619,1.6061822175979614
1773049219546409200,61.0254091796875,9.028717994689941,-0.7148557901382446,2.7696921825408936
1773049219556379100,61.035379150390625,9.124430656433105,-0.4899304509162903,2.0129621028900146
1773049219566362000,61.04536206054688,9.153144836425781,-0.3415754437446594,2.89890456199646
1773049219576333600,61.05533349609375,10.608579635620117,-1.0169496536254883,1.2035897970199585
1773049219586315300,61.06531518554687,9.507282257080078,-0.600000262260437,2.424527645111084
1773049219596195300,61.0751953125,8.74636459350586,-0.28893333673477173,2.8319056034088135
1773049219606055400,61.08505541992187,11.91625690460205,-1.0360921621322632,1.5242279767990112
1773049219616242200,61.0952421875,8.827720642089844,-0.7824530005455017,2.2713868618011475
1773049219626226400,61.10522631835938,8.569295883178711,-0.1501496136188507,1.466800332069397
1773049219636196400,61.1151962890625,11.317452430725098,-1.00259268283844,1.740180253982544
1773049219646179300,61.12517944335937,9.172286987304688,-0.2554338276386261,2.83669114112854
1773049219656150800,61.13515087890625,8.990432739257812,-0.7339983582496643,1.0121639966964722
1773049219666132500,61.14513256835937,10.50808048248291,-0.8638089895248413,2.4149563312530518
1773049219676105000,61.15510498046875,9.862018585205078,-0.719641387462616,2.7984061241149902
1773049219686086000,61.1650859375,9.881160736083984,-0.6765705943107605,1.3663017749786377
1773049219696059400,61.175059326171876,10.498509407043457,-0.6957131624221802,2.1373889446258545
1773049219706039600,61.18503955078125,9.718449592590332,-1.0791629552841187,2.669193744659424
1773049219716013800,61.195013916015625,9.66102123260498,-0.2841476798057556,1.9986051321029663
1773049219725993200,61.2049931640625,9.148359298706055,-0.34636107087135315,2.2235305309295654
1773049219735968000,61.21496801757812,10.958529472351074,-1.0600204467773438,2.4532413482666016
1773049219745947100,61.224947021484375,8.34855842590332,-0.1453639715909958,1.2083754539489746
1773049219755922400,61.23492236328125,8.544769287109375,-0.9020941257476807,2.664407968521118
1773049219765901000,61.24490112304687,11.863615036010742,-1.031306505203247,2.3192434310913086
1773049219775876600,61.254876708984376,8.520841598510742,-0.6382854580879211,0.26500511169433594
1773049219785855000,61.26485498046875,10.101301193237305,-0.8446664214134216,3.885345697402954
1773049219795831000,61.2748310546875,10.163514137268066,-0.7292127013206482,1.6875381469726562
1773049219805809200,61.28480908203125,8.544769287109375,-0.8303094506263733,0.9595218896865845
1773049219815689000,61.29468896484375,9.613164901733398,-0.8542376756668091,3.9667017459869385
1773049219825507600,61.30450756835938,10.311869621276855,0.18484555184841156,1.3663017749786377
1773049219835687400,61.3146875,8.722436904907227,-0.4707878530025482,0.7202396392822266
1773049219845722400,61.324722412109374,9.08135986328125,-1.3806586265563965,4.1389851570129395
1773049219855693800,61.33469384765625,9.248857498168945,-0.6382854580879211,1.9124635457992554
1773049219865675500,61.344675537109374,9.363713264465332,-0.29371899366378784,1.2370892763137817
1773049219875555600,61.3545556640625,11.346166610717773,-1.3663017749786377,2.788834810256958
1773049219885373200,61.364373291015625,8.410771369934082,-0.2027917206287384,1.6396816968917847
1773049219895553000,61.374552978515624,8.003992080688477,-0.9451649188995361,2.596810817718506
1773049219905587500,61.38458740234375,11.547163963317871,-0.50907301902771,1.6444673538208008
1773049219915467500,61.394467529296875,7.932207107543945,-0.07357929646968842,1.9986051321029663
1773049219925284400,61.40428442382812,9.7998046875,-0.6813562512397766,2.386242389678955
1773049219935464400,61.41446435546875,10.063015937805176,-0.8015955686569214,1.5774682760238647
1773049219945498000,61.424498046875,7.409973621368408,-0.4420739710330963,2.324028968811035
1773049219955465000,61.43446484375,10.388439178466797,-0.48035913705825806,3.66520619392395
1773049219965450500,61.44445043945313,9.948160171508789,-0.5521438121795654,0.40378883481025696
1773049219975419400,61.45441943359375,8.617152214050293,-0.8590233325958252,3.7800614833831787
1773049219985403100,61.46440307617188,10.115657806396484,-0.6143572330474854,1.8550357818603516
1773049219995283200,61.474283203125,9.804591178894043,-0.8973084688186646,1.3902299404144287
1773049220005100500,61.4841005859375,10.445867538452148,-0.05922235921025276,3.5401811599731445
1773049220015280400,61.4942802734375,9.282357215881348,-0.6191428303718567,0.8542376756668091
1773049220025314600,61.504314453125,9.19143009185791,-1.1078768968582153,2.032104730606079
1773049220035282200,61.5142822265625,9.258428573608398,-0.1740778535604477,2.812762975692749
1773049220045267000,61.524266845703124,9.766305923461914,-0.31764721870422363,1.6013965606689453
1773049220055236600,61.53423657226563,11.116456031799316,-1.00259268283844,2.596810817718506
1773049220065219800,61.5442197265625,7.712067604064941,-0.6047859191894531,2.1996021270751953
1773049220075100000,61.55409985351562,9.718449592590332,-0.7435696125030518,1.9794625043869019
1773049220084917000,61.5639169921875,11.820544242858887,-0.13579268753528595,1.811964988708496
1773049220095097000,61.57409716796875,8.727222442626953,-1.222732424736023,1.495514154434204
1773049220105131300,61.58413134765625,9.028717994689941,0.06999006122350693,2.946761131286621
1773049220115011300,61.59401123046875,8.477770805358887,-0.020937198773026466,1.2849457263946533
1773049220124828000,61.60382788085938,11.274381637573242,-2.1948165893554688,0.9690931439399719
1773049220135008000,61.61400805664063,8.405985832214355,0.2566302418708801,4.383052825927734
1773049220145041700,61.62404174804688,8.741579055786133,0.2470589429140091,0.8973084688186646
1773049220154969000,61.63396899414062,12.859626770019531,-1.8454644680023193,1.3615161180496216
1773049220164951000,61.64395092773437,7.630711555480957,-1.8885352611541748,4.981856822967529
1773049220174962200,61.65396215820312,6.399604320526123,1.2143574953079224,0.10707881301641464
1773049220184947200,61.663947265625,11.068599700927734,0.4630111753940582,1.2131611108779907
1773049220194916600,61.67391650390625,11.791830062866211,-2.314457654953003,6.092724800109863
1773049220204900000,61.683900146484376,3.996013879776001,-1.2658032178878784,1.093519926071167
1773049220214780000,61.69377978515625,10.254441261291504,1.358525037765503,-0.6975077986717224
1773049220224597200,61.70359716796875,14.358132362365723,0.39122650027275085,4.048057556152344
1773049220234777300,61.71377734375,6.668198585510254,-0.7579265832901001,4.7952165603637695
1773049220244811500,61.7238115234375,8.15234661102295,-0.030508488416671753,-1.8945173025131226
1773049220254691300,61.73369140625,12.19382381439209,0.13698910176753998,1.893320918083191
1773049220264508200,61.74350805664063,9.862018585205078,-0.7483552694320679,5.197210788726807
1773049220274500900,61.7535009765625,7.8556365966796875,-0.13579268753528595,-0.4097708761692047
1773049220284465400,61.76346533203125,8.190631866455078,0.6975077986717224,2.774477958679199
1773049220294645200,61.773645263671874,11.873186111450195,-0.6047859191894531,2.558525562286377
1773049220304678700,61.7836787109375,7.419544696807861,0.2955136001110077,1.835893154144287
1773049220314558700,61.79355883789062,9.382855415344238,0.15134602785110474,2.83669114112854
1773049220324374300,61.80337426757813,12.806984901428223,-0.21236300468444824,1.2993026971817017
1773049220334554400,61.81355444335937,9.20578670501709,-1.25144624710083,2.15653133392334
1773049220344587500,61.82358740234375,10.206584930419922,-0.08793623000383377,2.1278176307678223
1773049220354550800,61.83355078125,9.05264663696289,0.9607182741165161,3.2099716663360596
1773049220364539100,61.8435390625,10.546365737915039,-0.8733802437782288,-0.7405785918235779
1773049220374505200,61.853505126953124,6.955337047576904,-1.898106575012207,3.717848300933838
1773049220384491300,61.8634912109375,5.849255084991455,1.0372886657714844,3.0664021968841553
1773049220394459600,61.87345971679687,12.370893478393555,-0.11186445504426956,0.7489534616470337
1773049220404444000,61.88344384765625,13.070195198059082,-1.0360921621322632,1.428515076637268
1773049220414413800,61.89341381835938,5.398806095123291,-0.8877372145652771,4.450051784515381
1773049220424396800,61.903396728515624,9.708877563476562,0.2183450609445572,1.3232308626174927
1773049220434368300,61.9133681640625,9.641879081726074,-0.2745763957500458,-0.7022934556007385
1773049220444350000,61.923349853515624,11.901900291442871,-1.3567304611206055,5.2977094650268555
1773049220454322400,61.933322509765624,8.727222442626953,0.4247260093688965,2.0656042098999023
1773049220464303400,61.94330346679688,6.893123626708984,-0.34636107087135315,1.0169496536254883
1773049220474276900,61.95327685546875,12.504891395568848,-1.2323036193847656,2.913261651992798
1773049220484256800,61.9632568359375,8.032705307006836,-0.5808576941490173,1.1270195245742798
1773049220494231000,61.97323095703125,9.790233612060547,0.38644084334373474,1.811964988708496
1773049220504210700,61.983210693359375,9.69930648803711,-1.557727575302124,4.36391019821167
1773049220514185500,61.993185546875,10.067801475524902,-0.2602194547653198,-1.3148560523986816
1773049220524164600,62.00316455078125,8.477770805358887,-0.08315058797597885,2.228316068649292
1773049220534140000,62.013139892578124,11.796615600585938,-0.494716078042984,5.9300127029418945
1773049220544118500,62.023118408203125,8.909076690673828,-0.1453639715909958,-0.989432156085968
1773049220554094000,62.03309399414063,8.34855842590332,-0.7339983582496643,0.4612165689468384
1773049220564072400,62.04307250976562,11.283953666687012,-0.18843477964401245,5.06799840927124
1773049220574048300,62.05304833984375,7.869993686676025,-0.9690931439399719,1.0360921621322632
1773049220584026400,62.0630263671875,10.192228317260742,-0.2745763957500458,0.5575276613235474
1773049220594002700,62.073002685546875,8.765507698059082,-0.5665007829666138,4.182055950164795
1773049220603980500,62.08298046875,10.292726516723633,-0.2027917206287384,0.48035913705825806
1773049220613860600,62.09286059570312,8.59322452545166,-0.6287141442298889,2.803191661834717
1773049220623679000,62.102678955078126,10.810174942016602,0.22791635990142822,2.070389747619629
1773049220633859000,62.11285913085938,8.937790870666504,-0.9499505758285522,1.898106575012207
1773049220643894000,62.12289404296875,9.627521514892578,-0.355932354927063,1.960319995880127
1773049220653865500,62.132865478515626,9.751948356628418,-0.45643091201782227,2.7314071655273438
1773049220663847200,62.14284716796875,10.05823040008545,0.10348957777023315,2.510669231414795
1773049220673819600,62.15281958007812,10.01037311553955,0.28594231605529785,0.39421752095222473
1773049220683800600,62.162800537109376,8.334200859069824,-1.3663017749786377,4.196412563323975
1773049220693774000,62.17277416992187,8.343772888183594,-0.07357929646968842,2.788834810256958
1773049220703754200,62.18275415039062,7.76470947265625,0.8793623447418213,-0.9080761671066284
1773049220713728500,62.192728515625,13.908281326293945,-0.7292127013206482,2.5872395038604736
1773049220723708000,62.2027080078125,9.406784057617188,-1.9028922319412231,5.20678186416626
1773049220733682700,62.2126826171875,4.872385025024414,0.836291491985321,-0.41934216022491455
1773049220743661800,62.22266186523437,13.740185737609863,0.7692924737930298,-0.44805604219436646
1773049220753636900,62.23263696289062,12.509676933288574,-1.4524433612823486,5.350351333618164
1773049220763615700,62.24261572265625,4.85324239730835,-0.6526423692703247,1.0552347898483276
1773049220773591300,62.25259130859375,9.019146919250488,1.1186445951461792,2.3192434310913086
1773049220783569700,62.26256958007812,13.204193115234375,-0.07836493849754333,2.362314224243164
1773049220793545500,62.27254541015625,8.837292671203613,-1.5720844268798828,1.7928223609924316
1773049220803523600,62.282523681640626,6.0741801261901855,0.6209374666213989,2.1278176307678223
1773049220813500000,62.2925,12.155538558959961,0.13220344483852386,2.108675003051758
1773049220823477800,62.30247778320312,12.294322967529297,-0.6430711150169373,1.399801254272461
1773049220833454300,62.312454345703124,6.480959892272949,-0.34636107087135315,2.7314071655273438
1773049220843432000,62.32243188476563,9.05264663696289,0.4007977843284607,3.3918261528015137
1773049220853408500,62.33240844726563,11.508878707885742,-0.26500511169433594,0.882951557636261
1773049220863386000,62.34238623046875,10.570294380187988,-1.2610175609588623,1.6013965606689453
1773049220873363000,62.35236303710938,6.888338088989258,0.22791635990142822,3.4396824836730957
1773049220883340300,62.36234033203125,8.420342445373535,-0.07836493849754333,1.7545372247695923
1773049220893317000,62.372317138671875,12.787842750549316,-1.4476577043533325,1.649253010749817
1773049220903294500,62.38229443359375,7.5637125968933105,-0.34636107087135315,2.630908489227295
1773049220913271300,62.39227124023437,7.850851058959961,0.23270200192928314,1.9028922319412231
1773049220923249000,62.402248779296876,12.385250091552734,-1.3184453248977661,3.2243285179138184
1773049220933225700,62.41222583007813,10.28315544128418,-0.8207381963729858,1.0648061037063599
1773049220943203000,62.422203125,7.309474945068359,0.12741780281066895,1.989033818244934
1773049220953180000,62.432179931640626,11.183454513549805,-0.35114672780036926,2.999403238296509
1773049220963157200,62.4421572265625,10.40758228302002,-1.3567304611206055,1.7593228816986084
1773049220973134300,62.45213427734375,6.821339130401611,-0.19322042167186737,0.9834501147270203
1773049220983111400,62.462111328125,9.641879081726074,-0.5665007829666138,2.4819552898406982
1773049220993088500,62.47208862304687,11.839686393737793,-0.42771705985069275,1.31365966796875
1773049221003065900,62.48206591796875,8.147561073303223,-0.8255237936973572,3.0903303623199463
1773049221013043000,62.49204296875,9.521639823913574,-0.049651071429252625,1.2993026971817017
1773049221023020000,62.50202001953125,9.143573760986328,-0.4899304509162903,1.5774682760238647
1773049221032997000,62.5119970703125,11.283953666687012,-1.428515076637268,3.487539052963257
1773049221042974200,62.52197412109375,8.92821979522705,0.3720839321613312,1.2083754539489746
1773049221052951300,62.53195141601562,8.794221878051758,-0.6478567123413086,1.960319995880127
1773049221062928600,62.5419287109375,11.408380508422852,-1.0408778190612793,2.851048231124878
1773049221072905700,62.55190576171875,6.337390899658203,-0.25064817070961,1.2179467678070068
1773049221082882800,62.5618828125,10.287940979003906,-0.7292127013206482,2.913261651992798
1773049221092860000,62.57185986328125,10.331011772155762,-0.24586252868175507,2.166102647781372
1773049221102837200,62.58183715820312,8.315058708190918,-0.9451649188995361,1.4572290182113647
1773049221112853200,62.591853271484375,10.49372386932373,-1.0217353105545044,2.788834810256958
1773049221122834200,62.60183422851563,8.367700576782227,0.022133609279990196,2.142174482345581
1773049221132768500,62.6117685546875,11.647662162780762,-0.7244270443916321,2.410170555114746
1773049221142745000,62.6217451171875,9.545567512512207,-0.8590233325958252,2.510669231414795
1773049221152723000,62.63172290039063,6.893123626708984,-0.542572557926178,1.5242279767990112
1773049221162699300,62.64169921875,11.054242134094238,-0.32721850275993347,2.5393829345703125
1773049221172677000,62.651677001953125,10.240084648132324,-1.0600204467773438,2.6261229515075684
1773049221182654000,62.66165405273438,9.215357780456543,-0.6574280261993408,0.9595218896865845
1773049221192553700,62.6715537109375,7.645068168640137,-0.20757736265659332,1.7976080179214478
1773049221202523000,62.68152294921875,10.671390533447266,-0.7579265832901001,2.669193744659424
1773049221212585700,62.69158569335937,10.771889686584473,-0.9643075466156006,0.9212366938591003
1773049221222564000,62.70156420898437,6.873981475830078,0.07477571070194244,1.8741782903671265
1773049221232540000,62.711539794921876,11.21216869354248,-1.031306505203247,2.1708884239196777
1773049221242518300,62.72151831054688,10.858031272888184,-0.7579265832901001,1.811964988708496
1773049221252494300,62.731494384765625,7.774280548095703,-0.25064817070961,1.7066807746887207
1773049221262472200,62.74147216796875,11.145169258117676,-0.4325026869773865,2.338385820388794
1773049221272448500,62.75144848632812,9.224929809570312,-0.4707878530025482,2.2235305309295654
1773049221282426400,62.76142626953125,8.157132148742676,-0.753140926361084,1.7497515678405762
1773049221292403000,62.77140283203125,10.498509407043457,-0.35114672780036926,1.0600204467773438
1773049221302380500,62.781380615234376,9.043074607849121,-0.7339983582496643,3.568894863128662
1773049221312357000,62.791357177734376,10.49372386932373,-0.32243284583091736,1.5002998113632202
1773049221322334700,62.80133471679687,8.434700012207031,-0.7824530005455017,1.5194423198699951
1773049221332272600,62.811272705078125,10.0343017578125,-0.3798605799674988,2.3192434310913086
1773049221342246100,62.82124609375,9.392427444458008,-0.882951557636261,3.2099716663360596
1773049221352226800,62.83122680664062,9.842875480651855,-0.4133601188659668,0.26979073882102966
1773049221362201000,62.841201171875,8.62193775177002,-0.22193430364131927,4.0528435707092285
1773049221372181200,62.85118115234375,10.168299674987793,-0.9116654396057129,2.0512471199035645
1773049221382156000,62.86115600585938,9.114859580993652,-0.8159525394439697,0.7585247755050659
1773049221392135400,62.871135498046876,8.11406135559082,0.0891326442360878,3.157329559326172
1773049221402110700,62.88111083984375,11.14038372039795,-0.8446664214134216,1.155733346939087
1773049221412128500,62.89112841796875,9.742377281188965,-1.2993026971817017,1.9363917112350464
1773049221422108200,62.90110815429688,7.893921852111816,0.11306086927652359,2.4388844966888428
1773049221432083000,62.9110830078125,10.637292861938477,-0.882951557636261,0.4325026869773865
1773049221442062000,62.92106201171875,12.160325050354004,-0.8590233325958252,3.2482566833496094
1773049221452037000,62.931037109375,6.476174354553223,0.18484555184841156,2.1517457962036133
1773049221462016000,62.94101611328125,10.249655723571777,-1.3232308626174927,1.3232308626174927
1773049221471991600,62.950991455078125,11.317452430725098,-0.5617151260375977,2.3336002826690674
1773049221481970000,62.960969970703125,7.726424217224121,-0.2267199456691742,2.4771697521209717
1773049221491945700,62.97094580078125,10.953743934631348,-0.5377869009971619,2.851048231124878
1773049221501923800,62.980923828125,9.766305923461914,-0.5712863802909851,0.2027917206287384
1773049221511822300,62.990822265625,7.932207107543945,-0.8303094506263733,2.6500511169433594
1773049221521792500,63.00079248046875,10.996814727783203,-0.049651071429252625,2.558525562286377
1773049221531815400,63.0108154296875,9.766305923461914,-1.2179467678070068,1.399801254272461
1773049221541791000,63.020791015625,9.972088813781738,-0.5569294691085815,2.0129621028900146
1773049221551731000,63.03073095703125,7.688138961791992,0.7405785918235779,2.3670997619628906
1773049221561703000,63.04070288085938,11.221739768981934,-1.5720844268798828,2.750549554824829
1773049221571607600,63.05060766601562,10.177870750427246,-0.9451649188995361,1.3232308626174927
1773049221581572900,63.06057275390625,5.039882659912109,0.6975077986717224,1.5774682760238647
1773049221591561700,63.07056176757813,12.955340385437012,-0.8111668825149536,3.4683964252471924
1773049221601529300,63.080529296875,10.484152793884277,-1.2131611108779907,1.1126625537872314
1773049221611477200,63.090477294921875,5.456831932067871,0.0029910283628851175,2.2953150272369385
1773049221621442800,63.10044287109375,10.89153003692627,-0.9260223507881165,3.5258240699768066
1773049221631392800,63.110392822265624,11.106884956359863,-0.5856433510780334,-0.3762713670730591
1773049221641356800,63.120356689453125,7.999206066131592,-0.849452018737793,3.3966116905212402
1773049221651230700,63.13023071289062,9.478569030761719,-0.3128615617752075,1.989033818244934
1773049221661185800,63.140185791015625,9.34457015991211,-0.9020941257476807,0.5479564070701599
1773049221671184600,63.1501845703125,10.316655158996582,-0.9212366938591003,2.8893332481384277
1773049221681144300,63.160144287109375,8.477770805358887,-0.25064817070961,2.2618155479431152
1773049221691024100,63.170024169921874,9.68494987487793,-0.4325026869773865,1.0600204467773438
1773049221700904200,63.179904296875,10.915458679199219,-0.916451096534729,3.0759735107421875
1773049221711015700,63.190015625,8.588438987731934,-0.3415754437446594,1.591825246810913
1773049221720974600,63.199974609375,9.756733894348145,-1.4763715267181396,2.6117658615112305
1773049221730931000,63.20993090820313,11.14038372039795,-0.08793623000383377,2.616551637649536
1773049221740889900,63.219889892578124,8.961718559265137,0.08434699475765228,-0.26141586899757385
1773049221750885000,63.229885009765624,11.513664245605469,-1.6342978477478027,4.167698860168457
1773049221760847600,63.23984765625,7.616354465484619,-0.29850462079048157,1.7114664316177368
1773049221770762000,63.249761962890624,7.496115207672119,0.09870393574237823,0.5910272002220154
1773049221780719600,63.2597197265625,13.879568099975586,-1.399801254272461,3.995415687561035
1773049221790599400,63.26959936523438,8.319844245910645,-0.600000262260437,0.7776673436164856
1773049221800479500,63.2794794921875,6.289534091949463,0.1657029688358307,2.596810817718506
1773049221810515200,63.28951513671875,12.92184066772461,-1.098305583000183,1.6013965606689453
1773049221820469000,63.299468994140625,8.94257640838623,-0.8255237936973572,2.2953150272369385
1773049221830507500,63.30950756835937,7.7838521003723145,-0.06400800496339798,3.238685369491577
1773049221840470000,63.319469970703125,10.29751205444336,-0.7435696125030518,1.1222338676452637
1773049221850649900,63.32964990234375,11.035099983215332,-1.6342978477478027,2.9036903381347656
1773049221860830000,63.339829833984375,9.153144836425781,0.28115665912628174,1.6444673538208008
1773049221871010000,63.350010009765626,8.894720077514648,0.10348957777023315,2.0273189544677734
1773049221881075500,63.36007543945313,12.595818519592285,-2.1948165893554688,3.7465620040893555
1773049221891031000,63.370031005859374,7.45782995223999,-0.07836493849754333,0.13579268753528595
1773049221901025500,63.38002563476562,6.620342254638672,0.3720839321613312,1.4333007335662842
1773049221910985500,63.3899853515625,13.443475723266602,-1.337587833404541,4.42612361907959
1773049221920976600,63.3999765625,7.587640762329102,-0.6047859191894531,-0.2470589429140091
1773049221930939600,63.40993969726563,7.917850017547607,-0.6095715761184692,1.4715858697891235
1773049221940928000,63.419927978515624,11.58544921875,-1.1748759746551514,4.9292144775390625
1773049221950894000,63.42989404296875,11.068599700927734,-0.2745763957500458,0.4612165689468384
1773049221960880400,63.43988037109375,10.292726516723633,-0.5042873620986938,2.1852452754974365
1773049221970848500,63.4498486328125,9.100502967834473,-0.18843477964401245,3.095116138458252
1773049221980832800,63.459832763671876,9.689735412597656,-0.7968099117279053,2.3910279273986816
1773049221990802700,63.469802734375,9.220144271850586,-0.9403793215751648,0.973878800868988
1773049222000785700,63.47978564453125,8.22413158416748,-1.0552347898483276,1.7258232831954956
1773049222010757000,63.48975708007813,10.082158088684082,-2.7212376594543457,2.568096876144409
1773049222020738800,63.49973876953125,7.616354465484619,-0.5138586759567261,1.5774682760238647
1773049222030711300,63.509711181640625,8.688937187194824,-2.3431715965270996,1.811964988708496
1773049222040692200,63.51969213867188,11.858829498291016,-2.5537400245666504,1.9411773681640625
1773049222050665700,63.529665771484375,7.051050186157227,-1.1174482107162476,2.8319056034088135
1773049222060645600,63.539645751953124,11.121241569519043,-1.4141582250595093,3.0616166591644287
1773049222070620000,63.54961987304687,11.173883438110352,-1.0456634759902954,1.3423734903335571
1773049222080599600,63.559599609375,7.759923934936523,-0.6957131624221802,2.108675003051758
1773049222090574300,63.56957421875,9.598209381103516,-0.2745763957500458,3.3918261528015137
1773049222100553200,63.57955322265625,9.358927726745605,-1.1270195245742798,-0.06041877344250679
1773049222110528500,63.589528564453126,9.795019149780273,-1.2945170402526855,1.8837496042251587
1773049222120507100,63.599507080078126,7.76470947265625,0.5730810165405273,2.15653133392334
1773049222130483000,63.60948291015625,10.65224838256836,-0.916451096534729,1.4763715267181396
1773049222140461300,63.61946142578125,11.767901420593262,-1.31365966796875,1.8789639472961426
1773049222150437000,63.62943701171875,6.059823513031006,0.6161518096923828,1.3758729696273804
1773049222160415200,63.63941528320313,11.44666576385498,-0.7579265832901001,3.3918261528015137
1773049222170391600,63.6493916015625,12.547962188720703,-1.246660590171814,3.9810585975646973
1773049222180369400,63.659369384765625,6.864409923553467,0.6496513485908508,0.07357929646968842
1773049222190345700,63.669345703125,10.73838996887207,-1.404586911201477,3.2099716663360596
1773049222200323600,63.67932348632812,10.50808048248291,-0.6765705943107605,5.010570526123047
1773049222210300200,63.68930004882812,7.941778182983398,-0.2602194547653198,-1.2382856607437134
1773049222220277800,63.69927783203125,10.61815071105957,-1.25144624710083,2.3048863410949707
1773049222230157600,63.709157470703126,9.153144836425781,-0.6430711150169373,3.6263227462768555
1773049222239976200,63.71897607421875,8.660223007202148,-0.3655036687850952,-1.3052847385406494
1773049222250156300,63.72915625,9.68494987487793,-0.9403793215751648,3.4205398559570312
1773049222260191000,63.73919091796875,10.115657806396484,-0.7674978375434875,1.716252088546753
1773049222270162700,63.74916259765625,9.234500885009766,-0.5282155871391296,2.0656042098999023
1773049222280144400,63.75914428710937,9.09093189239502,-0.030508488416671753,2.070389747619629
1773049222290117000,63.7691171875,10.287940979003906,-1.0504491329193115,2.434098720550537
1773049222300097800,63.779097900390624,9.201001167297363,-0.9308080077171326,3.8183467388153076
1773049222310071300,63.7890712890625,7.903493404388428,-1.0217353105545044,0.42771705985069275
1773049222320051200,63.79905126953125,10.28315544128418,-1.8693926334381104,3.6263227462768555
1773049222330025700,63.809025634765625,7.429116249084473,-0.5521438121795654,1.6683956384658813
1773049222340005000,63.81900512695312,9.574281692504883,-1.2993026971817017,0.3655036687850952
1773049222349980000,63.82897998046875,11.739188194274902,-1.1030912399291992,3.7082769870758057
1773049222359958800,63.838958740234375,8.665008544921875,-1.098305583000183,1.1413763761520386
1773049222369934300,63.84893432617187,9.435498237609863,-0.1788634955883026,1.4476577043533325
1773049222379913000,63.85891284179687,10.881958961486816,-1.2610175609588623,2.717050075531006
1773049222389888500,63.868888427734376,8.056633949279785,-0.29850462079048157,1.3854442834854126
1773049222399867000,63.87886694335938,9.023932456970215,-0.26979073882102966,1.4715858697891235
1773049222409747000,63.888746826171875,10.445867538452148,-0.6861419081687927,3.3200414180755615
1773049222419565000,63.89856494140625,10.73838996887207,0.0077766734175384045,0.24586252868175507
1773049222429564200,63.90856420898437,8.291130065917969,-1.5672988891601562,3.8470606803894043
1773049222439523600,63.91852368164062,9.488140106201172,0.28594231605529785,2.0129621028900146
1773049222449703700,63.92870361328125,8.827720642089844,-0.7052844762802124,0.8063812255859375
1773049222459737600,63.93873754882812,12.581461906433105,-1.2897313833236694,3.0041887760162354
1773049222469705500,63.94870556640625,7.798209190368652,-0.07836493849754333,1.2705888748168945
1773049222479690200,63.95869018554688,8.789435386657715,-1.074377417564392,1.6636099815368652
1773049222489698600,63.96869848632812,11.36052417755127,-0.8781659007072449,3.4301111698150635
1773049222499685600,63.978685546875,7.812565803527832,-0.01136590726673603,0.39421752095222473
1773049222509565700,63.98856567382813,9.378069877624512,-0.8350951075553894,2.884547710418701
1773049222519445800,63.99844580078125,10.086943626403809,-0.8973084688186646,3.7082769870758057
1773049222529568300,64.008568359375,8.674580574035645,0.5491527915000916,-0.4289134442806244
1773049222539553800,64.0185537109375,9.483354568481445,-1.6534404754638672,4.402195453643799
1773049222549522400,64.0285224609375,11.269596099853516,-0.6047859191894531,2.544168710708618
1773049222559506400,64.03850634765625,6.193821430206299,0.7357929348945618,-0.012562318705022335
1773049222569476900,64.04847680664062,11.647662162780762,-1.8113667964935303,3.8901314735412598
1773049222579459300,64.05845922851563,9.406784057617188,-0.12143574655056,0.6675975322723389
1773049222589431000,64.06843115234375,5.164309501647949,0.5682953596115112,1.7641085386276245
1773049222599412700,64.07841284179688,11.906685829162598,0.09391828626394272,3.3678979873657227
1773049222609385500,64.08838549804688,7.592426300048828,0.31465616822242737,-0.625723123550415
1773049222619366100,64.0983662109375,11.83011531829834,0.26201409101486206,2.6261229515075684
1773049222629339600,64.10833959960938,7.544569969177246,-0.11186445504426956,2.0608184337615967
1773049222639319800,64.11831982421874,9.129216194152832,0.3481557071208954,3.62153697013855
1773049222649294000,64.12829418945313,14.439488410949707,-0.6717849373817444,1.4189438819885254
1773049222659273500,64.1382734375,7.1611199378967285,-0.753140926361084,1.80717933177948
1773049222669248500,64.14824853515626,9.258428573608398,0.9463613629341125,4.3447675704956055
1773049222689241600,64.16824169921875,5.834897994995117,-0.2027917206287384,-0.9559326171875
1773049222699224000,64.17822412109375,4.604389190673828,0.8458628058433533,0.5814558863639832
1773049222709103900,64.18810375976562,10.110872268676758,-0.6143572330474854,5.302495002746582
1773049222718984000,64.19798388671875,12.476177215576172,-0.6143572330474854,0.882951557636261
1773049222728878300,64.20787841796874,12.610175132751465,-1.4859428405761719,0.9547362327575684
1773049222738837500,64.21783740234375,13.649258613586426,-0.3320041298866272,6.873383045196533
1773049222749017300,64.22801733398437,8.037490844726562,1.76051926612854,3.0424740314483643
1773049222759051500,64.23805151367188,9.938589096069336,0.046061836183071136,-1.6983058452606201
1773049222769019600,64.24801953125,4.671388149261475,-2.7116663455963135,-0.9128618240356445
1773049222779004000,64.25800390625,5.648257732391357,0.6783652305603027,6.585646152496338
1773049222788973800,64.26797387695312,15.559926986694336,0.18005990982055664,0.4325026869773865
1773049222798956800,64.27795678710937,12.840484619140625,0.24227328598499298,0.7585247755050659
1773049222808928300,64.28792822265625,8.947361946105957,0.2470589429140091,4.024129390716553
1773049222818910000,64.29790991210938,10.474580764770508,-0.4372883439064026,2.4532413482666016
1773049222828790000,64.3077900390625,7.64028263092041,0.06999006122350693,-1.1377872228622437
1773049222838607600,64.31760766601562,11.370095252990723,0.2183450609445572,5.082355499267578
1773049222848787700,64.32778759765625,12.184252738952637,-0.882951557636261,1.811964988708496
1773049222858822000,64.33782177734375,9.172286987304688,0.7262216806411743,-0.9655039310455322
1773049222868791000,64.347791015625,10.01994514465332,-1.428515076637268,3.377469062805176
1773049222878774500,64.3577744140625,6.5629143714904785,-1.7252250909805298,0.9355936646461487
1773049222888745200,64.3677451171875,8.684151649475098,1.5212370157241821,2.347957134246826
1773049222898727700,64.37772778320313,14.626128196716309,0.8889335989952087,3.497110366821289
1773049222908607500,64.387607421875,6.706483840942383,-0.2793620526790619,-0.3044866919517517
1773049222918425000,64.39742504882813,6.5868425369262695,0.8219345808029175,2.2187447547912598
1773049222928420900,64.4074208984375,15.88594913482666,0.7262216806411743,4.593621253967285
1773049222938382800,64.4173828125,7.6737823486328125,-0.07836493849754333,-0.4815555512905121
1773049222948563000,64.42756298828125,6.826124668121338,-0.10229317098855972,2.874976396560669
1773049222958596600,64.4375966796875,10.273584365844727,-0.666999340057373,2.7553353309631348
1773049222968562200,64.44756225585938,8.042277336120605,0.5826523303985596,0.973878800868988
1773049222978548500,64.45754858398438,12.002398490905762,-0.04486542567610741,4.30169677734375
1773049222988516600,64.4675166015625,8.96650505065918,-0.4707878530025482,2.654836654663086
1773049222998501000,64.47750122070312,4.925027370452881,0.9320043921470642,0.5186443328857422
1773049223008381000,64.487380859375,13.16112232208252,1.171286702156067,1.6444673538208008
1773049223018198000,64.49719799804687,10.36929702758789,-0.08315058797597885,2.9419753551483154
1773049223028378000,64.50737817382813,6.452246189117432,-1.1270195245742798,2.779263496398926
1773049223038412000,64.517412109375,7.103692054748535,0.22791635990142822,0.10707881301641464
1773049223048379400,64.52737939453125,10.958529472351074,0.6161518096923828,1.184447169303894
1773049223058364400,64.53736450195312,12.064611434936523,-1.7443677186965942,7.0025954246521
1773049223068333800,64.54733374023438,4.311866283416748,-0.4612165689468384,2.237887382507324
1773049223078317300,64.5573173828125,10.479366302490234,1.3968101739883423,-1.3770694732666016
1773049223088288000,64.5672880859375,15.344573020935059,0.989432156085968,-0.20398813486099243
1773049223098270200,64.57727026367188,1.7790635824203491,-0.37507495284080505,2.410170555114746
1773049223108242200,64.5872421875,-1.3668999671936035,-0.11186445504426956,1.7784653902053833
1773049223118223600,64.5972236328125,26.568706512451172,-0.22193430364131927,1.8789639472961426
1773049223128103400,64.607103515625,16.96331787109375,-2.678166627883911,6.681358814239502
1773049223137921300,64.61692138671874,-1.9226330518722534,-2.190030813217163,-0.14656038582324982
1773049223148073000,64.62707299804687,6.01675271987915,0.6592226624488831,0.9403793215751648
1773049223158050000,64.63705004882813,8.660223007202148,0.9367900490760803,1.0169496536254883
1773049223168105000,64.64710498046875,1.7838492393493652,0.8267202377319336,-0.30927231907844543
1773049223178089700,64.65708984375,17.159528732299805,0.49651068449020386,4.7952165603637695
1773049223188059400,64.66705932617188,15.497714042663574,0.5730810165405273,4.895715236663818
1773049223198042600,64.67704272460938,14.262419700622559,-0.11186445504426956,0.9212366938591003
1773049223207922700,64.68692260742188,7.621140003204346,-0.37507495284080505,-0.4863412082195282
1773049223217739800,64.69673974609375,3.1244282722473145,0.23270200192928314,3.214757204055786
1773049223227735000,64.70673510742188,16.297515869140625,0.7070791125297546,1.8167506456375122
1773049223237697500,64.71669750976562,5.877968788146973,-0.5904290080070496,3.6358940601348877
1773049223247877600,64.72687768554688,4.929812908172607,0.381655216217041,0.576670229434967
1773049223257911000,64.7369111328125,11.944971084594727,0.6496513485908508,0.849452018737793
1773049223267876400,64.74687646484375,17.638093948364258,-0.666999340057373,4.967499732971191
1773049223277863000,64.75686279296875,7.515257835388184,-0.4133601188659668,1.8646070957183838
1773049223287830500,64.76683056640626,8.7176513671875,0.8506484627723694,1.649253010749817
1773049223297815600,64.77681567382812,13.338191986083984,-0.11665010452270508,3.0233314037323
1773049223307695400,64.7866953125,6.265605926513672,-0.24586252868175507,1.8837496042251587
1773049223317512400,64.79651245117188,7.8795647621154785,0.8219345808029175,2.2474586963653564
1773049223327692300,64.8066923828125,11.3509521484375,-0.7244270443916321,2.0608184337615967
1773049223337726200,64.81672631835937,8.018348693847656,0.18005990982055664,0.6819544434547424
1773049223347693300,64.826693359375,9.56471061706543,1.1425727605819702,3.4061830043792725
1773049223357678600,64.8366787109375,13.6444730758667,-0.2315055876970291,2.18045973777771
1773049223367647700,64.84664770507813,6.615556240081787,0.28594231605529785,1.4333007335662842
1773049223377631200,64.85663134765625,10.98724365234375,-0.7770691514015198,4.11505651473999
1773049223387602000,64.86660180664063,11.791830062866211,0.9942178130149841,1.155733346939087
1773049223397584400,64.87658447265625,9.157930374145508,0.6927221417427063,2.352742910385132
1773049223407556400,64.88655639648438,11.183454513549805,-1.0504491329193115,3.9044883251190186
1773049223417537500,64.89653759765625,2.276770830154419,-0.020937198773026466,0.4899304509162903
1773049223427510500,64.90651049804687,10.584650993347168,0.8219345808029175,0.6628118753433228
1773049223437491000,64.91649096679687,15.78963851928711,0.2715853750705719,3.803989887237549
1773049223447465000,64.92646484375,3.397808074951172,-0.2267199456691742,4.306482315063477
1773049223457444900,64.93644482421875,8.660223007202148,1.4398809671401978,-0.47676992416381836
1773049223467419400,64.94641943359375,12.351750373840332,0.10827522724866867,3.813561201095581
1773049223477398500,64.9563984375,7.352545738220215,-0.5760720372200012,1.6301103830337524
1773049223487373600,64.96637353515625,10.316655158996582,0.5874379873275757,1.6253247261047363
1773049223497352200,64.97635229492188,12.624532699584961,-0.37028929591178894,5.388636589050293
1773049223507327700,64.98632763671876,6.768697261810303,-0.4181457459926605,0.7920243144035339
1773049223517306400,64.99630639648437,5.997610092163086,1.3920245170593262,2.05603289604187
1773049223527282000,65.00628198242188,13.936995506286621,1.3058829307556152,3.104687452316284
1773049223537260300,65.01626025390625,8.544769287109375,-0.7148557901382446,2.338385820388794
1773049223547236400,65.026236328125,6.011966705322266,0.18005990982055664,0.355932354927063
1773049223557214200,65.03621411132812,10.077372550964355,0.6687939167022705,1.5050854682922363
1773049223567190500,65.0461904296875,12.912269592285156,-0.7920243144035339,4.497908592224121
1773049223577168400,65.05616845703125,6.6729841232299805,0.43908295035362244,0.6340979933738708
1773049223587145000,65.06614501953125,8.104490280151367,0.09391828626394272,1.7593228816986084
1773049223597122600,65.07612255859375,12.504891395568848,0.9415757060050964,1.9028922319412231
1773049223607099100,65.08609912109375,8.176275253295898,0.5730810165405273,3.689134359359741
1773049223617076700,65.09607666015626,11.379666328430176,-0.5712863802909851,2.6500511169433594
1773049223627053600,65.10605346679688,3.8668015003204346,0.47258245944976807,-0.18005990982055664
1773049223637031000,65.11603100585937,11.499307632446289,0.625723123550415,2.788834810256958
1773049223647007700,65.1260078125,13.156336784362793,-0.3607180118560791,4.191627025604248
1773049223656985000,65.13598510742187,5.140381336212158,0.3242274820804596,0.22193430364131927
1773049223666962000,65.1459619140625,10.49372386932373,0.8602197170257568,2.103889226913452
1773049223676939300,65.15593920898438,12.92184066772461,-0.4899304509162903,4.1868414878845215
1773049223686916400,65.16591625976562,5.226522922515869,0.20398813486099243,-0.5539384484291077
1773049223696893400,65.1758935546875,6.873981475830078,1.2430713176727295,1.9316060543060303
1773049223706773500,65.1857734375,11.422737121582031,0.1178465187549591,3.219542980194092
1773049223716592000,65.19559204101563,9.234500885009766,-0.9978070259094238,2.3048863410949707
1773049223726592000,65.20559204101562,11.403594970703125,0.7980063557624817,3.4923245906829834
1773049223736550700,65.21555053710938,13.338191986083984,0.2955136001110077,1.5433706045150757
1773049223746730800,65.22573071289062,12.533604621887207,-0.3128615617752075,2.400599241256714
1773049223756765000,65.23576489257813,3.191427230834961,0.11306086927652359,3.5736806392669678
1773049223766772000,65.24577197265624,5.705685615539551,0.5156532526016235,-0.41934216022491455
1773049223776760000,65.25576000976562,11.897113800048828,0.3290131092071533,1.0839486122131348
1773049223786687500,65.2656875,11.441879272460938,0.06999006122350693,4.814359188079834
1773049223796669400,65.27566943359375,9.852447509765625,-0.11186445504426956,0.5383850932121277
1773049223806549800,65.2855498046875,9.780662536621094,0.49172505736351013,0.12143574655056
1773049223816367400,65.29536743164063,12.437891960144043,0.12263216078281403,5.383851051330566
1773049223826547200,65.30554711914063,11.892328262329102,-0.5712863802909851,1.8406788110733032
1773049223836581600,65.31558154296874,8.47298526763916,1.1282159090042114,0.4372883439064026
1773049223846550300,65.32555029296876,9.747162818908691,-0.6430711150169373,4.019343852996826
1773049223856534300,65.3355341796875,10.130014419555664,-0.5952146053314209,-0.1944168359041214
1773049223866504700,65.34550463867187,5.748756408691406,1.0803594589233398,2.228316068649292
1773049223876487200,65.35548706054688,12.581461906433105,-0.3655036687850952,3.473181962966919
1773049223886459000,65.365458984375,8.37727165222168,-0.11665010452270508,0.07836493849754333
1773049223896440300,65.3754404296875,8.080561637878418,0.6879364848136902,2.999403238296509
1773049223906413300,65.38541333007812,15.105291366577148,-0.4995017349720001,3.0041887760162354
1773049223916394000,65.39539404296875,7.10847806930542,0.33379876613616943,2.4053850173950195
1773049223926367500,65.40536743164063,10.120443344116211,0.486939400434494,1.2610175609588623
1773049223936347400,65.41534741210937,10.64686393737793,-0.8542376756668091,2.5872395038604736
1773049223946322000,65.42532202148438,6.845267295837402,0.3720839321613312,2.3670997619628906
1773049223956301000,65.43530102539063,10.278369903564453,0.3433700501918793,1.8741782903671265
1773049223966276000,65.44527612304688,9.991230964660645,-0.3032902777194977,2.7553353309631348
1773049223976255000,65.4552548828125,6.370890140533447,1.2478569746017456,2.462812662124634
1773049223986230300,65.46523022460937,11.834900856018066,0.5060819983482361,1.9698911905288696
1773049223996209000,65.475208984375,9.435498237609863,0.2183450609445572,-0.8267202377319336
1773049224006089000,65.4850888671875,6.5150580406188965,-0.39900317788124084,4.22512674331665
1773049224015907300,65.4949072265625,12.131610870361328,-1.5385849475860596,4.685146808624268
1773049224026087200,65.50508715820312,8.961718559265137,0.0364905446767807,-0.4097708761692047
1773049224036122000,65.5151220703125,11.130812644958496,1.200000524520874,-0.8697910308837891
1773049224046002000,65.525001953125,13.060624122619629,-0.8207381963729858,8.846264839172363
1773049224055819300,65.5348193359375,1.6689938306808472,-0.35114672780036926,0.5670989751815796
1773049224065999400,65.54499926757812,7.568498134613037,0.5491527915000916,-1.2191431522369385
1773049224076033500,65.55503344726563,17.494524002075195,0.6352944374084473,0.9355936646461487
1773049224086001400,65.56500146484375,5.629115104675293,-0.6430711150169373,6.55693244934082
1773049224095986000,65.57498583984375,6.126822471618652,0.3194418251514435,1.552941918373108
1773049224105866000,65.58486596679687,12.629318237304688,0.4007977843284607,1.3567304611206055
1773049224115683000,65.59468310546875,11.499307632446289,-0.4660021960735321,2.8701908588409424
1773049224125677300,65.60467724609374,5.787041664123535,-0.05922235921025276,2.5633113384246826
1773049224135640600,65.614640625,5.96889591217041,0.7022934556007385,1.3280165195465088
1773049224145820400,65.6248203125,11.83011531829834,-0.13579268753528595,1.1222338676452637
1773049224155853800,65.63485375976562,8.13798999786377,-0.09272187948226929,2.0895323753356934
1773049224165818600,65.64481860351563,4.929812908172607,0.14656038582324982,3.66520619392395
1773049224175805700,65.6548056640625,13.242478370666504,0.07477571070194244,2.726621389389038
1773049224185772800,65.66477270507812,11.978469848632812,-0.19800607860088348,1.098305583000183
1773049224195758000,65.67475805664063,8.755936622619629,-0.8925228714942932,3.789632797241211
1773049224205727200,65.68472729492187,9.790233612060547,-0.001794616924598813,4.574478626251221
1773049224215710700,65.69471069335937,10.622936248779297,-0.4468596279621124,4.502694129943848
1773049224225681400,65.70468139648438,11.346166610717773,-0.21714866161346436,-1.3962119817733765
1773049224235663600,65.71466357421875,5.523830890655518,0.8793623447418213,-0.30927231907844543
1773049224245635600,65.72463549804688,8.449056625366211,0.21355941891670227,3.9667017459869385
1773049224255617000,65.73461694335937,6.447460651397705,-0.25064817070961,0.5910272002220154
1773049224265590000,65.74459008789063,13.615758895874023,0.4486542344093323,3.3296127319335938
1773049224275570400,65.7545703125,18.011972427368164,-0.5186443328857422,2.6739792823791504
1773049224285544200,65.76454418945312,7.213762283325195,-0.4133601188659668,1.9268203973770142
1773049224295524000,65.77452416992188,11.777473449707031,-0.03529413416981697,2.9036903381347656
1773049224305498600,65.78449853515625,10.120443344116211,0.3433700501918793,2.8223342895507812
1773049224315477800,65.79447778320312,9.598209381103516,-0.31764721870422363,0.16450655460357666
1773049224325357800,65.80435791015626,6.605985164642334,-0.24107688665390015,3.823132276535034
1773049224335176000,65.81417602539062,4.039084434509277,0.44386860728263855,1.9316060543060303
1773049224345174300,65.82417431640626,14.79841136932373,1.200000524520874,-0.3858426511287689
1773049224355134200,65.83413427734375,12.984053611755371,-1.069591760635376,5.7720866203308105
1773049224365314300,65.84431420898437,5.547759532928467,-0.6143572330474854,2.3048863410949707
1773049224375348200,65.85434814453124,13.35733413696289,0.8793623447418213,1.1653046607971191
1773049224385315300,65.8643154296875,14.827723503112793,-1.672582983970642,5.13021183013916
1773049224395300600,65.87430053710938,6.706483840942383,-0.47557350993156433,2.1613171100616455
1773049224405269800,65.88426977539062,7.438687324523926,0.6831508874893188,2.5058834552764893
1773049224415253200,65.89425317382812,11.56152057647705,-1.0600204467773438,4.564907550811768
1773049224425224000,65.90422387695313,7.1611199378967285,-0.2841476798057556,-0.39541393518447876
1773049224435206100,65.9142060546875,5.566901683807373,0.24227328598499298,3.267399311065674
1773049224445086200,65.92408618164062,10.86281681060791,0.4007977843284607,4.3447675704956055
1773049224454903800,65.93390380859375,10.388439178466797,-0.16929219663143158,0.0975075215101242
1773049224465084000,65.944083984375,10.240084648132324,-1.4859428405761719,4.593621253967285
1773049224475118000,65.9541181640625,7.39561653137207,-0.1501496136188507,3.9810585975646973
1773049224485086700,65.96408666992187,11.580663681030273,-0.31764721870422363,1.835893154144287
1773049224495070700,65.97407080078125,13.49611759185791,-2.3910279273986816,3.6843485832214355
1773049224504950800,65.98395068359375,4.494318962097168,-1.4141582250595093,0.3607180118560791
1773049224514767600,65.993767578125,10.29751205444336,1.4638092517852783,5.915655612945557
1773049224524947700,66.00394775390625,14.482559204101562,-0.5904290080070496,3.8566319942474365
1773049224534982000,66.01398193359375,2.204986095428467,-0.4133601188659668,-0.3284149169921875
1773049224544949500,66.02394946289063,6.730412006378174,0.3529413342475891,-0.046061836183071136
1773049224554934300,66.03393432617187,15.574284553527832,0.24227328598499298,3.205185890197754
1773049224564904000,66.04390405273438,9.129216194152832,-2.802593469619751,6.902096748352051
1773049224574887200,66.05388720703125,3.16749906539917,-0.48035913705825806,-0.10348957777023315
1773049224584858000,66.06385815429688,11.61416244506836,1.3728820085525513,0.09272187948226929
1773049224594840000,66.07384008789063,13.50568962097168,-0.42293140292167664,7.730013370513916
1773049224604812300,66.08381225585937,6.461817741394043,-0.24586252868175507,1.557727575302124
1773049224614793500,66.09379345703125,9.943374633789062,0.4534398913383484,0.8111668825149536
1773049224624766700,66.1037666015625,12.730414390563965,-0.12143574655056,3.324826955795288
1773049224634747000,66.11374682617188,7.779066562652588,-0.9212366938591003,3.82791805267334
1773049224644721000,66.12372094726562,6.945765972137451,-0.09272187948226929,1.6348960399627686
1773049224654700500,66.13370043945312,9.938589096069336,0.0364905446767807,0.9834501147270203
1773049224664675300,66.14367529296875,12.246466636657715,-2.86061954498291,3.8662030696868896
1773049224674654500,66.15365454101563,6.567699909210205,0.4055834412574768,3.214757204055786
1773049224684629500,66.16362939453126,8.554341316223145,1.4685949087142944,3.7704901695251465
1773049224694608100,66.17360815429687,15.468999862670898,-3.324826955795288,0.9834501147270203
1773049224704583700,66.18358374023437,5.322235584259033,0.26201409101486206,3.947559118270874
1773049224714562000,66.19356201171875,7.39561653137207,1.1473584175109863,2.276172637939453
1773049224724538000,66.2035380859375,14.635699272155762,-2.3096721172332764,2.6213371753692627
1773049224734516200,66.21351611328124,6.308676719665527,-0.1453639715909958,3.205185890197754
1773049224744396300,66.22339624023438,8.612366676330566,0.38644084334373474,2.05603289604187
1773049224754276000,66.23327612304688,13.582259178161621,-1.4093725681304932,2.8797619342803955
1773049224764446500,66.24344653320313,6.179464340209961,0.2231307178735733,3.775275945663452
1773049224774424600,66.25342456054688,10.38365364074707,-0.47557350993156433,2.9898319244384766
1773049224784401000,66.26340087890625,9.54078197479248,-0.15972091257572174,0.1740778535604477
1773049224794378500,66.27337841796874,6.246463298797607,-0.3128615617752075,4.268197536468506
1773049224804355000,66.28335498046874,11.183454513549805,-0.4181457459926605,4.2586259841918945
1773049224814332700,66.29333276367187,8.420342445373535,-0.35114672780036926,0.13100704550743103
1773049224824309200,66.30330932617187,11.068599700927734,-1.4380863904953003,4.2586259841918945
1773049224834286800,66.31328686523437,8.95693302154541,0.6831508874893188,4.617549419403076
1773049224844263700,66.323263671875,10.063015937805176,0.4582255482673645,-0.251844584941864
1773049224854241000,66.33324096679688,11.01595687866211,-2.2474586963653564,2.6452653408050537
1773049224864217900,66.3432177734375,4.106083869934082,-0.12143574655056,4.598406791687012
1773049224874195200,66.3531953125,9.33021354675293,0.625723123550415,0.22193430364131927
1773049224884172300,66.36317236328125,14.204991340637207,-2.0608184337615967,4.191627025604248
1773049224894149600,66.37314965820312,7.323832035064697,0.3720839321613312,2.3814568519592285
1773049224904126500,66.38312646484376,6.940980434417725,-0.15493527054786682,1.563111424446106
1773049224914103800,66.39310375976562,11.854043006896973,-1.404586911201477,2.582453727722168
1773049224924080600,66.40308056640625,6.6107707023620605,-0.2554338276386261,3.6843485832214355
1773049224934058000,66.41305810546875,11.734402656555176,-0.1788634955883026,0.2554338276386261
1773049224944034800,66.42303491210937,9.239286422729492,-0.8446664214134216,4.785645484924316
1773049224954012200,66.43301220703125,10.743175506591797,-1.2849457263946533,1.6923238039016724
1773049224963989200,66.4429892578125,9.086145401000977,0.3002992272377014,2.4915266036987305
1773049224973966300,66.45296630859374,8.410771369934082,0.3002992272377014,3.9810585975646973
1773049224983943400,66.462943359375,12.591032981872559,-2.582453727722168,2.3670997619628906
1773049224993920500,66.47292041015625,4.881956577301025,-0.1740778535604477,1.184447169303894
1773049225003897600,66.48289770507813,7.999206066131592,1.44945228099823,2.2713868618011475
1773049225013875000,66.492875,16.555940628051758,-2.108675003051758,3.8183467388153076
1773049225023852000,66.50285205078124,6.457031726837158,-2.4819552898406982,2.937189817428589
1773049225033829000,66.5128291015625,5.672185897827148,1.4350954294204712,0.6005984544754028
1773049225043806200,66.52280615234375,15.713068008422852,0.46779683232307434,3.971487283706665
1773049225053783300,66.532783203125,11.078170776367188,-1.3663017749786377,5.230710506439209
1773049225063799300,66.54279931640625,1.8460626602172852,-1.2275179624557495,0.21236300468444824
1773049225073780200,66.5527802734375,10.781460762023926,1.0803594589233398,1.8167506456375122
1773049225083714800,66.56271484375,14.396417617797852,-0.29371899366378784,5.383851051330566
1773049225093691100,66.57269116210938,4.872385025024414,-2.678166627883911,0.9020941257476807
1773049225103669000,66.5826689453125,4.350151538848877,0.44386860728263855,0.19800607860088348
1773049225113645600,66.5926455078125,13.500903129577637,0.5395814776420593,4.709074974060059
1773049225123623200,66.602623046875,12.495320320129395,-2.448455810546875,3.7082769870758057
1773049225133599700,66.61259985351562,2.6315066814422607,-1.1126625537872314,0.8590233325958252
1773049225143577600,66.62257763671874,11.657233238220215,1.1617153882980347,2.05603289604187
1773049225153554200,66.63255419921875,13.453046798706055,-0.6143572330474854,3.190829038619995
1773049225163531800,66.64253173828125,3.7471601963043213,0.01734796352684498,0.7202396392822266
1773049225173508600,66.65250854492187,10.115657806396484,-0.2793620526790619,4.316053867340088
1773049225183486000,66.66248583984375,11.666805267333984,-2.2331018447875977,2.0991036891937256
1773049225193462800,66.672462890625,4.3310089111328125,0.5682953596115112,1.4715858697891235
1773049225203440000,66.68244018554688,10.479366302490234,-0.719641387462616,3.229114055633545
1773049225213417200,66.69241723632813,12.174681663513184,-1.3758729696273804,2.788834810256958
1773049225223394600,66.70239453125,5.571687698364258,-0.666999340057373,2.142174482345581
1773049225233371400,66.71237133789063,10.948958396911621,-0.15493527054786682,3.0185458660125732
1773049225243348700,66.7223486328125,10.858031272888184,-1.2705888748168945,2.6356940269470215
1773049225253325800,66.73232592773438,7.5637125968933105,-0.5282155871391296,2.9276185035705566
1773049225263303000,66.74230297851562,7.52004337310791,-0.4899304509162903,2.83669114112854
1773049225273280000,66.75228002929687,10.695319175720215,-0.42293140292167664,2.462812662124634
1773049225283257300,66.76225732421875,9.559925079345703,-1.4189438819885254,2.032104730606079
1773049225293234200,66.77223413085937,8.985647201538086,-0.14057832956314087,2.510669231414795
1773049225303211500,66.78221142578126,9.210572242736816,-0.22193430364131927,2.985046148300171
1773049225313188600,66.79218872070312,11.288739204406738,-1.0887342691421509,2.5154547691345215
1773049225323127000,66.802126953125,8.444271087646484,-0.4995017349720001,0.42771705985069275
1773049225333100300,66.81210034179688,6.888338088989258,-0.3415754437446594,4.17726993560791
1773049225343120000,66.82211987304687,13.041481971740723,-0.5760720372200012,1.5002998113632202
1773049225353097700,66.83209765625,8.813364028930664,-0.6430711150169373,1.8741782903671265
1773049225363074300,66.84207421875,8.81814956665039,-0.2554338276386261,3.095116138458252
1773049225373052000,66.85205200195313,9.689735412597656,-0.3655036687850952,2.4197418689727783
1773049225383028500,66.86202856445313,10.479366302490234,-1.0887342691421509,1.3806586265563965
1773049225393006000,66.87200610351563,9.775876998901367,-0.5712863802909851,3.190829038619995
1773049225402983000,66.88198291015625,7.841279983520508,0.15134602785110474,2.558525562286377
1773049225412960300,66.89196020507812,11.36052417755127,-0.7722834944725037,1.716252088546753
1773049225422937000,66.90193701171874,8.492127418518066,-1.160519003868103,2.472383975982666
1773049225432914400,66.91191455078125,8.520841598510742,-0.7004988193511963,1.965105652809143
1773049225442891300,66.92189135742187,11.178668975830078,0.15613168478012085,3.0041887760162354
1773049225452868600,66.93186865234375,11.221739768981934,-1.1365907192230225,2.486740827560425
1773049225462845400,66.94184545898437,10.680961608886719,-1.1700903177261353,1.8789639472961426
1773049225472822800,66.95182275390626,6.926623344421387,0.486939400434494,3.971487283706665
1773049225482799900,66.9617998046875,10.63250732421875,0.33858439326286316,0.3415754437446594
1773049225492777200,66.97177709960937,11.020742416381836,-2.362314224243164,2.7984061241149902
1773049225502754000,66.98175415039063,7.328617572784424,-0.7968099117279053,2.788834810256958
1773049225512731400,66.9917314453125,9.224929809570312,-0.08793623000383377,1.6348960399627686
1773049225522708200,67.00170825195312,13.49611759185791,0.18484555184841156,2.314457654953003
1773049225532685600,67.011685546875,9.704092025756836,-1.399801254272461,2.079961061477661
1773049225542662700,67.02166259765625,6.754340171813965,-0.8015955686569214,1.563111424446106
1773049225552639700,67.0316396484375,8.171489715576172,-0.3080759048461914,2.2474586963653564
1773049225562616800,67.04161694335937,13.28554916381836,-1.8646070957183838,2.5010979175567627
1773049225572594000,67.05159399414063,10.0343017578125,-0.3607180118560791,1.552941918373108
1773049225582571000,67.06157104492188,6.232106685638428,-0.6765705943107605,2.946761131286621
1773049225592548400,67.07154833984374,12.619746208190918,-1.8263218402862549,0.11665010452270508
1773049225602525400,67.081525390625,6.99840784072876,-0.4899304509162903,2.7553353309631348
1773049225612502500,67.09150244140625,7.0271220207214355,0.8315058946609497,0.2602194547653198
1773049225622479600,67.10147973632813,5.092525005340576,-2.71645188331604,2.5154547691345215
1773049225632456700,67.11145678710938,9.478569030761719,-1.1653046607971191,1.9794625043869019
1773049225642433800,67.12143383789062,10.671390533447266,0.2231307178735733,3.2099716663360596
1773049225652411000,67.13141088867188,16.455440521240234,-1.4428720474243164,2.6452653408050537
1773049225662349300,67.14134936523438,10.307083129882812,-0.8781659007072449,4.416552543640137
1773049225672322600,67.15132250976562,5.509474277496338,0.5539384484291077,1.8741782903671265
1773049225682342400,67.16134228515625,12.0933256149292,-1.069591760635376,-0.44805604219436646
1773049225692320300,67.1713203125,8.612366676330566,-3.238685369491577,3.4157543182373047
1773049225702296600,67.18129663085938,3.5126636028289795,1.5882359743118286,3.607180118560791
1773049225712274400,67.1912744140625,13.314263343811035,0.9224331378936768,0.6819544434547424
1773049225722250800,67.20125073242187,17.53281021118164,-2.9180471897125244,-1.0995019674301147
1773049225732228600,67.211228515625,3.067000389099121,-1.00259268283844,5.498706340789795
1773049225742166300,67.22116625976562,12.830913543701172,0.381655216217041,3.0137600898742676
1773049225752139800,67.23113989257813,16.350156784057617,-1.734796404838562,-1.669592022895813
1773049225762159400,67.24115942382812,9.574281692504883,-1.1222338676452637,4.6995038986206055
1773049225772137500,67.25113745117187,7.424330234527588,0.5587241053581238,0.9690931439399719
1773049225782113500,67.26111352539063,10.743175506591797,0.5252245664596558,0.13579268753528595
1773049225792091600,67.27109155273438,11.288739204406738,-4.42612361907959,3.071187973022461
1773049225802029000,67.28102905273437,2.775076150894165,0.4486542344093323,1.7641085386276245
1773049225812003000,67.29100317382813,13.012767791748047,1.262213945388794,0.5862415432929993
1773049225821983200,67.30098315429687,15.813566207885742,-1.730010747909546,3.3918261528015137
1773049225831957800,67.31095776367188,5.68175745010376,-3.678964853286743,2.0273189544677734
1773049225841782300,67.3207822265625,5.672185897827148,0.9272187948226929,0.5910272002220154
1773049225851742000,67.33074194335937,15.325430870056152,-0.1788634955883026,1.6875381469726562
1773049225861930500,67.34093041992188,13.898710250854492,-3.947559118270874,6.183651924133301
1773049225871913200,67.35091333007813,4.441677093505859,0.28594231605529785,2.4436700344085693
1773049225881845800,67.360845703125,7.645068168640137,1.0755738019943237,-0.39541393518447876
1773049225891823600,67.37082373046874,14.726627349853516,-0.05922235921025276,0.1501496136188507
1773049225901800200,67.38080029296874,7.357331275939941,-1.667797327041626,5.656632900238037
1773049225911777800,67.39077783203125,3.090928554534912,0.3529413342475891,1.0504491329193115
1773049225921715500,67.40071557617188,9.751948356628418,-0.1453639715909958,-0.49591249227523804
1773049225931689200,67.41068920898438,10.834102630615234,-1.667797327041626,2.669193744659424
1773049225941569300,67.4205693359375,6.850052833557129,-0.389431893825531,2.7218358516693115
1773049225951449000,67.43044897460938,11.671590805053711,-1.2658032178878784,3.9188451766967773
1773049225961507300,67.44050732421876,10.97767162322998,-1.4715858697891235,1.7641085386276245
1773049225971476000,67.45047607421876,7.865208148956299,0.6735795736312866,2.017747640609741
1773049225981461500,67.46046142578125,12.619746208190918,-2.032104730606079,3.5641093254089355
1773049225991432000,67.47043188476563,10.331011772155762,-2.4915266036987305,3.119044303894043
1773049226001338400,67.48033837890625,4.3549370765686035,0.7357929348945618,0.049651071429252625
1773049226011302100,67.49030224609375,10.948958396911621,0.4342973232269287,0.10229317098855972
1773049226021253600,67.50025366210937,12.56710433959961,-3.6358940601348877,3.7704901695251465
1773049226031216400,67.51021630859375,2.7224340438842773,-0.11665010452270508,1.2658032178878784
1773049226041096400,67.52009643554688,10.278369903564453,0.9511470198631287,-0.012562318705022335
1773049226050976300,67.52997631835937,15.234503746032715,-0.42771705985069275,1.2083754539489746
1773049226061084400,67.54008447265625,7.2711896896362305,-3.2626137733459473,4.838287353515625
1773049226071046100,67.55004614257813,7.731209754943848,0.8267202377319336,1.965105652809143
1773049226081000000,67.56,12.950553894042969,0.4055834412574768,1.4715858697891235
1773049226090960600,67.56996069335938,8.434700012207031,-1.7156537771224976,2.750549554824829
1773049226100915200,67.57991528320312,6.246463298797607,-0.5186443328857422,2.1230318546295166
1773049226110875400,67.58987548828125,10.86281681060791,0.19920247793197632,1.5774682760238647
1773049226120792000,67.5997919921875,10.546365737915039,-1.1078768968582153,3.3200414180755615
1773049226130748000,67.60974780273438,9.976874351501465,-0.916451096534729,1.7497515678405762
1773049226140628000,67.6196279296875,5.528616905212402,-0.6861419081687927,2.1469600200653076
1773049226150507800,67.6295078125,10.925029754638672,-1.0265209674835205,1.8693926334381104
1773049226160583700,67.63958374023437,11.666805267333984,-1.2610175609588623,2.290529489517212
1773049226170542300,67.64954223632813,6.888338088989258,-1.1413763761520386,2.520240545272827
1773049226180499000,67.6594990234375,10.608579635620117,-0.5712863802909851,2.190030813217163
1773049226190457300,67.66945727539063,9.31585693359375,-0.6382854580879211,2.05603289604187
1773049226200452900,67.67945288085937,10.177870750427246,-0.8542376756668091,2.7361927032470703
1773049226210415000,67.6894150390625,9.162715911865234,-0.6239284873008728,1.4380863904953003
1773049226220595000,67.69959497070313,7.994420528411865,-0.1501496136188507,1.9172492027282715
1773049226230775000,67.70977514648438,10.695319175720215,-0.3846462368965149,2.070389747619629
1773049226240955000,67.71995483398437,8.92821979522705,-1.246660590171814,2.084746837615967
1773049226251061500,67.7300615234375,7.347760200500488,-0.666999340057373,1.9076778888702393
1773049226261015000,67.74001513671875,9.93380355834961,0.18963119387626648,1.337587833404541
1773049226271011000,67.75001098632812,12.04068374633789,-1.8741782903671265,4.062414646148682
1773049226280969500,67.75996948242188,8.861220359802246,-0.2267199456691742,1.7545372247695923
1773049226290961700,67.76996166992187,6.5868425369262695,-0.1501496136188507,0.849452018737793
1773049226300923600,67.77992358398437,13.759328842163086,-1.6773686408996582,4.655834674835205
1773049226310913000,67.7899130859375,8.109275817871094,-0.13100704550743103,1.3519448041915894
1773049226320878000,67.79987817382812,7.52004337310791,-0.7968099117279053,1.1030912399291992
1773049226330865000,67.80986499023437,11.820544242858887,-1.0456634759902954,3.3822548389434814
1773049226340832300,67.81983227539062,7.204190731048584,-0.6909275650978088,2.664407968521118
1773049226350817300,67.8298173828125,9.349356651306152,-0.6813562512397766,1.184447169303894
1773049226360786700,67.83978662109375,8.770293235778809,-1.1078768968582153,3.205185890197754
1773049226370770000,67.84977001953125,9.157930374145508,-1.0121639966964722,0.5479564070701599
1773049226380740900,67.85974096679688,8.909076690673828,-0.9978070259094238,3.410968780517578
1773049226390723000,67.86972314453125,9.751948356628418,-0.7722834944725037,1.649253010749817
1773049226400695000,67.87969506835938,10.498509407043457,-0.6909275650978088,1.2705888748168945
1773049226410676200,67.88967626953125,7.869993686676025,-0.48035913705825806,3.243471145629883
1773049226420649500,67.8996494140625,10.685748100280762,-0.39900317788124084,2.142174482345581
1773049226430629600,67.90962963867187,8.434700012207031,-0.494716078042984,2.5010979175567627
1773049226440603600,67.91960375976562,9.82373332977295,-0.3846462368965149,0.25064817070961
1773049226450583300,67.92958325195312,8.60758113861084,-1.4859428405761719,5.288137912750244
1773049226460463400,67.93946337890625,11.207383155822754,-0.7292127013206482,1.4428720474243164
1773049226470281200,67.94928125,8.574081420898438,0.6544370055198669,0.19800607860088348
1773049226480461300,67.95946142578126,11.772686958312988,-2.678166627883911,4.311268329620361
1773049226490496000,67.96949609375,7.52004337310791,-0.01615155301988125,1.1940184831619263
1773049226500466200,67.97946606445312,5.408377170562744,-0.6861419081687927,-0.1178465187549591
1773049226510449000,67.98944897460937,14.195420265197754,-1.893320918083191,5.302495002746582
1773049226520420600,67.99942065429687,6.346961975097656,0.18963119387626648,0.3655036687850952
1773049226530402000,68.00940209960937,4.086941242218018,-0.07836493849754333,-0.7645068168640137
1773049226540374800,68.01937475585937,11.604591369628906,-3.372683525085449,5.446064472198486
1773049226550355500,68.02935546875,12.65324592590332,-1.3519448041915894,4.603192329406738
1773049226560329200,68.0393291015625,9.435498237609863,0.6927221417427063,2.2235305309295654
1773049226570309000,68.04930908203124,13.108480453491211,-0.4372883439064026,1.649253010749817
1773049226580189000,68.05918896484376,8.851649284362793,-0.5904290080070496,3.3535408973693848
1773049226590007000,68.06900708007812,0.9170492887496948,-1.1365907192230225,-0.5150550603866577
1773049226600187100,68.07918725585938,1.7599210739135742,0.06041877344250679,4.359124660491943
1773049226610221600,68.0892216796875,13.740185737609863,-1.007378339767456,1.8885352611541748
1773049226620191700,68.09919165039062,13.543973922729492,-1.1222338676452637,1.6971094608306885
1773049226630174500,68.10917456054688,7.984848976135254,-0.8446664214134216,5.9539408683776855
1773049226640146200,68.11914624023437,11.623734474182129,-0.6191428303718567,-1.4919248819351196
1773049226650127600,68.12912768554688,9.229715347290039,-1.4811571836471558,6.293721675872803
1773049226660100400,68.13910034179688,13.290334701538086,-0.47557350993156433,3.0616166591644287
1773049226670081000,68.1490810546875,8.449056625366211,-0.9882357716560364,0.15493527054786682
1773049226680054500,68.15905444335938,6.840481758117676,-1.5242279767990112,4.454837322235107
1773049226690034400,68.16903442382812,9.425926208496094,1.2287144660949707,1.8263218402862549
1773049226700009000,68.17900903320313,10.853245735168457,-1.9938194751739502,-2.8187451362609863
1773049226709988000,68.18898803710937,8.338987350463867,-1.7060825824737549,6.226722717285156
1773049226719963100,68.19896313476562,5.111667156219482,-0.9547362327575684,-0.4336991012096405
1773049226729942000,68.20894189453125,14.47298812866211,-1.5960127115249634,3.66520619392395
1773049226739917300,68.21891723632812,16.939390182495117,-1.9028922319412231,6.748358249664307
1773049226749896000,68.22889599609375,6.394818305969238,0.5874379873275757,-0.5102694034576416
1773049226759871500,68.23887158203125,11.193026542663574,0.43908295035362244,1.0360921621322632
1773049226769849900,68.24884985351562,8.81814956665039,-3.5306098461151123,6.595217227935791
1773049226779826000,68.25882592773438,1.970489501953125,1.089930772781372,1.7306089401245117
1773049226789804000,68.26880395507813,12.07896900177002,0.39601215720176697,-0.5682953596115112
1773049226799780000,68.27878002929687,12.05504035949707,-0.8015955686569214,4.6749773025512695
1773049226809758000,68.28875805664063,4.66660213470459,-0.10229317098855972,2.0033907890319824
1773049226819734500,68.29873461914063,14.95693588256836,-2.008176326751709,3.4301111698150635
1773049226829712100,68.30871215820312,8.353343963623047,-1.4859428405761719,1.2993026971817017
1773049226839688700,68.31868872070312,8.109275817871094,0.9176474809646606,4.957928657531738
1773049226849666300,68.32866625976563,14.602200508117676,-2.572882652282715,2.338385820388794
1773049226859546000,68.33854614257812,6.7208404541015625,-2.400599241256714,1.3950155973434448
1773049226869364700,68.34836474609375,9.004789352416992,0.9032905697822571,3.3343982696533203
1773049226879364400,68.3583642578125,13.275978088378906,0.04127619042992592,6.006583213806152
1773049226889323300,68.3683232421875,11.499307632446289,-3.607180118560791,1.4715858697891235
1773049226899503000,68.37850317382812,1.8987047672271729,0.39122650027275085,-0.6640082597732544
1773049226909537300,68.38853735351563,9.775876998901367,0.7740781307220459,0.15493527054786682
1773049226919505400,68.39850537109375,12.730414390563965,-0.48514479398727417,5.240281581878662
1773049226929489700,68.40848974609375,4.824528694152832,-4.191627025604248,2.2331018447875977
1773049226939459600,68.41845947265625,8.851649284362793,0.24227328598499298,1.7880367040634155
1773049226949442600,68.42844262695313,15.914663314819336,1.109073281288147,2.4675984382629395
1773049226959322600,68.43832250976563,12.088540077209473,-2.7212376594543457,3.899702787399292
1773049226969140000,68.44813989257813,1.290927767753601,0.5060819983482361,5.436492919921875
1773049226979319800,68.45831982421875,7.970492362976074,0.486939400434494,-0.4001995921134949
1773049226989354000,68.46835400390626,12.035898208618164,-2.7690939903259277,1.9124635457992554
1773049226999322400,68.478322265625,7.299903869628906,0.49172505736351013,5.469992637634277
1773049227009306600,68.488306640625,10.465009689331055,0.4055834412574768,-1.2239288091659546
1773049227019276500,68.49827661132812,12.69153118133545,-3.9571304321289062,3.9188451766967773
1773049227029259500,68.50825952148438,3.7902309894561768,0.5204389095306396,4.890929698944092
1773049227039231000,68.51823095703125,13.846068382263184,1.1808580160140991,-0.4911268353462219
1773049227049212700,68.52821264648438,13.558331489562988,-1.093519926071167,5.024927616119385
1773049227059092500,68.53809252929688,1.2855439186096191,-2.1613171100616455,3.0759735107421875
1773049227068910000,68.54791015625,6.850052833557129,0.7262216806411743,0.4468596279621124
1773049227078906600,68.55790673828125,13.060624122619629,-0.006580262444913387,3.799204111099243
1773049227088868000,68.5678681640625,7.6977105140686035,-0.45643091201782227,-0.3044866919517517
1773049227099048000,68.5780478515625,6.658627033233643,-0.7579265832901001,6.427719593048096
1773049227109081600,68.58808154296875,12.021540641784668,-0.4612165689468384,2.132603168487549
1773049227119047700,68.59804760742188,8.520841598510742,-0.9930213689804077,0.5910272002220154
1773049227129033700,68.60803369140625,9.320642471313477,-0.06400800496339798,7.974679470062256
1773049227139002000,68.61800219726562,9.028717994689941,-0.42293140292167664,1.0265209674835205
1773049227148986400,68.627986328125,9.277571678161621,-1.3615161180496216,0.3798605799674988
1773049227158866400,68.63786645507813,9.268000602722168,-0.39900317788124084,4.641477584838867
1773049227168683500,68.64768359375,10.331011772155762,-1.9938194751739502,1.31365966796875
1773049227178863400,68.65786328125,10.01994514465332,-2.4532413482666016,5.580062389373779
1773049227188897300,68.66789721679687,7.098906517028809,1.693520188331604,2.237887382507324
1773049227198864600,68.67786474609375,15.803995132446289,0.7932206988334656,-1.7988044023513794
1773049227208849700,68.687849609375,13.663615226745605,-1.8215361833572388,3.0999016761779785
1773049227218819000,68.69781909179687,1.9752750396728516,-1.6342978477478027,7.031309127807617
1773049227228802300,68.70780224609375,7.735995769500732,0.8410771489143372,-0.9607182741165161
1773049227238773200,68.71777319335938,16.335800170898438,0.5539384484291077,0.5958128571510315
1773049227248755500,68.72775537109375,8.712865829467773,-3.339184045791626,4.756931304931641
1773049227258727400,68.7377275390625,5.4418768882751465,-0.4468596279621124,3.3104701042175293
1773049227268708600,68.74770849609375,13.46740436553955,1.2382856607437134,4.670191764831543
1773049227278588700,68.75758862304687,12.730414390563965,-1.8741782903671265,0.0975075215101242
1773049227288406300,68.76740625,1.3627125024795532,0.15613168478012085,2.7314071655273438
1773049227298586400,68.77758642578125,2.8899314403533936,0.989432156085968,-0.2566302418708801
1773049227308620800,68.78762084960937,12.241681098937988,-0.5904290080070496,5.815157413482666
1773049227318590200,68.79759008789063,9.358927726745605,-2.6350958347320557,2.6452653408050537
1773049227328573400,68.80757348632812,8.276773452758789,-1.922034740447998,4.862215518951416
1773049227338544600,68.81754467773438,10.843673706054688,1.1808580160140991,4.655834674835205
1773049227348526600,68.82752661132812,9.833304405212402,1.0325030088424683,0.672383189201355
1773049227358498800,68.83749877929688,15.464214324951172,-3.6837503910064697,-0.20398813486099243
1773049227368480000,68.84747998046875,5.590830326080322,-1.5242279767990112,6.269793510437012
1773049227378453000,68.85745288085937,-0.7345965504646301,1.3441680669784546,1.811964988708496
1773049227388433400,68.86743334960937,16.867006301879883,0.6113662123680115,0.3032902777194977
1773049227398407200,68.8774072265625,8.765507698059082,0.046061836183071136,0.6101697683334351
1773049227408386800,68.88738671875,3.3930225372314453,-1.5433706045150757,5.699703693389893
1773049227418361600,68.89736157226562,12.385250091552734,-1.5433706045150757,-0.6831508874893188
1773049227428340700,68.9073408203125,15.703496932983398,0.9798609018325806,0.0687936544418335
1773049227438315800,68.91731567382813,10.98724365234375,-2.568096876144409,9.018548965454102
1773049227448294700,68.92729467773438,0.9936196208000183,-0.4995017349720001,1.222732424736023
1773049227458174500,68.93717456054688,9.06700325012207,1.0755738019943237,-0.7166503667831421
1773049227467992800,68.94699291992187,21.48814582824707,0.08434699475765228,1.3950155973434448
1773049227477991400,68.95699145507812,4.278367042541504,-1.9746768474578857,4.30169677734375
1773049227487951000,68.966951171875,6.117250919342041,-3.6981074810028076,7.079165935516357
1773049227498131200,68.97713110351563,14.262419700622559,1.913659930229187,-0.06520441919565201
1773049227508165000,68.9871650390625,8.909076690673828,0.7549355626106262,-0.5395814776420593
1773049227518132500,68.99713256835938,11.729616165161133,-1.490728497505188,8.606385231018066
1773049227528117500,69.00711743164062,5.317450046539307,-3.779463291168213,2.190030813217163
1773049227538087000,69.0170869140625,7.0654072761535645,0.9128618240356445,-1.5643078088760376
1773049227548070100,69.02707006835938,26.137399673461914,0.7405785918235779,5.101497650146484
1773049227558041000,69.037041015625,9.086145401000977,-7.605587005615234,2.83669114112854
1773049227568023300,69.04702319335938,-2.788834810256958,-0.6526423692703247,4.387838363647461
1773049227577995500,69.05699560546876,17.848661422729492,2.5459632873535156,10.421340942382812
1773049227587976400,69.0669765625,4.556532382965088,1.4446666240692139,-1.1473584175109863
1773049227597949700,69.07694970703125,-0.8309076428413391,-0.26500511169433594,-0.5682953596115112
1773049227607929900,69.08692993164063,13.539188385009766,0.2183450609445572,2.0416758060455322
1773049227617903900,69.09690380859375,9.196215629577637,-0.12622138857841492,7.514659404754639
1773049227627883500,69.10688354492187,21.148365020751953,-0.6622136831283569,1.8454644680023193
1773049227637858300,69.1168583984375,4.953741073608398,-0.5042873620986938,3.0855448246002197
1773049227647837400,69.12683740234375,9.516854286193848,-0.9308080077171326,7.605587005615234
1773049227657812500,69.1368125,7.515257835388184,-0.2602194547653198,-0.050847481936216354
1773049227667791000,69.146791015625,2.334796667098999,0.5635097622871399,-1.085145115852356
1773049227677671200,69.15667114257812,6.7208404541015625,0.6927221417427063,12.255439758300781
1773049227687489500,69.16648950195312,8.69372272491455,-4.406980991363525,0.21714866161346436
1773049227697669400,69.17666943359374,8.09970474243164,-2.510669231414795,-1.9040886163711548
1773049227707704000,69.1867041015625,14.152349472045898,0.8793623447418213,2.5298118591308594
1773049227717714000,69.1967138671875,19.491334915161133,0.0364905446767807,8.462815284729004
1773049227727700000,69.20669995117187,10.498509407043457,-6.466004848480225,12.001800537109375
1773049227737629200,69.21662915039063,2.324627161026001,-0.2602194547653198,-1.4871392250061035
1773049227747609600,69.22660961914063,12.600604057312012,1.1473584175109863,-1.688734531402588
1773049227757489700,69.23648974609375,15.134004592895508,-0.5952146053314209,-0.8267202377319336
1773049227767307500,69.2463076171875,0.6011967062950134,0.8889335989952087,6.763313293457031
1773049227777487600,69.25648754882812,15.89552116394043,1.2382856607437134,5.407779216766357
1773049227787522000,69.26652197265625,11.638091087341309,-0.6287141442298889,2.328814744949341
1773049227797492000,69.27649194335937,-0.5479564070701599,-1.155733346939087,8.86062240600586
1773049227807475000,69.28647485351563,13.793426513671875,-2.71645188331604,-1.4536397457122803
1773049227817446100,69.29644604492188,15.13879108428955,0.7549355626106262,1.25144624710083
1773049227827427800,69.306427734375,6.7447686195373535,-0.9930213689804077,13.892727851867676
1773049227837400600,69.31640063476563,10.86281681060791,-0.5712863802909851,-2.3539392948150635
1773049227847381200,69.32638134765625,1.0558329820632935,0.08434699475765228,-0.7405785918235779
1773049227857261300,69.33626123046875,5.959324836730957,-1.5433706045150757,4.910071849822998
1773049227867079200,69.3460791015625,17.36052703857422,-4.158127784729004,0.8973084688186646
1773049227877076200,69.356076171875,0.4001995921134949,1.932802438735962,2.6596224308013916
1773049227887037200,69.366037109375,10.110872268676758,1.2095718383789062,8.285746574401855
1773049227897217000,69.37621704101562,9.670592308044434,0.022133609279990196,0.10707881301641464
1773049227907251000,69.3862509765625,6.303891181945801,-0.08315058797597885,1.989033818244934
1773049227917217300,69.39621728515625,9.876375198364258,-0.10229317098855972,6.973881721496582
1773049227927203000,69.406203125,13.98963737487793,-0.23629122972488403,-0.9702895879745483
1773049227937171500,69.41617138671874,3.0478577613830566,-0.11665010452270508,0.025722842663526535
1773049227947155500,69.42615551757812,5.5860443115234375,-0.32243284583091736,2.386242389678955
1773049227957035500,69.43603540039062,7.860422611236572,-2.242672920227051,3.267399311065674
1773049227966852600,69.4458525390625,6.567699909210205,-0.7148557901382446,4.296911239624023
1773049227976847000,69.45584716796876,9.038289070129395,-0.1740778535604477,-1.3435698747634888
1773049227986810000,69.46581005859375,6.241677761077881,-1.1461620330810547,-0.5826523303985596
1773049227996990200,69.475990234375,10.968100547790527,0.7597211599349976,10.856834411621094
1773049228007023600,69.48602368164063,12.77348518371582,-0.6957131624221802,-0.7884350419044495
1773049228016988400,69.49598852539063,3.5222349166870117,-2.6398816108703613,-2.847458839416504
1773049228026975500,69.5059755859375,10.36929702758789,0.9367900490760803,1.2323036193847656
1773049228036942600,69.51594262695312,13.16112232208252,0.15134602785110474,11.948559761047363
1773049228046927600,69.525927734375,8.305487632751465,-5.493920803070068,-0.5635097622871399
1773049228056897000,69.53589697265625,3.94815731048584,-2.1134605407714844,-1.6504493951797485
1773049228066880500,69.54588061523438,7.788637638092041,2.0811574459075928,9.07119083404541
1773049228076760600,69.55576049804688,14.976078987121582,1.2765709161758423,4.737788677215576
1773049228086577700,69.56557763671876,7.1228346824646,-0.5377869009971619,-1.5643078088760376
1773049228096757800,69.5757578125,2.1092731952667236,-0.21714866161346436,0.6963114142417908
1773049228106791700,69.58579174804687,18.38046646118164,0.33858439326286316,8.697312355041504
1773049228116759600,69.59575952148438,17.21217155456543,-0.40378883481025696,4.6995038986206055
1773049228126744000,69.605744140625,-1.5966109037399292,-0.2602194547653198,0.6915257573127747
1773049228136714000,69.6157138671875,-0.7154539823532104,0.30987054109573364,-0.42412781715393066
1773049228146697000,69.62569702148437,12.658031463623047,-0.7579265832901001,10.019346237182617
1773049228156577000,69.63557690429687,8.875576972961426,-3.717249870300293,2.5393829345703125
1773049228166394400,69.64539428710937,7.932207107543945,-0.5760720372200012,0.6340979933738708
1773049228176574200,69.65557421875,13.448261260986328,1.0516455173492432,0.7106683254241943
1773049228186608400,69.6656083984375,13.860424995422363,-0.4707878530025482,6.921239376068115
1773049228196576500,69.67557641601563,5.159523963928223,-0.3607180118560791,-0.2709871530532837
1773049228206561000,69.68556103515625,10.858031272888184,-0.8015955686569214,5.058426856994629
1773049228216531000,69.69553100585938,9.689735412597656,-0.355932354927063,2.4053850173950195
1773049228226513700,69.705513671875,8.995218276977539,-1.7060825824737549,3.363112211227417
1773049228236485000,69.71548510742187,10.101301193237305,-0.4468596279621124,1.649253010749817
1773049228246466800,69.725466796875,8.042277336120605,-1.4715858697891235,2.6021945476531982
1773049228256439300,69.73543920898437,11.566306114196777,-2.324028968811035,2.3336002826690674
1773049228266420200,69.74542016601562,8.808578491210938,0.21355941891670227,1.898106575012207
1773049228276393700,69.75539379882812,12.31825065612793,-1.466800332069397,3.751347780227661
1773049228286373600,69.76537353515624,10.17308521270752,-1.672582983970642,2.9563324451446533
1773049228296348000,69.77534790039063,7.256833076477051,-0.01136590726673603,-0.4863412082195282
1773049228306327300,69.78532739257813,12.265608787536621,-1.7252250909805298,2.7361927032470703
1773049228316302000,69.79530200195312,10.4219388961792,-1.2323036193847656,5.173282623291016
1773049228326281200,69.80528125,7.424330234527588,0.21355941891670227,1.4572290182113647
1773049228336256500,69.81525659179688,11.240882873535156,-0.8207381963729858,1.9794625043869019
1773049228346235000,69.82523486328125,11.255239486694336,-0.7483552694320679,5.158925533294678
1773049228356210700,69.83521069335937,8.741579055786133,-0.355932354927063,1.9172492027282715
1773049228366189000,69.84518896484374,8.544769287109375,-0.6143572330474854,2.386242389678955
1773049228376164900,69.85516479492188,10.934600830078125,0.012562318705022335,3.5497524738311768
1773049228386143000,69.86514306640625,8.703293800354004,-0.20757736265659332,2.4771697521209717
1773049228396119000,69.875119140625,8.665008544921875,-1.275374412536621,2.693121910095215
1773049228406097000,69.88509692382813,9.334999084472656,-0.42293140292167664,2.132603168487549
1773049228416073500,69.89507348632813,9.713663101196289,-0.32243284583091736,3.0233314037323
1773049228426051000,69.90505102539062,11.767901420593262,-0.8207381963729858,5.719444274902344
1773049228436027600,69.91502758789062,8.92821979522705,-0.7674978375434875,2.7457640171051025
1773049228446005200,69.92500512695312,7.7455668449401855,-0.37028929591178894,1.1653046607971191
1773049228455981800,69.93498193359375,11.815757751464844,-2.0895323753356934,5.738586902618408
1773049228465959400,69.94495947265625,10.886744499206543,-1.074377417564392,2.1469600200653076
1773049228475936000,69.95493603515625,7.52004337310791,-0.1788634955883026,2.4580271244049072
1773049228485913300,69.96491333007812,12.06939697265625,-0.9116654396057129,4.3208394050598145
1773049228495890400,69.97489038085938,10.220941543579102,-1.4093725681304932,2.827120065689087
1773049228505867800,69.98486767578125,8.003992080688477,-1.069591760635376,3.52103853225708
1773049228515844600,69.9948447265625,10.091729164123535,-0.3798605799674988,4.215555191040039
1773049228525822000,70.00482202148437,12.41396427154541,-0.8207381963729858,2.5489542484283447
1773049228535798800,70.014798828125,10.340582847595215,-1.552941918373108,3.995415687561035
1773049228545776000,70.02477612304688,7.8556365966796875,-0.39421752095222473,4.215555191040039
1773049228555753000,70.0347529296875,11.121241569519043,-0.1788634955883026,2.314457654953003
1773049228565730300,70.04473022460938,10.910673141479492,-1.2945170402526855,3.487539052963257
1773049228575707100,70.05470703125,7.2472615242004395,-0.21236300468444824,2.913261651992798
1773049228585684500,70.0646845703125,6.907480716705322,0.4295116662979126,4.493122577667236
1773049228595661300,70.07466137695313,11.595020294189453,-1.3519448041915894,3.535395383834839
1773049228605638700,70.084638671875,9.512067794799805,-0.8638089895248413,2.008176326751709
1773049228615615700,70.09461572265624,7.568498134613037,-0.08315058797597885,3.473181962966919
1773049228625592800,70.1045927734375,12.141181945800781,-0.5665007829666138,4.752145767211914
1773049228635473000,70.11447290039062,11.035099983215332,-0.9308080077171326,2.2953150272369385
1773049228645291500,70.12429150390625,7.199405193328857,-0.3128615617752075,2.702693223953247
1773049228655471400,70.13447143554687,8.894720077514648,-1.6151553392410278,4.153341770172119
1773049228665506300,70.14450634765625,9.220144271850586,0.01734796352684498,3.5497524738311768
1773049228675478300,70.15447827148438,8.62193775177002,-0.9930213689804077,2.5250260829925537
1773049228685459500,70.16445947265625,10.834102630615234,-0.9978070259094238,3.937987804412842
1773049228695432400,70.17443237304687,8.018348693847656,-0.32721850275993347,0.9643075466156006
1773049228705412900,70.18441284179687,8.420342445373535,-0.37028929591178894,4.7473602294921875
1773049228715387000,70.19438696289062,11.758330345153809,-2.0368902683258057,1.7736797332763672
1773049228725366500,70.20436645507813,8.305487632751465,-0.5569294691085815,1.4476577043533325
1773049228735341000,70.21434106445312,8.492127418518066,-0.21236300468444824,5.829514026641846
1773049228745320200,70.2243203125,13.185050964355469,-1.3088740110397339,2.3575284481048584
1773049228755295200,70.23429516601563,9.637093544006348,-0.9403793215751648,1.4189438819885254
1773049228765274000,70.24427416992188,7.309474945068359,-0.7627122402191162,6.777669906616211
1773049228775249400,70.25424951171875,11.298310279846191,-0.4995017349720001,1.4620146751403809
1773049228785228000,70.26422802734375,11.437093734741211,-0.7052844762802124,2.640479803085327
1773049228795203600,70.27420361328124,10.570294380187988,-0.5042873620986938,4.435695171356201
1773049228805182000,70.28418188476563,7.975277900695801,-0.11665010452270508,0.8446664214134216
1773049228815158000,70.29415795898437,9.881160736083984,-1.4620146751403809,2.851048231124878
1773049228825135900,70.30413598632812,10.04865837097168,-0.6765705943107605,6.116652965545654
1773049228835112200,70.3141123046875,10.091729164123535,-1.074377417564392,0.4325026869773865
1773049228854969900,70.33396997070312,10.398011207580566,-0.9116654396057129,5.460421085357666
1773049228864788500,70.34378857421875,8.415556907653809,-1.0456634759902954,1.4524433612823486
1773049228874787800,70.35378784179687,5.049454212188721,0.39601215720176697,3.9906299114227295
1773049228884746800,70.36374682617188,10.704890251159668,-0.23629122972488403,0.48035913705825806
1773049228894926800,70.3739267578125,10.005587577819824,-1.1030912399291992,5.599205017089844
1773049228904961000,70.3839609375,8.358129501342773,0.4103690981864929,3.4061830043792725
1773049228914929000,70.39392895507812,9.076574325561523,-1.222732424736023,0.47557350993156433
1773049228924913400,70.40391333007813,10.671390533447266,-0.9547362327575684,4.867001056671143
1773049228934883000,70.41388305664063,8.59322452545166,0.046061836183071136,2.851048231124878
1773049228944866000,70.42386596679688,11.341381072998047,-1.1078768968582153,1.811964988708496
1773049228954837500,70.43383740234376,9.473783493041992,-0.3655036687850952,4.004986763000488
1773049228964819200,70.44381909179687,7.2472615242004395,0.1944168359041214,2.669193744659424
1773049228974791700,70.45379174804688,10.431509971618652,-0.9690931439399719,2.3958137035369873
1773049228984772600,70.46377270507813,8.343772888183594,-0.06400800496339798,2.5154547691345215
1773049228994745900,70.47374584960937,6.5629143714904785,-0.45643091201782227,3.482753276824951
1773049229004726000,70.48372607421875,10.680961608886719,-0.2841476798057556,1.8550357818603516
1773049229014700000,70.49369995117188,8.181060791015625,-0.29850462079048157,2.4388844966888428
1773049229024679700,70.5036796875,10.005587577819824,-0.1453639715909958,3.2243285179138184
1773049229034615600,70.51361547851562,10.465009689331055,0.43908295035362244,2.0368902683258057
1773049229044590600,70.52359057617187,10.536794662475586,0.2231307178735733,2.3575284481048584
1773049229054608600,70.53360864257813,10.637292861938477,0.23748764395713806,3.823132276535034
1773049229064588000,70.54358813476563,8.295916557312012,0.2183450609445572,1.7641085386276245
1773049229074562800,70.55356274414062,8.703293800354004,0.3768695592880249,3.64127779006958
1773049229084541700,70.56354174804687,10.910673141479492,-0.37028929591178894,3.1334011554718018
1773049229094517000,70.57351708984375,8.209774017333984,0.15134602785110474,0.1501496136188507
1773049229104495600,70.58349560546876,7.530212879180908,-0.6813562512397766,4.229912281036377
1773049229114471200,70.59347119140625,11.56152057647705,0.0891326442360878,2.4197418689727783
1773049229124449500,70.60344946289062,8.961718559265137,-0.6526423692703247,1.3806586265563965
1773049229134425600,70.61342553710938,9.728020668029785,-0.5617151260375977,4.067200183868408
1773049229144403500,70.62340356445313,8.15234661102295,-0.01615155301988125,2.544168710708618
1773049229154379800,70.6333798828125,10.719246864318848,-1.074377417564392,1.3040883541107178
1773049229164357600,70.64335766601563,11.274381637573242,-0.25064817070961,5.077569484710693
1773049229174334000,70.653333984375,6.902695178985596,0.5539384484291077,3.3439695835113525
1773049229184311800,70.66331176757812,10.762317657470703,-2.166102647781372,1.6444673538208008
1773049229194288400,70.67328833007812,7.319046497344971,0.3577269911766052,2.8941190242767334
1773049229204266000,70.68326586914063,7.936992645263672,0.9080761671066284,2.582453727722168
1773049229214242600,70.69324267578125,12.356535911560059,-1.007378339767456,3.8422749042510986
1773049229224220000,70.70321997070313,6.083751678466797,0.17527425289154053,1.4811571836471558
1773049229234100000,70.71309985351563,9.641879081726074,1.6313068866729736,1.3854442834854126
1773049229243918300,70.72291845703126,13.774283409118652,-0.21236300468444824,5.886941909790039
1773049229254098400,70.73309838867188,6.0741801261901855,-0.13579268753528595,1.2897313833236694
1773049229264133400,70.74313330078125,8.755936622619629,0.592223584651947,2.2570300102233887
1773049229274105000,70.75310498046875,13.98963737487793,-0.3846462368965149,4.9052863121032715
1773049229284086500,70.76308642578125,7.869993686676025,-0.6287141442298889,3.267399311065674
1773049229294059300,70.77305932617188,7.433901786804199,0.6209374666213989,1.404586911201477
1773049229304040000,70.7830400390625,9.000003814697266,0.251844584941864,3.727419376373291
1773049229314013400,70.79301342773438,10.039087295532227,-0.4325026869773865,3.8709888458251953
1773049229323993300,70.80299340820312,7.141977310180664,0.8171489238739014,1.7545372247695923
1773049229333967600,70.81296752929687,9.138788223266602,-0.3798605799674988,1.1653046607971191
1773049229343947000,70.82294702148438,10.608579635620117,-0.42293140292167664,3.095116138458252
1773049229353922000,70.83292211914062,8.598010063171387,0.534795880317688,4.42612361907959
1773049229363901000,70.84290087890625,12.050254821777344,-1.3088740110397339,1.831107497215271
1773049229373876200,70.85287622070312,7.352545738220215,0.05563312768936157,1.4428720474243164
1773049229383854800,70.86285473632813,8.219346046447754,1.2957134246826172,4.354339122772217
1773049229393830400,70.87283032226563,13.553545951843262,-0.8255237936973572,3.914059638977051
1773049229403808800,70.88280883789062,7.33340311050415,-0.28893333673477173,1.6109678745269775
1773049229413784600,70.89278466796875,7.103692054748535,1.4398809671401978,1.649253010749817
1773049229423762700,70.9027626953125,11.925827980041504,-0.3798605799674988,5.015356063842773
1773049229433739000,70.91273901367188,8.889934539794922,-0.3655036687850952,1.8502501249313354
1773049229443716900,70.922716796875,7.290332317352295,1.113858938217163,0.24107688665390015
1773049229453693200,70.93269311523437,12.725030899047852,-0.24586252868175507,5.460421085357666
1773049229463671000,70.94267114257812,9.186644554138184,-0.4468596279621124,2.290529489517212
1773049229473647400,70.9526474609375,7.927421569824219,0.6305087804794312,2.1756739616394043
1773049229483625000,70.962625,12.595818519592285,-0.21236300468444824,3.128615617752075
1773049229493601500,70.9726015625,8.085348129272461,-0.4660021960735321,2.999403238296509
1773049229503579100,70.9825791015625,7.936992645263672,0.7357929348945618,2.5058834552764893
1773049229513556000,70.99255590820313,9.991230964660645,-0.09272187948226929,2.5489542484283447
1773049229523533300,71.002533203125,9.507282257080078,-0.2602194547653198,2.376671075820923
1773049229533510100,71.01251025390626,7.750352382659912,0.9032905697822571,3.157329559326172
1773049229543487500,71.02248754882812,10.599007606506348,-0.5904290080070496,2.534597396850586
1773049229553464300,71.03246435546875,10.335797309875488,-0.2027917206287384,1.8454644680023193
1773049229563441700,71.04244165039063,7.409973621368408,0.6448656916618347,2.213959217071533
1773049229573418500,71.05241845703125,10.944172859191895,-1.1748759746551514,3.2578279972076416
1773049229583395800,71.06239575195312,9.34457015991211,-0.5952146053314209,1.7688941955566406
1773049229593372700,71.07237255859376,7.33340311050415,0.49651068449020386,2.314457654953003
1773049229603350000,71.08235009765625,11.763115882873535,-0.719641387462616,3.2626137733459473
1773049229613365800,71.09236572265625,8.530412673950195,-0.001794616924598813,1.8215361833572388
1773049229623347000,71.10234692382812,7.45782995223999,-0.07357929646968842,2.4819552898406982
1773049229633281300,71.11228125,11.93061351776123,-1.00259268283844,2.5633113384246826
1773049229643257600,71.12225756835937,8.396414756774902,-0.18843477964401245,1.563111424446106
1773049229653235500,71.1322353515625,9.56471061706543,0.0029910283628851175,2.376671075820923
1773049229663212000,71.1422119140625,12.04068374633789,-1.2131611108779907,2.213959217071533
1773049229673189600,71.15218969726563,7.6977105140686035,-0.355932354927063,0.8590233325958252
1773049229683166200,71.16216625976563,8.722436904907227,0.4582255482673645,2.5920250415802
1773049229693144000,71.17214404296875,12.873984336853027,-1.2323036193847656,1.7114664316177368
1773049229703120600,71.18212060546875,8.789435386657715,-0.3128615617752075,1.8789639472961426
1773049229713098200,71.19209814453124,7.755138397216797,0.8937192559242249,2.472383975982666
1773049229723075000,71.20207495117188,13.137194633483887,-0.9643075466156006,1.8789639472961426
1773049229733052400,71.21205249023437,9.46899700164795,-0.42771705985069275,1.2131611108779907
1773049229743029200,71.222029296875,6.548557281494141,0.8602197170257568,2.3336002826690674
1773049229753006600,71.23200659179687,12.313465118408203,-1.2945170402526855,2.5298118591308594
1773049229762983400,71.2419833984375,10.220941543579102,-0.39900317788124084,1.3950155973434448
1773049229772960800,71.25196069335938,7.409973621368408,0.9032905697822571,2.046461582183838
1773049229782937900,71.26193774414062,12.294322967529297,-0.882951557636261,1.965105652809143
1773049229792915000,71.2719150390625,9.244071960449219,-0.24107688665390015,1.31365966796875
1773049229802892000,71.28189208984375,7.817351341247559,0.46779683232307434,1.337587833404541
1773049229812869400,71.29186938476562,11.657233238220215,-0.39900317788124084,2.228316068649292
1773049229822846200,71.30184619140626,8.688937187194824,0.41515472531318665,1.3040883541107178
1773049229832823600,71.31182348632812,8.598010063171387,-0.14057832956314087,1.984248161315918
1773049229842800400,71.32180029296875,10.426724433898926,-0.45164528489112854,2.1134605407714844
1773049229852777700,71.33177783203125,8.185846328735352,0.41994038224220276,1.332802176475525
1773049229862754800,71.3417548828125,12.002398490905762,-0.5042873620986938,2.266601324081421
1773049229872732000,71.35173193359375,9.981659889221191,-0.3798605799674988,1.6827524900436401
1773049229882709000,71.361708984375,6.955337047576904,0.31465616822242737,1.5050854682922363
1773049229892686000,71.37168603515624,11.3509521484375,-0.5569294691085815,2.213959217071533
1773049229902663200,71.3816630859375,9.20578670501709,-0.1453639715909958,1.6157535314559937
1773049229912640500,71.391640625,7.82692289352417,0.8697910308837891,1.0600204467773438
1773049229922617600,71.40161767578125,11.556735038757324,-0.389431893825531,2.7936203479766846
1773049229932594700,71.4115947265625,9.833304405212402,-0.4325026869773865,1.5774682760238647
1773049229942571800,71.42157177734374,7.6977105140686035,0.7980063557624817,1.6109678745269775
1773049229952548900,71.431548828125,12.141181945800781,-0.5282155871391296,2.3814568519592285
1773049229962526000,71.44152587890625,10.527223587036133,-0.15493527054786682,1.31365966796875
1773049229972503000,71.4515029296875,7.558926582336426,0.7645068168640137,2.596810817718506
1773049229982480100,71.46148022460937,11.025528907775879,-0.39421752095222473,2.994617462158203
1773049229992457200,71.47145727539062,9.043074607849121,0.11306086927652359,0.9547362327575684
1773049230002434300,71.48143432617188,7.573283672332764,0.5635097622871399,1.2323036193847656
1773049230012411400,71.49141137695312,11.135598182678223,-0.7435696125030518,3.339184045791626
1773049230022388500,71.50138842773437,9.78544807434082,-0.0687936544418335,1.031306505203247
1773049230032268500,71.5112685546875,8.741579055786133,0.30987054109573364,1.0456634759902954
1773049230042148600,71.52114868164062,11.331809997558594,-1.0121639966964722,2.9276185035705566
1773049230052320000,71.53132006835938,8.544769287109375,0.10348957777023315,1.6827524900436401
1773049230062297000,71.54129711914062,8.775078773498535,-0.08315058797597885,2.740978240966797
1773049230072235300,71.5512353515625,12.3278226852417,-0.48035913705825806,2.1134605407714844
1773049230082208500,71.56120849609376,8.214560508728027,0.16091732680797577,1.093519926071167
1773049230092228400,71.57122827148437,8.760722160339355,-0.006580262444913387,3.0999016761779785
1773049230102206200,71.58120629882812,10.36929702758789,-0.5521438121795654,2.0416758060455322
1773049230112144000,71.59114379882813,8.420342445373535,0.15134602785110474,0.3607180118560791
1773049230122117600,71.60111767578125,10.163514137268066,0.06041877344250679,2.913261651992798
1773049230132098000,71.61109814453125,10.901102066040039,-0.4325026869773865,2.0033907890319824
1773049230142072600,71.62107250976563,8.602795600891113,-0.05922235921025276,1.2418749332427979
1773049230152091100,71.63109106445313,10.067801475524902,-0.42771705985069275,3.047259569168091
1773049230162070000,71.64107006835937,10.4219388961792,-0.3655036687850952,1.740180253982544
1773049230172006400,71.65100634765625,8.813364028930664,0.10348957777023315,2.166102647781372
1773049230181981000,71.66098095703126,10.225728034973145,-0.28893333673477173,3.1142587661743164
1773049230191960600,71.67096069335938,9.69930648803711,-0.5521438121795654,1.0360921621322632
1773049230201936000,71.68093579101563,8.243273735046387,0.33858439326286316,2.8701908588409424
1773049230211914800,71.69091479492188,10.216156005859375,-0.21714866161346436,2.242672920227051
1773049230221890300,71.70089038085938,9.871589660644531,-0.21236300468444824,1.8598214387893677
1773049230231869000,71.71086889648437,7.95134973526001,0.14656038582324982,1.7641085386276245
1773049230241844700,71.7208447265625,10.287940979003906,-0.6861419081687927,2.702693223953247
1773049230251823400,71.7308232421875,10.024730682373047,-0.11665010452270508,1.2945170402526855
1773049230261799400,71.74079931640625,8.92821979522705,0.30508488416671753,2.190030813217163
1773049230271738600,71.75073852539063,11.154741287231445,-0.9212366938591003,3.142972469329834
1773049230281711000,71.76071118164063,8.315058708190918,0.21355941891670227,1.6588243246078491
1773049230291615200,71.770615234375,8.061419486999512,0.251844584941864,2.434098720550537
1773049230301580800,71.78058081054688,12.17946720123291,-0.7004988193511963,2.347957134246826
1773049230311569400,71.7905693359375,7.798209190368652,-0.006580262444913387,1.7976080179214478
1773049230321537300,71.80053735351562,8.679366111755371,0.0029910283628851175,2.4915266036987305
1773049230331485000,71.81048486328125,12.40439224243164,-0.8685946464538574,2.352742910385132
1773049230341450800,71.82045068359375,7.893921852111816,0.2667997181415558,1.5774682760238647
1773049230351400200,71.83040014648438,8.712865829467773,-0.1740778535604477,2.6213371753692627
1773049230361364500,71.84036450195312,11.413166046142578,-1.031306505203247,2.764906644821167
1773049230371315500,71.8503154296875,9.172286987304688,0.381655216217041,0.9403793215751648
1773049230381278500,71.86027856445313,10.254441261291504,0.01734796352684498,3.152543783187866
1773049230391231000,71.87023095703125,12.169896125793457,-0.50907301902771,2.606980323791504
1773049230401192700,71.88019262695312,6.8309102058410645,0.6400800347328186,0.9643075466156006
1773049230411146200,71.89014624023437,9.981659889221191,-0.4181457459926605,2.5872395038604736
1773049230421107200,71.90010717773437,11.145169258117676,-0.19800607860088348,2.3431715965270996
1773049230430987300,71.9099873046875,7.070192813873291,0.6735795736312866,1.563111424446106
1773049230440867300,71.91986743164063,11.030314445495605,-0.32243284583091736,2.803191661834717
1773049230450938000,71.92993823242188,9.54078197479248,-0.24586252868175507,1.9938194751739502
1773049230460896800,71.93989672851562,7.779066562652588,0.6831508874893188,1.8598214387893677
1773049230470853600,71.949853515625,11.504093170166016,-0.8925228714942932,1.9794625043869019
1773049230480811800,71.95981176757813,9.430712699890137,-0.25064817070961,2.1373889446258545
1773049230490769000,71.96976879882813,8.200202941894531,0.33379876613616943,2.4819552898406982
1773049230500727000,71.97972705078125,11.642876625061035,-1.4189438819885254,3.3822548389434814
1773049230510645800,71.98964575195312,8.74636459350586,0.5635097622871399,1.8885352611541748
1773049230520599800,71.99959985351562,8.003992080688477,0.12263216078281403,1.9172492027282715
1773049230530561000,72.00956103515625,11.686545372009277,-1.25144624710083,4.373481750488281
1773049230540515800,72.01951586914062,8.042277336120605,0.26201409101486206,0.9260223507881165
1773049230550476300,72.02947631835937,7.8077802658081055,0.41994038224220276,2.6213371753692627
1773049230560431600,72.039431640625,12.802199363708496,-1.098305583000183,3.1381869316101074
1773049230570611700,72.04961181640626,7.7216386795043945,0.2183450609445572,1.2705888748168945
1773049230580791800,72.05979174804688,8.727222442626953,-0.04486542567610741,2.812762975692749
1773049230590971600,72.0699716796875,12.725030899047852,-0.633499801158905,2.884547710418701
1773049230601079000,72.0800791015625,8.219346046447754,0.7836494445800781,1.4476577043533325
1773049230611037700,72.09003759765625,9.847661972045898,-0.5569294691085815,2.717050075531006
1773049230621029600,72.10002954101563,10.388439178466797,-0.04486542567610741,2.851048231124878
1773049230630992100,72.1099921875,7.414759159088135,0.49651068449020386,1.0887342691421509
1773049230640981000,72.11998095703125,10.570294380187988,-0.666999340057373,3.4923245906829834
1773049230650946300,72.1299462890625,8.751151084899902,-0.14057832956314087,3.0041887760162354
1773049230660932900,72.13993286132812,9.33021354675293,0.7597211599349976,1.8598214387893677
1773049230670900700,72.14990063476563,11.758330345153809,-0.8877372145652771,3.3583266735076904
1773049230680885200,72.15988525390625,8.727222442626953,0.06520441919565201,0.6915257573127747
1773049230690855000,72.16985498046876,8.008777618408203,0.36729827523231506,3.0376882553100586
1773049230700838100,72.17983813476563,11.940184593200684,-0.7968099117279053,3.008974552154541
1773049230710809000,72.18980908203125,9.263215065002441,-0.07357929646968842,0.47557350993156433
1773049230720791000,72.199791015625,7.70249605178833,1.0037890672683716,4.512265205383301
1773049230730802400,72.20980249023438,12.385250091552734,-0.7292127013206482,1.2275179624557495
1773049230740787200,72.219787109375,9.814162254333496,0.050847481936216354,1.9555343389511108
1773049230750717700,72.2297177734375,7.405188083648682,0.5970092415809631,4.641477584838867
1773049230760697000,72.23969702148437,12.074183464050293,-0.4133601188659668,0.6580262184143066
1773049230770671900,72.249671875,9.110074043273926,-0.006580262444913387,0.8733802437782288
1773049230780651000,72.25965112304688,8.434700012207031,-0.2602194547653198,5.101497650146484
1773049230790626300,72.26962622070313,10.0343017578125,0.31465616822242737,0.6628118753433228
1773049230800604700,72.27960473632812,9.957731246948242,0.3194418251514435,2.103889226913452
1773049230810580500,72.28958056640624,10.04865837097168,-0.8973084688186646,3.291327476501465
1773049230820558800,72.29955883789063,5.9306111335754395,0.23270200192928314,1.5822539329528809
1773049230830534700,72.30953466796875,10.197013854980469,1.4159528017044067,1.3758729696273804
1773049230840512800,72.3195126953125,11.796615600585938,-1.2275179624557495,2.717050075531006
1773049230850392600,72.329392578125,6.5629143714904785,-1.0360921621322632,2.7218358516693115
1773049230860211200,72.33921118164062,7.280761241912842,1.5930216312408447,0.5670989751815796
1773049230870391000,72.34939111328126,13.869996070861816,-0.030508488416671753,3.8566319942474365
1773049230880426000,72.35942602539062,9.325428009033203,-0.19322042167186737,1.9363917112350464
1773049230890397200,72.36939721679687,7.366902828216553,0.3720839321613312,1.9028922319412231
1773049230900379000,72.37937890625,12.715459823608398,0.18963119387626648,2.874976396560669
1773049230910390300,72.38939038085938,8.042277336120605,0.15134602785110474,0.6532405614852905
1773049230920375000,72.399375,9.186644554138184,-0.21236300468444824,2.572882652282715
1773049230930255000,72.40925512695313,7.994420528411865,0.2231307178735733,1.7114664316177368
1773049230940135200,72.41913525390625,9.890732765197754,0.3290131092071533,3.2243285179138184
1773049230950259700,72.429259765625,12.75912857055664,-0.5282155871391296,2.4819552898406982
1773049230960244000,72.43924389648437,6.6490559577941895,0.24227328598499298,2.0033907890319824
1773049230970214100,72.44921411132813,10.87717342376709,1.0995019674301147,3.0759735107421875
1773049230980196900,72.45919677734375,12.40439224243164,-1.5720844268798828,2.96111798286438
1773049230990168300,72.46916821289062,6.653841495513916,-0.8398807644844055,1.3184453248977661
1773049231000149800,72.47914965820313,9.339784622192383,1.334596872329712,1.9076778888702393
1773049231010122500,72.48912255859375,13.754542350769043,-0.4995017349720001,3.937987804412842
1773049231020103200,72.49910327148437,5.260022163391113,-0.11665010452270508,0.5910272002220154
1773049231030077000,72.50907690429688,8.549555778503418,0.625723123550415,1.9507486820220947
1773049231040056800,72.51905688476562,13.798212051391602,-0.2267199456691742,3.2099716663360596
1773049231049937000,72.52893701171875,6.394818305969238,0.5730810165405273,1.6061822175979614
1773049231059754800,72.53875463867188,9.991230964660645,-0.12622138857841492,2.678765058517456
1773049231069934800,72.54893481445312,11.288739204406738,-0.16450655460357666,1.4476577043533325
1773049231079969300,72.55896923828125,9.938589096069336,0.44386860728263855,2.8079774379730225
1773049231089939500,72.568939453125,11.23609733581543,-0.4372883439064026,2.946761131286621
1773049231099922200,72.57892211914063,5.3557353019714355,0.46779683232307434,1.7832510471343994
1773049231109893600,72.5888935546875,9.637093544006348,0.4534398913383484,0.4707878530025482
1773049231119875300,72.59887524414063,11.231310844421387,-0.4899304509162903,2.4053850173950195
1773049231129848000,72.60884814453125,7.041478633880615,0.3433700501918793,1.8646070957183838
1773049231139828700,72.61882885742187,12.021540641784668,-0.13579268753528595,2.022533416748047
1773049231149802200,72.62880224609376,10.182656288146973,-0.39900317788124084,2.4197418689727783
1773049231159782100,72.6387822265625,8.727222442626953,0.6927221417427063,2.0033907890319824
1773049231169756400,72.64875634765625,12.457035064697266,-0.3798605799674988,2.9180471897125244
1773049231179735800,72.65873583984374,8.880363464355469,-0.5521438121795654,2.0416758060455322
1773049231189710600,72.66871069335937,9.885947227478027,0.9415757060050964,1.031306505203247
1773049231199689500,72.678689453125,11.006385803222656,-0.45643091201782227,3.689134359359741
1773049231209664800,72.68866479492188,9.325428009033203,-0.5808576941490173,2.09431791305542
1773049231219643400,72.69864331054687,6.437889099121094,0.9655039310455322,0.3080759048461914
1773049231229523500,72.7085234375,10.881958961486816,-0.5138586759567261,2.213959217071533
1773049231239341600,72.71834155273437,11.379666328430176,0.3433700501918793,2.750549554824829
1773049231249340400,72.72834033203125,8.334200859069824,0.5300102233886719,2.932404041290283
1773049231259300000,72.73830004882812,11.394022941589355,-0.6765705943107605,0.6293123364448547
1773049231269480000,72.74847998046874,8.698508262634277,0.5778666734695435,1.9076778888702393
1773049231279513900,72.75851391601563,10.915458679199219,-0.32243284583091736,3.741776466369629
1773049231289481500,72.7684814453125,9.430712699890137,0.09870393574237823,1.6444673538208008
1773049231299466200,72.77846630859375,7.429116249084473,0.8315058946609497,0.5958128571510315
1773049231309346300,72.78834619140625,9.900303840637207,-0.7148557901382446,3.6843485832214355
1773049231319163100,72.7981630859375,8.434700012207031,0.3577269911766052,1.3184453248977661
1773049231329343200,72.80834326171875,9.881160736083984,0.3002992272377014,2.0512471199035645
1773049231339377200,72.81837719726562,11.47537899017334,-1.0552347898483276,2.534597396850586
1773049231349344000,72.82834399414062,7.616354465484619,0.3720839321613312,1.1030912399291992
1773049231359329300,72.83832934570313,9.728020668029785,0.01734796352684498,3.5066816806793213
1773049231369298400,72.84829833984375,10.187442779541016,-0.37507495284080505,2.520240545272827
1773049231379282000,72.85828198242187,8.209774017333984,0.36251261830329895,0.28893333673477173
1773049231389252600,72.86825268554688,9.967302322387695,-0.5330012440681458,3.449253797531128
1773049231399234800,72.87823486328125,9.6466646194458,0.6305087804794312,1.4380863904953003
1773049231409206800,72.88820678710937,9.009575843811035,0.28594231605529785,3.080759048461914
1773049231419188200,72.89818823242187,10.130014419555664,-1.0552347898483276,1.1653046607971191
1773049231429161200,72.9081611328125,6.883552551269531,1.042074203491211,1.5194423198699951
1773049231439141600,72.9181416015625,11.801401138305664,0.3768695592880249,3.3966116905212402
1773049231449021700,72.92802172851563,11.873186111450195,-0.8877372145652771,2.022533416748047
1773049231458839300,72.93783935546875,5.9545392990112305,0.7836494445800781,1.4524433612823486
1773049231469019400,72.94801928710937,10.570294380187988,0.3433700501918793,1.1700903177261353
1773049231479053800,72.9580537109375,10.791031837463379,-0.9403793215751648,3.315255880355835
1773049231489023700,72.96802368164063,7.755138397216797,0.8219345808029175,1.6205391883850098
1773049231499006700,72.9780068359375,10.838888168334961,-0.355932354927063,2.1373889446258545
1773049231508978000,72.98797802734374,9.392427444458008,-0.3607180118560791,2.4915266036987305
1773049231518959900,72.9979599609375,7.812565803527832,0.9224331378936768,2.606980323791504
1773049231528932000,73.00793212890625,11.36052417755127,-0.7435696125030518,2.462812662124634
1773049231538913000,73.0179130859375,8.559126853942871,0.4773681163787842,0.5958128571510315
1773049231548886500,73.02788647460937,8.851649284362793,-0.45164528489112854,2.9659037590026855
1773049231558866700,73.03786669921875,10.657033920288086,0.012562318705022335,2.252244234085083
1773049231568840700,73.0478408203125,8.698508262634277,0.9128618240356445,1.4763715267181396
1773049231578820000,73.05782006835938,11.925827980041504,-0.9355936646461487,3.0520453453063965
1773049231588795000,73.067794921875,7.534998416900635,0.39601215720176697,2.0033907890319824
1773049231598774000,73.07777392578124,9.368498802185059,0.8219345808029175,1.7880367040634155
1773049231608749300,73.08774926757812,12.031112670898438,-1.4476577043533325,3.253042459487915
1773049231618728000,73.09772802734375,6.931408882141113,0.050847481936216354,1.2897313833236694
1773049231628607700,73.10760766601562,9.885947227478027,1.1186445951461792,2.276172637939453
1773049231638426000,73.11742602539063,11.84447193145752,-0.7770691514015198,2.520240545272827
1773049231648606000,73.12760595703125,6.069394588470459,0.1178465187549591,1.3519448041915894
1773049231658640600,73.137640625,9.34457015991211,-0.15972091257572174,2.6739792823791504
1773049231668611800,73.14761181640625,11.997612953186035,0.05563312768936157,1.965105652809143
1773049231678593800,73.15759375,9.44028377532959,0.3433700501918793,2.664407968521118
1773049231688566000,73.16756591796874,10.402796745300293,-0.8063812255859375,2.7553353309631348
1773049231698547000,73.177546875,8.13798999786377,0.4247260093688965,0.31764721870422363
1773049231708520200,73.18752026367187,9.885947227478027,0.7597211599349976,3.2578279972076416
1773049231718500600,73.19750048828125,11.073385238647461,-1.1653046607971191,2.693121910095215
1773049231728380400,73.20738037109375,6.471388816833496,0.5778666734695435,0.355932354927063
1773049231738198300,73.2171982421875,9.838089942932129,0.38644084334373474,2.6213371753692627
1773049231748378400,73.22737841796875,10.834102630615234,-0.2027917206287384,1.3806586265563965
1773049231758412800,73.23741284179688,7.266404151916504,0.36729827523231506,1.3663017749786377
1773049231768382700,73.2473828125,10.163514137268066,-0.45164528489112854,2.788834810256958
1773049231778365700,73.25736572265625,8.933005332946777,0.6017948985099792,1.649253010749817
1773049231788337200,73.26733715820312,10.87717342376709,-0.37028929591178894,3.0664021968841553
1773049231798318800,73.27731884765625,10.316655158996582,-0.8398807644844055,1.9746768474578857
1773049231808198700,73.28719873046875,7.141977310180664,1.195214867591858,1.179661512374878
1773049231818016300,73.29701635742188,12.437891960144043,0.050847481936216354,3.410968780517578
1773049231828196400,73.3071962890625,8.779864311218262,-0.6813562512397766,1.4524433612823486
1773049231838230500,73.31723046875,6.428318023681641,0.865005373954773,0.40378883481025696
1773049231848199700,73.32719970703126,11.877971649169922,0.14656038582324982,4.143770694732666
1773049231858183200,73.33718310546875,9.718449592590332,-0.45643091201782227,1.5098711252212524
1773049231868153900,73.34715380859375,7.735995769500732,0.9080761671066284,1.6827524900436401
1773049231878136000,73.35713598632813,12.260823249816895,-0.48035913705825806,3.3822548389434814
1773049231888108000,73.36710791015625,9.651450157165527,0.30987054109573364,1.4811571836471558
1773049231898089500,73.37708935546875,9.296713829040527,-0.2315055876970291,2.92283296585083
1773049231908062500,73.3870625,10.671390533447266,0.0364905446767807,2.15653133392334
1773049231918043000,73.39704296875,9.54078197479248,0.5156532526016235,1.7928223609924316
1773049231928016600,73.4070166015625,9.464211463928223,-0.3128615617752075,3.487539052963257
1773049231937996300,73.41699633789062,8.056633949279785,0.5060819983482361,1.179661512374878
1773049231947876400,73.42687646484374,10.015159606933594,-0.34636107087135315,0.9068797826766968
1773049231957694500,73.43669458007813,9.57906723022461,-0.3320041298866272,3.885345697402954
1773049231967874300,73.44687426757812,9.033503532409668,1.0516455173492432,0.7920243144035339
1773049231977909000,73.45690893554688,11.202597618103027,-0.7100701332092285,2.4532413482666016
1773049231987879200,73.46687915039062,9.114859580993652,-0.25064817070961,3.205185890197754
1773049231997861600,73.47686157226562,8.554341316223145,1.1330015659332275,1.4428720474243164
1773049232007833300,73.48683325195313,12.423535346984863,-0.6909275650978088,3.339184045791626
1773049232017815000,73.49681494140626,9.358927726745605,0.49651068449020386,1.399801254272461
1773049232027787800,73.50678784179688,7.151548862457275,-0.01136590726673603,2.2809581756591797
1773049232037768200,73.51676831054688,10.393224716186523,-0.29850462079048157,2.717050075531006
1773049232047742000,73.52674194335937,9.186644554138184,0.5635097622871399,1.1174482107162476
1773049232057721900,73.53672192382813,10.771889686584473,-1.0265209674835205,3.689134359359741
1773049232067696000,73.54669604492187,9.057432174682617,0.745364248752594,2.242672920227051
1773049232077675500,73.55667553710937,9.795019149780273,0.9320043921470642,1.404586911201477
1773049232087650300,73.566650390625,10.944172859191895,-0.8590233325958252,3.387040376663208
1773049232097629200,73.57662915039063,6.668198585510254,0.5730810165405273,1.5966109037399292
1773049232107604500,73.5866044921875,10.043872833251953,0.23270200192928314,2.5920250415802
1773049232117583000,73.5965830078125,11.820544242858887,-0.3846462368965149,2.970689296722412
1773049232127558700,73.60655859375,8.271987915039062,0.9559326171875,0.6340979933738708
1773049232137537000,73.616537109375,9.828518867492676,-0.3320041298866272,4.598406791687012
1773049232147513000,73.62651318359374,7.524828910827637,0.1417747437953949,1.9411773681640625
1773049232157491000,73.63649096679687,8.775078773498535,0.46779683232307434,-0.0364905446767807
1773049232167467300,73.64646728515625,10.939387321472168,-0.6813562512397766,4.311268329620361
1773049232177445000,73.65644506835937,7.558926582336426,0.8410771489143372,1.7545372247695923
1773049232187421400,73.66642138671875,10.814960479736328,-0.049651071429252625,2.5920250415802
1773049232197399300,73.6763994140625,8.636295318603516,-0.7100701332092285,2.568096876144409
1773049232207375600,73.68637573242188,7.424330234527588,0.9224331378936768,1.831107497215271
1773049232217353200,73.69635327148437,11.748759269714355,-0.42771705985069275,3.324826955795288
1773049232227330000,73.706330078125,7.237690448760986,0.18963119387626648,2.4053850173950195
1773049232237307400,73.71630737304687,10.01037311553955,0.6687939167022705,0.4420739710330963
1773049232247284200,73.7262841796875,9.153144836425781,-0.355932354927063,4.617549419403076
1773049232257261600,73.73626147460938,7.1228346824646,0.3577269911766052,1.8789639472961426
1773049232267277000,73.74627709960937,10.934600830078125,0.17527425289154053,1.831107497215271
1773049232277258500,73.75625854492188,8.937790870666504,0.5491527915000916,3.157329559326172
1773049232287192600,73.76619262695313,9.459425926208496,-0.16450655460357666,2.237887382507324
1773049232297169200,73.77616918945313,9.19143009185791,-0.11665010452270508,1.591825246810913
1773049232307146800,73.78614672851562,9.038289070129395,0.6161518096923828,3.1381869316101074
1773049232317123300,73.79612329101562,11.652447700500488,-0.2027917206287384,2.7936203479766846
1773049232327101000,73.80610083007812,8.655437469482422,-0.13579268753528595,2.884547710418701
1773049232337077800,73.81607788085938,9.19143009185791,0.8793623447418213,2.1708884239196777
1773049232347055000,73.82605517578125,10.326226234436035,-0.6095715761184692,2.190030813217163
1773049232357032000,73.83603198242187,9.167501449584961,0.6735795736312866,2.424527645111084
1773049232367009500,73.84600952148438,8.142775535583496,-0.34636107087135315,1.80717933177948
1773049232376986400,73.855986328125,9.095717430114746,-0.2793620526790619,1.6875381469726562
1773049232386963700,73.86596362304688,10.043872833251953,0.36251261830329895,3.5018959045410156
1773049232396940500,73.8759404296875,11.72004508972168,-0.5042873620986938,2.3096721172332764
1773049232406918000,73.88591796875,7.82692289352417,1.1234302520751953,2.884547710418701
1773049232416894700,73.89589477539063,9.459425926208496,-0.13100704550743103,2.3431715965270996
1773049232426872000,73.9058720703125,9.445069313049316,-0.4612165689468384,1.7880367040634155
1773049232436849000,73.91584887695312,8.971290588378906,0.8171489238739014,2.8462624549865723
1773049232446826200,73.925826171875,11.317452430725098,-0.37028929591178894,3.377469062805176
1773049232456803300,73.93580322265625,8.252845764160156,0.33379876613616943,1.3471591472625732
1773049232466780400,73.94578051757813,9.44028377532959,0.7884350419044495,1.3280165195465088
1773049232476757500,73.95575756835937,9.804591178894043,-0.9020941257476807,4.024129390716553
1773049232486734600,73.96573461914062,8.147561073303223,0.9942178130149841,1.8502501249313354
1773049232496711700,73.97571166992188,11.116456031799316,0.18005990982055664,1.6253247261047363
1773049232506688800,73.98568872070312,9.82373332977295,-0.18843477964401245,3.45882511138916
1773049232516665900,73.99566577148437,8.123632431030273,0.06999006122350693,2.5633113384246826
1773049232526643200,74.00564331054687,9.78544807434082,0.11306086927652359,2.7840490341186523
1773049232536620000,74.0156201171875,9.766305923461914,1.1569297313690186,1.7497515678405762
1773049232546597400,74.02559741210938,10.249655723571777,-1.31365966796875,2.5633113384246826
1773049232556574500,74.03557446289062,6.950551509857178,-1.1653046607971191,2.252244234085083
1773049232566454300,74.04545434570312,7.678567886352539,1.6552350521087646,1.4141582250595093
1773049232576273000,74.05527294921875,13.970495223999023,0.046061836183071136,2.913261651992798
1773049232586452700,74.06545263671875,8.085348129272461,-0.4660021960735321,2.4819552898406982
1773049232606459600,74.08545971679688,13.366905212402344,0.3577269911766052,1.8023936748504639
1773049232616441000,74.09544116210938,9.100502967834473,-0.12622138857841492,3.104687452316284
1773049232626414000,74.1054140625,9.277571678161621,-0.3080759048461914,1.9268203973770142
1773049232636394500,74.11539453125,7.6737823486328125,1.2526426315307617,2.6452653408050537
1773049232646368300,74.1253681640625,11.36052417755127,-0.3367897868156433,2.5633113384246826
1773049232656348000,74.13534790039063,9.828518867492676,-0.7100701332092285,1.275374412536621
1773049232666322400,74.14532250976562,6.85962438583374,1.0995019674301147,2.7984061241149902
1773049232676301800,74.1553017578125,12.634103775024414,0.14656038582324982,2.985046148300171
1773049232686276600,74.16527661132812,8.909076690673828,-0.19800607860088348,1.7928223609924316
1773049232696255500,74.17525537109375,9.119645118713379,0.10827522724866867,2.0991036891937256
1773049232706231000,74.18523095703125,11.604591369628906,0.43908295035362244,3.047259569168091
1773049232716209400,74.19520947265624,9.986445426940918,-0.15493527054786682,3.0855448246002197
1773049232726185200,74.20518530273438,9.559925079345703,-0.4085744619369507,1.5194423198699951
1773049232736163300,74.21516333007813,6.811768054962158,0.836291491985321,2.0129621028900146
1773049232746139400,74.22513940429687,11.384451866149902,-0.12622138857841492,2.290529489517212
1773049232756117200,74.2351171875,9.976874351501465,-0.7770691514015198,2.386242389678955
1773049232766093600,74.24509350585937,7.022336483001709,0.8267202377319336,0.9882357716560364
1773049232776071400,74.25507153320312,11.518449783325195,0.012562318705022335,2.86061954498291
1773049232786047700,74.2650478515625,9.723235130310059,-0.3080759048461914,3.5736806392669678
1773049232796025300,74.275025390625,8.684151649475098,0.26201409101486206,1.428515076637268
1773049232806002000,74.285001953125,11.08774185180664,-0.025722842663526535,1.965105652809143
1773049232815979500,74.2949794921875,10.206584930419922,-0.32721850275993347,2.9898319244384766
1773049232825956400,74.30495629882813,9.31585693359375,-0.2315055876970291,1.3902299404144287
1773049232835933700,74.31493359375,7.798209190368652,0.5204389095306396,1.7066807746887207
1773049232845910500,74.32491064453124,10.17308521270752,-0.3128615617752075,2.7361927032470703
1773049232855888000,74.33488793945313,8.94257640838623,-0.9403793215751648,2.376671075820923
1773049232865864700,74.34486474609375,7.10847806930542,0.7884350419044495,1.1413763761520386
1773049232875841800,74.354841796875,11.767901420593262,-0.42771705985069275,3.6508491039276123
1773049232885819000,74.36481884765625,11.618948936462402,-0.600000262260437,1.9794625043869019
1773049232895796200,74.37479614257812,6.940980434417725,-0.21714866161346436,2.132603168487549
1773049232905773000,74.38477294921876,10.311869621276855,-0.14057832956314087,2.774477958679199
1773049232915750400,74.39475048828125,9.838089942932129,-0.35114672780036926,2.228316068649292
1773049232925727200,74.40472729492187,8.92821979522705,-0.6095715761184692,1.3280165195465088
1773049232935704600,74.41470458984375,7.103692054748535,-0.05922235921025276,2.8223342895507812
1773049232945681400,74.42468139648437,9.162715911865234,-0.5377869009971619,1.80717933177948
1773049232955658800,74.43465869140626,10.886744499206543,-1.1222338676452637,1.654038667678833
1773049232965635600,74.44463549804688,6.706483840942383,0.8267202377319336,2.5872395038604736
1773049232975613000,74.45461303710937,10.536794662475586,-1.0456634759902954,3.008974552154541
1773049232985492700,74.46449267578124,10.354940414428711,-0.389431893825531,1.8454644680023193
1773049232995311400,74.47431127929687,7.654639720916748,0.4103690981864929,1.9938194751739502
1773049233005491500,74.48449145507813,11.666805267333984,-0.6047859191894531,2.946761131286621
1773049233015526100,74.49452612304688,10.168299674987793,-0.494716078042984,2.0751755237579346
1773049233025498000,74.504498046875,7.836493968963623,-0.5186443328857422,1.654038667678833
1773049233035479600,74.5144794921875,9.588638305664062,-0.39421752095222473,2.688336133956909
1773049233045452300,74.52445239257813,9.885947227478027,-0.5569294691085815,2.18045973777771
1773049233055433000,74.53443286132813,8.128418922424316,-0.9403793215751648,2.6500511169433594
1773049233065406700,74.54440673828125,9.157930374145508,-0.3080759048461914,1.466800332069397
1773049233075386400,74.55438647460937,10.512866020202637,-0.973878800868988,3.3678979873657227
1773049233085361000,74.56436083984374,10.982458114624023,-0.2027917206287384,2.1469600200653076
1773049233095340000,74.57434008789062,9.167501449584961,-0.5904290080070496,1.811964988708496
1773049233105354000,74.58435400390626,10.824531555175781,-0.542572557926178,2.434098720550537
1773049233115336700,74.59433666992187,9.363713264465332,-0.6717849373817444,2.2187447547912598
1773049233125269200,74.60426928710937,10.637292861938477,-0.8015955686569214,1.567897081375122
1773049233135247000,74.6142470703125,8.645866394042969,-0.03529413416981697,3.0281169414520264
1773049233145223400,74.62422338867188,10.201799392700195,-0.633499801158905,1.1892328262329102
1773049233155201000,74.63420092773437,9.637093544006348,-0.7004988193511963,2.7457640171051025
1773049233165177900,74.644177734375,7.750352382659912,0.28594231605529785,2.5776681900024414
1773049233175155200,74.6541552734375,10.264012336730957,-0.26979073882102966,2.190030813217163
1773049233185132000,74.66413208007812,10.264012336730957,-0.42293140292167664,2.2187447547912598
1773049233195109400,74.674109375,8.444271087646484,-0.11186445504426956,2.314457654953003
1773049233205086200,74.68408618164062,10.139585494995117,-0.39421752095222473,1.7306089401245117
1773049233215063600,74.6940634765625,11.355737686157227,-0.03529413416981697,2.510669231414795
1773049233225040400,74.70404028320313,8.899505615234375,-0.42771705985069275,1.8789639472961426
1773049233235017700,74.71401782226563,9.186644554138184,-0.32243284583091736,2.142174482345581
1773049233244897500,74.7238974609375,9.234500885009766,-0.32243284583091736,2.851048231124878
1773049233254716000,74.7337158203125,10.72403335571289,-0.719641387462616,1.6636099815368652
1773049233264896000,74.74389599609376,9.19143009185791,-0.1788634955883026,2.9898319244384766
1773049233274931000,74.75393090820313,8.458627700805664,-0.9786644577980042,2.606980323791504
1773049233284811000,74.76381103515625,9.957731246948242,-0.355932354927063,0.9690931439399719
1773049233294628400,74.77362841796875,8.7176513671875,-0.4612165689468384,2.7122645378112793
1773049233304808400,74.78380834960937,11.61416244506836,-0.7824530005455017,2.8462624549865723
1773049233314842400,74.79384228515624,8.952147483825684,-0.3846462368965149,1.3854442834854126
1773049233324811000,74.80381103515624,9.459425926208496,-0.8063812255859375,1.7258232831954956
1773049233334795000,74.813794921875,10.867602348327637,-0.45164528489112854,2.6261229515075684
1773049233344765400,74.82376538085937,8.722436904907227,-0.6765705943107605,1.3615161180496216
1773049233354748000,74.83374780273438,9.842875480651855,-0.600000262260437,2.750549554824829
1773049233364628000,74.8436279296875,8.81814956665039,-0.2267199456691742,1.591825246810913
1773049233374445300,74.8534453125,9.253643035888672,-0.6622136831283569,2.7361927032470703
1773049233384625400,74.86362548828124,9.881160736083984,-0.5377869009971619,2.7840490341186523
1773049233394659300,74.87365942382813,8.679366111755371,-0.19322042167186737,0.3320041298866272
1773049233404628000,74.8836279296875,9.19143009185791,-0.5186443328857422,4.957928657531738
1773049233414612000,74.89361206054687,10.72403335571289,-0.849452018737793,1.2993026971817017
1773049233424582100,74.90358203125,8.674580574035645,-0.40378883481025696,0.5042873620986938
1773049233434564900,74.91356494140625,9.306285858154297,-0.4660021960735321,4.910071849822998
1773049233444536300,74.92353637695312,12.174681663513184,-0.8398807644844055,0.3080759048461914
1773049233454518000,74.93351806640625,8.11406135559082,-0.8542376756668091,3.128615617752075
1773049233464490800,74.94349072265625,9.047860145568848,0.3242274820804596,3.5162527561187744
1773049233474471400,74.95347143554687,11.547163963317871,-0.8685946464538574,0.3032902777194977
1773049233484445000,74.96344482421875,8.468199729919434,-0.19800607860088348,3.152543783187866
1773049233494424800,74.9734248046875,7.755138397216797,-0.09272187948226929,2.994617462158203
1773049233504399000,74.98339916992188,11.092527389526367,-0.7824530005455017,0.6915257573127747
1773049233514378500,74.99337841796876,8.291130065917969,-0.48514479398727417,2.83669114112854
1773049233524353300,75.00335327148437,10.388439178466797,-0.18364913761615753,2.4053850173950195
1773049233534332200,75.01333227539062,10.829317092895508,-0.4995017349720001,1.5385849475860596
1773049233544307500,75.02330737304688,9.110074043273926,-0.7004988193511963,2.582453727722168
1773049233554286000,75.0332861328125,9.162715911865234,-0.5665007829666138,1.7593228816986084
1773049233564261600,75.04326171875,9.100502967834473,-0.5186443328857422,2.596810817718506
1773049233574240000,75.05323999023437,10.97767162322998,-0.8350951075553894,3.1381869316101074
1773049233584215800,75.0632158203125,8.396414756774902,-0.16450655460357666,-0.17527425289154053
1773049233594194000,75.07319384765626,8.391629219055176,-1.0217353105545044,4.0145583152771
1773049233604170200,75.08317016601562,10.867602348327637,-0.48035913705825806,2.032104730606079
1773049233614148000,75.09314819335937,7.7838521003723145,-0.7872386574745178,0.8877372145652771
1773049233624124400,75.10312451171875,10.747961044311523,-0.08793623000383377,3.315255880355835
1773049233634102000,75.11310205078125,10.14437198638916,-0.882951557636261,2.510669231414795
1773049233644078600,75.12307861328125,9.6466646194458,-0.6526423692703247,1.3806586265563965
1773049233654056200,75.13305615234376,9.622735977172852,-0.13579268753528595,2.946761131286621
1773049233664032800,75.14303271484376,10.201799392700195,-0.50907301902771,2.6739792823791504
1773049233674010400,75.15301025390625,11.686545372009277,-1.4524433612823486,1.428515076637268
1773049233683987000,75.16298706054687,6.749554634094238,0.23270200192928314,3.0137600898742676
1773049233693964300,75.17296435546875,10.4219388961792,-0.6813562512397766,2.103889226913452
1773049233703941000,75.18294116210937,12.17946720123291,-1.2610175609588623,1.0887342691421509
1773049233713918500,75.19291845703125,5.461617469787598,-0.25064817070961,3.2626137733459473
1773049233723895300,75.20289526367188,10.867602348327637,-0.3367897868156433,1.7688941955566406
1773049233733872600,75.21287255859374,12.088540077209473,-1.222732424736023,1.8885352611541748
1773049233743849500,75.22284936523438,7.9657063484191895,-0.37028929591178894,2.8558337688446045
1773049233753826800,75.23282690429687,9.56471061706543,0.0891326442360878,2.022533416748047
1773049233763804000,75.24280395507813,10.04865837097168,-1.007378339767456,2.237887382507324
1773049233773781000,75.25278100585938,10.264012336730957,-0.7579265832901001,2.204387903213501
1773049233783757800,75.2627578125,7.515257835388184,-0.26500511169433594,1.0360921621322632
1773049233793735200,75.27273510742188,11.365309715270996,-0.6430711150169373,3.5497524738311768
1773049233803712300,75.28271215820313,11.260025024414062,-1.0169496536254883,2.1996021270751953
1773049233813689300,75.292689453125,6.6969122886657715,-0.5712863802909851,1.0360921621322632
1773049233823666400,75.30266650390625,10.220941543579102,-0.6957131624221802,3.181257724761963
1773049233833643500,75.3126435546875,10.800602912902832,-1.2897313833236694,2.568096876144409
1773049233843620600,75.32262060546876,8.7176513671875,-0.23629122972488403,1.6588243246078491
1773049233853597700,75.33259765625,9.483354568481445,-1.3088740110397339,2.8558337688446045
1773049233863574800,75.34257470703125,11.317452430725098,-0.6287141442298889,1.8598214387893677
1773049233873552000,75.3525517578125,9.1052885055542,-0.7483552694320679,2.6596224308013916
1773049233883529000,75.36252905273437,11.84447193145752,-1.1509476900100708,1.960319995880127
1773049233893506000,75.37250610351562,9.100502967834473,-0.16450655460357666,1.5337992906570435
1773049233903483100,75.38248315429688,9.713663101196289,-0.753140926361084,2.2953150272369385
1773049233913460200,75.39246020507812,9.857233047485352,-0.28893333673477173,3.095116138458252
1773049233923437300,75.40243725585937,8.147561073303223,-0.48514479398727417,0.34636107087135315
1773049233933414400,75.41241430664063,9.972088813781738,-0.8973084688186646,2.0368902683258057
1773049233943391500,75.4223916015625,9.009575843811035,-0.37507495284080505,4.000201225280762
1773049233953368600,75.43236865234375,10.311869621276855,-0.1740778535604477,0.5575276613235474
1773049233963345700,75.442345703125,9.535996437072754,-0.7722834944725037,2.726621389389038
1773049233973322800,75.45232275390624,9.718449592590332,-0.7148557901382446,1.835893154144287
1773049233983299800,75.4622998046875,9.627521514892578,-0.7579265832901001,2.190030813217163
1773049233993277000,75.47227685546875,10.479366302490234,-0.3846462368965149,2.774477958679199
1773049234003254300,75.48225415039063,9.900303840637207,-0.6765705943107605,2.1134605407714844
1773049234013231000,75.49223120117188,9.210572242736816,-0.4660021960735321,1.6588243246078491
1773049234023169500,75.50216943359375,9.311071395874023,-0.666999340057373,3.410968780517578
1773049234033142800,75.51214282226563,9.962516784667969,-0.48035913705825806,1.179661512374878
1773049234053140200,75.53214013671875,10.484152793884277,-0.7770691514015198,1.960319995880127
1773049234063116800,75.54211669921875,10.039087295532227,-1.0217353105545044,2.376671075820923
1773049234073094400,75.55209448242188,10.125228881835938,-0.7244270443916321,2.5010979175567627
1773049234083071000,75.56207104492188,11.00160026550293,-1.179661512374878,1.3615161180496216
1773049234093048600,75.57204858398437,9.06700325012207,-0.4420739710330963,2.3336002826690674
1773049234103025200,75.58202514648437,9.92423152923584,-1.2418749332427979,2.616551637649536
1773049234113002800,75.59200268554687,8.727222442626953,-0.5377869009971619,1.1988041400909424
1773049234122979300,75.60197924804687,8.626724243164062,-0.6095715761184692,1.6157535314559937
1773049234132956700,75.61195678710938,10.326226234436035,-1.1365907192230225,3.6023945808410645
1773049234142933500,75.62193359375,7.932207107543945,-0.12143574655056,1.893320918083191
1773049234152910800,75.63191088867187,9.411569595336914,-0.7920243144035339,0.9882357716560364
1773049234162887700,75.6418876953125,11.346166610717773,-0.7674978375434875,2.1373889446258545
1773049234172865000,75.65186499023437,7.606783390045166,0.10348957777023315,2.8558337688446045
1773049234182841900,75.661841796875,10.005587577819824,-0.9978070259094238,0.9595218896865845
1773049234192819200,75.67181909179688,8.453842163085938,-0.1501496136188507,0.3655036687850952
1773049234202796000,75.68179614257812,6.510272026062012,-0.5282155871391296,3.5306098461151123
1773049234212773400,75.6917734375,11.317452430725098,-0.7872386574745178,1.0887342691421509
1773049234222750200,75.70175024414063,8.636295318603516,-0.3798605799674988,1.246660590171814
1773049234232727600,75.7117275390625,9.172286987304688,-0.31764721870422363,2.252244234085083
1773049234242704400,75.72170434570313,8.578866958618164,-0.633499801158905,2.3670997619628906
1773049234252681700,75.731681640625,9.550353050231934,-0.6430711150169373,0.7680960893630981
1773049234262658600,75.74165844726562,8.588438987731934,-0.7148557901382446,2.92283296585083
1773049234272636000,75.75163598632813,9.737591743469238,-0.5282155871391296,1.098305583000183
1773049234282613000,75.76161303710937,10.249655723571777,-0.4325026869773865,2.6213371753692627
1773049234292590000,75.77159008789063,8.315058708190918,-0.5521438121795654,2.779263496398926
1773049234302567200,75.78156713867187,9.857233047485352,-0.4660021960735321,0.030508488416671753
1773049234312544300,75.79154418945312,8.875576972961426,-1.155733346939087,3.544966697692871
1773049234322521300,75.80152124023438,10.402796745300293,-0.24586252868175507,1.6301103830337524
1773049234332498400,75.81149853515625,7.941778182983398,0.10348957777023315,1.74496591091156
1773049234342475500,75.8214755859375,9.6466646194458,-1.5050854682922363,1.7258232831954956
1773049234352452600,75.83145263671875,8.751151084899902,-0.8446664214134216,1.8789639472961426
1773049234362429700,75.8414296875,7.893921852111816,-0.25064817070961,2.376671075820923
1773049234372406800,75.85140673828126,12.950553894042969,-0.6239284873008728,3.1142587661743164
1773049234382345000,75.86134497070313,10.479366302490234,-0.7674978375434875,1.5433706045150757
1773049234392318200,75.87131811523437,6.878767013549805,0.03170489892363548,2.596810817718506
1773049234402338000,75.88133813476563,10.867602348327637,-1.160519003868103,3.5784661769866943
1773049234412316000,75.89131591796875,9.828518867492676,-0.08315058797597885,1.965105652809143
1773049234422292200,75.90129223632813,7.280761241912842,-0.7483552694320679,1.9938194751739502
1773049234432269800,75.91126977539062,10.589436531066895,-0.006580262444913387,2.7361927032470703
1773049234442207500,75.92120751953125,8.47298526763916,-0.6478567123413086,2.347957134246826
1773049234452181200,75.93118115234375,11.049456596374512,-1.423729419708252,1.1270195245742798
1773049234462161700,75.94116162109376,6.79741096496582,0.4247260093688965,0.7872386574745178
1773049234472136200,75.95113623046875,8.23848819732666,-0.020937198773026466,4.957928657531738
1773049234482115800,75.96111572265625,12.169896125793457,-1.1126625537872314,0.24586252868175507
1773049234492091000,75.9710908203125,5.5860443115234375,-0.07836493849754333,-0.06041877344250679
1773049234502109000,75.98110888671874,10.910673141479492,0.022133609279990196,1.8693926334381104
1773049234512088000,75.99108813476562,7.70249605178833,-1.710868239402771,3.511467218399048
1773049234522024200,76.00102416992188,8.98086166381836,0.17527425289154053,-0.050847481936216354
1773049234531999200,76.01099926757813,7.798209190368652,-0.9547362327575684,2.4771697521209717
1773049234541978400,76.02097827148438,6.6969122886657715,-0.45164528489112854,2.09431791305542
1773049234551954000,76.03095385742188,10.374082565307617,0.24227328598499298,-0.47676992416381836
1773049234561971500,76.04097143554688,11.245668411254883,-2.022533416748047,3.095116138458252
1773049234571951000,76.050951171875,7.692924976348877,0.5204389095306396,2.0273189544677734
1773049234581887000,76.06088696289062,11.068599700927734,-0.3032902777194977,2.2235305309295654
1773049234591862000,76.07086206054687,10.853245735168457,0.3433700501918793,1.2610175609588623
1773049234601841200,76.08084106445312,8.520841598510742,-0.7770691514015198,1.9555343389511108
1773049234611816700,76.09081665039062,10.053443908691406,-1.1509476900100708,1.8502501249313354
1773049234621795300,76.10079541015625,6.778268337249756,0.9176474809646606,1.8598214387893677
1773049234631771100,76.11077124023437,13.14676570892334,-0.4612165689468384,1.9028922319412231
1773049234641671700,76.12067163085938,12.390035629272461,-2.2713868618011475,2.6452653408050537
1773049234651640000,76.13064013671875,6.021538257598877,0.3720839321613312,2.3048863410949707
1773049234661587200,76.14058715820312,12.016755104064941,-0.9834501147270203,1.332802176475525
1773049234671553300,76.15055322265626,14.544772148132324,-1.4380863904953003,4.493122577667236
1773049234681433300,76.16043334960938,7.476972579956055,0.28115665912628174,2.2809581756591797
1773049234691313400,76.1703134765625,9.358927726745605,-0.7100701332092285,0.5431707501411438
1773049234701417700,76.18041772460937,12.845270156860352,-1.031306505203247,2.3718855381011963
1773049234711382300,76.19038232421875,8.190631866455078,-0.973878800868988,2.937189817428589
1773049234721333000,76.2003330078125,9.871589660644531,0.12741780281066895,0.32243284583091736
1773049234731296300,76.21029614257813,9.680164337158203,-0.4468596279621124,3.1381869316101074
1773049234741248500,76.22024853515624,11.892328262329102,-2.0991036891937256,2.5298118591308594
1773049234751210500,76.23021044921875,8.665008544921875,0.3290131092071533,0.1501496136188507
1773049234761163800,76.24016381835938,8.688937187194824,0.7980063557624817,2.8701908588409424
1773049234771125000,76.250125,14.214563369750977,-2.276172637939453,3.8422749042510986
1773049234781079000,76.2600791015625,7.946564197540283,-0.6957131624221802,-0.2566302418708801
1773049234791039500,76.27003955078125,6.869195461273193,1.1042876243591309,1.007378339767456
1773049234800994300,76.27999438476563,14.286347389221191,-0.8542376756668091,4.531407833099365
1773049234810954200,76.28995434570312,6.495915412902832,-0.5234299302101135,-0.9367900490760803
1773049234820871200,76.29987109375,6.806982040405273,-1.3950155973434448,3.487539052963257
1773049234830826800,76.30982666015625,12.701102256774902,-0.8590233325958252,1.984248161315918
1773049234840786400,76.31978637695312,10.599007606506348,0.06520441919565201,0.9116654396057129
1773049234850742500,76.32974243164062,12.332608222961426,-1.2418749332427979,2.946761131286621
1773049234860663000,76.3396630859375,7.731209754943848,-0.9020941257476807,1.8789639472961426
1773049234870615600,76.34961547851563,6.754340171813965,0.06041877344250679,0.18843477964401245
1773049234880578300,76.35957836914062,9.737591743469238,-1.5050854682922363,3.7800614833831787
1773049234890531800,76.36953173828125,8.401200294494629,0.7022934556007385,0.2745763957500458
1773049234900570600,76.37957055664063,7.984848976135254,-1.5912270545959473,2.3431715965270996
1773049234910532900,76.38953295898438,12.021540641784668,-1.222732424736023,2.774477958679199
1773049234920447500,76.39944750976562,6.902695178985596,0.08434699475765228,0.4133601188659668
1773049234930404900,76.40940478515626,12.768699645996094,-0.31764721870422363,1.8789639472961426
1773049234940584700,76.41958471679688,8.923434257507324,-0.9212366938591003,3.4301111698150635
1773049234950764800,76.42976489257812,6.107679843902588,-0.4707878530025482,-0.2231307178735733
1773049234960945000,76.43994482421876,7.036693096160889,-0.6047859191894531,0.6149554252624512
1773049234971051800,76.4500517578125,8.92821979522705,-0.389431893825531,3.4301111698150635
1773049234981009000,76.4600087890625,11.609376907348633,-1.1078768968582153,2.448455810546875
1773049234991002000,76.47000219726563,9.459425926208496,-0.600000262260437,0.37507495284080505
1773049235000963300,76.47996337890625,7.659425258636475,0.0891326442360878,3.6747772693634033
1773049235010953200,76.489953125,12.979268074035645,-0.9643075466156006,2.83669114112854
1773049235020917500,76.49991748046875,12.059825897216797,-4.732405185699463,2.2091734409332275
1773049235030904800,76.50990478515625,15.378072738647461,-7.864011764526367,-1.3483555316925049
1773049235040871700,76.51987158203124,16.780864715576172,-1.423729419708252,-0.39062830805778503
1773049235050857000,76.52985693359375,21.72264289855957,1.9040886163711548,20.175085067749023
1773049235060826000,76.539826171875,12.984053611755371,2.5938198566436768,7.380661487579346
1773049235070809600,76.5498095703125,-2.5782663822174072,0.9032905697822571,-3.934398651123047
1773049235080780300,76.5597802734375,2.190629243850708,-0.32243284583091736,1.5290136337280273
1773049235090762500,76.56976245117187,16.670795440673828,-0.4181457459926605,-0.10348957777023315
1773049235100734500,76.579734375,20.487346649169922,0.3768695592880249,1.677966833114624
1773049235110715600,76.58971557617187,25.03131675720215,0.865005373954773,2.1469600200653076
1773049235120688600,76.59968872070313,-0.9649057388305664,-0.01136590726673603,-0.07956135272979736
1773049235130669000,76.6096689453125,-1.4913266897201538,-0.006580262444913387,-0.07956135272979736
1773049235140642800,76.61964282226562,1.0462616682052612,-0.6717849373817444,-0.03170489892363548
1773049235150622700,76.62962280273437,6.390032768249512,-1.1700903177261353,0.18843477964401245
1773049235160597200,76.63959716796874,28.4315185546875,0.5730810165405273,1.5050854682922363
1773049235170576400,76.64957641601562,7.52004337310791,-2.8217360973358154,-0.2949153780937195
1773049235180551400,76.65955151367187,3.334996461868286,-3.8321053981781006,7.189235687255859
1773049235190530000,76.66953002929688,9.986445426940918,1.4829518795013428,3.5880374908447266
1773049235200505600,76.67950561523438,2.7463622093200684,0.9750752449035645,4.004986763000488
1773049235210484000,76.68948388671875,9.732806205749512,0.1944168359041214,-1.1330015659332275
1773049235220459800,76.69945971679688,10.75274658203125,-0.0687936544418335,-0.6352944374084473
1773049235230438000,76.70943798828125,8.923434257507324,-2.520240545272827,-1.602592945098877
1773049235240414000,76.7194140625,14.032708168029785,0.4486542344093323,-0.29012975096702576
1773049235250391800,76.72939184570312,5.638686656951904,1.1473584175109863,-0.33798620104789734
1773049235260368100,76.7393681640625,4.034298896789551,0.10827522724866867,-0.18484555184841156
1773049235270345700,76.749345703125,6.692126750946045,-0.24107688665390015,0.1740778535604477
1773049235280322300,76.759322265625,12.888340950012207,-0.19322042167186737,-0.15134602785110474
1773049235290300000,76.7692998046875,18.36610984802246,-4.904688358306885,-1.0325030088424683
1773049235300180000,76.77917993164063,14.042279243469238,-13.768301963806152,5.522634506225586
1773049235309998300,76.78899829101563,-2.3820550441741943,-1.9028922319412231,5.3312087059021
1773049235319997700,76.79899780273438,17.087743759155273,3.335594654083252,5.8821563720703125
1773049235329956900,76.80895678710938,22.14916229248047,1.9902302026748657,1.6683956384658813
1773049235339951900,76.81895190429688,11.696117401123047,0.7836494445800781,-1.290927767753601
1773049235349914400,76.82891430664063,-1.0606186389923096,0.13220344483852386,-0.21355941891670227
1773049235360094500,76.83909448242187,0.10767702013254166,1.4207384586334229,0.849452018737793
1773049235370127600,76.84912768554688,2.789433002471924,-0.3846462368965149,6.9690961837768555
1773049235380007700,76.85900756835937,19.285552978515625,-0.03529413416981697,1.9459630250930786
1773049235389823700,76.86882373046875,13.24726390838623,1.4015958309173584,-2.2342982292175293
1773049235399814100,76.87881420898438,7.716853141784668,0.4342973232269287,-0.49591249227523804
1773049235409780500,76.88878051757813,7.275975227355957,-0.19322042167186737,5.149354457855225
1773049235419960300,76.89896020507813,11.566306114196777,-0.04007977992296219,1.0456634759902954
1773049235429993200,76.9089931640625,9.325428009033203,0.0077766734175384045,1.716252088546753
1773049235439955500,76.91895556640625,12.323036193847656,0.0029910283628851175,6.044867992401123
1773049235449944600,76.92894458007812,-1.4386845827102661,0.13698910176753998,-0.2231307178735733
1773049235459909600,76.93890966796874,3.7950167655944824,0.251844584941864,0.04007977992296219
1773049235469896200,76.94889624023438,12.160325050354004,0.15613168478012085,0.7250252366065979
1773049235479863800,76.95886376953125,12.002398490905762,-0.29850462079048157,-0.6544370055198669
1773049235489848600,76.9688486328125,12.629318237304688,-0.3415754437446594,-0.01734796352684498
1773049235499818000,76.97881787109375,10.819746017456055,-0.06400800496339798,0.31764721870422363
1773049235509801200,76.98880126953125,10.560722351074219,-0.3080759048461914,0.576670229434967
1773049235519772200,76.99877221679688,6.4426751136779785,-0.4420739710330963,6.0640106201171875
1773049235529754400,77.00875439453125,12.433106422424316,-0.8590233325958252,4.646263599395752
1773049235539726300,77.01872631835937,7.261618614196777,-0.15493527054786682,-1.908874273300171
1773049235549707500,77.02870751953125,-0.3852444589138031,0.10827522724866867,0.001794616924598813
1773049235559680800,77.0386806640625,13.86521053314209,-0.21236300468444824,4.7473602294921875
1773049235569661000,77.04866088867188,14.606986045837402,-0.8207381963729858,3.1094729900360107
1773049235579541000,77.058541015625,12.993624687194824,-0.45643091201782227,-1.1473584175109863
1773049235589358800,77.06835888671876,4.302295207977295,-0.494716078042984,2.999403238296509
1773049235599538700,77.07853857421875,7.980063438415527,-0.6191428303718567,1.6971094608306885
1773049235609573000,77.08857299804687,12.332608222961426,-1.0791629552841187,2.8175487518310547
1773049235619543000,77.09854296875,8.396414756774902,-0.6526423692703247,-0.08434699475765228
1773049235629526000,77.10852612304687,4.211368083953857,0.12263216078281403,3.4683964252471924
1773049235639497200,77.11849731445312,12.543176651000977,-0.389431893825531,2.0991036891937256
1773049235649479000,77.12847900390625,8.650651931762695,-0.2267199456691742,1.1270195245742798
1773049235659451400,77.13845141601563,5.245665550231934,0.07956135272979736,2.3096721172332764
1773049235669432300,77.14843237304687,12.701102256774902,-0.8590233325958252,3.0041887760162354
1773049235679405800,77.15840576171875,7.568498134613037,0.4055834412574768,1.490728497505188
1773049235689385700,77.1683857421875,9.847661972045898,-0.4707878530025482,1.8023936748504639
1773049235699265800,77.17826586914063,12.136396408081055,-0.9643075466156006,0.9643075466156006
1773049235709083600,77.18808374023438,4.4751763343811035,1.0995019674301147,4.134199142456055
1773049235719263700,77.198263671875,13.826925277709961,0.16091732680797577,1.2849457263946533
1773049235729298200,77.20829809570313,7.716853141784668,-0.4660021960735321,-1.2478569746017456
1773049235739268000,77.21826806640625,-1.0271191596984863,0.050847481936216354,3.9332022666931152
1773049235749250800,77.22825073242187,13.165908813476562,-0.3032902777194977,0.729810893535614
1773049235759222300,77.23822216796874,8.83250617980957,-0.32243284583091736,3.181257724761963
1773049235769204000,77.24820385742187,9.80937671661377,-0.24107688665390015,2.2857437133789062
1773049235779084000,77.258083984375,11.80618667602539,-0.633499801158905,-0.1657029688358307
1773049235788901600,77.26790161132813,8.861220359802246,-1.5146567821502686,4.603192329406738
1773049235798898000,77.27789794921875,14.707484245300293,-1.8263218402862549,3.885345697402954
1773049235818851800,77.29785180664062,-1.649253010749817,0.5587241053581238,0.12622138857841492
1773049235828816400,77.30781640625,13.031909942626953,0.8602197170257568,6.714858531951904
1773049235838806000,77.31780590820313,7.051050186157227,0.3433700501918793,0.6675975322723389
1773049235848773000,77.32777319335938,11.154741287231445,-2.850450038909912,-0.39541393518447876
1773049235858953000,77.33795288085938,10.982458114624023,-1.3184453248977661,1.9507486820220947
1773049235868985600,77.34798559570312,7.400402069091797,1.846660852432251,4.694717884063721
1773049235878947300,77.357947265625,15.488142967224121,-0.10707881301641464,1.0169496536254883
1773049235888937000,77.36793701171875,5.240880012512207,-0.42771705985069275,-0.3332005441188812
1773049235898901500,77.37790161132813,6.394818305969238,-0.07836493849754333,2.86061954498291
1773049235908888600,77.387888671875,13.936995506286621,-0.37028929591178894,4.972285270690918
1773049235918855700,77.39785571289063,9.89551830291748,-0.12143574655056,-0.31405797600746155
1773049235928840700,77.4078408203125,6.332605361938477,-1.5433706045150757,-0.13698910176753998
1773049235938809900,77.41780981445312,9.7998046875,0.2231307178735733,4.617549419403076
1773049235948793300,77.42779345703126,11.413166046142578,-0.030508488416671753,2.496312141418457
1773049235958764000,77.43776391601563,11.628520011901855,-1.5672988891601562,0.4420739710330963
1773049235968746200,77.44774633789062,6.485745906829834,0.9990034699440002,0.19322042167186737
1773049235978626300,77.45762622070312,10.934600830078125,-1.4141582250595093,3.45882511138916
1773049235988443600,77.46744360351562,13.807783126831055,-0.25064817070961,3.3200414180755615
1773049235998623700,77.47762377929688,4.676173686981201,0.9942178130149841,0.13579268753528595
1773049236008658000,77.48765795898437,13.189836502075195,-1.31365966796875,0.3607180118560791
1773049236018626600,77.49762646484375,8.047062873840332,-0.4372883439064026,4.780859470367432
1773049236028610600,77.50761059570313,7.371688365936279,-0.7483552694320679,2.913261651992798
1773049236038580700,77.51758081054687,16.029518127441406,-0.34636107087135315,-0.3475574851036072
1773049236048563200,77.52756323242187,8.38684368133545,-0.2027917206287384,1.8646070957183838
1773049236058418400,77.53741845703125,11.96889877319336,-1.1988041400909424,5.66620397567749
1773049236068388400,77.54738842773438,9.277571678161621,0.10348957777023315,0.049651071429252625
1773049236078489000,77.55748901367187,8.559126853942871,-0.3080759048461914,-0.12741780281066895
1773049236088472000,77.56747216796875,15.449857711791992,-0.4660021960735321,4.0767717361450195
1773049236098352000,77.57735205078124,6.835696220397949,0.44386860728263855,2.83669114112854
1773049236108169500,77.58716943359374,11.331809997558594,-0.849452018737793,-0.0364905446767807
1773049236118349300,77.59734936523438,8.918647766113281,-0.5712863802909851,2.1852452754974365
1773049236128383500,77.60738354492187,5.576473236083984,-0.030508488416671753,3.885345697402954
1773049236138351600,77.6173515625,11.269596099853516,0.4486542344093323,2.237887382507324
1773049236148335900,77.6273359375,9.08135986328125,-0.633499801158905,0.2841476798057556
1773049236158216000,77.6372158203125,9.46899700164795,-0.10229317098855972,1.6875381469726562
1773049236168032800,77.64703271484375,10.106086730957031,-0.020937198773026466,3.449253797531128
1773049236178212900,77.657212890625,12.89791202545166,-0.4612165689468384,0.6101697683334351
1773049236188246800,77.66724682617188,7.534998416900635,0.6640082597732544,0.4899304509162903
1773049236198214100,77.67721411132813,6.236892223358154,-0.39421752095222473,4.2107696533203125
1773049236208199000,77.68719897460937,9.153144836425781,-0.666999340057373,-0.745364248752594
1773049236218168300,77.69716821289063,6.7208404541015625,0.6831508874893188,1.5481562614440918
1773049236228151600,77.70715161132813,12.768699645996094,-0.6765705943107605,3.8709888458251953
1773049236238122500,77.71712255859374,7.165905475616455,-0.31764721870422363,1.5774682760238647
1773049236248104700,77.72710473632813,5.3078789710998535,0.3577269911766052,-0.07956135272979736
1773049236258076700,77.73707666015625,12.662817001342773,-0.9930213689804077,1.8598214387893677
1773049236268057900,77.74705786132813,9.248857498168945,0.6113662123680115,3.1716864109039307
1773049236278030800,77.75703076171875,10.584650993347168,-0.29371899366378784,0.576670229434967
1773049236288011300,77.76701123046875,9.82373332977295,-1.0600204467773438,1.2610175609588623
1773049236297985000,77.77698510742188,7.386045455932617,0.07477571070194244,3.5736806392669678
1773049236307964700,77.78696459960938,12.356535911560059,-0.5952146053314209,0.2027917206287384
1773049236317844700,77.7968447265625,8.937790870666504,0.19920247793197632,2.0129621028900146
1773049236327662800,77.80666284179688,7.199405193328857,-0.2602194547653198,2.4675984382629395
1773049236337842700,77.8168427734375,9.301499366760254,-1.031306505203247,1.7545372247695923
1773049236347877000,77.82687719726563,5.988038539886475,0.8171489238739014,0.5288137793540955
1773049236357847600,77.83684765625,11.93061351776123,-0.9882357716560364,3.276970624923706
1773049236367830000,77.846830078125,12.960125923156738,-0.9595218896865845,2.7696921825408936
1773049236377801700,77.8568017578125,6.361319065093994,1.4638092517852783,2.15653133392334
1773049236387783200,77.866783203125,14.717055320739746,-0.7292127013206482,-1.0947163105010986
1773049236397663200,77.87666333007813,8.990432739257812,-1.1748759746551514,5.249852657318115
1773049236407480800,77.88648071289063,5.480760097503662,0.44386860728263855,1.7641085386276245
1773049236417660700,77.89666064453125,12.725030899047852,-0.3415754437446594,-0.8889335989952087
1773049236427695000,77.90669506835937,10.517651557922363,-0.9260223507881165,3.7944185733795166
1773049236437575000,77.91657495117188,6.6729841232299805,-0.8685946464538574,2.2618155479431152
1773049236447391700,77.92639184570312,11.130812644958496,0.7070791125297546,0.01136590726673603
1773049236457571800,77.93657177734374,11.523235321044922,0.7501499056816101,4.134199142456055
1773049236467605500,77.94660546875,10.814960479736328,-2.142174482345581,1.7545372247695923
1773049236477572400,77.956572265625,6.122036933898926,0.4582255482673645,0.882951557636261
1773049236487557600,77.9665576171875,9.478569030761719,0.8027920126914978,3.152543783187866
1773049236497526800,77.97652685546875,18.725032806396484,-1.5098711252212524,1.831107497215271
1773049236507510300,77.98651025390625,4.953741073608398,0.012562318705022335,0.9451649188995361
1773049236517390300,77.99639038085938,5.801398277282715,-0.07357929646968842,2.046461582183838
1773049236527207400,78.00620751953124,13.0223388671875,-0.4468596279621124,1.007378339767456
1773049236537387500,78.01638745117188,6.150750637054443,-0.7872386574745178,3.300898790359497
1773049236547421400,78.02642138671875,9.296713829040527,-0.11186445504426956,1.5726827383041382
1773049236557389300,78.03638940429687,10.87717342376709,-0.08315058797597885,1.649253010749817
1773049236567373800,78.04637377929687,9.929018020629883,-1.2897313833236694,2.290529489517212
1773049236577343500,78.05634350585937,8.679366111755371,1.2191431522369385,2.4197418689727783
1773049236587326500,78.06632641601563,8.23848819732666,-0.4995017349720001,-0.09391828626394272
1773049236597297700,78.07629760742188,10.589436531066895,-1.3758729696273804,1.9507486820220947
1773049236607279600,78.08627954101563,7.462615489959717,1.0755738019943237,4.024129390716553
1773049236617251800,78.096251953125,9.842875480651855,0.28115665912628174,0.494716078042984
1773049236627232800,78.10623266601563,10.996814727783203,-1.8113667964935303,0.3367897868156433
1773049236637206000,78.1162060546875,5.169095039367676,-0.2267199456691742,3.597608804702759
1773049236647186200,78.12618627929687,11.647662162780762,-0.24586252868175507,2.7840490341186523
1773049236657160200,78.13616015625,11.666805267333984,1.1521440744400024,-0.45284169912338257
1773049236667139800,78.14613989257812,10.249655723571777,-1.9316060543060303,2.788834810256958
1773049236677114400,78.1561142578125,9.34457015991211,-0.45643091201782227,2.242672920227051
1773049236687093500,78.16609350585938,5.3557353019714355,1.4925230741500854,1.984248161315918
1773049236697068500,78.17606860351563,15.919448852539062,-0.7483552694320679,0.12143574655056
1773049236707047200,78.18604711914062,9.172286987304688,-1.3854442834854126,2.717050075531006
1773049236717022700,78.19602270507812,4.613960266113281,0.8219345808029175,1.8789639472961426
1773049236727001000,78.2060009765625,13.089338302612305,0.2470589429140091,1.2562319040298462
1773049236736977000,78.21597680664063,9.411569595336914,-1.0839486122131348,3.1860432624816895
1773049236746955000,78.225955078125,4.479962348937988,0.33858439326286316,2.400599241256714
1773049236756931000,78.23593115234375,11.551949501037598,0.18484555184841156,0.29850462079048157
1773049236766909000,78.24590893554688,12.543176651000977,-0.633499801158905,3.5880374908447266
1773049236776885200,78.25588525390626,9.354142189025879,0.12741780281066895,2.0751755237579346
1773049236786863000,78.26586303710937,9.17707347869873,-0.2554338276386261,-1.1234302520751953
1773049236796743000,78.27574291992188,9.234500885009766,-0.32721850275993347,2.520240545272827
1773049236806561300,78.28556127929687,6.931408882141113,0.28115665912628174,3.6699917316436768
1773049236816741400,78.29574145507813,9.833304405212402,-1.093519926071167,-0.14656038582324982
1773049236826776000,78.30577612304687,9.387641906738281,0.2667997181415558,2.1373889446258545
1773049236836656000,78.31565625,10.264012336730957,0.01734796352684498,3.6358940601348877
1773049236846473500,78.32547338867188,12.031112670898438,-0.4133601188659668,1.1940184831619263
1773049236856653300,78.3356533203125,7.2472615242004395,-0.20757736265659332,1.4093725681304932
1773049236866687500,78.3456875,11.532807350158691,-0.50907301902771,1.989033818244934
1773049236876655900,78.35565576171875,11.69133186340332,-0.006580262444913387,2.92283296585083
1773049236886640000,78.36564013671875,10.685748100280762,-0.14057832956314087,3.348755359649658
1773049236896610000,78.37561010742188,10.096514701843262,-1.2418749332427979,-0.3762713670730591
1773049236906592800,78.3855927734375,6.917052268981934,0.7310073375701904,0.8925228714942932
1773049236916564500,78.395564453125,8.544769287109375,-0.0975075215101242,4.704289436340332
1773049236926546000,78.4055458984375,11.11167049407959,-2.434098720550537,-1.0085747241973877
1773049236936518700,78.4155185546875,4.082155227661133,0.9176474809646606,2.7553353309631348
1773049236946499300,78.42549926757812,16.115659713745117,0.13220344483852386,3.8183467388153076
1773049236956472800,78.43547290039062,13.208979606628418,-1.007378339767456,2.070389747619629
1773049236966452700,78.44545263671876,6.212964057922363,0.3002992272377014,1.6061822175979614
1773049236976427000,78.45542700195313,13.817354202270508,-0.9308080077171326,-0.2805584669113159
1773049236986406400,78.46540649414062,7.256833076477051,0.4773681163787842,4.790431022644043
1773049236996381200,78.47538110351563,7.7216386795043945,-0.3607180118560791,1.2275179624557495
1773049237006360000,78.48536010742187,11.10209846496582,-0.09272187948226929,-0.989432156085968
1773049237016335400,78.49533544921874,5.274379253387451,-0.3080759048461914,4.3447675704956055
1773049237026313700,78.50531372070313,11.992827415466309,-1.184447169303894,2.4819552898406982
1773049237036289500,78.51528955078125,9.153144836425781,1.1856436729431152,0.7489534616470337
1773049237046267600,78.525267578125,9.991230964660645,-0.42293140292167664,2.999403238296509
1773049237056243700,78.53524365234375,14.875579833984375,-0.8063812255859375,2.1230318546295166
1773049237066221600,78.5452216796875,5.12602424621582,0.8745766878128052,0.9451649188995361
1773049237076236800,78.55523681640625,12.763914108276367,-0.7770691514015198,2.640479803085327
1773049237086218500,78.56521850585938,9.952945709228516,0.050847481936216354,-0.2757728099822998
1773049237096098300,78.57509838867188,6.236892223358154,-0.9786644577980042,2.4149563312530518
1773049237105978400,78.58497827148437,11.91625690460205,-0.08315058797597885,3.3104701042175293
1773049237116106000,78.59510595703125,8.47298526763916,0.778863787651062,0.29371899366378784
1773049237126088200,78.60508813476562,9.196215629577637,-0.9930213689804077,2.166102647781372
1773049237136060200,78.61506005859376,10.086943626403809,-0.5330012440681458,2.0895323753356934
1773049237146041300,78.62504125976562,6.974479675292969,1.1282159090042114,4.253840446472168
1773049237156014300,78.63501440429687,16.747365951538086,-1.3854442834854126,0.9786644577980042
1773049237165994800,78.64499487304687,7.755138397216797,-0.3655036687850952,1.1174482107162476
1773049237175968500,78.65496850585937,5.159523963928223,0.8937192559242249,3.449253797531128
1773049237185948400,78.66494848632813,13.529617309570312,-0.11665010452270508,0.5958128571510315
1773049237195923000,78.6749228515625,7.098906517028809,-1.399801254272461,0.6771687865257263
1773049237205902000,78.68490209960937,4.695316314697266,0.5730810165405273,3.1142587661743164
1773049237215782000,78.69478198242187,12.112467765808105,1.0085747241973877,1.4859428405761719
1773049237225600000,78.70460009765625,11.035099983215332,-1.0552347898483276,3.0281169414520264
1773049237235598300,78.71459838867187,7.82692289352417,0.33858439326286316,1.0887342691421509
1773049237245558300,78.72455834960938,11.044671058654785,0.18484555184841156,2.8462624549865723
1773049237255738400,78.73473828125,12.466606140136719,-0.2745763957500458,2.0129621028900146
1773049237265772000,78.74477197265625,9.119645118713379,0.2470589429140091,1.5242279767990112
1773049237275739400,78.75473950195313,8.46341323852539,-0.5712863802909851,1.466800332069397
1773049237285724400,78.76472436523437,7.779066562652588,0.6209374666213989,1.5726827383041382
1773049237295693600,78.77469360351563,7.645068168640137,-0.40378883481025696,0.729810893535614
1773049237305677000,78.78467700195313,9.45464038848877,-0.29371899366378784,2.4532413482666016
1773049237315647700,78.79464770507812,8.554341316223145,0.5539384484291077,3.0759735107421875
1773049237325630000,78.8046298828125,10.700104713439941,-0.18364913761615753,1.8789639472961426
1773049237335602000,78.81460180664062,11.130812644958496,-0.15493527054786682,2.424527645111084
1773049237345583000,78.8245830078125,9.68494987487793,0.3720839321613312,2.11824631690979
1773049237355556000,78.83455615234375,9.981659889221191,-0.2745763957500458,2.314457654953003
1773049237365536500,78.84453662109375,10.043872833251953,-0.7579265832901001,0.8877372145652771
1773049237375510300,78.85451025390626,7.381259441375732,0.23748764395713806,1.9698911905288696
1773049237385490000,78.86448999023438,7.817351341247559,0.5587241053581238,2.434098720550537
1773049237395464400,78.87446435546875,10.197013854980469,-1.4715858697891235,1.3232308626174927
1773049237405443600,78.88444360351562,6.222535133361816,1.0803594589233398,2.572882652282715
1773049237415418600,78.89441870117187,10.331011772155762,0.8745766878128052,2.400599241256714
1773049237425397500,78.9043974609375,14.023137092590332,-1.7682958841323853,1.6396816968917847
1773049237435372800,78.91437280273438,5.705685615539551,0.9032905697822571,2.937189817428589
1773049237445351200,78.92435107421875,12.088540077209473,0.31465616822242737,0.6101697683334351
1773049237455327000,78.93432690429688,12.696316719055176,-0.40378883481025696,1.7545372247695923
1773049237465305000,78.94430517578125,6.687341213226318,-0.42771705985069275,2.7984061241149902
1773049237475281200,78.95428125,7.932207107543945,0.39601215720176697,0.494716078042984
1773049237485259000,78.96425903320312,8.075776100158691,0.6065805554389954,1.6205391883850098
1773049237495235300,78.9742353515625,11.264810562133789,-1.1030912399291992,2.276172637939453
1773049237505213200,78.98421313476562,6.098108291625977,0.6352944374084473,3.056830883026123
1773049237515189500,78.994189453125,8.525627136230469,0.8506484627723694,1.3088740110397339
1773049237525167000,79.0041669921875,13.563117027282715,-0.8207381963729858,2.046461582183838
1773049237535143700,79.01414379882813,7.654639720916748,0.2907279431819916,2.779263496398926
1773049237545121300,79.02412133789062,9.373284339904785,-0.2841476798057556,0.6293123364448547
1773049237555097900,79.03409790039062,9.747162818908691,0.15134602785110474,1.0121639966964722
1773049237565075500,79.04407543945312,9.957731246948242,-0.8781659007072449,3.1716864109039307
1773049237575052000,79.05405200195312,10.220941543579102,-0.26500511169433594,1.6444673538208008
1773049237585029400,79.064029296875,7.400402069091797,1.0660024881362915,2.448455810546875
1773049237595006200,79.07400610351563,10.814960479736328,-0.5330012440681458,2.1852452754974365
1773049237604983600,79.08398364257812,8.47298526763916,0.022133609279990196,2.09431791305542
1773049237614960400,79.09396044921876,7.467401027679443,0.36729827523231506,2.1517457962036133
1773049237624937700,79.10393774414062,11.652447700500488,-0.07836493849754333,1.332802176475525
1773049237634914600,79.11391455078125,8.909076690673828,0.592223584651947,2.534597396850586
1773049237644892000,79.12389184570313,10.819746017456055,-1.404586911201477,2.827120065689087
1773049237654868700,79.13386865234375,10.201799392700195,0.47258245944976807,0.4995017349720001
1773049237664846000,79.14384619140625,9.124430656433105,-0.4707878530025482,2.970689296722412
1773049237674823000,79.15382299804688,13.051053047180176,0.20877377688884735,3.166900873184204
1773049237684800300,79.16380029296874,7.2472615242004395,0.20877377688884735,1.7784653902053833
1773049237694777000,79.17377709960938,11.030314445495605,-1.648654818534851,-0.2757728099822998
1773049237704754200,79.18375415039063,7.8795647621154785,0.5395814776420593,4.828716278076172
1773049237714731300,79.19373120117187,9.814162254333496,1.425524115562439,3.4923245906829834
1773049237724708400,79.20370825195313,14.276776313781738,-0.48514479398727417,1.1413763761520386
1773049237734588400,79.21358837890625,6.265605926513672,-1.179661512374878,1.1365907192230225
1773049237744406800,79.22340673828126,8.176275253295898,0.41515472531318665,2.5872395038604736
1773049237754587000,79.2335869140625,14.3389892578125,0.4247260093688965,3.9188451766967773
1773049237764621800,79.24362182617188,12.05504035949707,-1.2275179624557495,2.017747640609741
1773049237774593500,79.25359350585937,7.874779224395752,-0.13579268753528595,-1.113858938217163
1773049237784575000,79.26357495117188,6.021538257598877,0.7166503667831421,3.1142587661743164
1773049237794548000,79.2735478515625,13.122838020324707,0.7501499056816101,5.139782905578613
1773049237804528400,79.2835283203125,11.059027671813965,-0.7004988193511963,-0.5006981492042542
1773049237814502000,79.293501953125,6.979265213012695,-0.15972091257572174,-0.5682953596115112
1773049237824481800,79.30348168945312,8.075776100158691,1.1234302520751953,5.201996326446533
1773049237834456300,79.31345629882813,14.051851272583008,-0.5234299302101135,3.6358940601348877
1773049237844435500,79.323435546875,9.033503532409668,-0.8350951075553894,-0.01734796352684498
1773049237854410500,79.33341040039062,5.336592674255371,0.43908295035362244,-0.6352944374084473
1773049237864389000,79.34338916015625,14.152349472045898,0.01734796352684498,4.8813581466674805
1773049237874364700,79.35336474609375,10.676176071166992,0.04127619042992592,2.9515466690063477
1773049237884343000,79.36334301757813,8.233702659606934,-0.7148557901382446,-0.8793623447418213
1773049237894318800,79.37331884765625,8.228917121887207,0.01734796352684498,2.18045973777771
1773049237904297000,79.383296875,9.41635513305664,0.6352944374084473,4.172484397888184
1773049237914273000,79.39327294921875,12.524033546447754,-0.7435696125030518,2.6021945476531982
1773049237924251000,79.4032509765625,7.232904434204102,0.47258245944976807,1.0265209674835205
1773049237934227000,79.41322705078124,8.851649284362793,-0.6957131624221802,2.242672920227051
1773049237944204800,79.42320483398437,12.059825897216797,-0.054436713457107544,3.9762730598449707
1773049237954181400,79.43318139648437,8.612366676330566,0.28115665912628174,1.6636099815368652
1773049237964159000,79.44315893554688,12.141181945800781,-0.25064817070961,1.9363917112350464
1773049237974039000,79.4530390625,7.554141044616699,0.50129634141922,3.6747772693634033
1773049237983899600,79.46289965820313,9.483354568481445,-1.0648061037063599,1.1940184831619263
1773049237993779500,79.47277954101563,10.240084648132324,0.8841479420661926,1.2610175609588623
1773049238003730000,79.48272998046875,6.835696220397949,0.23270200192928314,4.435695171356201
1773049238013910000,79.49290991210937,13.376477241516113,-1.093519926071167,0.20757736265659332
1773049238024031000,79.50303100585937,7.0031938552856445,0.6879364848136902,0.39421752095222473
1773049238033997600,79.51299755859375,8.822935104370117,0.5682953596115112,6.150152206420898
1773049238043983000,79.52298315429688,12.624532699584961,-0.16450655460357666,1.1222338676452637
1773049238053952000,79.53295190429688,3.1244282722473145,0.0891326442360878,-1.085145115852356
1773049238063935700,79.54293579101562,12.519248008728027,0.28594231605529785,0.8877372145652771
1773049238073815600,79.55281567382812,12.648460388183594,-0.4468596279621124,4.967499732971191
1773049238083695600,79.56269555664062,6.931408882141113,-0.3367897868156433,2.11824631690979
1773049238093860000,79.57286010742187,8.588438987731934,0.5826523303985596,0.08793623000383377
1773049238103848400,79.58284838867188,8.95693302154541,-1.5290136337280273,1.2370892763137817
1773049238113814300,79.59281420898438,12.471391677856445,-0.16450655460357666,3.751347780227661
1773049238123800600,79.60280053710937,6.582056999206543,1.7126628160476685,1.9794625043869019
1773049238133768400,79.6127685546875,13.2568359375,-0.40378883481025696,0.6771687865257263
1773049238143753000,79.6227529296875,6.835696220397949,-1.5672988891601562,0.7106683254241943
1773049238153723000,79.63272290039062,5.84446907043457,1.290927767753601,4.339982032775879
1773049238163705600,79.64270556640625,16.240087509155273,0.5443671345710754,1.9938194751739502
1773049238173677000,79.65267700195312,8.94257640838623,-0.5521438121795654,-0.6927221417427063
1773049238183658800,79.66265869140625,5.882754325866699,-1.428515076637268,2.1613171100616455
1773049238193631200,79.67263134765625,12.614960670471191,1.693520188331604,4.201198577880859
1773049238203612000,79.68261181640625,13.414761543273926,-0.6765705943107605,0.9116654396057129
1773049238213585400,79.69258544921875,8.62193775177002,-2.1708884239196777,1.7018951177597046
1773049238223565600,79.70256567382812,5.116453170776367,1.578664779663086,2.6835505962371826
1773049238233539600,79.71253955078124,14.58784294128418,0.5970092415809631,2.2474586963653564
1773049238243519000,79.72251904296876,10.527223587036133,-0.7627122402191162,0.6867401003837585
1773049238253493800,79.73249365234375,4.177868366241455,0.8458628058433533,2.032104730606079
1773049238263472600,79.74247265625,15.16750431060791,-0.13100704550743103,3.937987804412842
1773049238273448000,79.75244799804688,8.722436904907227,-0.42293140292167664,1.989033818244934
1773049238283426600,79.76242651367187,5.059025287628174,0.15134602785110474,0.8159525394439697
1773049238293402000,79.77240209960938,13.826925277709961,-0.24107688665390015,2.6596224308013916
1773049238303380500,79.78238037109375,10.896316528320312,-0.50907301902771,2.228316068649292
1773049238313356300,79.79235620117187,9.201001167297363,0.39122650027275085,1.3758729696273804
1773049238323334400,79.80233447265626,10.05823040008545,-0.4707878530025482,1.898106575012207
1773049238333310500,79.812310546875,7.424330234527588,0.33858439326286316,3.128615617752075
1773049238343288300,79.82228833007812,6.821339130401611,0.5156532526016235,0.4468596279621124
1773049238353264600,79.8322646484375,10.359725952148438,-1.1940184831619263,-0.5587241053581238
1773049238363242500,79.84224243164063,9.181859016418457,0.11306086927652359,4.823930263519287
1773049238373218800,79.85221875,12.107682228088379,-0.01136590726673603,1.8502501249313354
1773049238383196400,79.86219653320312,11.887542724609375,0.43908295035362244,-0.7022934556007385
1773049238393173000,79.87217309570312,9.258428573608398,-1.8693926334381104,2.6452653408050537
1773049238403150300,79.882150390625,9.09093189239502,0.9702895879745483,2.6739792823791504
1773049238413127200,79.89212719726562,7.213762283325195,1.262213945388794,1.8406788110733032
1773049238423104500,79.9021044921875,11.700902938842773,-0.6813562512397766,-0.18484555184841156
1773049238433081300,79.91208129882813,4.83888578414917,-1.490728497505188,-0.1178465187549591
1773049238443058700,79.92205859375,8.578866958618164,1.2430713176727295,4.272983074188232
1773049238453035500,79.93203540039063,15.449857711791992,0.6735795736312866,3.8327035903930664
1773049238463012900,79.94201293945312,11.030314445495605,-2.568096876144409,-0.6831508874893188
1773049238472989700,79.95198974609374,4.398007869720459,0.2955136001110077,1.835893154144287
1773049238482966800,79.961966796875,10.541580200195312,1.4015958309173584,5.000999450683594
1773049238492944000,79.97194384765625,16.46022605895996,-0.9834501147270203,1.1174482107162476
1773049238502921000,79.9819208984375,5.547759532928467,-1.2323036193847656,1.5146567821502686
1773049238512898000,79.99189794921875,5.341378211975098,1.3154542446136475,2.4436700344085693
1773049238522875100,80.00187524414062,17.054244995117188,0.9128618240356445,3.214757204055786
1773049238532852200,80.01185229492188,9.31585693359375,-2.352742910385132,1.5002998113632202
1773049238542829300,80.02182934570313,4.9393839836120605,-0.4085744619369507,0.24107688665390015
1773049238552806400,80.03180639648437,8.985647201538086,1.5690934658050537,3.985844373703003
1773049238562783500,80.04178344726563,14.425130844116211,-0.11665010452270508,2.7696921825408936
1773049238572760600,80.05176049804687,6.327819347381592,-0.34636107087135315,-0.4815555512905121
1773049238582737700,80.06173754882812,6.802196502685547,0.49172505736351013,0.9212366938591003
1773049238592714800,80.07171484375,17.484952926635742,0.1657029688358307,6.03529691696167
1773049238602691800,80.08169189453125,10.479366302490234,-0.025722842663526535,3.229114055633545
1773049238612669000,80.0916689453125,6.567699909210205,-1.222732424736023,-2.0476579666137695
1773049238622646000,80.10164599609375,6.582056999206543,0.13220344483852386,1.654038667678833
1773049238632622800,80.11162280273437,12.375679016113281,-0.01615155301988125,3.837489366531372
1773049238642600000,80.12159985351562,11.763115882873535,-0.37028929591178894,2.276172637939453
1773049238652577000,80.13157690429688,4.187439441680908,0.12741780281066895,1.5774682760238647
1773049238662554000,80.14155419921875,12.366106986999512,0.9272187948226929,1.3663017749786377
1773049238672531200,80.15153125,12.112467765808105,-1.8885352611541748,1.9268203973770142
1773049238682508300,80.16150830078125,5.422734260559082,-0.20757736265659332,3.348755359649658
1773049238692485400,80.1714853515625,10.206584930419922,1.9710876941680908,1.2323036193847656
1773049238702462500,80.18146240234375,14.554344177246094,-0.4899304509162903,1.0121639966964722
1773049238712400600,80.19140063476563,4.810171604156494,-1.5242279767990112,4.607978343963623
1773049238722374000,80.20137377929687,5.43709135055542,1.0372886657714844,1.2179467678070068
1773049238732393700,80.21139379882813,13.036696434020996,0.745364248752594,-1.333998680114746
1773049238742371600,80.22137158203125,8.453842163085938,-0.7627122402191162,6.279364585876465
1773049238752348000,80.23134790039063,7.0462646484375,-0.6047859191894531,1.7976080179214478
1773049238762325500,80.24132543945312,9.550353050231934,1.262213945388794,-0.5730810165405273
1773049238772302000,80.25130200195312,12.749557495117188,-1.0791629552841187,6.763313293457031
1773049238782279700,80.26127978515625,7.802994728088379,-1.4620146751403809,1.4476577043533325
1773049238792217300,80.27121728515625,5.389235019683838,0.7692924737930298,-1.0947163105010986
1773049238802191000,80.28119116210938,12.79741382598877,1.085145115852356,0.5623133182525635
1773049238812071000,80.29107080078126,15.196218490600586,-0.13100704550743103,5.551348686218262
1773049238821951000,80.30095092773438,1.0558329820632935,-0.4325026869773865,0.5670989751815796
1773049238832131000,80.31113110351562,10.685748100280762,-0.8159525394439697,2.242672920227051
1773049238842141000,80.32114086914062,15.784852981567383,0.10827522724866867,4.23948335647583
1773049238852118800,80.33111889648437,12.016755104064941,-0.1501496136188507,1.00259268283844
1773049238862095000,80.34109521484375,2.214557409286499,-0.389431893825531,3.190829038619995
1773049238872034000,80.35103393554688,7.82692289352417,0.4247260093688965,0.4133601188659668
1773049238882006800,80.3610068359375,12.102896690368652,0.20398813486099243,1.9363917112350464
1773049238891988200,80.37098828125,10.25922679901123,-0.8398807644844055,2.630908489227295
1773049238901961700,80.38096166992187,11.264810562133789,-1.3184453248977661,1.9459630250930786
1773049238911864800,80.39086474609375,9.449854850769043,0.7070791125297546,1.5146567821502686
1773049238921831200,80.4008310546875,13.242478370666504,0.21355941891670227,4.512265205383301
1773049238931935200,80.41093530273437,12.52881908416748,-0.6909275650978088,0.4133601188659668
1773049238941915600,80.42091552734375,1.9896320104599,-0.29850462079048157,1.9794625043869019
1773049238951850800,80.43085083007813,6.6969122886657715,0.6209374666213989,2.496312141418457
1773049238961826600,80.44082666015625,12.826128005981445,0.5156532526016235,2.2570300102233887
1773049238971804700,80.4508046875,11.00160026550293,0.13220344483852386,1.9411773681640625
1773049238981780700,80.46078076171875,5.6099724769592285,-2.0033907890319824,4.483551502227783
1773049238991720200,80.47072021484375,8.688937187194824,-0.15493527054786682,-0.6735795736312866
1773049239001692400,80.4806923828125,9.244071960449219,1.4111671447753906,0.5042873620986938
1773049239011572500,80.49057250976563,12.643674850463867,0.8410771489143372,8.582456588745117
1773049239021452500,80.50045263671875,6.864409923553467,-0.5473581552505493,1.179661512374878
1773049239031550700,80.51055078125,2.5262224674224854,0.026919255033135414,-0.9463613629341125
1773049239041520000,80.52052001953125,14.693127632141113,1.2239288091659546,0.2793620526790619
1773049239051466000,80.53046606445312,20.707487106323242,0.5108676552772522,1.3758729696273804
1773049239061433000,80.54043310546875,0.5389832854270935,-4.378267288208008,1.8502501249313354
1773049239071381200,80.55038134765626,-3.4067811965942383,-0.8159525394439697,-0.16091732680797577
1773049239081346600,80.5603466796875,21.861425399780273,1.999801516532898,6.80159854888916
1773049239091258000,80.57025805664063,11.106884956359863,0.2907279431819916,2.7936203479766846
1773049239101217800,80.5802177734375,-2.2671995162963867,-0.20757736265659332,-0.5491527915000916
1773049239111097900,80.59009790039063,17.815162658691406,0.16091732680797577,0.6484549641609192
1773049239120978000,80.59997802734375,23.68595314025879,-0.10229317098855972,2.8558337688446045
1773049239131088600,80.61008862304688,1.1563315391540527,-0.6382854580879211,4.1868414878845215
1773049239141047800,80.6200478515625,5.729613780975342,0.0891326442360878,-1.0660024881362915
1773049239151004000,80.63000390625,10.474580764770508,-0.1453639715909958,0.7776673436164856
1773049239160962800,80.639962890625,11.011171340942383,-0.10229317098855972,4.36391019821167
1773049239170919200,80.64991918945313,11.149955749511719,-0.4372883439064026,3.6939198970794678
1773049239180877800,80.6598779296875,9.124430656433105,0.5874379873275757,-2.1194427013397217
1773049239190873000,80.669873046875,12.974482536315918,-0.29371899366378784,5.709274768829346
1773049239200835300,80.67983544921876,5.236093997955322,-0.5330012440681458,2.108675003051758
1773049239210749700,80.68974975585938,5.346164226531982,0.33379876613616943,1.9268203973770142
1773049239220707300,80.69970727539062,15.019149780273438,-0.22193430364131927,1.466800332069397
1773049239230588000,80.709587890625,12.260823249816895,-0.28893333673477173,4.220340728759766
1773049239240537900,80.71953784179688,8.315058708190918,-0.4420739710330963,1.8598214387893677
1773049239250503200,80.72950317382812,9.78544807434082,1.0372886657714844,1.155733346939087
1773049239260454400,80.73945434570312,11.623734474182129,-0.6526423692703247,3.3678979873657227
1773049239270495200,80.7494951171875,6.208178520202637,0.7980063557624817,2.3958137035369873
1773049239280455700,80.75945556640625,3.737588882446289,-0.06400800496339798,-0.711864709854126
1773049239290635800,80.7696357421875,8.803792953491211,-0.24107688665390015,1.9507486820220947
1773049239300815600,80.77981567382812,9.780662536621094,0.4295116662979126,2.6739792823791504
1773049239310995700,80.78999560546875,13.309477806091309,-0.8638089895248413,3.5497524738311768
1773049239321061400,80.80006127929687,7.779066562652588,0.7932206988334656,1.0169496536254883
1773049239331018200,80.81001831054688,8.434700012207031,0.07477571070194244,1.423729419708252
1773049239341011500,80.82001147460937,14.506486892700195,-0.4085744619369507,1.5481562614440918
1773049239350972400,80.82997241210937,6.835696220397949,-0.6717849373817444,4.454837322235107
1773049239360962600,80.83996264648438,10.786246299743652,0.1178465187549591,-0.9702895879745483
1773049239370926600,80.84992651367187,8.429914474487305,0.7501499056816101,4.311268329620361
1773049239380914200,80.8599140625,9.952945709228516,-0.3607180118560791,1.2610175609588623
1773049239390880800,80.869880859375,5.030311584472656,-0.2027917206287384,-0.8219345808029175
1773049239400866300,80.8798662109375,7.2472615242004395,-0.10707881301641464,3.166900873184204
1773049239410835000,80.8898349609375,15.938591957092285,-0.08315058797597885,2.640479803085327
1773049239420818700,80.89981860351563,9.761520385742188,-0.3128615617752075,3.717848300933838
1773049239430789000,80.9097890625,8.511270523071289,-0.24586252868175507,0.48514479398727417
1773049239440771600,80.919771484375,9.583852767944336,0.5443671345710754,0.6245267391204834
1773049239450743300,80.92974340820312,10.498509407043457,-0.4995017349720001,5.407779216766357
1773049239460724700,80.93972485351563,12.643674850463867,0.251844584941864,0.049651071429252625
1773049239470697700,80.94969775390625,5.992824077606201,-1.222732424736023,0.6005984544754028
1773049239480678100,80.95967822265625,9.124430656433105,0.5491527915000916,2.83669114112854
1773049239490652000,80.96965185546875,10.0343017578125,0.5587241053581238,2.290529489517212
1773049239500631600,80.97963159179687,10.273584365844727,0.39122650027275085,0.29850462079048157
1773049239510606000,80.98960620117188,8.765507698059082,-0.21236300468444824,1.587039589881897
1773049239520585200,80.99958520507812,6.739983081817627,0.6879364848136902,2.520240545272827
1773049239530560300,81.00956030273437,12.42832088470459,-0.16450655460357666,2.324028968811035
1773049239540539000,81.01953881835938,12.20339584350586,-1.7874385118484497,0.18364913761615753
1773049239550514400,81.02951440429688,7.141977310180664,1.7174484729766846,4.766502857208252
1773049239560492800,81.03949291992187,11.403594970703125,-0.08315058797597885,1.7353945970535278
1773049239570468600,81.04946850585938,12.136396408081055,-1.3471591472625732,-0.10348957777023315
1773049239580446700,81.05944677734375,4.211368083953857,-0.01615155301988125,2.5058834552764893
1773049239590422800,81.0694228515625,12.332608222961426,0.2907279431819916,2.4915266036987305
1773049239600400600,81.07940063476562,11.911471366882324,-0.29371899366378784,1.2131611108779907
1773049239610377000,81.089376953125,8.559126853942871,0.01734796352684498,1.5433706045150757
1773049239620354600,81.0993544921875,9.296713829040527,0.06041877344250679,2.812762975692749
1773049239630331100,81.1093310546875,9.162715911865234,-0.0687936544418335,1.716252088546753
1773049239640308700,81.11930883789063,10.65224838256836,0.07477571070194244,1.3519448041915894
1773049239650285300,81.12928540039063,10.465009689331055,-0.7824530005455017,2.7122645378112793
1773049239660262700,81.1392626953125,9.54078197479248,1.2143574953079224,1.9507486820220947
1773049239670239200,81.1492392578125,11.528020858764648,-1.0169496536254883,2.3910279273986816
1773049239680216800,81.159216796875,9.248857498168945,0.20877377688884735,1.2562319040298462
1773049239690193400,81.169193359375,4.268795490264893,1.26699960231781,3.0185458660125732
1773049239700170800,81.17917065429687,10.838888168334961,-0.3367897868156433,2.008176326751709
1773049239710147600,81.18914770507813,9.033503532409668,0.07956135272979736,0.3607180118560791
1773049239720125000,81.199125,8.755936622619629,-0.666999340057373,3.9571304321289062
1773049239730101800,81.20910180664063,10.996814727783203,1.0995019674301147,3.0281169414520264
1773049239740079000,81.2190791015625,7.927421569824219,-1.0360921621322632,2.3958137035369873
1773049239750056000,81.22905590820312,12.960125923156738,-0.8303094506263733,-0.6592226624488831
1773049239760033300,81.239033203125,5.173880577087402,0.7022934556007385,5.087141036987305
1773049239770010000,81.24901000976563,10.848459243774414,-0.049651071429252625,1.5098711252212524
1773049239779987200,81.2589873046875,10.680961608886719,0.38644084334373474,0.3080759048461914
1773049239789964300,81.26896435546875,7.7838521003723145,-0.389431893825531,3.166900873184204
1773049239799941400,81.27894140625,10.24487018585205,-0.12622138857841492,2.999403238296509
1773049239809918500,81.28891845703124,9.981659889221191,-0.2841476798057556,-0.13220344483852386
1773049239819895600,81.2988955078125,10.005587577819824,0.5300102233886719,3.4301111698150635
1773049239829872600,81.30887255859375,9.449854850769043,-0.5473581552505493,1.9986051321029663
1773049239839849700,81.318849609375,9.598209381103516,0.1944168359041214,1.0839486122131348
1773049239849826800,81.32882690429688,7.433901786804199,0.5874379873275757,2.8941190242767334
1773049239859804000,81.33880395507812,12.035898208618164,-0.7387840151786804,1.2562319040298462
1773049239869781000,81.34878100585938,8.755936622619629,0.7836494445800781,1.965105652809143
1773049239879758000,81.35875805664062,9.057432174682617,-1.5720844268798828,1.9507486820220947
1773049239889735200,81.36873510742187,12.624532699584961,0.39601215720176697,2.347957134246826
1773049239899712300,81.37871215820313,7.606783390045166,0.8219345808029175,2.726621389389038
1773049239909689300,81.388689453125,10.695319175720215,-0.5042873620986938,2.534597396850586
1773049239919666400,81.39866650390626,5.710471153259277,-0.6622136831283569,1.7306089401245117
1773049239929643300,81.40864331054688,6.480959892272949,0.711864709854126,0.6819544434547424
1773049239939620400,81.41862036132812,15.143576622009277,-0.08793623000383377,4.105485439300537
1773049239949597700,81.42859765625,6.783053874969482,-0.2554338276386261,2.3814568519592285
1773049239959574800,81.43857470703125,8.171489715576172,0.5826523303985596,1.0456634759902954
1773049239969551600,81.44855151367187,11.863615036010742,-0.5234299302101135,3.3678979873657227
1773049239979528700,81.45852880859375,10.795817375183105,-0.6957131624221802,1.80717933177948
1773049239989505800,81.468505859375,10.25922679901123,1.3250255584716797,1.563111424446106
1773049239999483000,81.47848291015625,10.65224838256836,-0.6526423692703247,2.774477958679199
1773049240009460000,81.4884599609375,10.896316528320312,-1.0456634759902954,1.831107497215271
1773049240019437000,81.49843701171875,4.8436713218688965,0.7310073375701904,2.017747640609741
1773049240029414100,81.5084140625,9.306285858154297,1.3680963516235352,3.449253797531128
1773049240039391200,81.51839111328125,13.419548034667969,-1.831107497215271,0.01136590726673603
1773049240049368300,81.52836840820312,6.99840784072876,0.20877377688884735,3.5880374908447266
1773049240059345400,81.53834545898438,10.240084648132324,0.33858439326286316,3.401397466659546
1773049240069322500,81.54832250976563,15.325430870056152,-0.04007977992296219,0.7010970115661621
1773049240079299600,81.55829956054687,7.347760200500488,-0.39900317788124084,4.296911239624023
1773049240089276700,81.56827661132813,10.38365364074707,0.15134602785110474,1.074377417564392
1773049240099253800,81.57825366210938,9.244071960449219,-0.5186443328857422,1.552941918373108
1773049240109230800,81.58823095703124,10.925029754638672,-0.9020941257476807,2.6261229515075684
1773049240119208000,81.5982080078125,10.853245735168457,0.50129634141922,1.1413763761520386
1773049240129088000,81.608087890625,7.946564197540283,0.2955136001110077,4.330410957336426
1773049240138906400,81.61790625,11.69133186340332,0.43908295035362244,0.0687936544418335
1773049240149086200,81.62808618164063,5.9306111335754395,-1.0504491329193115,1.3184453248977661
1773049240159121200,81.63812109375,8.343772888183594,0.1704886108636856,2.7314071655273438
1773049240169093000,81.64809301757812,12.720245361328125,0.7405785918235779,2.4197418689727783
1773049240179074300,81.65807421875,11.901900291442871,0.8123632669448853,1.0121639966964722
1773049240189047300,81.66804736328125,11.480164527893066,-2.6494529247283936,1.4715858697891235
1773049240199027700,81.67802783203125,5.485546112060547,0.47258245944976807,1.5966109037399292
1773049240209001500,81.68800146484375,8.401200294494629,1.4685949087142944,2.410170555114746
1773049240218981000,81.69798120117187,15.258431434631348,-0.9355936646461487,2.6835505962371826
1773049240228861200,81.70786108398437,5.279164791107178,0.03170489892363548,0.4995017349720001
1773049240238679000,81.71767895507813,5.74397087097168,-0.29850462079048157,1.4859428405761719
1773049240248676900,81.7276767578125,12.346964836120605,1.3728820085525513,4.521836757659912
1773049240258637300,81.73763720703126,7.798209190368652,0.0891326442360878,1.3854442834854126
1773049240268817200,81.74781713867188,9.737591743469238,-0.9068797826766968,-0.10827522724866867
1773049240278851000,81.75785107421875,6.040680885314941,-0.5186443328857422,3.5401811599731445
1773049240288818000,81.76781787109375,11.743973731994629,0.6592226624488831,3.071187973022461
1773049240298803200,81.77780322265625,13.754542350769043,-0.26500511169433594,1.098305583000183
1773049240308772000,81.78777221679688,8.95693302154541,-1.6151553392410278,1.5726827383041382
1773049240318755800,81.797755859375,7.007979393005371,1.1904292106628418,3.45882511138916
1773049240328726300,81.80772631835937,7.481758117675781,1.022931694984436,2.266601324081421
1773049240338708700,81.81770874023438,11.532807350158691,-1.7060825824737549,1.74496591091156
1773049240348680400,81.82768041992188,4.781457901000977,-0.7387840151786804,0.3655036687850952
1773049240358661600,81.83766162109374,6.912266254425049,1.1665010452270508,0.45164528489112854
1773049240368634600,81.84763452148438,17.997615814208984,-0.001794616924598813,5.738586902618408
1773049240378615000,81.85761499023438,7.342974662780762,0.022133609279990196,-0.15134602785110474
1773049240388588800,81.8675888671875,5.5621161460876465,0.6065805554389954,-0.3284149169921875
1773049240398568400,81.877568359375,15.62692642211914,-0.4372883439064026,4.153341770172119
1773049240408543000,81.88754296875,8.23848819732666,-0.14057832956314087,1.9028922319412231
1773049240418522400,81.8975224609375,7.8077802658081055,-0.2602194547653198,1.6827524900436401
1773049240428402200,81.90740209960937,10.503294944763184,0.0891326442360878,0.7441678643226624
1773049240438220300,81.91722021484375,4.3070807456970215,-0.42293140292167664,2.6596224308013916
1773049240448400100,81.92740014648437,10.762317657470703,0.4486542344093323,2.8223342895507812
1773049240458434800,81.93743481445313,10.7766752243042,-0.2841476798057556,0.729810893535614
1773049240468405200,81.9474052734375,7.616354465484619,-0.4325026869773865,1.80717933177948
1773049240478387700,81.9573876953125,8.60758113861084,0.09870393574237823,4.704289436340332
1773049240488359700,81.96735961914062,12.533604621887207,-0.20757736265659332,-0.3762713670730591
1773049240498340900,81.9773408203125,8.310273170471191,-0.6622136831283569,1.8646070957183838
1773049240508313900,81.98731396484375,9.795019149780273,-0.18843477964401245,3.1094729900360107
1773049240518294300,81.99729418945313,9.56471061706543,0.31465616822242737,2.472383975982666
1773049240528267800,82.00726782226562,10.757532119750977,-1.1030912399291992,0.2602194547653198
1773049240538247700,82.01724755859375,6.85962438583374,0.6017948985099792,4.158127784729004
1773049240548127700,82.02712768554687,9.44028377532959,-0.6526423692703247,0.16929219663143158
1773049240557945600,82.03694555664063,10.096514701843262,0.9272187948226929,3.5401811599731445
1773049240568125400,82.04712548828125,7.146762847900391,0.08434699475765228,2.486740827560425
1773049240578159900,82.05715991210937,13.103694915771484,-0.7052844762802124,-0.9655039310455322
1773049240588130300,82.06713037109375,5.638686656951904,-1.1413763761520386,5.422136306762695
1773049240598112800,82.07711279296875,12.619746208190918,0.7692924737930298,1.8837496042251587
1773049240608084500,82.08708447265624,11.547163963317871,-0.8542376756668091,-0.050847481936216354
1773049240618066000,82.09706591796875,10.115657806396484,-1.3806586265563965,3.6699917316436768
1773049240628038700,82.10703857421875,7.980063438415527,0.5587241053581238,2.9754750728607178
1773049240638019300,82.11701928710937,7.213762283325195,-0.0975075215101242,-1.0516455173492432
1773049240647899100,82.12689916992187,11.149955749511719,0.09391828626394272,4.766502857208252
1773049240657717000,82.13671704101563,8.688937187194824,-1.0504491329193115,-0.01734796352684498
1773049240667897000,82.14689697265625,8.645866394042969,-0.389431893825531,1.984248161315918
1773049240677931300,82.15693115234374,8.588438987731934,1.046859860420227,3.6508491039276123
1773049240687901000,82.16690087890625,13.898710250854492,-0.6813562512397766,0.23629122972488403
1773049240697884200,82.17688427734375,10.86281681060791,-1.495514154434204,0.39421752095222473
1773049240707855400,82.18685546875,3.799802303314209,0.7405785918235779,3.7704901695251465
1773049240717837000,82.19683715820312,14.3389892578125,0.3768695592880249,1.5337992906570435
1773049240727809300,82.20680932617188,12.011969566345215,-1.1653046607971191,1.557727575302124
1773049240737790200,82.21679028320312,5.935396671295166,-0.6095715761184692,1.7688941955566406
1773049240747763500,82.22676342773437,7.6498541831970215,1.089930772781372,1.9411773681640625
1773049240757743600,82.23674365234375,9.057432174682617,-0.11665010452270508,2.994617462158203
1773049240767717600,82.24671752929687,10.910673141479492,-1.648654818534851,1.3758729696273804
1773049240777697300,82.256697265625,6.802196502685547,0.49172505736351013,-0.26141586899757385
1773049240787672000,82.26667211914062,12.04068374633789,-0.3607180118560791,4.694717884063721
1773049240797651000,82.27665087890625,13.342977523803711,-0.45643091201782227,1.7545372247695923
1773049240807626000,82.2866259765625,6.380461692810059,-0.14057832956314087,-0.6161518096923828
1773049240817604600,82.2966044921875,9.038289070129395,-0.5234299302101135,2.812762975692749
1773049240827484700,82.30648461914062,9.110074043273926,-0.5186443328857422,2.352742910385132
1773049240837302800,82.316302734375,7.836493968963623,0.022133609279990196,2.3048863410949707
1773049240847483000,82.32648291015624,12.490533828735352,-0.39900317788124084,0.5186443328857422
1773049240857517600,82.336517578125,8.305487632751465,-0.4372883439064026,1.649253010749817
1773049240867488500,82.34648852539063,9.157930374145508,-0.07357929646968842,5.599205017089844
1773049240877470500,82.35647045898438,10.714461326599121,0.2667997181415558,-0.28534409403800964
1773049240887481600,82.36648168945312,9.282357215881348,-0.9930213689804077,0.576670229434967
1773049240897466400,82.37646630859375,10.728818893432617,-0.3655036687850952,3.76570463180542
1773049240907396900,82.38639697265624,8.889934539794922,0.3529413342475891,1.5966109037399292
1773049240917376300,82.39637622070312,11.858829498291016,-0.9020941257476807,1.811964988708496
1773049240927256300,82.40625634765625,9.382855415344238,-0.37507495284080505,1.3519448041915894
1773049240937074200,82.41607421875,7.45782995223999,-0.28893333673477173,3.0137600898742676
1773049240947254300,82.42625415039062,12.850055694580078,-0.1740778535604477,2.276172637939453
1773049240957288700,82.43628881835937,8.976076126098633,0.13220344483852386,0.2793620526790619
1773049240967259100,82.44625903320312,7.549355506896973,-0.633499801158905,2.8175487518310547
1773049240977241600,82.45624169921875,10.886744499206543,-0.054436713457107544,1.1365907192230225
1773049240987213300,82.46621337890625,8.080561637878418,-0.26979073882102966,3.7082769870758057
1773049240997194800,82.47619482421875,13.83649730682373,-0.32243284583091736,0.3032902777194977
1773049241007167500,82.48616748046875,8.061419486999512,-0.1453639715909958,2.3670997619628906
1773049241017148200,82.49614819335937,11.216954231262207,-0.4468596279621124,3.1094729900360107
1773049241027121700,82.50612158203126,9.387641906738281,-0.11665010452270508,1.2275179624557495
1773049241037101600,82.5161015625,8.48734188079834,-1.3854442834854126,1.2993026971817017
1773049241047075800,82.52607592773437,11.494522094726562,1.1856436729431152,2.0991036891937256
1773049241057055200,82.53605517578124,8.075776100158691,-0.542572557926178,2.0991036891937256
1773049241067030000,82.54603002929687,13.563117027282715,-1.2945170402526855,1.7736797332763672
1773049241077009000,82.5560087890625,3.7232320308685303,0.486939400434494,2.946761131286621
1773049241086984200,82.56598413085938,10.149157524108887,0.30508488416671753,0.4181457459926605
1773049241096962800,82.575962890625,13.601402282714844,-1.1318050622940063,4.0528435707092285
1773049241106938400,82.5859384765625,6.950551509857178,0.2955136001110077,2.410170555114746
1773049241116916500,82.59591650390625,9.818947792053223,-0.9116654396057129,0.25064817070961
1773049241126796500,82.60579663085937,10.570294380187988,-0.0687936544418335,4.804787635803223
1773049241136614700,82.61561474609375,8.276773452758789,0.0029910283628851175,0.8733802437782288
1773049241146613800,82.62561376953126,9.795019149780273,-0.5377869009971619,0.054436713457107544
1773049241156573200,82.6355732421875,6.854838848114014,-0.916451096534729,4.6749773025512695
1773049241166567700,82.64556762695312,8.482556343078613,0.7501499056816101,0.5186443328857422
1773049241176530700,82.65553076171875,11.480164527893066,-0.5042873620986938,1.093519926071167
1773049241186710800,82.66571069335937,11.135598182678223,-0.32721850275993347,3.142972469329834
1773049241196744000,82.67574389648438,5.916254043579102,0.47258245944976807,0.9643075466156006
1773049241206708700,82.68570874023438,8.889934539794922,-0.47557350993156433,0.389431893825531
1773049241216695800,82.69569580078125,12.998411178588867,-0.8638089895248413,4.000201225280762
1773049241226663200,82.7056630859375,9.129216194152832,-0.1740778535604477,1.031306505203247
1773049241236648000,82.71564794921875,8.042277336120605,0.10827522724866867,2.994617462158203
1773049241246528000,82.72552807617187,13.165908813476562,-0.7100701332092285,0.7250252366065979
1773049241256344800,82.7353447265625,9.608379364013672,-0.7579265832901001,1.8885352611541748
1773049241266338600,82.74533862304688,5.8923258781433105,-0.5617151260375977,3.6939198970794678
1773049241276302000,82.75530200195313,9.790233612060547,0.8937192559242249,0.4995017349720001
1773049241286482200,82.76548217773437,9.804591178894043,-1.2993026971817017,0.9068797826766968
1773049241296515300,82.77551538085937,10.613365173339844,-1.093519926071167,3.875774383544922
1773049241306479600,82.78547973632813,7.074978351593018,1.0995019674301147,1.2035897970199585
1773049241316467000,82.79546704101563,12.893126487731934,-1.4763715267181396,1.6971094608306885
1773049241326433800,82.80543383789062,12.437891960144043,-1.2610175609588623,4.048057556152344
1773049241336419000,82.81541918945312,5.193023204803467,0.3529413342475891,0.5718846321105957
1773049241346388000,82.82538793945312,12.3278226852417,-0.6909275650978088,3.2338998317718506
1773049241356371700,82.83537182617188,12.284751892089844,-0.9451649188995361,2.300100803375244
1773049241366342100,82.84534204101563,5.973681926727295,0.5156532526016235,1.1222338676452637
1773049241376324400,82.85532446289062,9.7998046875,-0.08315058797597885,4.55055046081543
1773049241386296300,82.86529638671875,9.5264253616333,-0.8877372145652771,1.007378339767456
1773049241396277800,82.87527783203124,7.601997375488281,-0.4468596279621124,0.37028929591178894
1773049241406250500,82.88525048828124,12.78305721282959,-1.0169496536254883,4.311268329620361
1773049241416231000,82.89523095703125,13.38126277923584,0.08434699475765228,2.046461582183838
1773049241426204700,82.90520458984375,8.47298526763916,-0.01136590726673603,2.8701908588409424
1773049241436184600,82.9151845703125,10.455438613891602,-1.3184453248977661,1.490728497505188
1773049241446158800,82.92515893554688,4.350151538848877,0.09870393574237823,0.4181457459926605
1773049241456138000,82.93513793945313,9.401998519897461,0.2566302418708801,4.392624378204346
1773049241466113000,82.94511303710938,16.21615982055664,-1.960319995880127,2.3910279273986816
1773049241476092000,82.955091796875,6.361319065093994,-0.4085744619369507,-0.5874379873275757
1773049241486067200,82.96506713867187,6.27996301651001,1.3489537239074707,3.387040376663208
1773049241496045600,82.97504565429688,15.655640602111816,-1.4380863904953003,2.6979074478149414
1773049241506021400,82.985021484375,8.923434257507324,-1.710868239402771,-0.7310073375701904
1773049241515999500,82.99499951171875,4.613960266113281,0.8554341197013855,3.5736806392669678
1773049241525975600,83.0049755859375,18.270397186279297,-0.3415754437446594,2.3718855381011963
1773049241535953400,83.01495336914063,8.722436904907227,-1.3280165195465088,3.0424740314483643
1773049241545929700,83.0249296875,4.982454776763916,-0.19322042167186737,-0.2566302418708801
1773049241555907300,83.0349072265625,8.539983749389648,0.44386860728263855,1.8454644680023193
1773049241565884000,83.0448837890625,10.29751205444336,-0.6574280261993408,4.34955358505249
1773049241575861500,83.05486157226562,8.602795600891113,-0.6287141442298889,0.8446664214134216
1773049241585837800,83.064837890625,6.040680885314941,-0.32721850275993347,0.39900317788124084
1773049241595815400,83.0748154296875,13.352548599243164,-0.5952146053314209,4.636692047119141
1773049241605675800,83.08467578125,10.872387886047363,-0.1740778535604477,2.434098720550537
1773049241615641600,83.0946416015625,8.47298526763916,-0.42771705985069275,1.7497515678405762
1773049241625746200,83.10474609375,9.704092025756836,0.07956135272979736,1.9459630250930786
1773049241635726000,83.11472607421875,8.712865829467773,-0.7339983582496643,2.937189817428589
1773049241645700400,83.12470043945312,9.157930374145508,-0.45164528489112854,2.3670997619628906
1773049241655679500,83.13467944335937,8.02791976928711,0.6687939167022705,-0.5874379873275757
1773049241665654500,83.14465454101563,9.464211463928223,-2.3048863410949707,2.5920250415802
1773049241675633400,83.15463330078126,9.804591178894043,0.5204389095306396,2.9754750728607178
1773049241685608700,83.16460864257813,6.011966705322266,0.1944168359041214,1.7114664316177368
1773049241695587000,83.17458715820312,17.006389617919922,-2.754737138748169,0.26979073882102966
1773049241705563000,83.18456298828124,6.485745906829834,0.865005373954773,3.119044303894043
1773049241715541000,83.194541015625,10.302297592163086,-0.0687936544418335,0.5623133182525635
1773049241725517000,83.20451708984375,14.295918464660645,-1.6247265338897705,4.838287353515625
1773049241735495000,83.21449487304687,5.758327484130859,-0.5856433510780334,-1.1856436729431152
1773049241745471000,83.22447094726563,8.181060791015625,0.7070791125297546,-0.8123632669448853
1773049241755448800,83.23444873046876,11.1978120803833,-0.9595218896865845,8.03210735321045
1773049241765425400,83.24442529296876,7.309474945068359,-0.11186445504426956,-1.4679967164993286
1773049241775403000,83.25440307617187,11.169097900390625,-1.1509476900100708,-0.251844584941864
1773049241785379600,83.26437963867187,9.842875480651855,-0.5952146053314209,6.020939826965332
1773049241795357000,83.27435693359375,6.476174354553223,0.12741780281066895,0.8733802437782288
1773049241805237000,83.28423706054687,13.759328842163086,0.3481557071208954,3.52103853225708
1773049241815055400,83.29405541992188,7.817351341247559,-2.4915266036987305,0.7393822073936462
1773049241825235200,83.30423510742187,7.630711555480957,0.2183450609445572,-1.1569297313690186
1773049241835270100,83.31427026367187,10.743175506591797,0.2955136001110077,7.490731239318848
1773049241845241600,83.32424169921875,13.457832336425781,-1.6869399547576904,2.1230318546295166
1773049241855223000,83.33422314453125,5.653043270111084,-0.37507495284080505,-1.2239288091659546
1773049241865196000,83.34419604492187,4.9154558181762695,0.9798609018325806,3.4540395736694336
1773049241875176400,83.35417651367187,16.354942321777344,-0.18364913761615753,3.071187973022461
1773049241885150200,83.36415014648438,9.56471061706543,-0.7292127013206482,-0.47676992416381836
1773049241895129900,83.3741298828125,5.346164226531982,-0.8446664214134216,3.568894863128662
1773049241905104100,83.38410424804688,14.23849105834961,1.1808580160140991,0.7680960893630981
1773049241915083500,83.39408349609376,9.143573760986328,-2.084746837615967,2.290529489517212
1773049241925058300,83.40405834960937,9.622735977172852,-2.5298118591308594,1.399801254272461
1773049241935037200,83.414037109375,3.7806596755981445,1.2717852592468262,0.50907301902771
1773049241945012500,83.42401245117188,13.649258613586426,0.9990034699440002,3.62153697013855
1773049241954991000,83.4339912109375,15.862021446228027,-0.8590233325958252,3.0855448246002197
1773049241964966700,83.44396655273438,-0.6149554252624512,-0.10707881301641464,-0.4863412082195282
1773049241974945000,83.45394506835937,6.7208404541015625,0.711864709854126,1.5481562614440918
1773049241984920800,83.4639208984375,18.667606353759766,0.1704886108636856,1.1078768968582153
1773049241994899000,83.47389892578126,0.8069794178009033,-1.9794625043869019,1.8454644680023193
1773049242004875000,83.483875,-1.6875381469726562,-0.6909275650978088,0.025722842663526535
1773049242014852900,83.49385278320312,22.60379981994629,-0.32721850275993347,4.7473602294921875
1773049242024829200,83.5038291015625,12.457035064697266,0.2715853750705719,2.568096876144409
1773049242034806800,83.51380688476563,4.311866283416748,-0.8781659007072449,1.1988041400909424
1773049242044783400,83.52378344726563,5.5621161460876465,0.28115665912628174,0.35114672780036926
1773049242054761000,83.53376098632812,10.972886085510254,0.38644084334373474,3.008974552154541
1773049242064737500,83.54373754882812,10.704890251159668,-0.8303094506263733,4.1389851570129395
1773049242074715000,83.55371484375,9.076574325561523,-1.1270195245742798,-1.2287144660949707
1773049242084691700,83.56369165039062,16.0582332611084,0.24227328598499298,4.134199142456055
1773049242094669000,83.5736689453125,6.725626468658447,-0.006580262444913387,1.7641085386276245
1773049242104646000,83.58364599609375,1.8843477964401245,0.3242274820804596,1.6396816968917847
1773049242114623000,83.593623046875,11.595020294189453,-0.8925228714942932,0.8446664214134216
1773049242124638700,83.603638671875,10.249655723571777,-1.2562319040298462,2.8941190242767334
1773049242134620000,83.61361987304687,11.647662162780762,0.1417747437953949,2.970689296722412
1773049242144554000,83.62355395507812,11.940184593200684,0.16091732680797577,-0.2709871530532837
1773049242154530600,83.63353051757812,9.622735977172852,-0.6526423692703247,2.568096876144409
1773049242164508200,83.64350805664063,10.354940414428711,-1.5672988891601562,2.7936203479766846
1773049242174484700,83.65348461914063,7.223333358764648,1.085145115852356,1.893320918083191
1773049242184364800,83.66336474609375,9.095717430114746,-0.37028929591178894,2.1278176307678223
1773049242194244900,83.67324487304687,12.686745643615723,-0.882951557636261,0.9355936646461487
1773049242204416500,83.68341650390624,5.322235584259033,-0.1740778535604477,2.376671075820923
1773049242214393000,83.69339306640624,10.364511489868164,1.200000524520874,3.1142587661743164
1773049242224409600,83.70340966796876,13.175479888916016,-1.4333007335662842,-0.09870393574237823
1773049242234390300,83.71339038085938,9.320642471313477,-0.32721850275993347,1.1413763761520386
1773049242244324900,83.72332495117188,8.425128936767578,-0.9547362327575684,3.937987804412842
1773049242254301000,83.73330102539063,10.541580200195312,0.23748764395713806,1.1270195245742798
1773049242264279000,83.74327905273438,10.350153923034668,-1.184447169303894,1.5433706045150757
1773049242274255400,83.75325537109374,10.321440696716309,-1.093519926071167,3.434896945953369
1773049242284194300,83.7631943359375,7.309474945068359,0.836291491985321,2.5010979175567627
1773049242294166800,83.77316674804688,9.962516784667969,-0.4468596279621124,1.8406788110733032
1773049242304187100,83.78318725585937,12.480962753295898,-0.494716078042984,1.8263218402862549
1773049242314164500,83.79316455078126,6.783053874969482,-1.8550357818603516,2.86061954498291
1773049242324141300,83.80314135742188,10.230513572692871,1.109073281288147,1.1174482107162476
1773049242334118700,83.81311865234375,8.267202377319336,1.0803594589233398,3.861417531967163
1773049242344095500,83.82309545898437,12.964911460876465,-2.4532413482666016,0.20757736265659332
1773049242354072800,83.83307275390625,4.3788652420043945,-0.4325026869773865,0.48514479398727417
1773049242364049700,83.84304956054687,9.411569595336914,0.3433700501918793,2.9515466690063477
1773049242374026800,83.85302685546876,16.35972785949707,-1.0504491329193115,3.425325632095337
1773049242384003800,83.86300390625,9.795019149780273,-1.576870083808899,0.28893333673477173
1773049242393981000,83.87298095703125,3.78544545173645,0.486939400434494,-0.01734796352684498
1773049242403958000,83.8829580078125,9.076574325561523,0.6975077986717224,5.685346603393555
1773049242413935000,83.89293505859375,15.794424057006836,-0.6047859191894531,0.5383850932121277
1773049242423912200,83.902912109375,4.158725738525391,-1.3423734903335571,1.591825246810913
1773049242433889300,83.91288916015625,7.850851058959961,0.6352944374084473,2.5633113384246826
1773049242443866000,83.9228662109375,12.955340385437012,0.865005373954773,0.6293123364448547
1773049242453843500,83.93284350585938,11.006385803222656,-3.0376882553100586,2.5298118591308594
1773049242463820300,83.9428203125,6.174678802490234,-0.030508488416671753,3.0137600898742676
1773049242473797400,83.95279736328125,11.854043006896973,1.5355939865112305,0.3846462368965149
1773049242483774500,83.9627744140625,15.986448287963867,-0.7483552694320679,2.142174482345581
1773049242493751600,83.97275146484375,2.9521448612213135,-1.5912270545959473,3.597608804702759
1773049242503728600,83.98272875976562,9.153144836425781,0.09870393574237823,0.020937198773026466
1773049242513705700,83.99270581054688,13.170694351196289,0.778863787651062,3.6508491039276123
1773049242523682800,84.00268286132813,10.896316528320312,-2.324028968811035,3.6987056732177734
1773049242533660000,84.01265991210937,7.57806921005249,-0.9260223507881165,-1.195214867591858
1773049242543637000,84.02263696289063,7.400402069091797,1.363310694694519,3.157329559326172
1773049242553614000,84.03261401367187,15.703496932983398,0.0364905446767807,4.296911239624023
1773049242563591200,84.04259106445312,6.15553617477417,-0.47557350993156433,2.1948165893554688
1773049242573568300,84.052568359375,6.634698867797852,-0.4468596279621124,-1.444068431854248
1773049242583545300,84.06254541015625,13.347763061523438,0.03170489892363548,0.7250252366065979
1773049242593522400,84.0725224609375,11.854043006896973,-1.734796404838562,5.704489231109619
1773049242603499300,84.08249926757813,5.0638108253479,-0.48035913705825806,-0.06520441919565201
1773049242613476400,84.09247631835937,7.094120979309082,0.486939400434494,1.093519926071167
1773049242623453400,84.10245336914062,13.175479888916016,-0.5569294691085815,4.48833703994751
1773049242633430500,84.11243041992188,10.89153003692627,0.7405785918235779,1.3232308626174927
1773049242643407600,84.12240771484375,9.54078197479248,-1.4715858697891235,0.3846462368965149
1773049242653384700,84.132384765625,8.267202377319336,-0.10707881301641464,4.497908592224121
1773049242663361800,84.14236181640625,7.0893354415893555,0.0364905446767807,1.3471591472625732
1773049242673339000,84.1523388671875,13.35733413696289,-0.37507495284080505,0.054436713457107544
1773049242683316000,84.16231591796875,7.098906517028809,-2.510669231414795,4.038486480712891
1773049242693293000,84.17229296875,9.028717994689941,0.10827522724866867,1.4811571836471558
1773049242703231200,84.18223120117187,9.004789352416992,0.251844584941864,1.5385849475860596
1773049242713204500,84.19220458984375,13.692329406738281,-1.1078768968582153,1.6109678745269775
1773049242723224000,84.20222412109375,6.969694137573242,-1.4524433612823486,4.895715236663818
1773049242733202000,84.21220190429688,7.970492362976074,-0.7148557901382446,-1.4871392250061035
1773049242743178200,84.22217822265625,10.560722351074219,0.4534398913383484,3.597608804702759
1773049242753156000,84.23215600585938,16.015161514282227,-2.424527645111084,3.267399311065674
1773049242763132400,84.24213232421874,5.432305812835693,-1.0791629552841187,-2.0955145359039307
1773049242773110000,84.25211010742187,6.79741096496582,1.3872389793395996,5.527420520782471
1773049242783086600,84.26208666992187,9.244071960449219,0.2667997181415558,-0.24227328598499298
1773049242793064200,84.27206420898438,8.09970474243164,-0.8590233325958252,2.6356940269470215
1773049242803040800,84.28204077148438,12.960125923156738,-3.5497524738311768,2.070389747619629
1773049242813018000,84.29201806640626,9.790233612060547,0.381655216217041,2.946761131286621
1773049242822995000,84.30199487304688,8.228917121887207,-2.2187447547912598,0.3607180118560791
1773049242832972300,84.31197216796875,8.645866394042969,-1.6630117893218994,4.004986763000488
1773049242842949000,84.32194921875,4.101297855377197,0.07477571070194244,0.916451096534729
1773049242852926200,84.33192626953125,15.65085506439209,-1.831107497215271,2.8654050827026367
1773049242862903300,84.3419033203125,9.732806205749512,-1.7395820617675781,2.022533416748047
1773049242872880400,84.35188037109376,4.685744762420654,-0.39421752095222473,0.3846462368965149
1773049242882857200,84.36185717773438,12.88355541229248,-0.9068797826766968,1.7353945970535278
1773049242892834600,84.37183447265625,9.20578670501709,-0.6287141442298889,3.8470606803894043
1773049242902811400,84.38181127929687,9.713663101196289,0.2566302418708801,-0.0891326442360878
1773049242912788700,84.39178881835937,9.186644554138184,-2.4197418689727783,2.7696921825408936
1773049242922765600,84.401765625,10.498509407043457,0.7310073375701904,2.5154547691345215
1773049242932742700,84.41174267578126,8.794221878051758,1.0372886657714844,1.1222338676452637
1773049242942719700,84.4217197265625,14.59741497039795,-3.583251953125,3.095116138458252
1773049242952696800,84.43169677734375,2.128415822982788,0.28594231605529785,2.812762975692749
1773049242962674000,84.441673828125,9.215357780456543,1.0660024881362915,-0.6065805554389954
1773049242972651000,84.45165112304687,19.017555236816406,-1.1413763761520386,4.172484397888184
1773049242982628000,84.46162817382813,4.292723655700684,-2.2618155479431152,1.2179467678070068
1773049242992605200,84.47160522460938,7.8795647621154785,-0.5617151260375977,3.1716864109039307
1773049243002543400,84.48154345703125,13.424333572387695,0.6400800347328186,-0.2231307178735733
1773049243012516600,84.4915166015625,9.449854850769043,-1.8789639472961426,3.2004003524780273
1773049243022536200,84.5015361328125,8.166703224182129,-0.7004988193511963,4.277768611907959
1773049243032514000,84.51151416015625,6.682555675506592,-0.4660021960735321,-0.836291491985321
1773049243042490400,84.52149047851563,13.204193115234375,0.7549355626106262,3.2626137733459473
1773049243052468200,84.53146826171874,12.912269592285156,-2.032104730606079,4.000201225280762
1773049243062444500,84.54144458007812,5.801398277282715,-0.5330012440681458,0.8111668825149536
1773049243072422100,84.55142211914062,6.303891181945801,1.2478569746017456,-0.10827522724866867
1773049243082398700,84.56139868164063,18.787246704101562,-0.719641387462616,4.709074974060059
1773049243092376300,84.57137622070313,6.854838848114014,-2.4771697521209717,2.324028968811035
1773049243102256000,84.58125610351563,3.90987229347229,0.8602197170257568,0.4612165689468384
1773049243112136200,84.59113623046875,14.252847671508789,-0.7339983582496643,3.0185458660125732
1773049243122307000,84.60130712890626,11.964113235473633,-2.0608184337615967,3.4683964252471924
1773049243132284400,84.61128442382812,2.593221426010132,0.5587241053581238,0.40378883481025696
1773049243142261200,84.62126123046875,8.617152214050293,-0.16450655460357666,3.142972469329834
1773049243152238300,84.63123828125,14.952150344848633,-1.1030912399291992,1.5098711252212524
1773049243162176500,84.64117651367188,8.789435386657715,-2.932404041290283,3.104687452316284
1773049243172149800,84.65114965820312,7.668996810913086,-0.19322042167186737,1.7880367040634155
1773049243182130400,84.66113037109375,9.5264253616333,-1.1222338676452637,0.12622138857841492
1773049243192104700,84.67110473632812,12.394821166992188,-1.5098711252212524,3.775275945663452
1773049243202123500,84.68112353515625,8.961718559265137,-1.5864413976669312,0.48514479398727417
1773049243212102100,84.69110205078125,5.988038539886475,-1.466800332069397,1.721037745475769
1773049243222038800,84.70103881835938,9.244071960449219,0.046061836183071136,2.6596224308013916
1773049243232013300,84.71101342773437,11.662019729614258,-1.5002998113632202,1.222732424736023
1773049243241993000,84.72099291992187,10.029516220092773,-2.300100803375244,2.15653133392334
1773049243251968000,84.73096801757812,2.8085756301879883,0.4295116662979126,1.3902299404144287
1773049243261947100,84.74094702148437,11.394022941589355,0.7740781307220459,1.1078768968582153
1773049243271922400,84.75092236328125,17.858234405517578,-2.544168710708618,3.4444682598114014
1773049243281940000,84.76093994140625,5.988038539886475,-0.5952146053314209,1.5726827383041382
1773049243291919600,84.77091967773437,3.5270206928253174,1.2239288091659546,2.2809581756591797
1773049243301799700,84.78079956054688,15.368501663208008,-0.8255237936973572,1.2658032178878784
1773049243311617500,84.79061743164063,10.340582847595215,-2.4771697521209717,2.448455810546875
1773049243321809400,84.80080932617187,4.3070807456970215,1.0325030088424683,2.999403238296509
1773049243331789300,84.81078930664063,11.815757751464844,0.36251261830329895,3.128615617752075
1773049243341724700,84.820724609375,13.189836502075195,-3.8608193397521973,0.7058826684951782
1773049243351700000,84.83069995117188,4.311866283416748,0.6017948985099792,4.253840446472168
1773049243361601300,84.84060131835938,12.581461906433105,0.711864709854126,2.6452653408050537
1773049243371569200,84.85056909179687,14.654842376708984,-1.893320918083191,1.835893154144287
1773049243381516500,84.8605166015625,2.813361167907715,-1.1174482107162476,1.6827524900436401
1773049243391482400,84.870482421875,7.510472297668457,0.8745766878128052,2.204387903213501
1773049243401362400,84.88036254882813,16.249658584594727,-2.4436700344085693,2.0751755237579346
1773049243411242500,84.89024243164063,10.843673706054688,-2.5776681900024414,2.103889226913452
1773049243421386000,84.90038598632813,4.40757942199707,-0.04007977992296219,2.338385820388794
1773049243431352000,84.91035205078126,11.791830062866211,-1.6055840253829956,-0.5587241053581238
1773049243441301200,84.92030126953125,11.317452430725098,-2.352742910385132,5.767300605773926
1773049243451265500,84.930265625,6.52462911605835,-0.633499801158905,1.6396816968917847
1773049243461177900,84.940177734375,11.159526824951172,-0.8925228714942932,-0.06041877344250679
1773049243471137000,84.95013696289062,9.732806205749512,-2.079961061477661,5.096712112426758
1773049243481093000,84.96009301757813,10.627721786499023,-0.5042873620986938,0.3655036687850952
1773049243491052000,84.97005200195312,5.633901119232178,-0.8781659007072449,1.6013965606689453
1773049243500931800,84.97993188476562,12.749557495117188,-1.4428720474243164,1.552941918373108
1773049243510755000,84.98975512695313,8.200202941894531,0.9176474809646606,2.717050075531006
1773049243520923100,84.99992309570312,9.641879081726074,-1.1270195245742798,0.8350951075553894
1773049243530886000,85.00988598632813,11.739188194274902,-0.8015955686569214,-0.04127619042992592
1773049243540838400,85.01983837890624,2.899502754211426,-0.4133601188659668,4.660620212554932
1773049243550800100,85.02980004882812,12.437891960144043,0.7836494445800781,1.7018951177597046
1773049243560715300,85.03971533203125,11.504093170166016,-2.228316068649292,1.3758729696273804
1773049243570672000,85.04967211914062,8.051848411560059,-2.434098720550537,3.473181962966919
1773049243580591900,85.059591796875,9.5264253616333,1.9663020372390747,3.219542980194092
1773049243590545200,85.06954516601563,12.452248573303223,-0.8925228714942932,3.0233314037323
1773049243600391700,85.0793916015625,15.186647415161133,-3.1956145763397217,1.1892328262329102
1773049243610334500,85.08933447265625,-0.5288137793540955,0.2907279431819916,1.6348960399627686
1773049243620460500,85.09946044921875,9.263215065002441,-1.6534404754638672,3.511467218399048
1773049243630421800,85.109421875,13.27119255065918,-0.7872386574745178,1.9938194751739502
1773049243640601900,85.11960180664063,8.612366676330566,-1.6390835046768188,0.7106683254241943
1773049243650781700,85.12978173828125,7.467401027679443,-0.9403793215751648,5.000999450683594
1773049243660961800,85.1399619140625,10.043872833251953,-1.2945170402526855,0.5814558863639832
1773049243671068200,85.15006811523438,11.068599700927734,-2.86061954498291,1.4715858697891235
1773049243681022200,85.16002221679688,10.106086730957031,0.8219345808029175,5.19242525100708
1773049243691017700,85.17001782226562,10.115657806396484,-1.2705888748168945,-0.8506484627723694
1773049243700976400,85.17997631835938,12.189038276672363,-1.3232308626174927,2.9276185035705566
1773049243710968300,85.18996826171875,2.310270309448242,-0.2602194547653198,3.387040376663208
1773049243720930800,85.19993090820313,11.465807914733887,-0.40378883481025696,0.08793623000383377
1773049243730919700,85.20991967773438,11.964113235473633,-1.1940184831619263,0.2267199456691742
1773049243740885000,85.21988500976562,8.243273735046387,-1.8837496042251587,4.737788677215576
1773049243750871600,85.22987158203125,11.95454216003418,-0.7483552694320679,1.2993026971817017
1773049243760839200,85.23983911132812,8.281558990478516,-0.07836493849754333,0.09272187948226929
1773049243770823700,85.24982373046875,12.730414390563965,-1.8550357818603516,4.416552543640137
1773049243780793300,85.25979345703125,8.660223007202148,-0.22193430364131927,1.8885352611541748
1773049243790776600,85.26977661132813,6.850052833557129,-1.1509476900100708,0.3607180118560791
1773049243800747500,85.27974755859375,13.084552764892578,-1.6917256116867065,3.4061830043792725
1773049243810729500,85.2897294921875,6.102894306182861,0.8315058946609497,3.0233314037323
1773049243820701700,85.29970166015624,11.092527389526367,-1.5385849475860596,0.2793620526790619
1773049243830682600,85.3096826171875,10.287940979003906,-2.1469600200653076,1.6348960399627686
1773049243840562700,85.31956274414063,4.982454776763916,0.3720839321613312,2.86061954498291
1773049243850442500,85.3294423828125,13.798212051391602,-0.9116654396057129,4.048057556152344
1773049243860609800,85.33960986328125,12.89791202545166,-2.3431715965270996,2.0368902683258057
1773049243870595300,85.34959521484375,3.651447296142578,0.5252245664596558,-1.4584254026412964
1773049243880564000,85.35956396484374,9.277571678161621,-0.42771705985069275,5.632704734802246
1773049243890548000,85.3695478515625,13.779068946838379,-1.9363917112350464,1.1461620330810547
1773049243900518100,85.37951806640625,3.3930225372314453,-0.4899304509162903,0.3607180118560791
1773049243910500600,85.38950048828124,10.273584365844727,-1.007378339767456,2.6021945476531982
1773049243920472300,85.39947241210938,10.029516220092773,-0.18364913761615753,2.6213371753692627
1773049243930453800,85.40945385742188,10.206584930419922,-2.9659037590026855,1.8502501249313354
1773049243940426500,85.41942651367188,8.665008544921875,-0.09272187948226929,2.032104730606079
1773049243950407200,85.4294072265625,5.653043270111084,-0.2793620526790619,0.9020941257476807
1773049243960380700,85.43938061523437,17.202600479125977,-2.1948165893554688,3.6263227462768555
1773049243970360600,85.44936059570313,6.356533527374268,-1.093519926071167,1.9794625043869019
1773049243980334800,85.4593349609375,5.638686656951904,-0.4660021960735321,-0.7645068168640137
1773049243990314000,85.46931396484375,13.14676570892334,-0.13100704550743103,2.7936203479766846
1773049244000289000,85.4792890625,7.7838521003723145,-2.472383975982666,2.596810817718506
1773049244010268000,85.48926782226563,10.642078399658203,-1.1748759746551514,-0.10348957777023315
1773049244020281900,85.49928173828125,6.433103561401367,0.05563312768936157,2.9898319244384766
1773049244030264300,85.50926440429687,13.740185737609863,-1.155733346939087,2.4197418689727783
1773049244040197400,85.519197265625,10.130014419555664,-2.084746837615967,2.932404041290283
1773049244050174700,85.5291748046875,4.508676052093506,0.5395814776420593,-0.5300102233886719
1773049244060151600,85.53915161132812,11.417951583862305,-1.5098711252212524,1.2035897970199585
1773049244070129000,85.54912890625,12.409177780151367,-1.7491533756256104,3.2578279972076416
1773049244080008700,85.5590087890625,4.618745803833008,-0.20757736265659332,3.7800614833831787
1773049244089827000,85.5688271484375,10.64686393737793,-0.6574280261993408,-1.2957134246826172
1773049244100007200,85.57900708007813,10.479366302490234,-2.5058834552764893,4.057629108428955
1773049244110041900,85.58904174804688,6.653841495513916,0.24227328598499298,2.688336133956909
1773049244120013600,85.599013671875,11.12602710723877,-1.710868239402771,1.3471591472625732
1773049244129995000,85.6089951171875,11.537592887878418,0.022133609279990196,0.6340979933738708
1773049244139967700,85.6189677734375,5.653043270111084,-2.89890456199646,4.981856822967529
1773049244149948400,85.62894848632813,11.988041877746582,-0.4707878530025482,0.020937198773026466
1773049244159922000,85.638921875,6.505486488342285,0.7980063557624817,3.4779677391052246
1773049244169901800,85.64890185546875,14.46341609954834,-2.2570300102233887,2.726621389389038
1773049244179876000,85.6588759765625,7.386045455932617,-1.1461620330810547,1.2801600694656372
1773049244189855500,85.66885546875,1.3770694732666016,0.09870393574237823,2.8893332481384277
1773049244199830300,85.67883032226563,14.654842376708984,-1.6199408769607544,3.6843485832214355
1773049244209809200,85.68880908203126,12.667603492736816,-1.155733346939087,-0.5539384484291077
1773049244219784400,85.69878442382813,6.07896614074707,-0.15493527054786682,1.1078768968582153
1773049244229762800,85.7087626953125,10.747961044311523,-1.3471591472625732,4.435695171356201
1773049244239738600,85.71873852539062,12.184252738952637,-3.181257724761963,1.1365907192230225
1773049244249716700,85.728716796875,5.753541946411133,0.39122650027275085,1.6157535314559937
1773049244259692800,85.73869287109375,7.893921852111816,-0.8733802437782288,2.9036903381347656
1773049244269670700,85.74867065429687,17.82473373413086,-1.1174482107162476,2.5872395038604736
1773049244279647000,85.75864697265625,4.680959224700928,-2.999403238296509,2.874976396560669
1773049244289624600,85.76862451171876,8.760722160339355,-0.3415754437446594,-0.6352944374084473
1773049244299601000,85.77860083007812,10.38365364074707,0.9224331378936768,3.7561333179473877
1773049244309578800,85.78857885742187,16.13001823425293,-2.692523717880249,4.42612361907959
1773049244319555000,85.79855517578125,8.128418922424316,-1.7587246894836426,-1.1377872228622437
1773049244329532700,85.80853271484375,-1.347757339477539,0.8219345808029175,0.8590233325958252
1773049244339509200,85.81850927734375,18.825532913208008,-0.049651071429252625,6.5904316902160645
1773049244349486600,85.82848657226563,15.952948570251465,-2.6255247592926025,2.05603289604187
1773049244359463400,85.83846337890625,4.264009952545166,-2.2474586963653564,-1.2861422300338745
1773049244369440800,85.84844067382812,8.612366676330566,1.9232312440872192,4.780859470367432
1773049244379320800,85.85832080078124,16.498512268066406,-1.1174482107162476,3.047259569168091
1773049244389139200,85.86813916015625,4.77667236328125,-4.991427898406982,0.4660021960735321
1773049244399138800,85.87813891601563,3.0478577613830566,1.339382529258728,1.5822539329528809
1773049244409097500,85.88809741210937,17.030317306518555,0.5587241053581238,3.9762730598449707
1773049244419277600,85.89827758789062,13.654044151306152,-2.338385820388794,1.1461620330810547
1773049244429311500,85.9083115234375,1.6259230375289917,-1.6199408769607544,1.179661512374878
1773049244439279600,85.91827954101562,12.53839111328125,-0.1501496136188507,3.348755359649658
1773049244449263900,85.92826391601562,13.9513521194458,-2.424527645111084,1.0504491329193115
1773049244459233800,85.93823388671875,4.053441524505615,-1.184447169303894,2.582453727722168
1773049244469216800,85.948216796875,9.57906723022461,0.012562318705022335,1.0360921621322632
1773049244479188000,85.95818798828125,11.260025024414062,-1.495514154434204,1.0121639966964722
1773049244489169700,85.96816967773438,11.21216869354248,-1.8215361833572388,3.511467218399048
1773049244499142100,85.97814208984374,8.305487632751465,0.12263216078281403,0.9595218896865845
1773049244509123000,85.988123046875,8.181060791015625,-1.069591760635376,1.5822539329528809
1773049244519096300,85.99809643554687,10.939387321472168,-0.9595218896865845,2.424527645111084
1773049244529076500,86.00807641601563,6.03110933303833,-0.6143572330474854,0.32243284583091736
1773049244539050500,86.01805053710937,9.425926208496094,-0.6813562512397766,0.763310432434082
1773049244549030000,86.02802978515625,9.991230964660645,-1.730010747909546,4.153341770172119
1773049244559004700,86.03800463867188,11.83011531829834,-0.916451096534729,-1.2287144660949707
1773049244568983600,86.04798364257813,7.467401027679443,0.09870393574237823,3.434896945953369
1773049244578863600,86.05786352539063,10.757532119750977,-3.6741790771484375,3.2578279972076416
1773049244588681700,86.067681640625,8.563912391662598,0.5587241053581238,-0.9128618240356445
1773049244598861800,86.07786181640626,3.5509488582611084,0.39601215720176697,1.466800332069397
1773049244608896300,86.08789624023437,11.734402656555176,-3.2243285179138184,3.909274101257324
1773049244618776300,86.0977763671875,9.215357780456543,-1.576870083808899,2.0129621028900146
1773049244628593400,86.10759350585937,9.929018020629883,0.865005373954773,-0.8745766878128052
1773049244638773200,86.11777319335937,8.496912956237793,-1.7395820617675781,4.833501815795898
1773049244648807200,86.12780712890626,10.192228317260742,-1.7012969255447388,0.5910272002220154
1773049244658775000,86.13777514648437,4.695316314697266,-0.049651071429252625,4.689932346343994
1773049244668759600,86.14775952148437,10.65224838256836,-0.5282155871391296,-1.8179470300674438
1773049244678729200,86.15772924804688,11.288739204406738,-1.3184453248977661,2.266601324081421
1773049244688712400,86.16771240234375,5.925825119018555,-1.0121639966964722,6.547360897064209
1773049244698683600,86.17768359375,5.901896953582764,-0.21714866161346436,-2.641676187515259
1773049244708665300,86.18766528320313,7.865208148956299,-0.7579265832901001,-0.3284149169921875
1773049244718637600,86.19763745117187,11.753544807434082,-0.8350951075553894,1.6683956384658813
1773049244728618500,86.20761840820313,11.83011531829834,-2.108675003051758,4.713860511779785
1773049244738591700,86.217591796875,5.054239749908447,-0.9547362327575684,-0.778863787651062
1773049244748572000,86.22757202148438,8.985647201538086,-0.9690931439399719,-0.01734796352684498
1773049244758546000,86.2375458984375,11.432308197021484,-1.2083754539489746,5.245067119598389
1773049244768525300,86.247525390625,12.160325050354004,-1.0791629552841187,-0.5491527915000916
1773049244778405400,86.2574052734375,7.309474945068359,-1.222732424736023,1.3663017749786377
1773049244788223500,86.26722338867188,6.1124653816223145,-0.8733802437782288,3.473181962966919
1773049244798403300,86.2774033203125,13.721043586730957,-0.40378883481025696,-0.11306086927652359
1773049244808437800,86.28743774414062,6.706483840942383,-1.3615161180496216,2.688336133956909
1773049244818408200,86.297408203125,10.130014419555664,-2.1996021270751953,3.229114055633545
1773049244828390700,86.307390625,10.704890251159668,-0.1501496136188507,1.8598214387893677
1773049244838362400,86.3173623046875,9.756733894348145,0.6496513485908508,2.1469600200653076
1773049244848343800,86.32734375,15.378072738647461,-4.316053867340088,2.8701908588409424
1773049244858316500,86.33731665039062,5.264808177947998,-0.6813562512397766,2.937189817428589
1773049244868297200,86.34729711914062,5.145166873931885,0.6305087804794312,3.64127779006958
1773049244878270700,86.35727075195312,16.192230224609375,-0.15972091257572174,2.0416758060455322
1773049244888250600,86.36725073242188,8.233702659606934,-3.2004003524780273,5.402993679046631
1773049244898225000,86.37722485351563,5.667400360107422,-1.1030912399291992,-0.7980063557624817
1773049244908204000,86.3872041015625,9.890732765197754,1.022931694984436,1.5481562614440918
1773049244918179000,86.39717895507812,17.092531204223633,-3.6358940601348877,7.509873867034912
1773049244928158000,86.40715795898437,13.4099760055542,-1.8885352611541748,2.276172637939453
1773049244938133200,86.41713330078124,-1.7688941955566406,1.1425727605819702,0.3367897868156433
1773049244948111600,86.42711157226563,11.91625690460205,-0.09272187948226929,2.103889226913452
1773049244958087400,86.43708740234375,16.350156784057617,-2.932404041290283,3.961916208267212
1773049244968065500,86.4470654296875,6.4187469482421875,-0.1453639715909958,-0.5874379873275757
1773049244978041300,86.45704125976563,5.863611698150635,0.15613168478012085,2.1134605407714844
1773049244988019500,86.46701953125,14.913865089416504,-3.2004003524780273,2.717050075531006
1773049244997995500,86.47699560546874,9.732806205749512,-1.672582983970642,2.462812662124634
1773049245007973400,86.48697338867187,1.6929219961166382,0.8458628058433533,0.50907301902771
1773049245017949700,86.49694970703125,0.8644071817398071,0.2715853750705719,-0.3188436031341553
1773049245027927600,86.50692749023438,1.8221344947814941,0.0364905446767807,2.5489542484283447
1773049245037904000,86.51690380859375,1.9178473949432373,-1.3950155973434448,0.06400800496339798
1773049245047881500,86.52688159179688,-0.3517449200153351,-1.5385849475860596,-1.9663020372390747
1773049245057858000,86.53685815429688,17.260028839111328,1.2957134246826172,1.9268203973770142
1773049245067835400,86.54683544921875,16.11087417602539,-2.7260231971740723,0.7872386574745178
1773049245077812200,86.55681225585937,-1.1467602252960205,-5.388636589050293,5.829514026641846
1773049245087789600,86.56678955078125,5.082953453063965,0.9463613629341125,-0.0364905446767807
1773049245097766400,86.57676635742187,24.69153594970703,0.38644084334373474,0.9643075466156006
1773049245107743500,86.58674340820312,-3.1387851238250732,-0.39900317788124084,5.450850009918213
1773049245117720300,86.59672021484376,-0.8787640929222107,0.03170489892363548,-0.0029910283628851175
1773049245127697700,86.60669775390625,-5.154737949371338,-1.5146567821502686,-1.669592022895813
1773049245137674500,86.61667456054687,30.576684951782227,-6.958926677703857,1.8646070957183838
1773049245147651800,86.62665185546875,16.436298370361328,-2.8217360973358154,5.670989513397217
1773049245157628700,86.63662866210937,15.325430870056152,-2.520240545272827,1.7497515678405762
1773049245167605800,86.64660571289062,24.437896728515625,0.6879364848136902,2.2474586963653564
1773049245177582800,86.65658276367188,5.614758491516113,-0.4133601188659668,1.6205391883850098
1773049245187560000,86.66655981445312,-2.5016961097717285,-3.875176191329956,-1.01814603805542
1773049245197537000,86.676537109375,0.5102694034576416,-0.47557350993156433,5.91087007522583
1773049245207514000,86.68651416015625,5.767899036407471,-0.1453639715909958,5.690132141113281
1773049245217394000,86.69639379882813,17.772092819213867,-1.3184453248977661,5.029713153839111
1773049245227212500,86.70621264648437,25.587051391601562,-0.4899304509162903,-1.8897316455841064
1773049245237212400,86.71621240234376,21.100507736206055,-2.884547710418701,-1.357926845550537
1773049245247171000,86.72617114257812,17.843875885009766,-2.7212376594543457,0.6101697683334351
1773049245257351000,86.73635083007812,2.4783661365509033,-0.08315058797597885,5.19242525100708
1773049245267385000,86.74638500976563,-0.9553344249725342,0.1944168359041214,-0.16091732680797577
1773049245277353200,86.75635327148437,8.50169849395752,-0.3415754437446594,4.095914363861084
1773049245287337500,86.76633740234375,27.17169761657715,-7.447660446166992,0.16929219663143158
1773049245297307400,86.77630737304688,0.5006981492042542,-1.4763715267181396,2.2187447547912598
1773049245307290000,86.7862900390625,16.852649688720703,1.2382856607437134,2.338385820388794
1773049245317261600,86.79626147460938,19.429121017456055,0.01734796352684498,0.7728816866874695
1773049245327243300,86.8062431640625,4.829314231872559,-0.4372883439064026,0.12622138857841492
1773049245337215700,86.8162158203125,0.529412031173706,-0.16450655460357666,-2.895315408706665
1773049245347196400,86.82619653320313,9.550353050231934,-5.513063430786133,3.535395383834839
1773049245357170000,86.836169921875,12.28953742980957,-0.1740778535604477,4.718646049499512
1773049245367149800,86.84614990234375,12.385250091552734,-1.8502501249313354,-0.3810569941997528
1773049245377124000,86.8561240234375,9.588638305664062,-0.355932354927063,1.9172492027282715
1773049245387103500,86.866103515625,14.094922065734863,-1.5433706045150757,2.3958137035369873
1773049245397078300,86.87607836914063,12.308679580688477,-0.9882357716560364,1.2945170402526855
1773049245407057200,86.88605712890624,7.515257835388184,-1.7874385118484497,2.5058834552764893
1773049245416937000,86.89593701171874,5.729613780975342,-0.1453639715909958,0.4707878530025482
1773049245426755000,86.90575512695312,7.941778182983398,-0.10707881301641464,0.8111668825149536
1773049245436935200,86.91593505859375,10.04865837097168,-1.490728497505188,2.6835505962371826
1773049245446969600,86.92596948242188,7.611568927764893,-1.0360921621322632,0.001794616924598813
1773049245456940500,86.9359404296875,7.189833641052246,-0.4372883439064026,1.6348960399627686
1773049245466922800,86.9459228515625,12.437891960144043,-1.4189438819885254,2.717050075531006
1773049245476894700,86.95589477539062,11.820544242858887,-0.8973084688186646,2.5058834552764893
1773049245486875600,86.96587573242188,9.80937671661377,-2.0608184337615967,1.495514154434204
1773049245496849000,86.97584887695312,11.753544807434082,-1.1126625537872314,1.6971094608306885
1773049245506829000,86.9858291015625,8.7176513671875,-0.600000262260437,2.4388844966888428
1773049245516803000,86.99580297851563,10.15872859954834,-2.568096876144409,2.664407968521118
1773049245526782700,87.00578271484375,8.281558990478516,-1.0169496536254883,1.6971094608306885
1773049245536757000,87.01575708007813,6.327819347381592,0.6448656916618347,0.3080759048461914
1773049245546736000,87.02573608398437,12.136396408081055,-2.410170555114746,3.803989887237549
1773049245556711200,87.03571118164062,8.295916557312012,-0.7244270443916321,2.352742910385132
1773049245566690000,87.04568994140625,7.836493968963623,0.15134602785110474,-0.4624129831790924
1773049245576665300,87.05566528320313,12.63888931274414,-0.973878800868988,2.046461582183838
1773049245586643700,87.06564379882812,9.952945709228516,-1.5194423198699951,5.3455657958984375
1773049245596619500,87.07561962890625,10.570294380187988,-0.40378883481025696,-0.4145565330982208
1773049245606597600,87.08559765625,10.75274658203125,0.05563312768936157,1.5385849475860596
1773049245616573700,87.09557373046874,12.696316719055176,-2.3718855381011963,4.689932346343994
1773049245626551600,87.10555151367187,10.01994514465332,-0.5712863802909851,2.4149563312530518
1773049245636431600,87.115431640625,4.311866283416748,1.1186445951461792,0.5862415432929993
1773049245646249700,87.12524975585937,10.546365737915039,-1.9507486820220947,0.04486542567610741
1773049245656429800,87.13542993164063,6.625127792358398,-2.1134605407714844,4.756931304931641
1773049245666464500,87.14546459960937,5.935396671295166,0.1178465187549591,1.0360921621322632
1773049245676436000,87.15543603515626,17.657236099243164,-2.8654050827026367,3.1716864109039307
1773049245686417700,87.16541772460937,12.117254257202148,-0.5904290080070496,0.2267199456691742
1773049245696390100,87.17539013671875,6.93619441986084,-1.6582261323928833,4.339982032775879
1773049245706370800,87.18537084960937,12.112467765808105,-0.494716078042984,2.2953150272369385
1773049245716344300,87.19534423828125,4.8915276527404785,-1.0648061037063599,-1.3770694732666016
1773049245726324200,87.20532421875,9.004789352416992,-2.2953150272369385,5.3455657958984375
1773049245736298200,87.21529833984376,11.427522659301758,-0.48514479398727417,1.6348960399627686
1773049245746278000,87.22527783203125,9.54078197479248,-1.222732424736023,1.2705888748168945
1773049245756252400,87.23525244140625,11.834900856018066,-0.4707878530025482,3.0855448246002197
1773049245766231600,87.2452314453125,7.256833076477051,-0.5234299302101135,0.19322042167186737
1773049245776206600,87.25520654296875,8.8707914352417,-1.1509476900100708,5.082355499267578
1773049245786185200,87.26518530273438,11.049456596374512,-0.6574280261993408,0.16929219663143158
1773049245796160800,87.27516088867188,8.315058708190918,-0.08793623000383377,0.6101697683334351
1773049245806139100,87.28513916015625,11.078170776367188,-1.2131611108779907,4.42612361907959
1773049245816115000,87.29511499023438,11.80618667602539,-2.0033907890319824,1.4859428405761719
1773049245826093000,87.30509301757813,8.985647201538086,-0.2554338276386261,-0.4097708761692047
1773049245836069000,87.31506909179687,8.520841598510742,-1.031306505203247,5.19242525100708
1773049245846047000,87.325046875,12.854841232299805,-0.8015955686569214,1.0552347898483276
1773049245856023300,87.33502319335938,5.212165832519531,-1.6247265338897705,0.3032902777194977
1773049245866001000,87.3450009765625,7.510472297668457,-1.0456634759902954,2.9754750728607178
1773049245875977200,87.35497729492188,11.964113235473633,-1.1270195245742798,2.2474586963653564
1773049245885954800,87.36495483398437,12.260823249816895,-1.667797327041626,2.18045973777771
1773049245895835000,87.3748349609375,7.999206066131592,0.3290131092071533,0.09272187948226929
1773049245905653200,87.3846533203125,7.793423175811768,-2.596810817718506,2.166102647781372
1773049245915652900,87.39465283203126,12.744771957397461,-1.0887342691421509,2.103889226913452
1773049245925611500,87.40461157226562,4.680959224700928,0.7405785918235779,0.01615155301988125
1773049245935791600,87.41479150390624,13.175479888916016,-2.89890456199646,1.222732424736023
1773049245945825500,87.42482543945313,9.938589096069336,-0.5377869009971619,2.1469600200653076
1773049245955793700,87.43479370117187,6.198606967926025,-0.26500511169433594,2.4675984382629395
1773049245965778000,87.44477783203125,14.554344177246094,-0.31764721870422363,1.831107497215271
1773049245975747800,87.45474780273437,5.96889591217041,-1.2323036193847656,-1.0372886657714844
1773049245985730600,87.46473046875,6.773482799530029,-1.2705888748168945,2.774477958679199
1773049245995702000,87.47470190429688,9.421140670776367,-0.4612165689468384,3.8709888458251953
1773049246005683700,87.48468359375,10.326226234436035,-1.9746768474578857,-0.7597211599349976
1773049246015563800,87.49456372070313,11.154741287231445,-0.7292127013206482,1.716252088546753
1773049246025381000,87.50438110351563,4.470390796661377,-0.916451096534729,2.213959217071533
1773049246035561200,87.51456127929687,14.329418182373047,-1.4763715267181396,2.376671075820923
1773049246045595400,87.52459545898438,8.549555778503418,-0.633499801158905,0.7106683254241943
1773049246055475200,87.53447509765626,8.453842163085938,-1.3184453248977661,0.6101697683334351
1773049246065292000,87.5442919921875,11.46102237701416,-1.6007983684539795,5.426921844482422
1773049246075472000,87.55447192382813,5.863611698150635,-0.5904290080070496,0.6580262184143066
1773049246085505800,87.564505859375,11.882757186889648,-0.5042873620986938,-2.4640090465545654
1773049246095385600,87.57438549804688,8.961718559265137,-2.084746837615967,5.096712112426758
1773049246105202000,87.58420190429688,9.732806205749512,-0.6191428303718567,0.8350951075553894
1773049246115382000,87.59438208007812,8.051848411560059,-0.8877372145652771,0.6771687865257263
1773049246125415400,87.60441552734375,9.914660453796387,-1.7443677186965942,0.9595218896865845
1773049246135380700,87.61438061523438,10.441082000732422,-0.5377869009971619,1.6061822175979614
1773049246145367300,87.6243671875,9.54078197479248,-0.6765705943107605,1.9938194751739502
1773049246155335000,87.6343349609375,12.31825065612793,-0.8015955686569214,1.7688941955566406
1773049246165319400,87.6443193359375,9.057432174682617,-1.179661512374878,-0.23270200192928314
1773049246175199500,87.65419946289063,9.110074043273926,-0.7770691514015198,2.6500511169433594
1773049246185016300,87.66401635742187,9.919445991516113,-0.19322042167186737,2.2618155479431152
1773049246195010300,87.67401025390625,9.5264253616333,-1.5672988891601562,0.11186445504426956
1773049246204973600,87.6839736328125,7.366902828216553,-1.2658032178878784,1.3423734903335571
1773049246214964200,87.69396411132813,7.611568927764893,-0.7968099117279053,1.831107497215271
1773049246224930300,87.70393041992187,12.088540077209473,-1.4763715267181396,2.190030813217163
1773049246235110400,87.7141103515625,10.73838996887207,-0.9068797826766968,1.1174482107162476
1773049246245143000,87.72414306640626,7.822137355804443,-1.672582983970642,0.9643075466156006
1773049246255105300,87.73410522460938,10.65224838256836,-0.6143572330474854,2.3431715965270996
1773049246265094400,87.74409448242187,9.680164337158203,-0.9930213689804077,1.740180253982544
1773049246275059500,87.7540595703125,11.734402656555176,-1.5146567821502686,1.677966833114624
1773049246285046000,87.7640458984375,6.6969122886657715,-0.7339983582496643,1.5726827383041382
1773049246294926000,87.77392602539062,9.795019149780273,-0.8877372145652771,1.5050854682922363
1773049246304742700,87.78374267578126,11.618948936462402,-1.184447169303894,2.5537400245666504
1773049246314734800,87.79373486328124,7.0654072761535645,-1.3232308626174927,0.5138586759567261
1773049246324699600,87.80369970703126,8.98086166381836,-0.42771705985069275,-0.13698910176753998
1773049246334688800,87.81368872070313,10.201799392700195,-1.404586911201477,4.2107696533203125
1773049246344656100,87.82365625,12.854841232299805,-1.404586911201477,1.1413763761520386
1773049246354643000,87.83364282226563,7.707281589508057,-0.4133601188659668,0.48514479398727417
1773049246364612000,87.84361206054687,10.479366302490234,-1.1078768968582153,1.989033818244934
1773049246374792200,87.85379223632812,14.444273948669434,-1.246660590171814,1.4763715267181396
1773049246384824300,87.86382421875,6.260820388793945,-0.5282155871391296,2.6261229515075684
1773049246394784300,87.8737841796875,11.379666328430176,-1.3423734903335571,-0.8793623447418213
1773049246404775200,87.88377514648438,8.794221878051758,-1.2275179624557495,1.9124635457992554
1773049246414738400,87.89373852539063,7.524828910827637,-0.7722834944725037,3.128615617752075
1773049246424726500,87.9037265625,11.260025024414062,-1.3519448041915894,-0.49591249227523804
1773049246434692600,87.91369262695312,7.381259441375732,-1.4524433612823486,0.34636107087135315
1773049246444678400,87.92367846679687,10.378868103027344,-1.2705888748168945,3.7130625247955322
1773049246454558500,87.93355834960937,11.997612953186035,-0.7148557901382446,-0.026919255033135414
1773049246464375000,87.943375,9.301499366760254,-1.576870083808899,1.5726827383041382
1773049246474555000,87.95355493164062,10.177870750427246,-0.5138586759567261,0.9834501147270203
1773049246484588500,87.96358862304687,7.865208148956299,-0.6909275650978088,0.4133601188659668
1773049246494555000,87.97355493164062,11.159526824951172,-1.4476577043533325,3.0233314037323
1773049246504540700,87.98354077148437,8.813364028930664,-0.5617151260375977,-0.26620152592658997
1773049246514509000,87.99350903320313,6.940980434417725,-0.8303094506263733,0.001794616924598813
1773049246524493000,88.0034931640625,12.500105857849121,-0.8350951075553894,3.0999016761779785
1773049246534513000,88.01351293945312,8.3629150390625,-1.3423734903335571,1.275374412536621
1773049246544500500,88.02350048828124,9.756733894348145,0.2183450609445572,-1.8849459886550903
1773049246554417400,88.03341748046876,8.032705307006836,-0.6382854580879211,3.2482566833496094
1773049246564397800,88.04339770507812,12.433106422424316,-0.8685946464538574,2.046461582183838
1773049246574371600,88.05337158203125,7.898707389831543,-0.47557350993156433,-0.5252245664596558
1773049246584351200,88.06335131835938,8.492127418518066,-0.4660021960735321,1.3950155973434448
1773049246594325800,88.07332568359375,11.456236839294434,-0.5856433510780334,2.8701908588409424
1773049246604305000,88.08330493164063,9.124430656433105,-0.9260223507881165,0.8350951075553894
1773049246614280000,88.09328002929688,7.893921852111816,-0.42771705985069275,0.7393822073936462
1773049246624258600,88.10325854492187,9.728020668029785,-0.7968099117279053,2.204387903213501
1773049246634233900,88.11323388671875,11.00160026550293,-0.9595218896865845,1.399801254272461
1773049246644212500,88.12321240234375,7.433901786804199,-1.2083754539489746,1.3950155973434448
1773049246654188000,88.13318798828125,9.914660453796387,-0.6909275650978088,0.5240281820297241
1773049246664166100,88.14316625976562,9.148359298706055,-1.1461620330810547,1.8646070957183838
1773049246674142200,88.15314208984375,11.10209846496582,-1.0456634759902954,1.1940184831619263
1773049246684120000,88.1631201171875,8.539983749389648,-0.600000262260437,0.9212366938591003
1773049246694096400,88.17309643554688,9.613164901733398,-1.0360921621322632,2.0608184337615967
1773049246704074000,88.18307397460937,11.231310844421387,-0.600000262260437,0.8159525394439697
1773049246714050600,88.19305053710937,7.2089762687683105,-1.4763715267181396,1.552941918373108
1773049246724028200,88.20302807617188,11.221739768981934,-0.2315055876970291,1.1174482107162476
1773049246734004700,88.21300463867188,9.507282257080078,-0.8159525394439697,1.8598214387893677
1773049246743982000,88.22298217773438,10.522438049316406,-0.9116654396057129,1.2035897970199585
1773049246753958700,88.23295874023438,8.3629150390625,-0.20757736265659332,0.6628118753433228
1773049246763936000,88.24293603515625,9.670592308044434,-0.719641387462616,1.716252088546753
1773049246773912800,88.25291284179687,11.988041877746582,-0.6526423692703247,1.8837496042251587
1773049246783890200,88.26289013671875,7.6498541831970215,-0.4612165689468384,0.5862415432929993
1773049246793867000,88.27286694335938,10.637292861938477,-0.6143572330474854,1.5050854682922363
1773049246803844400,88.28284423828126,10.235299110412598,-0.8446664214134216,1.7593228816986084
1773049246813821200,88.2928212890625,9.277571678161621,-0.8159525394439697,1.3519448041915894
1773049246823798300,88.30279833984375,10.89153003692627,-0.22193430364131927,1.074377417564392
1773049246833775400,88.312775390625,9.656235694885254,-0.7722834944725037,1.6301103830337524
1773049246843752400,88.32275244140625,10.402796745300293,-1.4141582250595093,1.9411773681640625
1773049246853729300,88.33272924804687,7.491329669952393,-0.1501496136188507,1.5481562614440918
1773049246863706600,88.34270654296876,10.000802040100098,-0.8159525394439697,0.7585247755050659
1773049246873683500,88.35268334960938,11.925827980041504,-1.710868239402771,1.7641085386276245
1773049246883660500,88.36266064453125,6.337390899658203,-0.020937198773026466,2.347957134246826
1773049246893637600,88.3726376953125,10.709675788879395,-0.849452018737793,0.6005984544754028
1773049246903614700,88.38261474609375,10.824531555175781,-1.3040883541107178,2.2331018447875977
1773049246913591800,88.392591796875,7.319046497344971,-0.04486542567610741,1.1653046607971191
1773049246923569000,88.40256884765626,10.685748100280762,-1.428515076637268,1.4189438819885254
1773049246933545700,88.41254565429688,10.867602348327637,-0.1501496136188507,2.290529489517212
1773049246943522800,88.42252270507812,9.272786140441895,-0.6717849373817444,0.916451096534729
1773049246953500000,88.4325,10.848459243774414,-0.6430711150169373,0.7920243144035339
1773049246963477000,88.44247705078125,7.496115207672119,-0.3607180118560791,3.157329559326172
1773049246973454000,88.4524541015625,11.417951583862305,-0.8733802437782288,0.5479564070701599
1773049246983431200,88.46243115234375,8.875576972961426,-0.48514479398727417,1.155733346939087
1773049246993408300,88.472408203125,8.157132148742676,-0.26979073882102966,1.557727575302124
1773049247003385300,88.48238525390624,11.528020858764648,-0.8925228714942932,2.4436700344085693
1773049247013362400,88.49236254882813,8.48734188079834,-0.4707878530025482,1.1892328262329102
1773049247023339500,88.50233959960937,9.488140106201172,-0.6622136831283569,0.21236300468444824
1773049247033316400,88.51231640625,10.589436531066895,-0.8925228714942932,2.774477958679199
1773049247043293400,88.52229345703125,9.900303840637207,-0.42293140292167664,1.5481562614440918
1773049247053270500,88.5322705078125,10.024730682373047,-0.7004988193511963,0.8159525394439697
1773049247063247600,88.54224755859374,8.8707914352417,-0.4133601188659668,1.2993026971817017
1773049247073224700,88.552224609375,10.01994514465332,-0.8015955686569214,1.1461620330810547
1773049247083201800,88.56220190429687,10.168299674987793,-0.8207381963729858,2.5154547691345215
1773049247093179000,88.57217895507813,8.961718559265137,-0.355932354927063,0.7872386574745178
1773049247103156000,88.58215600585937,10.565508842468262,-0.5760720372200012,0.6532405614852905
1773049247113133000,88.59213305664062,9.325428009033203,-0.6622136831283569,3.291327476501465
1773049247123110100,88.60211010742188,9.296713829040527,-0.6382854580879211,-0.6017948985099792
1773049247133087000,88.6120869140625,9.713663101196289,-0.8685946464538574,2.6213371753692627
1773049247143064000,88.62206396484375,10.867602348327637,-0.5760720372200012,1.495514154434204
1773049247153041200,88.63204125976563,10.599007606506348,-0.9068797826766968,0.049651071429252625
1773049247163018200,88.64201831054687,9.66102123260498,-1.0839486122131348,3.1142587661743164
1773049247172995300,88.65199536132812,10.053443908691406,-0.10229317098855972,0.9499505758285522
1773049247182972400,88.66197241210938,10.7766752243042,-1.2035897970199585,0.6293123364448547
1773049247192949500,88.67194946289062,9.747162818908691,-0.6287141442298889,2.717050075531006
1773049247202926300,88.68192626953125,8.665008544921875,-0.2027917206287384,1.4811571836471558
1773049247212903700,88.69190356445313,10.680961608886719,-0.6430711150169373,0.8877372145652771
1773049247222880500,88.70188061523437,8.147561073303223,-0.42771705985069275,1.563111424446106
1773049247232857600,88.71185766601562,8.181060791015625,-0.5569294691085815,1.591825246810913
1773049247242834700,88.72183471679688,10.393224716186523,-0.6861419081687927,1.3902299404144287
1773049247252811800,88.73181176757812,8.851649284362793,-0.40378883481025696,2.4819552898406982
1773049247262788900,88.74178881835938,11.274381637573242,-0.6574280261993408,1.3854442834854126
1773049247272766000,88.75176586914063,9.258428573608398,-0.3798605799674988,1.2705888748168945
1773049247282743000,88.76174291992187,10.364511489868164,-0.9260223507881165,2.4915266036987305
1773049247292720000,88.77172021484375,9.775876998901367,-0.42293140292167664,1.9268203973770142
1773049247302697000,88.78169702148438,7.496115207672119,-0.47557350993156433,0.5623133182525635
1773049247312674000,88.79167407226562,11.221739768981934,-0.9595218896865845,2.190030813217163
1773049247322651100,88.80165112304688,7.5637125968933105,-0.45643091201782227,2.400599241256714
1773049247332628200,88.81162817382813,9.210572242736816,-0.45164528489112854,0.4325026869773865
1773049247342605300,88.82160522460937,11.47537899017334,-0.6095715761184692,2.544168710708618
1773049247352582400,88.83158251953125,8.104490280151367,-0.6813562512397766,1.4811571836471558
1773049247362559500,88.8415595703125,11.1978120803833,-0.24586252868175507,0.6293123364448547
1773049247372536600,88.85153662109374,8.779864311218262,-0.6909275650978088,2.3048863410949707
1773049247382513700,88.861513671875,8.799007415771484,-0.5234299302101135,2.1852452754974365
1773049247392490800,88.87149072265625,10.364511489868164,-0.7722834944725037,0.34636107087135315
1773049247402467600,88.88146752929687,7.299903869628906,-0.5138586759567261,2.6021945476531982
1773049247412444700,88.89144458007813,11.504093170166016,0.12263216078281403,1.893320918083191
1773049247422421800,88.901421875,9.268000602722168,-1.3184453248977661,1.1892328262329102
1773049247432398800,88.91139892578126,9.162715911865234,-0.6957131624221802,1.404586911201477
1773049247442376000,88.9213759765625,6.682555675506592,0.2763710021972656,2.328814744949341
1773049247452353000,88.93135302734375,10.331011772155762,-0.719641387462616,1.6061822175979614
1773049247462330000,88.941330078125,10.091729164123535,-0.6861419081687927,1.3902299404144287
1773049247472307200,88.95130712890625,6.165107727050781,0.5587241053581238,2.1996021270751953
1773049247482284300,88.9612841796875,13.103694915771484,-0.04007977992296219,1.74496591091156
1773049247492261400,88.97126147460938,11.00160026550293,-0.19322042167186737,2.83669114112854
1773049247502238500,88.98123852539062,7.1850481033325195,-0.001794616924598813,1.069591760635376
1773049247512176600,88.9911767578125,9.358927726745605,-0.09272187948226929,1.1365907192230225
1773049247522149600,89.00114965820312,10.043872833251953,-0.3846462368965149,2.717050075531006
1773049247532130600,89.01113061523438,8.85643482208252,-0.22193430364131927,1.8885352611541748
1773049247542104600,89.0211044921875,8.46341323852539,-0.5377869009971619,1.2658032178878784
1773049247552084700,89.03108471679687,9.057432174682617,-0.7920243144035339,2.462812662124634
1773049247562059300,89.04105932617188,9.723235130310059,-1.184447169303894,3.4157543182373047
1773049247572039000,89.05103881835937,11.892328262329102,-0.4468596279621124,1.2370892763137817
1773049247582014000,89.06101391601563,8.60758113861084,-0.34636107087135315,2.750549554824829
1773049247592031700,89.07103173828125,11.686545372009277,-0.40378883481025696,2.9276185035705566
1773049247602011100,89.08101123046875,10.273584365844727,-1.0504491329193115,1.1748759746551514
1773049247611947000,89.09094702148437,5.629115104675293,-0.7722834944725037,1.567897081375122
1773049247621922000,89.10092211914062,9.559925079345703,-0.06400800496339798,2.472383975982666
1773049247631940000,89.11094018554688,11.408380508422852,-0.9595218896865845,1.811964988708496
1773049247641919500,89.12091943359376,10.024730682373047,-0.7627122402191162,1.2801600694656372
1773049247651816400,89.13081640625,6.98405122756958,-0.5282155871391296,3.2865419387817383
1773049247661787600,89.14078759765626,10.905887603759766,-0.32243284583091736,2.7984061241149902
1773049247671770600,89.1507705078125,12.346964836120605,-0.5665007829666138,0.5814558863639832
1773049247681742800,89.16074291992187,6.768697261810303,-0.9690931439399719,3.6460635662078857
1773049247691724800,89.17072485351562,9.253643035888672,-0.3128615617752075,0.6197410821914673
1773049247701698000,89.18069799804688,7.659425258636475,0.23748764395713806,3.3678979873657227
1773049247711601200,89.19060107421875,12.208181381225586,-1.4476577043533325,1.811964988708496
1773049247721567500,89.2005673828125,6.759125709533691,-0.01136590726673603,1.6013965606689453
1773049247731516400,89.21051635742188,9.713663101196289,-1.246660590171814,2.6117658615112305
1773049247741481000,89.22048095703126,13.62054443359375,-0.8159525394439697,1.831107497215271
1773049247751470600,89.230470703125,7.39561653137207,-0.4372883439064026,3.181257724761963
1773049247761437700,89.24043774414062,12.208181381225586,-0.6239284873008728,0.8925228714942932
1773049247771385900,89.2503857421875,9.665806770324707,-2.108675003051758,4.359124660491943
1773049247781351000,89.26035083007812,9.478569030761719,0.8889335989952087,0.5718846321105957
1773049247791301000,89.27030102539062,9.272786140441895,-0.42293140292167664,2.3336002826690674
1773049247801265000,89.28026489257813,11.255239486694336,-1.4093725681304932,2.1373889446258545
1773049247811177700,89.290177734375,3.5509488582611084,0.4103690981864929,4.359124660491943
1773049247821136400,89.30013647460937,12.308679580688477,-1.581655740737915,-0.7022934556007385
1773049247831093000,89.31009301757813,12.619746208190918,-0.7824530005455017,2.486740827560425
1773049247841051400,89.32005151367187,8.574081420898438,-0.9882357716560364,4.531407833099365
1773049247850931200,89.32993115234375,12.787842750549316,0.5778666734695435,1.2323036193847656
1773049247860881700,89.33988159179688,8.674580574035645,-2.09431791305542,1.179661512374878
1773049247870923300,89.34992333984376,10.73838996887207,-1.3519448041915894,3.205185890197754
1773049247880883000,89.35988305664063,7.2472615242004395,1.4446666240692139,3.315255880355835
1773049247890838500,89.36983862304687,11.470593452453613,-0.4660021960735321,-0.1178465187549591
1773049247900798000,89.3797978515625,11.925827980041504,-2.324028968811035,0.8303094506263733
1773049247910715100,89.38971508789062,3.88594388961792,-0.6765705943107605,4.483551502227783
1773049247920670500,89.39967041015625,11.427522659301758,1.7892330884933472,1.9363917112350464
1773049247930592000,89.40959204101563,13.00798225402832,-2.2857437133789062,0.8781659007072449
1773049247940543700,89.41954370117188,7.822137355804443,-2.15653133392334,3.1094729900360107
1773049247950468600,89.42946850585938,5.4951171875,1.607378602027893,1.3088740110397339
1773049247960417800,89.43941772460937,18.42832374572754,-1.093519926071167,2.6979074478149414
1773049247970460700,89.44946069335937,10.743175506591797,-2.5010979175567627,4.019343852996826
1773049247980419000,89.45941918945313,2.2815563678741455,1.0372886657714844,-0.2949153780937195
1773049247990599200,89.46959912109375,12.940982818603516,0.2667997181415558,-1.2287144660949707
1773049248000779300,89.479779296875,14.152349472045898,-2.2857437133789062,7.265805721282959
1773049248010959000,89.489958984375,3.900300979614258,-0.3320041298866272,2.410170555114746
1773049248021065700,89.50006567382812,9.449854850769043,0.5826523303985596,-2.4017956256866455
1773049248031022000,89.51002197265625,12.854841232299805,-3.3296127319335938,4.397409915924072
1773049248041015800,89.52001586914062,8.563912391662598,-0.04007977992296219,4.981856822967529
1773049248050937600,89.5299375,7.960920810699463,1.363310694694519,-1.4775680303573608
1773049248060924200,89.53992407226562,15.689140319824219,-1.1892328262329102,2.6452653408050537
1773049248070930400,89.54993041992188,7.486543655395508,-2.6973092555999756,2.7074787616729736
1773049248080919000,89.5599189453125,6.021538257598877,0.46779683232307434,3.7944185733795166
1773049248090884600,89.56988452148437,12.122039794921875,0.8554341197013855,0.8207381963729858
1773049248100871000,89.57987084960938,14.496915817260742,-2.970689296722412,0.1740778535604477
1773049248110838800,89.5898388671875,4.321437835693359,-0.24107688665390015,2.3718855381011963
1773049248120823300,89.5998232421875,3.460021495819092,1.5547364950180054,4.540979385375977
1773049248130793000,89.60979296875,13.548760414123535,-0.13579268753528595,0.5431707501411438
1773049248140776000,89.61977587890625,5.997610092163086,-2.448455810546875,-1.3674981594085693
1773049248150747100,89.6297470703125,8.133204460144043,-0.7579265832901001,2.664407968521118
1773049248160728800,89.63972875976563,9.368498802185059,0.9463613629341125,5.656632900238037
1773049248170701300,89.64970141601563,11.834900856018066,-2.0895323753356934,1.069591760635376
1773049248180682200,89.65968212890625,11.145169258117676,-0.7387840151786804,-1.01814603805542
1773049248190655500,89.66965551757812,5.9545392990112305,-0.37028929591178894,4.339982032775879
1773049248200635600,89.6796357421875,15.239289283752441,0.3433700501918793,1.2849457263946533
1773049248210609700,89.68960961914063,9.119645118713379,-2.079961061477661,2.86061954498291
1773049248220589000,89.69958911132812,5.758327484130859,-0.5330012440681458,-0.4911268353462219
1773049248230563800,89.70956372070313,6.122036933898926,0.30987054109573364,1.2849457263946533
1773049248240542700,89.71954272460937,11.700902938842773,-1.2323036193847656,4.588835716247559
1773049248250518000,89.72951806640626,13.280763626098633,-1.6055840253829956,1.1030912399291992
1773049248260496600,89.73949658203125,5.207380294799805,-0.001794616924598813,-0.15613168478012085
1773049248270472200,89.74947216796875,9.680164337158203,0.4821537733078003,4.6995038986206055
1773049248280450300,89.7594501953125,14.425130844116211,-1.9698911905288696,3.6604204177856445
1773049248290426000,89.76942602539063,7.946564197540283,-1.1653046607971191,1.80717933177948
1773049248300404200,89.779404296875,9.009575843811035,-0.054436713457107544,1.591825246810913
1773049248310380300,89.78938037109376,15.114862442016602,-0.8015955686569214,1.9076778888702393
1773049248320358100,89.79935815429687,11.260025024414062,-1.007378339767456,4.182055950164795
1773049248330334500,89.80933447265625,4.153940200805664,0.1178465187549591,0.6675975322723389
1773049248340312300,89.81931225585937,4.810171604156494,-0.001794616924598813,1.716252088546753
1773049248350192000,89.82919213867187,13.639687538146973,-2.132603168487549,1.1653046607971191
1773049248360010500,89.83901049804687,9.263215065002441,-1.495514154434204,5.469992637634277
1773049248370009900,89.849009765625,10.153943061828613,-0.020937198773026466,2.434098720550537
1773049248379968800,89.85896875,14.966506958007812,-0.001794616924598813,-2.5645077228546143
1773049248390148900,89.86914892578125,9.382855415344238,0.12263216078281403,5.767300605773926
1773049248400182800,89.87918286132812,10.015159606933594,-2.520240545272827,2.1948165893554688
1773049248410150700,89.88915063476563,6.437889099121094,0.6975077986717224,0.0975075215101242
1773049248420135200,89.89913525390625,8.453842163085938,1.0037890672683716,0.4612165689468384
1773049248430104800,89.90910473632813,11.44666576385498,-1.1940184831619263,3.82791805267334
1773049248440087800,89.919087890625,3.493520975112915,-1.3040883541107178,0.6005984544754028
1773049248450059000,89.92905908203124,8.425128936767578,-0.3080759048461914,-0.5970092415809631
1773049248460041000,89.939041015625,13.290334701538086,-0.2793620526790619,3.909274101257324
1773049248470013200,89.94901318359375,9.641879081726074,-1.490728497505188,3.689134359359741
1773049248479994000,89.958994140625,10.517651557922363,-0.50907301902771,-1.8897316455841064
1773049248489967400,89.96896728515625,4.771886348724365,0.39122650027275085,0.6101697683334351
1773049248499947500,89.97894750976562,13.003196716308594,-1.6199408769607544,6.389434814453125
1773049248509827600,89.98882763671875,12.198610305786133,-0.7100701332092285,0.03529413416981697
1773049248519645200,89.99864526367188,8.861220359802246,-1.2370892763137817,-0.836291491985321
1773049248529825300,90.0088251953125,7.376473903656006,-0.14057832956314087,6.0879387855529785
1773049248539859700,90.01885961914063,10.814960479736328,-0.1788634955883026,0.763310432434082
1773049248549829600,90.02882958984375,13.113265991210938,-0.8973084688186646,-2.9527430534362793
1773049248559812400,90.03881225585937,1.8987047672271729,-1.4428720474243164,7.452445983886719
1773049248569783800,90.04878369140626,8.429914474487305,0.2231307178735733,0.32243284583091736
1773049248579765500,90.058765625,14.731412887573242,-3.047259569168091,2.276172637939453
1773049248589738000,90.06873803710937,7.750352382659912,1.3489537239074707,4.205984115600586
1773049248599718700,90.07871875,9.392427444458008,0.3529413342475891,0.355932354927063
1773049248609598700,90.0885986328125,11.91625690460205,-2.1469600200653076,2.324028968811035
1773049248619416300,90.09841625976563,7.299903869628906,-0.9690931439399719,2.7122645378112793
1773049248629596400,90.10859643554687,14.032708168029785,-0.45643091201782227,-2.6081767082214355
1773049248639630600,90.11863061523438,8.59322452545166,-0.19322042167186737,7.485945701599121
1773049248649600300,90.12860034179687,10.15872859954834,-0.9978070259094238,2.6356940269470215
1773049248659583500,90.13858349609374,8.46341323852539,-0.542572557926178,-2.0572292804718018
1773049248669554400,90.14855444335937,6.92183780670166,-1.2179467678070068,0.21236300468444824
1773049248679536400,90.15853637695312,12.878769874572754,-0.47557350993156433,6.719644069671631
1773049248689508600,90.16850854492188,6.92183780670166,1.046859860420227,0.7776673436164856
1773049248699489500,90.17848950195312,11.518449783325195,-0.9643075466156006,-1.688734531402588
1773049248709462800,90.188462890625,3.814159393310547,-1.6007983684539795,2.6739792823791504
1773049248719443000,90.19844287109375,9.617950439453125,0.4007977843284607,6.413362979888916
1773049248729417000,90.2084169921875,15.583855628967285,-0.9595218896865845,-2.7086751461029053
1773049248739396400,90.21839624023437,4.738387107849121,0.03170489892363548,-1.0947163105010986
1773049248749371100,90.22837109375,9.000003814697266,-0.7483552694320679,6.202794551849365
1773049248759350000,90.23835009765625,10.9633150100708,-2.213959217071533,0.2745763957500458
1773049248769325300,90.2483251953125,7.8556365966796875,0.8745766878128052,3.607180118560791
1773049248779304000,90.25830395507812,10.733604431152344,-2.1373889446258545,1.9507486820220947
1773049248789279200,90.268279296875,8.157132148742676,-0.7339983582496643,2.496312141418457
1773049248799257600,90.27825756835938,7.1371917724609375,0.3002992272377014,1.8693926334381104
1773049248809233400,90.2882333984375,14.176278114318848,-0.5569294691085815,1.0456634759902954
1773049248819211500,90.29821142578125,8.075776100158691,-0.1788634955883026,1.654038667678833
1773049248829187600,90.3081875,6.428318023681641,-2.352742910385132,2.616551637649536
1773049248839165400,90.31816552734375,14.252847671508789,-0.7292127013206482,1.093519926071167
1773049248849180700,90.3281806640625,9.45464038848877,-0.21236300468444824,1.275374412536621
1773049248859162000,90.338162109375,14.592628479003906,-1.667797327041626,4.42612361907959
1773049248869096000,90.34809594726562,9.972088813781738,0.10348957777023315,2.582453727722168
1773049248879072800,90.35807275390626,6.361319065093994,-1.0791629552841187,0.638883650302887
1773049248889050000,90.36805004882812,11.566306114196777,-0.1453639715909958,1.5050854682922363
1773049248899027000,90.37802685546875,6.0741801261901855,-1.1030912399291992,5.254638671875
1773049248909004000,90.38800415039063,10.929815292358398,-0.32243284583091736,-0.4863412082195282
1773049248918981000,90.39798120117187,6.893123626708984,0.5491527915000916,2.410170555114746
1773049248928958200,90.40795825195312,14.520844459533691,-3.4444682598114014,4.019343852996826
1773049248938935300,90.41793530273438,9.497711181640625,-0.26979073882102966,0.23629122972488403
1773049248948912400,90.42791235351562,9.948160171508789,0.8937192559242249,2.740978240966797
1773049248958889500,90.43788940429687,15.847664833068848,-1.9316060543060303,4.478765964508057
1773049248968866600,90.44786645507813,8.48734188079834,-1.6151553392410278,0.4133601188659668
1773049248978843600,90.45784375,5.4951171875,0.8506484627723694,-0.34277185797691345
1773049248988723500,90.46772338867187,13.860424995422363,-0.054436713457107544,5.139782905578613
1773049248998542000,90.4775419921875,8.118846893310547,-0.5377869009971619,0.5042873620986938
1773049249008542000,90.4875419921875,3.5030922889709473,-0.7968099117279053,0.8446664214134216
1773049249018500400,90.49750024414062,5.696114540100098,-0.4420739710330963,1.1413763761520386
1773049249028680400,90.50768041992187,12.418749809265137,-1.5481562614440918,3.0759735107421875
1773049249038714400,90.51771435546875,15.086148262023926,-0.5808576941490173,2.18045973777771
1773049249048682800,90.52768286132813,5.293521881103516,0.7597211599349976,0.12143574655056
1773049249058667000,90.5376669921875,11.84447193145752,-2.046461582183838,1.7736797332763672
1773049249068637000,90.54763696289062,8.650651931762695,-1.074377417564392,4.593621253967285
1773049249078619600,90.55761962890625,7.7455668449401855,0.14656038582324982,1.9316060543060303
1773049249088499700,90.56749975585937,14.372488975524902,-0.600000262260437,-1.482353687286377
1773049249098317000,90.57731713867187,4.786243438720703,0.12741780281066895,5.729015827178955
1773049249108497000,90.58749682617187,9.478569030761719,-1.4715858697891235,0.8350951075553894
1773049249118531000,90.59753100585938,9.224929809570312,-0.973878800868988,-2.7086751461029053
1773049249128499200,90.60749926757812,6.783053874969482,-1.00259268283844,8.45324420928955
1773049249138483500,90.6174833984375,15.038291931152344,-0.18843477964401245,1.7784653902053833
1773049249148453400,90.62745336914062,8.061419486999512,-1.098305583000183,-0.3475574851036072
1773049249158436000,90.63743603515626,6.059823513031006,-0.7872386574745178,4.30169677734375
1773049249168407600,90.64740747070313,8.228917121887207,-0.12143574655056,-1.5254244804382324
1773049249178389200,90.65738916015626,11.532807350158691,-0.8303094506263733,2.937189817428589
1773049249188361700,90.66736181640626,8.181060791015625,-0.32243284583091736,4.359124660491943
1773049249198342400,90.67734228515624,11.379666328430176,-1.6821542978286743,-0.5395814776420593
1773049249208316000,90.68731591796875,9.890732765197754,-0.5904290080070496,0.8638089895248413
1773049249218295800,90.6972958984375,5.260022163391113,0.5778666734695435,8.233104705810547
1773049249228270000,90.70727001953125,10.743175506591797,0.050847481936216354,2.11824631690979
1773049249238249500,90.71724951171875,8.051848411560059,-0.6765705943107605,-2.105085611343384
1773049249248224300,90.72722436523438,8.684151649475098,-2.204387903213501,1.989033818244934
1773049249258203100,90.737203125,9.804591178894043,-2.2091734409332275,5.264209747314453
1773049249268178400,90.74717846679688,7.908278942108154,0.36251261830329895,-2.3635106086730957
1773049249278156800,90.75715673828125,13.185050964355469,0.836291491985321,1.9363917112350464
1773049249288132600,90.76713256835937,10.445867538452148,-1.5337992906570435,5.757729530334473
1773049249298110700,90.77711083984374,9.718449592590332,-1.9028922319412231,0.9260223507881165
1773049249308086500,90.78708642578125,4.848456859588623,0.8315058946609497,-0.8745766878128052
1773049249318064600,90.79706469726563,11.739188194274902,0.06041877344250679,3.923630952835083
1773049249328040700,90.80704077148438,13.366905212402344,-3.1716864109039307,3.3822548389434814
1773049249338018600,90.8170185546875,3.603590965270996,0.4103690981864929,1.8646070957183838
1773049249347995000,90.82699487304687,10.522438049316406,0.592223584651947,3.276970624923706
1773049249357972500,90.83697241210938,13.510475158691406,-1.831107497215271,0.6532405614852905
1773049249367949000,90.84694897460938,4.029513359069824,-0.4707878530025482,1.7880367040634155
1773049249377926700,90.8569267578125,6.5629143714904785,-0.1501496136188507,3.434896945953369
1773049249387806500,90.86680639648438,16.034303665161133,-1.7395820617675781,-0.04127619042992592
1773049249397624800,90.87662475585938,8.875576972961426,-0.4372883439064026,3.0185458660125732
1773049249407805000,90.88680493164063,7.616354465484619,-1.0169496536254883,3.238685369491577
1773049249417839600,90.89683959960938,13.266407012939453,-1.2131611108779907,-0.7022934556007385
1773049249427811300,90.90681127929687,9.780662536621094,0.2763710021972656,3.032902717590332
1773049249437792800,90.91679272460938,11.46102237701416,-1.9507486820220947,4.9435715675354
1773049249447765500,90.926765625,8.559126853942871,-0.633499801158905,0.11665010452270508
1773049249457746000,90.93674584960938,3.0287153720855713,0.8171489238739014,-0.5204389095306396
1773049249467719700,90.9467197265625,15.268003463745117,-0.28893333673477173,3.4205398559570312
1773049249477699600,90.95669946289063,12.705887794494629,-3.865604877471924,4.378267288208008
1773049249487673600,90.96667358398437,1.1994023323059082,0.5635097622871399,0.389431893825531
1773049249497653000,90.97665307617187,12.55274772644043,1.1569297313690186,-0.3858426511287689
1773049249507627800,90.98662768554688,19.807188034057617,-3.142972469329834,6.887740135192871
1773049249517606700,90.99660668945313,3.287140130996704,-0.7100701332092285,3.5880374908447266
1773049249527582000,91.00658203125,2.200200319290161,0.7597211599349976,-1.113858938217163
1773049249537560600,91.016560546875,15.770495414733887,-1.399801254272461,-1.1808580160140991
1773049249547536100,91.0265361328125,16.153945922851562,-2.7930221557617188,8.391031265258789
1773049249557514200,91.03651416015624,1.6402798891067505,0.6640082597732544,1.2562319040298462
1773049249567490300,91.046490234375,9.531210899353027,0.6735795736312866,-1.5206388235092163
1773049249577468200,91.05646826171875,10.551151275634766,-0.600000262260437,0.31764721870422363
1773049249587444500,91.06644458007813,8.185846328735352,-3.128615617752075,6.4564337730407715
1773049249597422000,91.07642211914063,11.417951583862305,-0.1740778535604477,2.6117658615112305
1773049249607398400,91.0863984375,7.7216386795043945,0.8889335989952087,0.23629122972488403
1773049249617376300,91.09637622070312,12.136396408081055,-2.276172637939453,2.544168710708618
1773049249627352600,91.1063525390625,9.014361381530762,-1.5433706045150757,6.054439544677734
1773049249637330200,91.116330078125,8.281558990478516,0.0891326442360878,0.50907301902771
1773049249647306800,91.126306640625,12.370893478393555,-0.4133601188659668,-2.1816561222076416
1773049249657284000,91.1362841796875,8.310273170471191,-0.9978070259094238,5.839085578918457
1773049249667261000,91.14626098632813,7.338188648223877,-1.3854442834854126,0.7250252366065979
1773049249677238300,91.15623828125,8.200202941894531,-1.2323036193847656,1.6013965606689453
1773049249687215000,91.16621508789062,11.662019729614258,-0.006580262444913387,4.895715236663818
1773049249697192400,91.1761923828125,11.269596099853516,-0.9930213689804077,2.362314224243164
1773049249707072300,91.186072265625,6.950551509857178,-0.2793620526790619,1.591825246810913
1773049249716890600,91.195890625,6.940980434417725,-1.1174482107162476,3.8662030696868896
1773049249727070700,91.20607080078125,15.435501098632812,-1.7682958841323853,0.8925228714942932
1773049249737105400,91.21610546875,7.779066562652588,-0.4420739710330963,3.4540395736694336
1773049249747077000,91.2260771484375,10.63250732421875,-0.6861419081687927,3.6119658946990967
1773049249757058600,91.23605859375,11.551949501037598,-1.0887342691421509,0.13579268753528595
1773049249767031300,91.24603125,7.1228346824646,-1.557727575302124,1.7736797332763672
1773049249777012000,91.25601196289062,7.031907558441162,-0.6909275650978088,2.362314224243164
1773049249786985500,91.2659853515625,7.630711555480957,-0.054436713457107544,2.8701908588409424
1773049249796965400,91.27596533203125,8.909076690673828,-1.4189438819885254,3.823132276535034
1773049249806939600,91.28593969726562,8.789435386657715,-1.3854442834854126,0.9930213689804077
1773049249816918800,91.29591870117187,9.593423843383789,-0.9786644577980042,-1.3004990816116333
1773049249826893800,91.30589379882812,13.721043586730957,-2.788236618041992,5.9922261238098145
1773049249836872700,91.31587280273438,11.642876625061035,-0.9355936646461487,3.5880374908447266
1773049249846848000,91.32584790039063,8.051848411560059,1.3250255584716797,-1.2047861814498901
1773049249856826400,91.33582641601562,9.339784622192383,-0.2267199456691742,2.803191661834717
1773049249866802200,91.34580224609375,6.821339130401611,-3.4683964252471924,5.589633464813232
1773049249876780300,91.3557802734375,0.7830511927604675,0.13698910176753998,-0.11306086927652359
1773049249886660400,91.36566040039062,10.077372550964355,0.1417747437953949,-1.5397813320159912
1773049249896478500,91.375478515625,19.007984161376953,-2.3814568519592285,0.11665010452270508
1773049249906658300,91.385658203125,5.863611698150635,-2.3096721172332764,8.908478736877441
1773049249916693000,91.39569287109374,7.917850017547607,-1.1030912399291992,-0.5006981492042542
1773049249926664200,91.40566430664063,14.68355655670166,-0.29850462079048157,0.37507495284080505
1773049249936646100,91.41564624023438,11.035099983215332,-1.5625132322311401,5.197210788726807
1773049249946657300,91.4256572265625,9.976874351501465,-0.7148557901382446,4.9052863121032715
1773049249956642000,91.43564208984375,2.4161527156829834,-0.9403793215751648,0.7968099117279053
1773049249966572500,91.44557250976563,9.258428573608398,-0.600000262260437,-2.0620148181915283
1773049249976552000,91.45555200195312,11.32223892211914,-1.1270195245742798,5.66620397567749
1773049249986526700,91.46552661132813,7.922635555267334,-1.1318050622940063,4.272983074188232
1773049249996505600,91.47550561523437,9.7998046875,-1.1413763761520386,-0.4145565330982208
1773049250006481000,91.48548095703126,7.64028263092041,-1.160519003868103,2.89890456199646
1773049250016459500,91.49545947265625,11.729616165161133,-1.3471591472625732,3.4923245906829834
1773049250026435000,91.50543505859375,9.842875480651855,-1.7012969255447388,3.0664021968841553
1773049250036413200,91.5154130859375,11.528020858764648,-2.022533416748047,-0.3236292600631714
1773049250046389200,91.52538916015625,10.197013854980469,-0.9595218896865845,3.8709888458251953
1773049250056367000,91.5353671875,10.187442779541016,0.06041877344250679,4.7473602294921875
1773049250066343200,91.54534326171876,10.63250732421875,-1.6055840253829956,1.0552347898483276
1773049250076321000,91.55532104492187,5.4520463943481445,-1.332802176475525,1.7306089401245117
1773049250086297300,91.56529736328125,5.763113498687744,0.4055834412574768,4.7952165603637695
1773049250096275200,91.57527514648437,13.012767791748047,-1.7730815410614014,1.1700903177261353
1773049250106251500,91.58525146484375,8.286344528198242,-1.9698911905288696,2.400599241256714
1773049250116229000,91.59522900390625,7.989634990692139,-1.6199408769607544,2.7314071655273438
1773049250126205700,91.60520581054688,12.294322967529297,-0.7824530005455017,1.2610175609588623
1773049250136183000,91.61518310546874,12.189038276672363,-1.7443677186965942,2.008176326751709
1773049250146159900,91.62515991210938,10.29751205444336,-1.00259268283844,2.1756739616394043
1773049250156137200,91.63513720703125,5.3748779296875,-0.8207381963729858,3.291327476501465
1773049250166017300,91.64501733398437,12.749557495117188,-1.4620146751403809,2.132603168487549
1773049250175835400,91.65483544921875,8.276773452758789,-1.0456634759902954,2.410170555114746
1773049250186015500,91.66501538085937,7.070192813873291,-0.9260223507881165,2.3814568519592285
1773049250196050200,91.67505029296875,11.58544921875,-2.2331018447875977,2.0656042098999023
1773049250206022000,91.68502197265624,10.345368385314941,-2.2331018447875977,2.7840490341186523
1773049250216003300,91.69500341796875,10.364511489868164,0.1657029688358307,2.462812662124634
1773049250225976000,91.70497607421875,10.130014419555664,-1.0791629552841187,2.7218358516693115
1773049250235956700,91.71495678710937,8.789435386657715,-1.5098711252212524,2.908475875854492
1773049250245930200,91.72493017578125,8.62193775177002,-2.0751755237579346,0.7920243144035339
1773049250255910100,91.73491015625,9.82373332977295,-1.160519003868103,1.3280165195465088
1773049250265884400,91.74488452148438,9.378069877624512,0.5395814776420593,6.389434814453125
1773049250275863800,91.75486376953126,10.268798828125,-2.0033907890319824,0.5288137793540955
1773049250285838600,91.76483862304687,8.83250617980957,-2.2570300102233887,1.093519926071167
1773049250295817500,91.7748173828125,5.777470111846924,-2.1708884239196777,5.460421085357666
1773049250305697300,91.784697265625,14.090136528015137,0.0077766734175384045,-0.06999006122350693
1773049250315515400,91.79451538085938,7.932207107543945,-0.8685946464538574,3.497110366821289
1773049250325695500,91.80469555664062,7.70249605178833,-2.017747640609741,4.843072891235352
1773049250335730000,91.81472998046875,8.803792953491211,-1.1461620330810547,-0.3332005441188812
1773049250345700900,91.82470092773437,7.735995769500732,-1.8646070957183838,2.4149563312530518
1773049250355682800,91.83468286132812,13.28554916381836,-0.03529413416981697,4.914857864379883
1773049250365655000,91.84465502929687,9.248857498168945,-1.3519448041915894,0.5862415432929993
1773049250375636000,91.85463598632812,11.078170776367188,-3.3296127319335938,1.8023936748504639
1773049250385609200,91.86460913085938,6.864409923553467,-0.2602194547653198,4.268197536468506
1773049250395589400,91.87458935546876,11.059027671813965,-0.5808576941490173,1.5002998113632202
1773049250405563100,91.88456323242187,13.682758331298828,-1.2179467678070068,2.774477958679199
1773049250415542800,91.89454272460938,3.1962127685546875,-1.9124635457992554,2.314457654953003
1773049250425517300,91.90451733398437,7.357331275939941,-0.753140926361084,2.4436700344085693
1773049250435496400,91.91449633789063,8.995218276977539,-0.7968099117279053,3.2482566833496094
1773049250445471500,91.92447143554688,10.599007606506348,-2.2331018447875977,1.9124635457992554
1773049250455450400,91.93445043945313,10.671390533447266,-0.9978070259094238,-0.21355941891670227
1773049250465425700,91.94442578125,6.423532485961914,-1.466800332069397,6.183651924133301
1773049250475404000,91.95440405273438,13.970495223999023,-0.6239284873008728,3.377469062805176
1773049250485379800,91.9643798828125,9.680164337158203,-1.6247265338897705,-0.8889335989952087
1773049250495358000,91.97435791015624,6.370890140533447,-2.032104730606079,4.110270977020264
1773049250505238000,91.98423803710938,11.054242134094238,-1.3519448041915894,4.464408874511719
1773049250515056000,91.99405615234375,7.8077802658081055,-0.6957131624221802,0.45164528489112854
1773049250525236000,92.00423608398438,8.26241683959961,-1.1318050622940063,1.8693926334381104
1773049250535270700,92.01427075195312,5.3940205574035645,-0.32243284583091736,5.221138954162598
1773049250545242000,92.0242421875,10.082158088684082,-3.157329559326172,2.5154547691345215
1773049250555223800,92.03422387695312,10.474580764770508,-2.204387903213501,3.1094729900360107
1773049250565196000,92.04419604492188,6.979265213012695,0.022133609279990196,3.166900873184204
1773049250575177000,92.05417700195312,14.58784294128418,-0.8255237936973572,4.886143684387207
1773049250585150200,92.06415014648438,10.905887603759766,-2.5250260829925537,3.7369906902313232
1773049250595130400,92.07413037109374,6.802196502685547,-0.6047859191894531,0.29371899366378784
1773049250605104400,92.0841044921875,7.500900745391846,-1.7395820617675781,5.977869033813477
1773049250615084000,92.094083984375,13.098909378051758,-1.9028922319412231,3.9044883251190186
1773049250625058600,92.10405859375,4.848456859588623,0.5682953596115112,1.4811571836471558
1773049250635037700,92.11403759765625,8.477770805358887,-2.2331018447875977,3.434896945953369
1773049250645012700,92.1240126953125,13.28554916381836,-1.5481562614440918,3.8662030696868896
1773049250654991400,92.13399145507813,4.456034183502197,0.5682953596115112,3.1956145763397217
1773049250664871400,92.14387133789063,15.607784271240234,-3.7124643325805664,2.640479803085327
1773049250674689500,92.153689453125,12.984053611755371,-1.160519003868103,2.3048863410949707
1773049250684869400,92.16386938476562,4.350151538848877,-0.32721850275993347,4.0145583152771
1773049250694904000,92.17390405273437,14.875579833984375,-1.9938194751739502,2.3336002826690674
1773049250704875000,92.183875,7.692924976348877,-1.074377417564392,1.2562319040298462
1773049250714857000,92.19385693359375,4.302295207977295,-1.581655740737915,2.750549554824829
1773049250724829200,92.2038291015625,8.947361946105957,-0.16450655460357666,2.7361927032470703
1773049250734810000,92.21381005859375,9.46899700164795,-3.0137600898742676,2.3048863410949707
1773049250744783400,92.22378344726563,10.622936248779297,-1.4380863904953003,1.4715858697891235
1773049250754763500,92.23376342773437,5.729613780975342,0.4582255482673645,4.473979949951172
1773049250764737500,92.24373754882812,17.202600479125977,-3.851248025894165,0.5288137793540955
1773049250774717000,92.25371704101562,9.19143009185791,-1.9507486820220947,3.166900873184204
1773049250784691700,92.26369165039063,5.269593715667725,0.16091732680797577,6.044867992401123
1773049250794670600,92.27367065429688,15.440286636352539,0.49172505736351013,0.3320041298866272
1773049250804645600,92.28364575195313,9.473783493041992,-2.946761131286621,1.6301103830337524
1773049250814624300,92.29362426757812,3.2967114448547363,-0.9403793215751648,7.026523590087891
1773049250824599800,92.30359985351562,7.812565803527832,-0.24586252868175507,-0.09391828626394272
1773049250834578200,92.313578125,11.441879272460938,-0.45164528489112854,2.1278176307678223
1773049250844554000,92.32355395507813,12.950553894042969,-1.9698911905288696,4.249054908752441
1773049250854532000,92.33353198242187,5.178666591644287,-1.3232308626174927,2.017747640609741
1773049250864508200,92.34350805664063,6.850052833557129,0.5491527915000916,4.402195453643799
1773049250874486000,92.35348608398438,16.59422492980957,-1.6151553392410278,1.3232308626174927
1773049250884462300,92.36346240234376,11.810972213745117,-2.3336002826690674,2.4819552898406982
1773049250894440000,92.37343994140625,1.5158531665802002,1.1282159090042114,6.643074035644531
1773049250904416500,92.38341650390625,7.927421569824219,0.6735795736312866,0.14057832956314087
1773049250914394000,92.39339404296875,13.27119255065918,-3.678964853286743,1.0839486122131348
1773049250924370400,92.40337036132813,6.629913330078125,-0.5617151260375977,7.4572319984436035
1773049250934348000,92.41334814453126,8.358129501342773,0.8841479420661926,1.31365966796875
1773049250944324600,92.42332470703126,14.291132926940918,-2.0751755237579346,2.764906644821167
1773049250954302000,92.43330200195312,5.317450046539307,0.8315058946609497,3.985844373703003
1773049250964278800,92.44327880859375,5.834897994995117,-1.0360921621322632,1.490728497505188
1773049250974256000,92.45325610351563,8.760722160339355,-1.490728497505188,3.8805601596832275
1773049250984233000,92.46323291015625,8.688937187194824,-0.7148557901382446,3.7944185733795166
1773049250994210300,92.47321020507812,11.135598182678223,0.5108676552772522,-0.534795880317688
1773049251004187100,92.48318725585938,8.784649848937988,-1.648654818534851,4.828716278076172
1773049251014164200,92.49316430664062,10.824531555175781,-1.6055840253829956,3.6508491039276123
1773049251024141000,92.50314111328125,5.140381336212158,0.7501499056816101,2.8654050827026367
1773049251034118400,92.51311840820313,11.14038372039795,-1.3184453248977661,0.7202396392822266
1773049251044095200,92.52309521484375,8.7176513671875,-0.9930213689804077,4.36391019821167
1773049251054072300,92.533072265625,5.236093997955322,0.06999006122350693,3.434896945953369
1773049251064049400,92.54304931640625,11.355737686157227,-0.7968099117279053,2.0656042098999023
1773049251074026500,92.55302661132812,8.329415321350098,-1.2179467678070068,4.598406791687012
1773049251084003600,92.56300366210938,7.6737823486328125,-0.5665007829666138,4.450051784515381
1773049251093980700,92.57298071289063,14.32463264465332,-1.1700903177261353,-1.2861422300338745
1773049251103957500,92.58295751953125,9.943374633789062,-2.1613171100616455,8.937192916870117
1773049251113934600,92.5929345703125,11.121241569519043,-0.12622138857841492,3.8327035903930664
1773049251123911700,92.60291162109375,10.445867538452148,-0.5473581552505493,-1.6600207090377808
1773049251133888800,92.612888671875,10.311869621276855,-0.4899304509162903,5.661418437957764
1773049251143865900,92.62286596679688,10.072587013244629,-0.5377869009971619,3.6460635662078857
1773049251153843000,92.63284301757812,3.0717861652374268,-0.6957131624221802,-2.397010087966919
1773049251163820000,92.64282006835937,5.054239749908447,0.1178465187549591,4.325624942779541
1773049251173797000,92.65279711914063,12.44267749786377,-2.18045973777771,4.986642360687256
1773049251183774000,92.66277392578125,13.994422912597656,-1.031306505203247,2.8462624549865723
1773049251193751000,92.6727509765625,8.11406135559082,-0.40378883481025696,2.8462624549865723
1773049251203728100,92.68272802734376,13.543973922729492,-0.47557350993156433,2.5872395038604736
1773049251213705200,92.69270532226562,12.313465118408203,-1.155733346939087,5.230710506439209
1773049251223682300,92.70268237304687,6.902695178985596,-1.0552347898483276,3.9284164905548096
1773049251233659400,92.71265942382813,8.420342445373535,0.28594231605529785,0.3415754437446594
1773049251243636500,92.72263647460937,6.375676155090332,-0.4372883439064026,1.8693926334381104
1773049251253613600,92.73261352539062,9.478569030761719,-1.7395820617675781,4.244269371032715
1773049251263590700,92.74259057617188,8.11406135559082,-0.4468596279621124,2.4293131828308105
1773049251273567700,92.75256762695312,11.432308197021484,-1.1940184831619263,2.913261651992798
1773049251283544600,92.76254467773437,15.148362159729004,-1.2370892763137817,4.804787635803223
1773049251293521700,92.77252172851563,7.740781307220459,1.2191431522369385,3.7800614833831787
1773049251303498800,92.78249877929687,10.110872268676758,-0.7674978375434875,-0.15613168478012085
1773049251313475800,92.79247583007813,9.991230964660645,-2.3670997619628906,4.704289436340332
1773049251323453000,92.80245288085938,7.0893354415893555,-0.5234299302101135,3.583251953125
1773049251333430000,92.81242993164062,9.531210899353027,0.7692924737930298,0.8685946464538574
1773049251343407000,92.82240698242188,11.84447193145752,-1.8693926334381104,3.861417531967163
1773049251353384000,92.83238403320313,8.92821979522705,-3.6406795978546143,4.804787635803223
1773049251363361000,92.84236108398437,4.657031059265137,0.36729827523231506,-0.6496513485908508
1773049251373338000,92.85233813476563,11.84447193145752,1.5308083295822144,0.5814558863639832
1773049251383315200,92.86231518554688,14.056636810302734,-0.5569294691085815,9.573683738708496
1773049251393292300,92.87229223632812,-0.6580262184143066,-0.3607180118560791,1.7018951177597046
1773049251403269400,92.88226928710938,7.012764930725098,0.10827522724866867,-1.534995675086975
1773049251413246500,92.89224658203125,16.307086944580078,-0.5952146053314209,-0.06520441919565201
1773049251423223600,92.9022236328125,11.255239486694336,-5.824130535125732,14.223535537719727
1773049251433200400,92.91220043945313,5.379663467407227,1.4877375364303589,-1.2239288091659546
1773049251443177700,92.922177734375,10.503294944763184,0.9272187948226929,-1.6456637382507324
1773049251453154600,92.93215454101562,7.252047061920166,-0.31764721870422363,3.7848472595214844
1773049251463131600,92.94213159179688,1.8508483171463013,-0.6143572330474854,4.148556232452393
1773049251473108700,92.95210864257812,9.756733894348145,-0.6574280261993408,3.3822548389434814
1773049251483085800,92.9620859375,11.293524742126465,-0.3128615617752075,2.008176326751709
1773049251493063000,92.97206298828125,12.222537994384766,-2.362314224243164,3.425325632095337
1773049251503040000,92.9820400390625,7.256833076477051,-1.801795482635498,4.057629108428955
1773049251513017000,92.99201708984376,9.507282257080078,0.6879364848136902,2.472383975982666
1773049251522994000,93.00199389648438,17.116458892822266,-0.6478567123413086,1.1940184831619263
1773049251532971000,93.01197094726562,6.940980434417725,-3.3200414180755615,5.997011661529541
1773049251542948000,93.02194799804687,6.6729841232299805,0.5252245664596558,3.056830883026123
1773049251552925200,93.03192529296875,8.645866394042969,0.6352944374084473,1.7545372247695923
1773049251562902300,93.04190234375,13.242478370666504,-1.9698911905288696,3.914059638977051
1773049251572879400,93.05187939453126,6.553342819213867,-1.0121639966964722,5.584847927093506
1773049251582856400,93.0618564453125,8.47298526763916,-0.3320041298866272,0.6819544434547424
1773049251592833500,93.07183349609375,15.803995132446289,-1.8885352611541748,2.300100803375244
1773049251602810600,93.081810546875,12.189038276672363,-0.48035913705825806,4.296911239624023
1773049251612787500,93.09178735351563,7.759923934936523,0.8267202377319336,5.091926574707031
1773049251622764500,93.1017646484375,8.59322452545166,-2.204387903213501,3.2626137733459473
1773049251632741600,93.11174169921875,10.517651557922363,-0.5569294691085815,0.7345965504646301
1773049251642718700,93.12171875,10.666604995727539,-1.1940184831619263,1.5966109037399292
1773049251652695800,93.13169580078124,11.231310844421387,-1.8161523342132568,8.745168685913086
1773049251662673000,93.1416728515625,6.955337047576904,1.2957134246826172,1.0648061037063599
1773049251672650000,93.15164990234375,9.93380355834961,0.4247260093688965,-2.2438695430755615
1773049251682626800,93.16162670898437,11.44666576385498,-1.6582261323928833,5.134997367858887
1773049251692604000,93.17160400390625,6.634698867797852,-3.0855448246002197,5.9060845375061035
1773049251702581000,93.1815810546875,7.88913631439209,0.43908295035362244,-1.32921302318573
1773049251712558000,93.19155810546874,16.517654418945312,0.6448656916618347,2.6835505962371826
1773049251722535200,93.20153515625,12.681960105895996,-1.4428720474243164,10.02413272857666
1773049251732512300,93.21151220703125,3.6945180892944336,-5.474778175354004,-4.623531341552734
1773049251742489300,93.2214892578125,0.8548358678817749,0.6544370055198669,5.551348686218262
1773049251752466200,93.23146606445313,16.910675048828125,3.373879909515381,3.985844373703003
1773049251762482200,93.24148217773437,11.169097900390625,0.07477571070194244,-0.898504912853241
1773049251772463000,93.25146313476563,-1.5583257675170898,-0.2602194547653198,0.025722842663526535
1773049251782397400,93.2613974609375,9.05264663696289,-0.633499801158905,6.365506649017334
1773049251792373800,93.27137377929688,19.156339645385742,-1.0121639966964722,3.837489366531372
1773049251802351600,93.2813515625,5.672185897827148,-0.001794616924598813,-0.8602197170257568
1773049251812328000,93.29132788085937,-1.079761266708374,-1.2083754539489746,1.8550357818603516
1773049251822305800,93.30130590820312,14.243276596069336,-2.9180471897125244,5.560919761657715
1773049251832282400,93.31128247070312,11.854043006896973,0.012562318705022335,6.365506649017334
1773049251842221000,93.32122094726563,9.363713264465332,0.3002992272377014,-0.12263216078281403
1773049251852193800,93.33119384765625,10.354940414428711,-1.835893154144287,2.8079774379730225
1773049251862175000,93.34117504882812,3.4408788681030273,0.07477571070194244,4.009772777557373
1773049251872148700,93.35114868164062,8.837292671203613,-0.08793623000383377,3.5928232669830322
1773049251882129200,93.36112915039062,11.08774185180664,-1.1078768968582153,2.6213371753692627
1773049251892103400,93.371103515625,6.327819347381592,-1.3758729696273804,0.6867401003837585
1773049251902122200,93.38112231445312,8.665008544921875,-0.600000262260437,3.363112211227417
1773049251912100900,93.39110083007813,12.06939697265625,-0.7387840151786804,4.718646049499512
1773049251922037500,93.40103759765626,11.777473449707031,-1.2179467678070068,3.253042459487915
1773049251932012000,93.41101196289063,9.962516784667969,-1.3854442834854126,0.29371899366378784
1773049251941991400,93.42099145507812,8.343772888183594,-0.34636107087135315,4.9052863121032715
1773049251951966500,93.43096655273438,11.997612953186035,0.836291491985321,4.292125701904297
1773049251961945600,93.44094555664063,9.512067794799805,-0.8973084688186646,-0.022133609279990196
1773049251971921000,93.4509208984375,7.328617572784424,-2.290529489517212,-0.3284149169921875
1773049251981938400,93.4609384765625,2.995215654373169,0.43908295035362244,4.253840446472168
1773049251991918300,93.47091845703125,10.235299110412598,0.5108676552772522,5.60399055480957
1773049252001892600,93.480892578125,18.96969985961914,-4.411766529083252,-1.5738791227340698
1773049252011871700,93.49087182617187,4.359723091125488,0.0364905446767807,0.1501496136188507
1773049252021807900,93.50080786132813,12.217752456665039,1.3537393808364868,2.017747640609741
1773049252031783000,93.51078295898438,12.888340950012207,-0.8542376756668091,6.724429607391357
1773049252041607000,93.52060693359375,4.206582069396973,-3.1716864109039307,2.1373889446258545
1773049252051566800,93.53056689453125,15.047863006591797,0.8075776696205139,3.8805601596832275
1773049252061599700,93.54059985351563,11.135598182678223,-0.2745763957500458,0.9260223507881165
1773049252071566800,93.55056689453124,0.6299105882644653,-2.4293131828308105,3.4540395736694336
1773049252081514800,93.5605146484375,7.592426300048828,1.3106685876846313,1.0360921621322632
1773049252091480000,93.57047998046875,16.886747360229492,-1.0169496536254883,1.3040883541107178
1773049252101469000,93.58046899414063,12.686745643615723,-3.6598222255706787,6.954739093780518
1773049252111436500,93.5904365234375,4.508676052093506,1.0037890672683716,0.9595218896865845
1773049252121345500,93.60034545898438,8.588438987731934,1.200000524520874,-0.7214360237121582
1773049252131307300,93.61030737304688,18.50010871887207,-1.893320918083191,5.144568920135498
1773049252141338000,93.62033813476563,4.599603176116943,-2.462812662124634,3.1142587661743164
1773049252151306800,93.630306640625,1.9369899034500122,0.8075776696205139,0.8207381963729858
1773049252161214700,93.64021459960938,16.81436538696289,0.2955136001110077,7.179664134979248
1773049252171177200,93.65017724609375,10.182656288146973,-2.5058834552764893,2.290529489517212
1773049252181091300,93.66009130859375,2.6841487884521484,-0.4899304509162903,1.7258232831954956
1773049252191049200,93.67004931640625,9.718449592590332,1.1856436729431152,5.063212871551514
1773049252201006600,93.68000659179687,11.61416244506836,-0.9308080077171326,3.0281169414520264
1773049252210964200,93.68996411132812,10.316655158996582,-1.797009825706482,1.563111424446106
1773049252220921900,93.699921875,8.190631866455078,-0.23629122972488403,4.182055950164795
1773049252230879500,93.70987939453126,12.44267749786377,-1.1413763761520386,3.253042459487915
1773049252240875500,93.71987548828125,10.345368385314941,-0.753140926361084,2.7218358516693115
1773049252250837200,93.72983715820313,8.827720642089844,-0.32721850275993347,1.893320918083191
1773049252260713700,93.73971362304688,11.633305549621582,-1.31365966796875,2.0273189544677734
1773049252270666800,93.74966674804688,6.485745906829834,-0.50907301902771,3.2243285179138184
1773049252280590300,93.75959033203125,5.9784674644470215,0.5395814776420593,0.6963114142417908
1773049252290540300,93.76954028320313,11.08774185180664,-2.11824631690979,3.0233314037323
1773049252300505300,93.77950537109375,9.627521514892578,-1.7156537771224976,1.557727575302124
1773049252310457000,93.78945703125,7.1371917724609375,0.3194418251514435,2.400599241256714
1773049252320459000,93.799458984375,11.451451301574707,1.846660852432251,3.0424740314483643
1773049252330415600,93.80941552734375,11.33659553527832,-3.0041887760162354,2.89890456199646
1773049252340595700,93.819595703125,6.5868425369262695,-2.386242389678955,2.764906644821167
1773049252350775800,93.82977587890625,7.994420528411865,1.5978072881698608,-0.3762713670730591
1773049252360955600,93.83995556640625,15.684353828430176,-0.4372883439064026,0.7154539823532104
1773049252371062500,93.8500625,12.351750373840332,-2.7738797664642334,6.030511379241943
1773049252381020400,93.8600205078125,-1.7066807746887207,0.13698910176753998,0.8973084688186646
1773049252391012900,93.87001293945312,5.581258773803711,0.711864709854126,0.4995017349720001
1773049252400974600,93.879974609375,14.037493705749512,-0.3846462368965149,2.496312141418457
1773049252410964000,93.8899638671875,10.287940979003906,-3.947559118270874,4.876572608947754
1773049252420928800,93.8999287109375,7.103692054748535,1.3728820085525513,2.328814744949341
1773049252430915600,93.90991552734376,12.912269592285156,0.7262216806411743,0.3846462368965149
1773049252440883000,93.91988305664063,15.62692642211914,-4.8568315505981445,2.8654050827026367
1773049252450868000,93.92986791992188,4.479962348937988,0.6783652305603027,6.193222999572754
1773049252460837000,93.93983715820312,10.029516220092773,1.7126628160476685,0.2602194547653198
1773049252470820400,93.9498203125,11.10209846496582,-1.4333007335662842,1.6157535314559937
1773049252480791300,93.95979125976562,4.920241355895996,-3.1956145763397217,5.288137912750244
1773049252490773200,93.96977319335937,6.706483840942383,1.2430713176727295,0.48035913705825806
1773049252500745200,93.9797451171875,11.092527389526367,0.08434699475765228,3.4157543182373047
1773049252510726400,93.98972631835937,14.91865062713623,-2.448455810546875,5.460421085357666
1773049252520699400,93.99969946289062,6.09332275390625,-1.2370892763137817,1.7976080179214478
1773049252530679800,94.0096796875,9.1052885055542,0.3768695592880249,2.750549554824829
1773049252540653600,94.01965356445312,13.711471557617188,-0.1740778535604477,4.316053867340088
1773049252550633200,94.02963330078126,11.825329780578613,-2.3431715965270996,2.046461582183838
1773049252560607700,94.03960766601563,6.318248271942139,-0.01136590726673603,1.811964988708496
1773049252570587000,94.0495869140625,6.500700950622559,0.5730810165405273,5.594419479370117
1773049252580562000,94.05956201171875,14.31027603149414,-1.8113667964935303,3.056830883026123
1773049252590540500,94.06954052734375,5.791827201843262,-0.7968099117279053,0.9308080077171326
1773049252600515800,94.07951586914062,5.940182209014893,0.13220344483852386,4.962714195251465
1773049252610494200,94.089494140625,12.160325050354004,-2.0991036891937256,3.689134359359741
1773049252620470000,94.09946997070313,10.469795227050781,-0.0687936544418335,2.2091734409332275
1773049252630448000,94.1094482421875,8.794221878051758,-0.25064817070961,3.229114055633545
1773049252640424200,94.11942407226563,11.887542724609375,-1.2705888748168945,2.1517457962036133
1773049252650402000,94.12940209960938,7.874779224395752,-0.7627122402191162,4.785645484924316
1773049252660282000,94.1392822265625,8.066205024719238,-0.006580262444913387,2.884547710418701
1773049252670100200,94.14910034179688,11.642876625061035,-0.3080759048461914,1.4189438819885254
1773049252680280300,94.1592802734375,6.960123062133789,-0.8015955686569214,5.044070243835449
1773049252690315000,94.16931494140626,7.386045455932617,-1.5912270545959473,2.2474586963653564
1773049252700286500,94.17928637695313,5.55733060836792,0.7214360237121582,-0.31405797600746155
1773049252710268000,94.18926782226562,10.115657806396484,-0.8733802437782288,5.867799282073975
1773049252720240400,94.19924047851562,13.649258613586426,-1.8789639472961426,1.5337992906570435
1773049252730221300,94.20922119140624,3.0717861652374268,0.47258245944976807,3.0520453453063965
1773049252740194600,94.21919458007812,9.244071960449219,0.6831508874893188,4.483551502227783
1773049252750174700,94.2291748046875,15.468999862670898,-2.5872395038604736,1.5726827383041382
1773049252760148700,94.23914868164063,7.573283672332764,-0.8063812255859375,1.160519003868103
1773049252770128100,94.24912817382813,4.350151538848877,0.2566302418708801,4.9435715675354
1773049252780103000,94.25910302734376,12.184252738952637,0.1944168359041214,0.8303094506263733
1773049252790081800,94.26908178710937,9.497711181640625,-1.5433706045150757,1.5726827383041382
1773049252800057000,94.27905712890625,6.663413047790527,-2.754737138748169,6.236293792724609
1773049252810035500,94.28903540039063,7.922635555267334,-0.10229317098855972,0.7058826684951782
1773049252820011000,94.29901098632813,10.359725952148438,0.8841479420661926,1.2801600694656372
1773049252829989400,94.3089892578125,14.539986610412598,-1.6199408769607544,9.698110580444336
1773049252839965200,94.31896508789063,7.568498134613037,-2.1134605407714844,1.6923238039016724
1773049252849943300,94.328943359375,3.957728624343872,0.745364248752594,-1.2765709161758423
1773049252859823000,94.33882299804688,13.405190467834473,0.5778666734695435,2.774477958679199
1773049252869641500,94.34864135742187,15.124433517456055,-3.3822548389434814,4.622334957122803
1773049252879821300,94.3588212890625,2.9425735473632812,-1.1700903177261353,3.487539052963257
1773049252889856000,94.36885595703124,8.81814956665039,1.4015958309173584,2.228316068649292
1773049252899827500,94.37882739257813,14.257634162902832,-0.9595218896865845,2.7218358516693115
1773049252909809200,94.38880908203124,11.097312927246094,-3.315255880355835,2.7696921825408936
1773049252919781400,94.39878149414062,3.737588882446289,0.9176474809646606,4.406980991363525
1773049252929762300,94.40876220703124,11.149955749511719,0.8410771489143372,2.1948165893554688
1773049252939735600,94.41873559570313,15.157933235168457,-2.9276185035705566,3.7800614833831787
1773049252949715700,94.4287158203125,4.316651821136475,-0.4899304509162903,3.789632797241211
1773049252959689700,94.43868969726563,6.09332275390625,1.3776676654815674,1.8263218402862549
1773049252969669000,94.44866918945313,14.425130844116211,-1.6582261323928833,2.1708884239196777
1773049252979644000,94.45864379882812,9.34457015991211,-1.404586911201477,4.34955358505249
1773049252989622800,94.46862280273437,6.6729841232299805,0.2667997181415558,2.4149563312530518
1773049252999598000,94.47859814453125,11.810972213745117,-1.337587833404541,3.410968780517578
1773049253009576400,94.48857641601562,12.399606704711914,-1.6869399547576904,1.2370892763137817
1773049253019552000,94.49855200195313,5.490331649780273,0.8506484627723694,5.3216376304626465
1773049253029530400,94.5085302734375,10.187442779541016,-0.9308080077171326,4.0528435707092285
1773049253039506200,94.51850610351562,9.598209381103516,-1.0600204467773438,-0.6400800347328186
1773049253049484300,94.528484375,5.408377170562744,-0.916451096534729,3.799204111099243
1773049253059364400,94.5383642578125,10.153943061828613,-0.3320041298866272,5.120640277862549
1773049253069182500,94.54818237304687,10.700104713439941,-0.2554338276386261,-1.2765709161758423
1773049253079181600,94.558181640625,8.827720642089844,-2.2474586963653564,7.672585964202881
1773049253089140700,94.568140625,9.598209381103516,0.8793623447418213,4.780859470367432
1773049253099320800,94.57832080078126,9.464211463928223,-1.399801254272461,-1.171286702156067
1773049253109354800,94.58835473632813,11.997612953186035,-1.0265209674835205,3.3439695835113525
1773049253119322400,94.598322265625,4.72881555557251,0.33379876613616943,5.431707382202148
1773049253129307100,94.60830712890625,11.83011531829834,-2.142174482345581,0.9403793215751648
1773049253139276500,94.61827661132813,7.7838521003723145,0.4295116662979126,1.428515076637268
1773049253149259800,94.628259765625,8.909076690673828,-1.2418749332427979,5.1876397132873535
1773049253159230700,94.63823071289063,11.193026542663574,-0.9595218896865845,1.5050854682922363
1773049253169212700,94.64821264648438,4.66660213470459,0.3002992272377014,3.7609190940856934
1773049253179185000,94.65818481445312,13.48176097869873,-1.3663017749786377,3.2961132526397705
1773049253189165800,94.66816577148437,5.68175745010376,-0.6239284873008728,2.8223342895507812
1773049253199139000,94.67813916015625,11.935399055480957,-0.7770691514015198,1.5966109037399292
1773049253209119000,94.68811889648437,11.346166610717773,-0.1453639715909958,5.729015827178955
1773049253219093000,94.69809301757813,8.042277336120605,-1.3280165195465088,3.0424740314483643
1773049253229072600,94.70807275390625,9.967302322387695,-0.5521438121795654,0.28893333673477173
1773049253239047200,94.71804711914062,5.763113498687744,-0.6957131624221802,3.7704901695251465
1773049253249026300,94.7280263671875,12.67717456817627,-0.3080759048461914,2.2618155479431152
1773049253259001300,94.73800146484375,6.457031726837158,-0.7627122402191162,3.372683525085449
1773049253268980000,94.74797998046876,7.218547821044922,-0.9786644577980042,2.190030813217163
1773049253278955500,94.75795556640625,11.849257469177246,-1.2993026971817017,1.5822539329528809
1773049253288933600,94.76793359375,6.926623344421387,0.2566302418708801,5.9300127029418945
1773049253298909400,94.77790942382812,13.027124404907227,-0.7052844762802124,1.3615161180496216
1773049253308887600,94.78788745117187,9.550353050231934,-1.9746768474578857,2.4293131828308105
1773049253318863600,94.79786352539062,9.09093189239502,-0.542572557926178,3.9188451766967773
1773049253328841500,94.80784155273437,9.08135986328125,0.6400800347328186,0.9930213689804077
1773049253338817800,94.81781787109375,11.499307632446289,-0.2315055876970291,1.9794625043869019
1773049253348795400,94.82779541015626,8.310273170471191,-2.7595226764678955,5.37906551361084
1773049253358675500,94.83767553710938,5.820540904998779,-1.1030912399291992,0.9499505758285522
1773049253368493800,94.84749389648438,6.543771743774414,1.200000524520874,0.29850462079048157
1773049253378493200,94.8574931640625,14.07577896118164,0.10827522724866867,7.777870178222656
1773049253388452000,94.8674521484375,11.696117401123047,-3.1381869316101074,0.8925228714942932
1773049253398632200,94.87763208007813,2.2959132194519043,-0.8255237936973572,0.35114672780036926
1773049253408666000,94.887666015625,13.065409660339355,1.454237937927246,3.8901314735412598
1773049253418634000,94.89763403320312,14.602200508117676,-1.3663017749786377,7.012166976928711
1773049253428618200,94.9076181640625,8.228917121887207,-4.019343852996826,-0.18005990982055664
1773049253438588200,94.91758813476562,2.4783661365509033,0.6927221417427063,0.14057832956314087
1773049253448571100,94.92757104492188,14.779269218444824,1.1186445951461792,5.560919761657715
1773049253458451200,94.937451171875,9.828518867492676,-0.6287141442298889,5.872584819793701
1773049253468268300,94.94726831054687,4.024727821350098,-0.34636107087135315,-1.2239288091659546
1773049253478448000,94.9574482421875,14.061422348022461,0.3720839321613312,0.13100704550743103
1773049253488482000,94.96748193359375,13.261621475219727,-2.994617462158203,7.7491559982299805
1773049253498450400,94.97745043945312,5.638686656951904,-3.655036687850952,2.5250260829925537
1773049253508434700,94.9874345703125,5.519045352935791,1.8035900592803955,1.7688941955566406
1773049253518404600,94.99740454101563,16.091732025146484,0.7645068168640137,2.3910279273986816
1773049253528387300,95.00738720703124,10.38365364074707,-1.2610175609588623,4.2346978187561035
1773049253538358800,95.01735888671875,2.042274236679077,-0.5042873620986938,3.0137600898742676
1773049253548340200,95.02734033203124,13.414761543273926,0.49172505736351013,0.7537391185760498
1773049253558220300,95.03722021484376,11.25045394897461,-2.7834508419036865,3.947559118270874
1773049253568037600,95.04703759765626,6.543771743774414,-2.070389747619629,3.142972469329834
1773049253578217700,95.0572177734375,6.653841495513916,1.26699960231781,2.3048863410949707
1773049253588252000,95.067251953125,12.65324592590332,0.4295116662979126,3.7226338386535645
1773049253598220800,95.077220703125,13.24726390838623,-3.5497524738311768,2.3575284481048584
1773049253608204500,95.08720458984375,5.303092956542969,-0.8303094506263733,0.7872386574745178
1773049253618175000,95.09717504882812,5.154737949371338,1.9854445457458496,4.459623336791992
1773049253628157200,95.1071572265625,17.317455291748047,-0.7244270443916321,4.502694129943848
1773049253638129200,95.11712915039062,11.121241569519043,-3.8560338020324707,0.763310432434082
1773049253648110300,95.1271103515625,1.012762188911438,0.7740781307220459,3.425325632095337
1773049253658083300,95.13708325195313,12.725030899047852,0.3242274820804596,5.00578498840332
1773049253668063700,95.14706372070313,11.183454513549805,-0.5234299302101135,2.4819552898406982
1773049253677943600,95.15694360351563,8.741579055786133,-1.2993026971817017,-0.8793623447418213
1773049253687761400,95.16676147460937,10.326226234436035,-1.337587833404541,3.152543783187866
1773049253697941500,95.17694140625,9.210572242736816,-2.0368902683258057,6.250650882720947
1773049253707975700,95.1869755859375,10.230513572692871,-0.3367897868156433,-0.9559326171875
1773049253717945600,95.19694555664063,9.545567512512207,-0.0975075215101242,4.660620212554932
1773049253727928300,95.20692822265624,11.556735038757324,0.4773681163787842,2.750549554824829
1773049253737899800,95.21689965820312,8.8707914352417,-1.1988041400909424,3.0664021968841553
1773049253747881500,95.22688159179687,6.945765972137451,-1.5960127115249634,2.1852452754974365
1773049253757761300,95.23676123046874,8.315058708190918,-0.20757736265659332,2.05603289604187
1773049253767579000,95.24657885742188,11.36052417755127,-0.2602194547653198,4.838287353515625
1773049253777575200,95.2565751953125,11.983255386352539,-1.3232308626174927,2.400599241256714
1773049253787536600,95.26653662109375,6.869195461273193,-0.3798605799674988,0.5718846321105957
1773049253797528800,95.27652880859375,7.549355506896973,-0.01136590726673603,4.038486480712891
1773049253807493600,95.28649365234375,11.47537899017334,-1.9316060543060303,3.6843485832214355
1773049253817673500,95.29667358398437,7.779066562652588,0.1944168359041214,0.7585247755050659
1773049253827706600,95.30670654296875,6.883552551269531,-0.0687936544418335,3.2817561626434326
1773049253837670100,95.31667016601563,12.174681663513184,-1.734796404838562,4.134199142456055
1773049253847658000,95.32665795898437,5.964110374450684,0.06520441919565201,1.5726827383041382
1773049253857624000,95.3366240234375,10.345368385314941,-2.0608184337615967,3.45882511138916
1773049253867610000,95.34661010742188,9.162715911865234,0.6352944374084473,4.172484397888184
1773049253877490000,95.35648999023438,8.01356315612793,-0.7387840151786804,-0.7405785918235779
1773049253887306500,95.36630639648438,10.87717342376709,-1.184447169303894,4.593621253967285
1773049253897486600,95.37648657226562,6.284748554229736,-0.3798605799674988,2.9419753551483154
1773049253907520300,95.38652026367187,9.559925079345703,-0.7148557901382446,3.243471145629883
1773049253917486300,95.396486328125,11.489736557006836,-0.8877372145652771,3.0233314037323
1773049253927472000,95.40647216796874,7.228118896484375,-0.3032902777194977,2.1373889446258545
1773049253937440500,95.4164404296875,9.675378799438477,-0.8638089895248413,4.1629133224487305
1773049253947424500,95.42642456054688,8.482556343078613,0.07956135272979736,2.108675003051758
1773049253957394700,95.43639477539062,9.900303840637207,-1.801795482635498,0.9786644577980042
1773049253967377400,95.44637744140626,9.670592308044434,-0.542572557926178,4.28734016418457
1773049253977348900,95.45634887695313,8.032705307006836,-0.39900317788124084,1.7066807746887207
1773049253987330300,95.46633032226562,11.978469848632812,-0.7627122402191162,3.8327035903930664
1773049253997303000,95.47630297851562,9.354142189025879,-0.9068797826766968,3.0759735107421875
1773049254007283500,95.48628344726562,8.636295318603516,-0.8685946464538574,-0.9415757060050964
1773049254017257200,95.49625732421875,11.044671058654785,-1.3232308626174927,6.75792932510376
1773049254027237000,95.50623706054688,8.655437469482422,0.8410771489143372,2.1948165893554688
1773049254037211100,95.51621118164063,12.160325050354004,-1.9028922319412231,2.7122645378112793
1773049254047190500,95.5261904296875,9.201001167297363,-1.00259268283844,3.823132276535034
1773049254057165300,95.53616528320312,6.399604320526123,0.46779683232307434,1.893320918083191
1773049254067144200,95.54614428710937,14.262419700622559,-1.8789639472961426,4.780859470367432
1773049254077119500,95.55611938476562,8.631509780883789,-1.5146567821502686,1.074377417564392
1773049254087097900,95.56609790039063,6.663413047790527,0.7214360237121582,1.3710874319076538
1773049254097073700,95.57607373046875,13.682758331298828,-0.7148557901382446,5.288137912750244
1773049254107051800,95.5860517578125,10.220941543579102,-2.2953150272369385,3.64127779006958
1773049254117027600,95.59602758789063,3.94815731048584,0.898504912853241,0.8590233325958252
1773049254127005700,95.60600561523438,8.267202377319336,0.8027920126914978,-0.7692924737930298
1773049254136981800,95.61598168945312,14.123635292053223,-3.535395383834839,8.252246856689453
1773049254146959600,95.62595971679687,5.887540340423584,-1.275374412536621,2.2713868618011475
1773049254156839400,95.63583935546875,5.245665550231934,1.3920245170593262,-0.8889335989952087
1773049254166657800,95.64565771484375,15.77528190612793,0.046061836183071136,6.178866386413574
1773049254176838000,95.655837890625,5.820540904998779,-0.5473581552505493,3.9906299114227295
1773049254186872600,95.66587255859375,4.235296249389648,-1.3758729696273804,-0.9224331378936768
1773049254196844000,95.67584399414062,11.32223892211914,-1.9507486820220947,3.2099716663360596
1773049254206825500,95.68582543945313,11.988041877746582,-0.6382854580879211,1.965105652809143
1773049254216798200,95.69579809570313,10.000802040100098,-0.4133601188659668,3.8327035903930664
1773049254226779000,95.70577880859375,10.786246299743652,-0.18843477964401245,1.9698911905288696
1773049254236752100,95.71575219726563,7.9657063484191895,-1.7443677186965942,2.2235305309295654
1773049254246732300,95.72573217773437,7.400402069091797,-0.08793623000383377,5.225924491882324
1773049254256706300,95.73570629882812,8.310273170471191,-0.32721850275993347,-0.47676992416381836
1773049254266685700,95.74568579101563,13.0223388671875,-2.213959217071533,2.874976396560669
1773049254276660500,95.75566040039062,8.085348129272461,0.18963119387626648,7.941180229187012
1773049254286639400,95.76563940429688,9.028717994689941,0.7166503667831421,-0.2805584669113159
1773049254296614700,95.77561474609375,12.984053611755371,-1.4093725681304932,-0.13220344483852386
1773049254306593000,95.78559301757812,6.7208404541015625,-1.8502501249313354,5.805585861206055
1773049254316568600,95.79556860351562,8.329415321350098,0.5156532526016235,1.4715858697891235
1773049254326547000,95.805546875,10.944172859191895,-0.7824530005455017,5.024927616119385
1773049254336522800,95.81552270507812,9.263215065002441,-1.179661512374878,2.7553353309631348
1773049254346500600,95.82550048828125,9.124430656433105,-1.6534404754638672,-0.7645068168640137
1773049254356477000,95.83547680664063,9.459425926208496,-1.8885352611541748,5.096712112426758
1773049254366454800,95.84545483398438,11.33659553527832,-0.3607180118560791,3.2721848487854004
1773049254376430800,95.85543090820312,13.453046798706055,-0.32721850275993347,2.7840490341186523
1773049254386408700,95.86540869140624,6.912266254425049,0.3481557071208954,4.3208394050598145
1773049254396385000,95.87538500976562,8.69372272491455,-1.1365907192230225,3.6604204177856445
1773049254406362600,95.88536254882813,9.181859016418457,-1.7491533756256104,1.9794625043869019
1773049254416378000,95.89537817382812,8.295916557312012,-0.7483552694320679,3.6699917316436768
1773049254426359300,95.905359375,13.261621475219727,0.4007977843284607,2.5872395038604736
1773049254436293400,95.91529345703125,10.795817375183105,-1.2658032178878784,4.30169677734375
1773049254446270000,95.92527001953125,9.90987491607666,-2.242672920227051,2.2570300102233887
1773049254456247300,95.93524731445312,7.017550468444824,0.33379876613616943,1.5194423198699951
1773049254466224000,95.94522412109374,10.412367820739746,-0.7627122402191162,4.124628067016602
1773049254476201500,95.95520141601563,13.414761543273926,-1.4811571836471558,4.996213912963867
1773049254486178000,95.96517797851563,3.4887354373931885,0.46779683232307434,1.9746768474578857
1773049254496155600,95.97515576171875,9.80937671661377,-0.6239284873008728,1.6923238039016724
1773049254506132500,95.98513256835938,11.877971649169922,-0.48514479398727417,4.0767717361450195
1773049254516109600,95.99510961914062,5.4179487228393555,-1.7443677186965942,4.737788677215576
1773049254526086700,96.00508666992188,10.551151275634766,-0.4372883439064026,1.8741782903671265
1773049254536063700,96.01506372070313,10.326226234436035,1.2574282884597778,1.031306505203247
1773049254546040600,96.02504052734375,10.767104148864746,-2.204387903213501,7.395018577575684
1773049254556018000,96.03501782226563,7.041478633880615,-1.2897313833236694,2.276172637939453
1773049254565994800,96.04499487304687,5.55733060836792,0.09870393574237823,-1.3866406679153442
1773049254575971800,96.05497192382812,14.1858491897583,-0.2602194547653198,-0.15613168478012085
1773049254585949000,96.06494897460938,12.241681098937988,-3.875176191329956,9.894919395446777
1773049254595829000,96.0748291015625,6.122036933898926,-0.2745763957500458,-0.5252245664596558
1773049254605647400,96.0846474609375,11.006385803222656,1.2478569746017456,1.423729419708252
1773049254615827200,96.0948271484375,12.696316719055176,-0.07836493849754333,6.001797199249268
1773049254625862100,96.10486206054688,9.253643035888672,-2.985046148300171,5.082355499267578
1773049254635834000,96.11483422851562,4.206582069396973,-1.3280165195465088,-0.18963119387626648
1773049254645815300,96.12481518554688,5.255236625671387,1.1665010452270508,0.2793620526790619
1773049254655788000,96.1347880859375,18.93560218811035,0.06520441919565201,7.117451190948486
1773049254665768400,96.1447685546875,9.637093544006348,-1.1222338676452637,1.8263218402862549
1773049254675648500,96.1546484375,1.6929219961166382,-1.184447169303894,-0.6927221417427063
1773049254685466000,96.16446606445312,14.181063652038574,-0.45643091201782227,3.3535408973693848
1773049254695646200,96.17464624023438,10.690533638000488,-1.8837496042251587,5.8343000411987305
1773049254705680400,96.18468041992188,5.839683532714844,0.13698910176753998,2.6596224308013916
1773049254715650300,96.194650390625,7.280761241912842,-0.23629122972488403,-0.8027920126914978
1773049254725633300,96.20463330078125,9.248857498168945,-2.0991036891937256,3.789632797241211
1773049254735604500,96.2146044921875,8.73200798034668,1.113858938217163,7.5912299156188965
1773049254745586200,96.22458618164063,8.061419486999512,-1.246660590171814,1.275374412536621
1773049254755558700,96.23455859375,11.159526824951172,-1.2945170402526855,0.8733802437782288
1773049254765539300,96.24453930664062,5.753541946411133,0.3720839321613312,7.304090976715088
1773049254775512800,96.25451293945312,11.93061351776123,-0.5760720372200012,4.038486480712891
1773049254785492700,96.26449267578126,10.29751205444336,-1.00259268283844,0.08793623000383377
1773049254795466800,96.274466796875,5.6099724769592285,-0.6813562512397766,2.252244234085083
1773049254805446400,96.2844462890625,11.772686958312988,-2.142174482345581,6.188437461853027
1773049254815421000,96.2944208984375,10.125228881835938,0.13220344483852386,-0.046061836183071136
1773049254825399800,96.30439990234375,7.544569969177246,-0.7339983582496643,6.006583213806152
1773049254835375000,96.314375,10.743175506591797,-0.6143572330474854,2.568096876144409
1773049254845353700,96.32435375976563,5.015954494476318,-0.15972091257572174,1.5098711252212524
1773049254855329300,96.33432934570313,9.129216194152832,-1.423729419708252,5.824728488922119
1773049254865307400,96.34430737304687,7.534998416900635,0.24227328598499298,2.18045973777771
1773049254875283200,96.354283203125,12.56710433959961,-0.9643075466156006,-0.03170489892363548
1773049254885261300,96.36426123046876,11.499307632446289,-0.973878800868988,8.213961601257324
1773049254895141400,96.37414135742188,7.539783954620361,-1.0456634759902954,3.229114055633545
1773049254904959500,96.38395947265624,11.403594970703125,0.14656038582324982,-2.138585329055786
1773049254915139600,96.3941396484375,8.937790870666504,-0.4372883439064026,5.144568920135498
1773049254925174300,96.40417431640626,11.030314445495605,-2.008176326751709,3.7322051525115967
1773049254935145500,96.4141455078125,6.390032768249512,-0.4612165689468384,0.5042873620986938
1773049254945127200,96.42412719726562,6.370890140533447,0.8410771489143372,1.8023936748504639
1773049254955099400,96.43409936523437,15.248860359191895,-2.6638097763061523,5.087141036987305
1773049254965080300,96.44408032226562,7.290332317352295,-1.337587833404541,3.9906299114227295
1773049254975053600,96.45405346679688,6.370890140533447,1.109073281288147,-0.1704886108636856
1773049254985033700,96.46403369140624,14.79841136932373,-1.4428720474243164,3.9810585975646973
1773049254994913800,96.47391381835938,11.849257469177246,-2.1613171100616455,3.5545380115509033
1773049255004731400,96.4837314453125,5.925825119018555,0.8315058946609497,2.764906644821167
1773049255014911500,96.49391137695312,12.016755104064941,-0.42293140292167664,1.5337992906570435
1773049255024946000,96.50394580078125,12.208181381225586,-2.1948165893554688,2.89890456199646
1773049255034915800,96.51391577148438,4.8197431564331055,0.41515472531318665,4.205984115600586
1773049255044898600,96.52389868164063,9.46899700164795,-1.2849457263946533,1.2993026971817017
1773049255054870000,96.5338701171875,11.3509521484375,-1.5385849475860596,1.80717933177948
1773049255064851500,96.5438515625,6.452246189117432,0.3433700501918793,4.809573650360107
1773049255074824200,96.55382421875,11.417951583862305,-0.7824530005455017,2.6261229515075684
1773049255084804900,96.56380493164062,9.368498802185059,-0.6765705943107605,2.812762975692749
1773049255094778400,96.5737783203125,6.79741096496582,-0.13579268753528595,2.4915266036987305
1773049255104758300,96.58375830078126,11.47537899017334,-0.9451649188995361,4.464408874511719
1773049255114732300,96.59373217773438,9.445069313049316,-0.6813562512397766,2.1230318546295166
1773049255124711700,96.60371166992188,8.650651931762695,-0.5377869009971619,2.83669114112854
1773049255134686500,96.6136865234375,9.521639823913574,-0.049651071429252625,2.774477958679199
1773049255144665300,96.62366528320312,9.033503532409668,-1.4763715267181396,2.9802606105804443
1773049255154640600,96.633640625,9.6466646194458,-1.246660590171814,2.8175487518310547
1773049255164619000,96.64361889648437,6.792625427246094,0.28594231605529785,2.108675003051758
1773049255174594600,96.65359448242188,10.101301193237305,-0.5856433510780334,5.312066078186035
1773049255184573000,96.66357299804687,10.331011772155762,-2.1469600200653076,1.3854442834854126
1773049255194453000,96.67345288085937,5.921039581298828,0.26201409101486206,3.0855448246002197
1773049255204271000,96.68327099609375,8.684151649475098,0.2183450609445572,6.169294834136963
1773049255214451000,96.69345092773438,14.228919982910156,-2.682952404022217,0.9355936646461487
1773049255224485600,96.70348559570313,6.485745906829834,-0.21236300468444824,3.119044303894043
1773049255234456800,96.71345678710938,9.282357215881348,-0.7872386574745178,4.776073932647705
1773049255244438800,96.72343872070313,13.443475723266602,-1.2945170402526855,3.3535408973693848
1773049255254411000,96.73341088867187,7.165905475616455,-0.882951557636261,1.179661512374878
1773049255264391700,96.7433916015625,9.430712699890137,-0.8255237936973572,2.803191661834717
1773049255274365200,96.753365234375,9.583852767944336,-1.2083754539489746,3.8327035903930664
1773049255284345000,96.76334497070313,7.175477027893066,-1.1126625537872314,2.4293131828308105
1773049255294319000,96.77331909179688,8.214560508728027,-0.006580262444913387,2.347957134246826
1773049255304298800,96.783298828125,10.992029190063477,-1.6390835046768188,2.89890456199646
1773049255314273300,96.79327319335937,9.957731246948242,-2.0895323753356934,5.024927616119385
1773049255324252400,96.80325244140624,6.92183780670166,0.836291491985321,3.0281169414520264
1773049255334227500,96.8132275390625,13.749756813049316,-2.290529489517212,-0.3332005441188812
1773049255344206000,96.8232060546875,11.834900856018066,-1.2131611108779907,5.800800323486328
1773049255354181400,96.83318139648438,6.040680885314941,-0.24107688665390015,2.827120065689087
1773049255364159700,96.84315966796875,12.40439224243164,-1.9172492027282715,0.9355936646461487
1773049255374135600,96.85313549804688,8.391629219055176,-0.6526423692703247,2.812762975692749
1773049255384113700,96.86311376953125,6.366104602813721,-1.2275179624557495,4.6510491371154785
1773049255394089700,96.87308984375,12.605389595031738,-2.046461582183838,0.9116654396057129
1773049255404067600,96.88306762695312,4.77667236328125,0.36251261830329895,2.0991036891937256
1773049255414044000,96.8930439453125,9.19143009185791,-0.19322042167186737,3.5545380115509033
1773049255424021500,96.903021484375,12.222537994384766,-2.692523717880249,-2.675175666809082
1773049255433997800,96.91299780273438,7.6737823486328125,-3.2004003524780273,8.276175498962402
1773049255443975400,96.92297534179687,14.152349472045898,-1.6151553392410278,5.589633464813232
1773049255453952000,96.93295190429687,11.528020858764648,0.8841479420661926,-0.9846464991569519
1773049255463929300,96.94292944335938,13.567902565002441,-0.719641387462616,2.8701908588409424
1773049255473906200,96.95290625,6.6729841232299805,-2.11824631690979,4.9292144775390625
1773049255483883500,96.96288354492188,3.603590965270996,-0.4995017349720001,0.5862415432929993
1773049255493860000,96.97286010742188,8.042277336120605,-1.1222338676452637,0.6293123364448547
1773049255503837400,96.98283740234375,11.341381072998047,-1.074377417564392,2.86061954498291
1773049255513814300,96.99281420898437,11.37488079071045,-1.6342978477478027,2.8462624549865723
1773049255523791600,97.00279150390625,9.282357215881348,-2.472383975982666,1.3758729696273804
1773049255533768400,97.0127685546875,12.16511058807373,-0.633499801158905,1.490728497505188
1773049255543745500,97.02274560546876,9.89551830291748,-0.5712863802909851,4.574478626251221
1773049255553722400,97.03272241210938,14.382060050964355,-1.5002998113632202,0.916451096534729
1773049255563699700,97.04269970703125,5.298307418823242,-1.1126625537872314,1.222732424736023
1773049255573676500,97.05267651367187,7.381259441375732,-0.7824530005455017,0.8303094506263733
1773049255583653600,97.06265356445313,9.680164337158203,-0.6191428303718567,2.5058834552764893
1773049255593630700,97.07263061523437,7.448258876800537,-1.160519003868103,4.48833703994751
1773049255603607800,97.08260791015626,9.244071960449219,-1.6965112686157227,-1.0372886657714844
1773049255613584600,97.09258471679688,5.935396671295166,-0.5138586759567261,-0.5778666734695435
1773049255623561700,97.10256176757812,14.080564498901367,-1.5864413976669312,5.580062389373779
1773049255633538800,97.11253881835937,10.522438049316406,-1.423729419708252,2.0416758060455322
1773049255643516000,97.12251586914063,6.529414653778076,-1.7730815410614014,1.8406788110733032
1773049255653493000,97.13249291992187,11.23609733581543,-1.2993026971817017,0.8159525394439697
1773049255663470000,97.14246997070312,10.273584365844727,-1.4620146751403809,3.885345697402954
1773049255673447000,97.15244702148438,12.850055694580078,-0.5569294691085815,2.654836654663086
1773049255683424000,97.16242407226562,5.547759532928467,-0.025722842663526535,0.576670229434967
1773049255693401000,97.17240112304688,8.405985832214355,-3.4683964252471924,4.685146808624268
1773049255703378200,97.18237817382813,9.201001167297363,-0.5617151260375977,1.0121639966964722
1773049255713355300,97.19235522460937,4.982454776763916,0.7645068168640137,0.6771687865257263
1773049255723332000,97.20233203125,17.76251983642578,-3.377469062805176,4.957928657531738
1773049255733309200,97.21230908203125,8.703293800354004,-2.582453727722168,4.42612361907959
1773049255743286300,97.22228637695312,7.530212879180908,-1.428515076637268,-1.109073281288147
1773049255753263400,97.23226342773438,16.484155654907227,-3.339184045791626,4.804787635803223
1773049255763240400,97.24224047851563,11.897113800048828,-0.5760720372200012,3.837489366531372
1773049255773217300,97.25221728515625,12.69153118133545,0.15613168478012085,2.0991036891937256
1773049255783194400,97.2621943359375,10.340582847595215,-0.9020941257476807,1.093519926071167
1773049255793171500,97.27217138671875,4.676173686981201,-2.242672920227051,1.3280165195465088
1773049255803148500,97.2821484375,3.0861430168151855,-0.6430711150169373,4.153341770172119
1773049255813125600,97.29212573242188,13.879568099975586,-0.19322042167186737,2.237887382507324
1773049255823102700,97.30210278320313,15.057435035705566,-2.659024238586426,-0.5102694034576416
1773049255833079600,97.31207958984375,10.786246299743652,-4.105485439300537,4.526622295379639
1773049255843056600,97.322056640625,10.292726516723633,-3.2626137733459473,2.5537400245666504
1773049255853033700,97.33203369140625,12.845270156860352,1.6600207090377808,1.0360921621322632
1773049255863010800,97.3420107421875,16.987245559692383,-1.6103696823120117,7.643871784210205
1773049255872988000,97.35198779296876,8.775078773498535,-3.0041887760162354,4.7234320640563965
1773049255882965000,97.36196508789062,-1.2664014101028442,0.046061836183071136,-0.18484555184841156
1773049255892942000,97.37194213867187,3.2679975032806396,0.2470589429140091,0.6675975322723389
1773049255902919000,97.3819189453125,22.30708885192871,-3.315255880355835,-0.7597211599349976
1773049255912896000,97.39189599609375,10.791031837463379,-3.267399311065674,-0.42412781715393066
1773049255922873000,97.401873046875,8.367700576782227,0.6496513485908508,9.31047248840332
1773049255932850200,97.41185009765626,18.825532913208008,0.06520441919565201,5.149354457855225
1773049255942827000,97.42182690429688,6.385247230529785,-2.9802606105804443,-1.4775680303573608
1773049255952804000,97.43180419921875,2.459223508834839,-2.3336002826690674,2.9802606105804443
1773049255962781200,97.44178125,7.759923934936523,0.1704886108636856,4.579264163970947
1773049255972758300,97.45175830078125,11.96889877319336,-1.552941918373108,3.363112211227417
1773049255982735400,97.4617353515625,8.554341316223145,-1.2323036193847656,0.18364913761615753
1773049255992712400,97.47171240234375,0.5437689423561096,-0.1453639715909958,2.0033907890319824
1773049256002689500,97.481689453125,10.704890251159668,-1.0504491329193115,2.1613171100616455
1773049256012666400,97.49166625976562,14.861223220825195,-2.448455810546875,2.1708884239196777
1773049256022643500,97.5016435546875,6.1603217124938965,-0.19800607860088348,3.276970624923706
1773049256032620500,97.51162060546875,7.865208148956299,-0.6478567123413086,1.7928223609924316
1773049256042597600,97.52159765625,13.118051528930664,-2.4293131828308105,-0.20877377688884735
1773049256052574700,97.53157470703125,7.223333358764648,-2.032104730606079,3.9571304321289062
1773049256062551600,97.54155151367188,7.659425258636475,0.33379876613616943,2.132603168487549
1773049256072528600,97.55152856445312,9.33021354675293,-1.2179467678070068,3.1334011554718018
1773049256082505700,97.56150561523438,9.718449592590332,-1.5625132322311401,2.750549554824829
1773049256092482800,97.57148291015625,3.8907296657562256,-0.5856433510780334,1.5726827383041382
1773049256102460000,97.5814599609375,8.453842163085938,-0.4707878530025482,1.4811571836471558
1773049256112437000,97.59143701171875,11.346166610717773,-1.1988041400909424,3.463610887527466
1773049256122413800,97.60141381835938,8.794221878051758,-2.1708884239196777,3.2961132526397705
1773049256132391000,97.61139086914062,9.588638305664062,-0.7387840151786804,0.7010970115661621
1773049256142368000,97.62136791992188,8.228917121887207,-1.490728497505188,3.823132276535034
1773049256152306200,97.63130615234375,14.640485763549805,-1.6821542978286743,3.1956145763397217
1773049256162279400,97.64127954101562,6.34217643737793,-2.462812662124634,1.8502501249313354
1773049256172299000,97.65129907226563,8.48734188079834,-2.242672920227051,3.181257724761963
1773049256182276900,97.66127685546876,9.220144271850586,-0.3080759048461914,2.9419753551483154
1773049256192253200,97.67125317382812,9.009575843811035,-1.1461620330810547,0.6867401003837585
1773049256202231000,97.68123095703125,9.790233612060547,-0.8733802437782288,3.032902717590332
1773049256212168400,97.69116845703125,6.558128833770752,-0.8446664214134216,1.831107497215271
1773049256222142200,97.70114208984376,12.064611434936523,-1.4524433612823486,3.032902717590332
1773049256232083700,97.71108374023437,9.89551830291748,-0.8973084688186646,0.3367897868156433
1773049256242054100,97.72105419921876,8.281558990478516,-0.7100701332092285,0.48035913705825806
1773049256252076500,97.73107666015625,12.2799654006958,-2.850450038909912,4.067200183868408
1773049256262052400,97.74105224609374,9.641879081726074,-1.8454644680023193,0.8733802437782288
1773049256272030700,97.75103076171875,8.13798999786377,-1.2849457263946533,2.324028968811035
1773049256282006500,97.76100659179687,12.112467765808105,-1.5242279767990112,3.4923245906829834
1773049256291984600,97.77098461914062,6.950551509857178,-0.04007977992296219,2.5250260829925537
1773049256301961000,97.7809609375,9.46899700164795,-0.719641387462616,0.11186445504426956
1773049256311977700,97.79097778320312,8.066205024719238,-1.1509476900100708,3.3918261528015137
1773049256321958000,97.8009580078125,6.543771743774414,-1.7539390325546265,4.143770694732666
1773049256331931600,97.810931640625,12.624532699584961,-1.9555343389511108,0.5186443328857422
1773049256341911300,97.82091137695312,10.560722351074219,-2.2953150272369385,1.0887342691421509
1773049256351847000,97.83084692382812,13.831710815429688,-1.9698911905288696,6.667002201080322
1773049256361822200,97.840822265625,11.21216869354248,0.28115665912628174,3.181257724761963
1773049256371801000,97.85080102539062,9.358927726745605,-0.389431893825531,-2.248655080795288
1773049256381776600,97.86077661132812,6.940980434417725,-1.5912270545959473,2.204387903213501
1773049256391716400,97.87071630859376,0.5246263742446899,-1.9555343389511108,4.201198577880859
1773049256401688300,97.88068823242187,8.252845764160156,-0.40378883481025696,2.0033907890319824
1773049256411592700,97.8905927734375,15.88594913482666,-1.6199408769607544,3.104687452316284
1773049256421558000,97.90055810546875,9.201001167297363,-0.4660021960735321,3.6263227462768555
1773049256431508200,97.91050830078125,8.947361946105957,-0.2602194547653198,1.8789639472961426
1773049256441471700,97.9204716796875,11.408380508422852,-1.9938194751739502,2.913261651992798
1773049256451462000,97.9304619140625,9.492925643920898,-1.5672988891601562,4.3447675704956055
1773049256461428500,97.94042846679687,10.843673706054688,-1.8161523342132568,-0.10827522724866867
1773049256471338800,97.9503388671875,8.37727165222168,-0.5808576941490173,3.4205398559570312
1773049256481299200,97.96029931640625,11.130812644958496,-1.0121639966964722,3.535395383834839
1773049256491253800,97.97025366210937,10.872387886047363,-1.898106575012207,1.1509476900100708
1773049256501214000,97.9802138671875,3.119642496109009,-0.26500511169433594,1.8598214387893677
1773049256511169000,97.9901689453125,9.737591743469238,-0.6909275650978088,3.4301111698150635
1773049256521128700,98.00012866210938,13.23290729522705,-1.8454644680023193,2.0751755237579346
1773049256531084300,98.01008422851562,7.319046497344971,-0.4612165689468384,2.89890456199646
1773049256541043500,98.02004345703125,10.316655158996582,-0.7824530005455017,3.181257724761963
1773049256551038000,98.03003784179687,11.159526824951172,-2.2187447547912598,2.376671075820923
1773049256561000700,98.04000073242187,9.229715347290039,-1.093519926071167,4.296911239624023
1773049256570914600,98.04991455078125,8.075776100158691,0.5587241053581238,0.9978070259094238
1773049256580872400,98.05987255859375,9.17707347869873,-1.7826528549194336,4.249054908752441
1773049256590791200,98.06979125976562,9.44028377532959,-1.423729419708252,1.9794625043869019
1773049256600745200,98.0797451171875,2.688934564590454,0.06041877344250679,0.4325026869773865
1773049256610668000,98.08966796875,9.253643035888672,-1.5146567821502686,4.378267288208008
1773049256620618800,98.09961865234375,11.595020294189453,-1.8161523342132568,3.238685369491577
1773049256630583000,98.1095830078125,7.213762283325195,-0.5904290080070496,-0.46719861030578613
1773049256640535000,98.11953515625,11.437093734741211,-1.2323036193847656,3.7561333179473877
1773049256650498000,98.129498046875,11.240882873535156,-1.1988041400909424,3.214757204055786
1773049256660451300,98.13945141601563,8.990432739257812,-1.4380863904953003,0.7250252366065979
1773049256670413300,98.14941333007812,9.062217712402344,-0.3655036687850952,2.8558337688446045
1773049256680367400,98.15936743164062,9.354142189025879,-1.1940184831619263,3.080759048461914
1773049256690547200,98.16954711914063,9.602995872497559,-1.5337992906570435,2.276172637939453
1773049256700727300,98.17972729492188,4.920241355895996,-0.0975075215101242,1.7784653902053833
1773049256710907400,98.18990747070312,8.684151649475098,-0.6526423692703247,-0.14656038582324982
1773049256721055200,98.20005517578124,10.254441261291504,-2.2857437133789062,4.61276388168335
1773049256731013000,98.21001318359374,8.032705307006836,-0.7824530005455017,1.031306505203247
1773049256741005600,98.22000561523437,8.741579055786133,-0.21236300468444824,-0.28534409403800964
1773049256750967300,98.22996728515625,13.50568962097168,-3.0041887760162354,5.982655048370361
1773049256760956700,98.23995678710938,9.780662536621094,-0.753140926361084,3.1477582454681396
1773049256770921500,98.24992138671875,8.803792953491211,0.4247260093688965,-0.15613168478012085
1773049256780908300,98.259908203125,11.758330345153809,-0.04486542567610741,4.292125701904297
1773049256790875400,98.26987548828124,7.218547821044922,-2.046461582183838,3.5306098461151123
1773049256800860400,98.2798603515625,6.289534091949463,-0.9595218896865845,-1.0803594589233398
1773049256810829600,98.28982958984375,5.767899036407471,0.6161518096923828,4.459623336791992
1773049256820813000,98.29981298828125,13.984851837158203,-3.2243285179138184,4.617549419403076
1773049256830783700,98.30978369140625,9.2919282913208,-2.5776681900024414,1.3663017749786377
1773049256840766000,98.31976586914062,3.0717861652374268,1.089930772781372,-0.05563312768936157
1773049256850738000,98.32973803710938,15.483357429504395,1.0564311742782593,2.462812662124634
1773049256860718800,98.33971875,16.527225494384766,-2.166102647781372,4.517050743103027
1773049256870692000,98.34969213867187,1.7647067308425903,-1.3854442834854126,1.9507486820220947
1773049256880672300,98.35967236328125,7.400402069091797,0.9080761671066284,-1.3196417093276978
1773049256890646000,98.36964599609375,14.415559768676758,-0.8877372145652771,-0.30927231907844543
1773049256900625700,98.37962573242187,10.685748100280762,-5.60399055480957,9.616754531860352
1773049256910600200,98.38960009765626,3.1962127685546875,1.0995019674301147,0.7250252366065979
1773049256920579300,98.39957934570313,10.671390533447266,1.5547364950180054,-1.7796618938446045
1773049256930554400,98.40955444335937,15.229718208312988,-0.2602194547653198,3.104687452316284
1773049256940533000,98.41953295898438,4.781457901000977,-1.8065811395645142,5.350351333618164
1773049256950508300,98.42950830078125,6.845267295837402,-0.6382854580879211,-0.7740781307220459
1773049256960486700,98.43948657226562,19.922042846679688,-1.2083754539489746,3.5258240699768066
1773049256970462500,98.44946240234376,8.530412673950195,-3.7698919773101807,5.589633464813232
1773049256980440600,98.45944067382813,4.542175769805908,1.1282159090042114,0.5186443328857422
1773049256990416600,98.46941674804688,12.323036193847656,1.430309772491455,-0.2709871530532837
1773049257000394500,98.47939453125,14.55912971496582,-2.572882652282715,4.981856822967529
1773049257010370800,98.48937084960937,3.9146578311920166,-2.032104730606079,2.582453727722168
1773049257020348400,98.49934838867188,6.811768054962158,1.4733805656433105,0.8733802437782288
1773049257030324700,98.50932470703125,14.137992858886719,-0.4612165689468384,3.5784661769866943
1773049257040302300,98.51930224609374,7.865208148956299,-1.6247265338897705,2.9036903381347656
1773049257050279000,98.52927880859374,7.7216386795043945,-0.35114672780036926,3.3535408973693848
1773049257060256300,98.53925634765625,10.287940979003906,0.7645068168640137,1.673181176185608
1773049257070232800,98.54923291015625,11.590234756469727,-2.0033907890319824,2.0991036891937256
1773049257080210400,98.55921044921875,11.892328262329102,-1.3519448041915894,3.2482566833496094
1773049257090187000,98.56918701171875,4.609174728393555,1.6217355728149414,3.324826955795288
1773049257100164400,98.57916430664062,12.380464553833008,-0.8781659007072449,1.965105652809143
1773049257110141200,98.58914111328124,12.591032981872559,-2.692523717880249,0.7489534616470337
1773049257120118300,98.5991181640625,2.6219353675842285,0.18484555184841156,3.219542980194092
1773049257130095000,98.60909521484375,9.675378799438477,0.14656038582324982,2.874976396560669
1773049257140072400,98.61907250976563,12.519248008728027,-0.973878800868988,1.7545372247695923
1773049257150049300,98.62904931640625,6.227321147918701,-0.8446664214134216,1.5433706045150757
1773049257160026400,98.6390263671875,9.114859580993652,-0.6191428303718567,4.119842529296875
1773049257170003500,98.64900341796876,10.666604995727539,-0.2027917206287384,2.6452653408050537
1773049257179980300,98.65898022460938,10.695319175720215,-0.8638089895248413,2.6500511169433594
1773049257189957600,98.66895751953125,10.661819458007812,-0.4468596279621124,0.5670989751815796
1773049257199934500,98.6789345703125,7.223333358764648,-0.6909275650978088,3.1764719486236572
1773049257209911600,98.68891162109375,11.044671058654785,-0.6909275650978088,3.2482566833496094
1773049257219888600,98.698888671875,9.397212982177734,-0.5712863802909851,0.2315055876970291
1773049257229865700,98.70886572265626,7.405188083648682,-0.3032902777194977,2.324028968811035
1773049257239745500,98.71874560546875,9.009575843811035,-0.5808576941490173,4.220340728759766
1773049257249564200,98.72856420898438,8.598010063171387,-0.8159525394439697,1.4189438819885254
1773049257259744000,98.73874389648438,9.234500885009766,-0.389431893825531,1.2323036193847656
1773049257269779000,98.74877905273438,10.043872833251953,-0.4612165689468384,3.751347780227661
1773049257279750700,98.75875073242187,11.10209846496582,-0.5138586759567261,2.6213371753692627
1773049257289731800,98.76873193359376,8.8707914352417,-0.26979073882102966,1.9316060543060303
1773049257299704800,98.77870483398438,9.967302322387695,-0.9355936646461487,2.999403238296509
1773049257309685200,98.78868530273438,10.043872833251953,-0.09272187948226929,2.568096876144409
1773049257319659000,98.79865893554687,7.917850017547607,-0.1740778535604477,3.0424740314483643
1773049257329638700,98.808638671875,10.115657806396484,-1.1078768968582153,1.4859428405761719
1773049257339613000,98.81861303710937,7.989634990692139,-0.5186443328857422,0.2315055876970291
1773049257349592000,98.82859204101563,8.291130065917969,-0.34636107087135315,4.244269371032715
1773049257359567000,98.83856713867188,12.026326179504395,-0.4612165689468384,2.946761131286621
1773049257369545700,98.84854565429687,8.904291152954102,-1.069591760635376,0.25064817070961
1773049257379521300,98.85852124023438,9.20578670501709,-0.13579268753528595,3.0520453453063965
1773049257389499600,98.86849975585938,10.316655158996582,-0.6095715761184692,2.6500511169433594
1773049257399475200,98.87847509765625,12.294322967529297,-1.8065811395645142,1.8789639472961426
1773049257409453300,98.88845336914062,8.061419486999512,0.4534398913383484,2.15653133392334
1773049257419429400,98.89842944335938,7.82692289352417,0.18005990982055664,2.9563324451446533
1773049257429407200,98.9084072265625,14.032708168029785,-1.3806586265563965,1.8598214387893677
1773049257439383600,98.91838354492188,4.8675994873046875,-0.45164528489112854,2.190030813217163
1773049257449361200,98.92836108398437,7.989634990692139,-0.45643091201782227,2.803191661834717
1773049257459337500,98.93833740234375,12.04068374633789,-0.6909275650978088,2.070389747619629
1773049257469315000,98.94831518554687,7.371688365936279,-0.42293140292167664,1.7641085386276245
1773049257479291600,98.95829174804688,10.747961044311523,-0.355932354927063,1.1030912399291992
1773049257489269000,98.96826904296876,8.142775535583496,-0.4660021960735321,3.315255880355835
1773049257499245800,98.97824584960938,10.948958396911621,-0.9547362327575684,3.401397466659546
1773049257509223200,98.98822314453125,9.038289070129395,-0.1788634955883026,1.552941918373108
1773049257519103200,98.99810327148438,8.008777618408203,-0.2793620526790619,1.8885352611541748
1773049257528921300,99.00792138671875,10.613365173339844,-0.8973084688186646,4.776073932647705
1773049257538921000,99.0179208984375,8.109275817871094,-0.4420739710330963,0.054436713457107544
1773049257548880000,99.0278798828125,8.588438987731934,-0.19800607860088348,2.7936203479766846
1773049257559059700,99.03805981445312,11.283953666687012,-1.1078768968582153,2.913261651992798
1773049257569093600,99.04809375,7.549355506896973,-0.2793620526790619,2.0512471199035645
1773049257579061800,99.05806176757812,9.014361381530762,-0.600000262260437,2.9754750728607178
1773049257589046000,99.0680458984375,12.294322967529297,-0.47557350993156433,2.0512471199035645
1773049257598926000,99.07792602539062,7.898707389831543,-0.5952146053314209,3.9427735805511475
1773049257608743000,99.08774291992188,9.363713264465332,-0.25064817070961,1.1365907192230225
1773049257618923000,99.09792309570312,9.708877563476562,-0.2793620526790619,1.8023936748504639
1773049257628956700,99.10795678710937,10.671390533447266,-1.0217353105545044,3.267399311065674
1773049257638924000,99.11792407226562,8.961718559265137,-0.39900317788124084,2.9419753551483154
1773049257648909000,99.12790893554687,8.01356315612793,-0.4612165689468384,1.7018951177597046
1773049257658878200,99.13787817382813,11.734402656555176,-0.7244270443916321,1.80717933177948
1773049257668861400,99.147861328125,8.37727165222168,-0.5904290080070496,3.214757204055786
1773049257678832400,99.15783227539063,8.684151649475098,-0.2602194547653198,2.2809581756591797
1773049257688814300,99.167814453125,10.958529472351074,-0.5377869009971619,1.4428720474243164
1773049257698694400,99.1776943359375,9.282357215881348,-0.633499801158905,2.678765058517456
1773049257708511700,99.18751171875,9.637093544006348,-0.6095715761184692,2.86061954498291
1773049257718691600,99.19769165039062,9.100502967834473,-0.34636107087135315,2.079961061477661
1773049257728725800,99.20772583007812,11.116456031799316,-0.8015955686569214,3.008974552154541
1773049257738605800,99.21760571289063,10.072587013244629,-0.5138586759567261,1.8885352611541748
1773049257748422400,99.22742236328125,7.82692289352417,-0.3032902777194977,2.3431715965270996
1773049257758602500,99.2376025390625,10.38365364074707,-0.4325026869773865,1.673181176185608
1773049257768636000,99.24763598632812,9.339784622192383,-0.666999340057373,2.9659037590026855
1773049257778641400,99.25764135742187,8.703293800354004,-0.7004988193511963,2.616551637649536
1773049257788630800,99.267630859375,9.34457015991211,-0.8159525394439697,2.4771697521209717
1773049257798510800,99.2775107421875,9.535996437072754,0.05563312768936157,1.8837496042251587
1773049257808391000,99.28739086914062,9.780662536621094,-0.7052844762802124,3.229114055633545
1773049257818278000,99.29727783203126,10.40758228302002,-0.6239284873008728,1.6205391883850098
1773049257828241400,99.30724145507813,7.716853141784668,-0.7824530005455017,2.970689296722412
1773049257838421200,99.31742114257813,10.479366302490234,-0.03529413416981697,1.6444673538208008
1773049257848454400,99.32745434570313,9.334999084472656,-0.5330012440681458,3.190829038619995
1773049257858419000,99.3374189453125,9.435498237609863,-1.0600204467773438,2.8654050827026367
1773049257868406000,99.34740600585937,7.975277900695801,-0.4181457459926605,2.0608184337615967
1773049257878412000,99.357412109375,9.459425926208496,-0.2602194547653198,2.750549554824829
1773049257888401000,99.36740087890625,10.676176071166992,-0.8015955686569214,2.3958137035369873
1773049257898327000,99.3773271484375,8.190631866455078,-0.6765705943107605,1.3184453248977661
1773049257908310000,99.38731005859376,9.000003814697266,-0.34636107087135315,3.66520619392395
1773049257918189800,99.39718994140625,11.739188194274902,-1.0169496536254883,2.572882652282715
1773049257928007200,99.40700708007813,9.062217712402344,0.10827522724866867,1.6061822175979614
1773049257938187000,99.41718701171875,8.185846328735352,-0.3655036687850952,2.946761131286621
1773049257948221200,99.42722119140625,11.1978120803833,-0.45164528489112854,2.2235305309295654
1773049257958189300,99.43718920898438,8.023134231567383,-0.542572557926178,2.3431715965270996
1773049257968173300,99.44717333984374,9.019146919250488,-0.16929219663143158,1.7736797332763672
1773049257978143500,99.4571435546875,9.272786140441895,-0.7770691514015198,2.472383975982666
1773049257988126200,99.46712622070312,9.401998519897461,-0.37507495284080505,3.1094729900360107
1773049257998006000,99.47700610351562,8.846863746643066,-0.5521438121795654,3.923630952835083
1773049258007823400,99.4868232421875,10.608579635620117,-0.24107688665390015,0.4372883439064026
1773049258017819000,99.49681884765624,9.162715911865234,-0.3367897868156433,3.5928232669830322
1773049258027780900,99.50678076171874,10.307083129882812,-0.6861419081687927,2.8893332481384277
1773049258037772800,99.51677270507813,8.851649284362793,-0.3128615617752075,1.0360921621322632
1773049258047737900,99.52673779296875,8.482556343078613,-0.6574280261993408,2.5776681900024414
1773049258057918000,99.53691796875,11.810972213745117,-0.3798605799674988,2.8319056034088135
1773049258067950600,99.54695068359375,7.635497093200684,-0.11186445504426956,2.558525562286377
1773049258077913600,99.55691357421875,10.240084648132324,-1.1413763761520386,2.472383975982666
1773049258087902000,99.56690185546876,8.204988479614258,-0.6382854580879211,1.8885352611541748
1773049258097782000,99.57678198242188,8.449056625366211,0.15134602785110474,2.664407968521118
1773049258107598000,99.58659814453125,11.849257469177246,-0.16450655460357666,3.348755359649658
1773049258117589000,99.59658911132813,8.736793518066406,-0.8685946464538574,1.960319995880127
1773049258127554800,99.60655493164063,7.707281589508057,-0.6909275650978088,1.6683956384658813
1773049258137543000,99.61654296875,10.17308521270752,-0.37028929591178894,3.238685369491577
1773049258147511000,99.62651098632813,10.75274658203125,-0.5569294691085815,3.253042459487915
1773049258157691000,99.63669091796875,10.000802040100098,-0.45164528489112854,1.3902299404144287
1773049258167723300,99.64672314453125,7.980063438415527,-0.4707878530025482,1.337587833404541
1773049258177684000,99.65668408203125,9.531210899353027,-0.6957131624221802,3.1381869316101074
1773049258187674400,99.66667431640624,10.168299674987793,-0.7579265832901001,2.09431791305542
1773049258197638100,99.67663818359375,8.444271087646484,0.0364905446767807,2.328814744949341
1773049258207625700,99.68662573242187,10.13479995727539,-0.6143572330474854,2.400599241256714
1773049258217505800,99.696505859375,9.862018585205078,-0.8685946464538574,3.229114055633545
1773049258227321900,99.70632177734375,7.323832035064697,0.050847481936216354,1.9028922319412231
1773049258237502000,99.716501953125,10.757532119750977,-0.50907301902771,2.008176326751709
1773049258247535400,99.72653540039063,11.346166610717773,-0.7722834944725037,3.4205398559570312
1773049258257500400,99.73650048828125,7.8317084312438965,0.20877377688884735,1.155733346939087
1773049258267487000,99.74648706054687,10.350153923034668,-0.8590233325958252,2.290529489517212
1773049258277454600,99.75645458984376,10.810174942016602,-1.1222338676452637,2.884547710418701
1773049258287439400,99.766439453125,7.242475986480713,-0.16929219663143158,1.5481562614440918
1773049258297319200,99.77631909179688,10.579865455627441,-0.600000262260437,2.96111798286438
1773049258307136000,99.78613598632812,11.618948936462402,-1.0552347898483276,2.1278176307678223
1773049258317130000,99.7961298828125,8.300702095031738,-0.48035913705825806,1.1413763761520386
1773049258327093200,99.80609326171874,9.742377281188965,-0.4372883439064026,3.6699917316436768
1773049258337273300,99.8162734375,10.7766752243042,-0.18364913761615753,3.3966116905212402
1773049258347306500,99.82630639648437,9.401998519897461,-0.4612165689468384,1.5337992906570435
1773049258357270800,99.83627075195312,9.038289070129395,-0.542572557926178,2.9563324451446533
1773049258367258000,99.84625805664062,9.919445991516113,-1.074377417564392,2.7314071655273438
1773049258377225000,99.85622485351563,10.910673141479492,-0.5712863802909851,1.6205391883850098
1773049258387210200,99.86621020507812,9.80937671661377,-0.11186445504426956,2.3910279273986816
1773049258397090300,99.87609033203125,10.910673141479492,-0.6143572330474854,1.80717933177948
1773049258406907000,99.88590698242187,8.157132148742676,-0.48514479398727417,2.079961061477661
1773049258416900400,99.895900390625,8.574081420898438,-0.8733802437782288,1.5337992906570435
1773049258426864000,99.90586401367187,10.661819458007812,-0.6095715761184692,2.6835505962371826
1773049258437044200,99.91604418945313,8.128418922424316,0.1417747437953949,2.8701908588409424
1773049258447077000,99.9260771484375,10.858031272888184,-0.4660021960735321,1.6636099815368652
1773049258457041200,99.93604125976563,9.641879081726074,-0.42293140292167664,1.984248161315918
1773049258467028700,99.94602880859375,8.367700576782227,-1.0360921621322632,1.8646070957183838
1773049258476995300,99.95599536132812,10.800602912902832,-0.26979073882102966,2.079961061477661
1773049258486980600,99.96598071289063,8.516056060791016,-0.5138586759567261,2.7074787616729736
1773049258496949500,99.97594946289063,10.307083129882812,0.4055834412574768,0.9834501147270203
1773049258506933200,99.98593334960937,7.448258876800537,-0.15493527054786682,4.067200183868408
1773049258516903700,99.99590356445313,9.430712699890137,-1.0265209674835205,1.7688941955566406
1773049258526886000,100.00588598632812,7.898707389831543,-0.8542376756668091,0.05922235921025276
1773049258536857600,100.01585766601562,7.616354465484619,0.6783652305603027,2.132603168487549
1773049258546839000,100.02583911132812,11.992827415466309,-0.42771705985069275,4.3686957359313965
1773049258556811800,100.03581176757812,9.680164337158203,-0.7100701332092285,-0.4049852192401886
1773049258566792200,100.04579223632813,5.3940205574035645,-1.1461620330810547,2.520240545272827
1773049258576766000,100.05576586914063,11.169097900390625,-0.5760720372200012,3.1238300800323486
1773049258586745600,100.06574560546875,9.675378799438477,0.6305087804794312,1.3806586265563965
1773049258596720000,100.07572021484376,10.039087295532227,-0.6957131624221802,3.128615617752075
1773049258606699300,100.08569921875,9.248857498168945,-0.542572557926178,1.7976080179214478
1773049258616579300,100.09557934570313,5.767899036407471,-0.7004988193511963,1.9411773681640625
1773049258626397200,100.10539721679687,11.494522094726562,0.07477571070194244,2.688336133956909
1773049258636577000,100.11557690429687,9.613164901733398,-0.40378883481025696,2.669193744659424
1773049258646611700,100.12561181640625,9.004789352416992,-0.45643091201782227,1.4763715267181396
1773049258656582100,100.13558203125,8.410771369934082,-0.7052844762802124,2.630908489227295
1773049258666564400,100.145564453125,10.139585494995117,-1.2179467678070068,1.5050854682922363
1773049258676536300,100.15553637695312,10.695319175720215,-0.09272187948226929,2.5393829345703125
1773049258686517500,100.165517578125,8.612366676330566,0.5491527915000916,1.7736797332763672
1773049258696490200,100.175490234375,11.801401138305664,-1.0887342691421509,2.8414769172668457
1773049258706470700,100.185470703125,7.8317084312438965,-1.1748759746551514,2.132603168487549
1773049258716350700,100.19535083007813,8.83250617980957,-0.28893333673477173,1.2562319040298462
1773049258726168600,100.20516845703125,9.641879081726074,0.9367900490760803,5.278566837310791
1773049258736165600,100.21516552734376,11.997612953186035,-1.5672988891601562,1.5194423198699951
1773049258746126300,100.22512622070313,8.042277336120605,-0.19322042167186737,0.849452018737793
1773049258756306400,100.23530639648438,6.730412006378174,-0.719641387462616,3.8949170112609863
1773049258766340000,100.24534008789063,14.444273948669434,-0.4707878530025482,1.5290136337280273
1773049258776306400,100.25530639648437,7.390830993652344,-0.42293140292167664,2.6356940269470215
1773049258786292000,100.2652919921875,11.092527389526367,-0.3367897868156433,2.386242389678955
1773049258796172000,100.27517211914062,9.545567512512207,-0.42293140292167664,2.2713868618011475
1773049258805988600,100.28498852539063,9.263215065002441,-1.734796404838562,2.932404041290283
1773049258816168700,100.29516870117187,11.00160026550293,-0.4660021960735321,2.2570300102233887
1773049258826202400,100.30520239257812,7.252047061920166,0.6017948985099792,1.898106575012207
1773049258836082200,100.31508227539062,13.49611759185791,-0.8542376756668091,3.8422749042510986
1773049258845898500,100.3248984375,8.775078773498535,-0.666999340057373,2.386242389678955
1773049258856078300,100.33507836914063,6.773482799530029,-0.6287141442298889,1.811964988708496
1773049258866111700,100.34511181640624,12.299108505249023,-0.3320041298866272,3.4205398559570312
1773049258876076800,100.35507690429688,9.248857498168945,-0.719641387462616,3.3535408973693848
1773049258886063600,100.36506372070312,10.98724365234375,-0.24107688665390015,1.337587833404541
1773049258896031000,100.37503100585937,7.884350776672363,-0.42771705985069275,2.1278176307678223
1773049258906015700,100.385015625,11.264810562133789,-1.1030912399291992,2.3958137035369873
1773049258915895800,100.39489575195313,8.889934539794922,-0.21714866161346436,2.4436700344085693
1773049258925712400,100.40471240234375,8.574081420898438,0.14656038582324982,1.4093725681304932
1773049258935892500,100.414892578125,11.964113235473633,-0.6095715761184692,3.6699917316436768
1773049258945926400,100.42492651367188,8.26241683959961,-0.8973084688186646,2.017747640609741
1773049258955893200,100.43489331054687,8.775078773498535,-0.7387840151786804,1.7306089401245117
1773049258965878300,100.44487817382813,9.186644554138184,0.14656038582324982,2.9419753551483154
1773049258975692300,100.4546923828125,10.680961608886719,-0.0687936544418335,2.4436700344085693
1773049258985660200,100.46466015625,9.967302322387695,-1.2275179624557495,2.0656042098999023
1773049258995569000,100.47456884765624,6.792625427246094,0.28594231605529785,1.6444673538208008
1773049259005531000,100.48453076171874,9.224929809570312,-0.6382854580879211,3.3966116905212402
1773049259015522800,100.49452270507813,12.246466636657715,-0.48035913705825806,2.4388844966888428
1773049259025487600,100.50448754882812,7.261618614196777,0.1704886108636856,1.8885352611541748
1773049259035667700,100.51466772460938,10.680961608886719,-0.2315055876970291,2.0033907890319824
1773049259045700600,100.52470068359375,8.736793518066406,-0.12143574655056,2.472383975982666
1773049259055663600,100.53466357421875,8.3629150390625,-0.7004988193511963,1.6923238039016724
1773049259065652000,100.54465185546874,9.881160736083984,0.6305087804794312,1.8837496042251587
1773049259075532000,100.55453198242188,8.358129501342773,1.2095718383789062,3.3296127319335938
1773049259085348000,100.56434814453125,12.189038276672363,-0.6382854580879211,2.999403238296509
1773049259095339000,100.57433911132813,7.486543655395508,-0.9068797826766968,0.6293123364448547
1773049259105304800,100.58430493164063,6.821339130401611,0.23748764395713806,1.960319995880127
1773049259115293000,100.59429296875,12.730414390563965,1.4973087310791016,4.752145767211914
1773049259125261000,100.60426098632813,10.622936248779297,0.14656038582324982,1.6109678745269775
1773049259135246800,100.61424682617188,9.06700325012207,-0.7770691514015198,0.19800607860088348
1773049259145216800,100.624216796875,6.701697826385498,-0.8733802437782288,3.214757204055786
1773049259155396900,100.63439697265625,10.120443344116211,0.8410771489143372,2.851048231124878
1773049259165429000,100.64442895507813,11.959327697753906,1.0755738019943237,2.5776681900024414
1773049259175309000,100.65430908203125,9.632308006286621,-0.42771705985069275,0.7680960893630981
1773049259185123600,100.66412353515625,7.1611199378967285,-0.5138586759567261,1.5385849475860596
1773049259195109400,100.674109375,8.118846893310547,-1.0600204467773438,2.386242389678955
1773049259205079300,100.68407934570313,11.078170776367188,0.9655039310455322,2.2187447547912598
1773049259215063300,100.69406323242187,9.761520385742188,1.3537393808364868,2.6261229515075684
1773049259225034800,100.70403466796876,12.361321449279785,-0.50907301902771,2.568096876144409
1773049259235017500,100.714017578125,6.79741096496582,-1.1653046607971191,3.387040376663208
1773049259244990000,100.72398999023437,8.645866394042969,-0.5138586759567261,1.155733346939087
1773049259255170000,100.73417016601563,11.80618667602539,1.6408780813217163,3.5401811599731445
1773049259265201700,100.74420166015625,10.278369903564453,0.8602197170257568,3.0855448246002197
1773049259275081500,100.75408154296875,10.50808048248291,-1.5720844268798828,1.2418749332427979
1773049259284895700,100.76389575195313,5.882754325866699,-0.8398807644844055,1.2705888748168945
1773049259295075800,100.77407592773437,8.544769287109375,0.0891326442360878,2.3575284481048584
1773049259305108000,100.78410791015625,13.692329406738281,1.51166570186615,3.9667017459869385
1773049259314987800,100.79398779296875,9.162715911865234,0.0077766734175384045,1.9028922319412231
1773049259324802300,100.80380224609375,9.502496719360352,-1.3040883541107178,0.6963114142417908
1773049259334788000,100.8137880859375,6.888338088989258,-0.3415754437446594,2.86061954498291
1773049259344758300,100.82375830078125,10.555936813354492,0.7932206988334656,3.119044303894043
1773049259354938000,100.83393823242187,13.113265991210938,0.9607182741165161,3.372683525085449
1773049259364970200,100.84397021484375,8.794221878051758,-0.4707878530025482,2.6596224308013916
1773049259374850300,100.85385034179687,8.018348693847656,-1.0360921621322632,2.079961061477661
1773049259384664800,100.86366479492187,7.735995769500732,-0.47557350993156433,2.400599241256714
1773049259394650600,100.87365063476562,10.929815292358398,1.022931694984436,2.3096721172332764
1773049259404620800,100.88362084960937,10.948958396911621,0.836291491985321,2.1134605407714844
1773049259414604500,100.8936044921875,8.741579055786133,-1.0169496536254883,2.3048863410949707
1773049259424576000,100.90357592773438,9.268000602722168,-1.4620146751403809,1.3902299404144287
1773049259434756000,100.91375610351562,7.539783954620361,0.3002992272377014,1.960319995880127
1773049259444788000,100.9237880859375,12.500105857849121,1.8801604509353638,4.1389851570129395
1773049259454668000,100.93366796875,11.944971084594727,0.4295116662979126,2.937189817428589
1773049259464482300,100.943482421875,7.975277900695801,-1.1892328262329102,0.729810893535614
1773049259474467000,100.95346704101563,7.094120979309082,-0.8590233325958252,2.568096876144409
1773049259484438000,100.96343798828126,9.613164901733398,0.8937192559242249,2.717050075531006
1773049259494617900,100.97361791992188,11.571091651916504,2.042872428894043,3.5928232669830322
1773049259504649700,100.98364965820312,10.834102630615234,-0.2745763957500458,2.1134605407714844
1773049259514529800,100.99352978515626,6.749554634094238,-1.3758729696273804,1.3902299404144287
1773049259524344300,101.00334423828124,7.0031938552856445,-0.3798605799674988,1.7832510471343994
1773049259534524400,101.0135244140625,12.366106986999512,1.3010972738265991,2.290529489517212
1773049259544556500,101.023556640625,11.33659553527832,1.425524115562439,2.9036903381347656
1773049259554516700,101.03351684570312,9.019146919250488,-1.0791629552841187,1.7066807746887207
1773049259564507400,101.04350732421875,7.424330234527588,-1.9698911905288696,1.5290136337280273
1773049259574471000,101.05347094726562,6.878767013549805,0.41994038224220276,2.3670997619628906
1773049259584459000,101.063458984375,13.448261260986328,1.8753747940063477,3.1477582454681396
1773049259594425000,101.07342504882813,11.221739768981934,0.592223584651947,3.2482566833496094
1773049259604411000,101.08341088867188,7.568498134613037,-1.275374412536621,1.423729419708252
1773049259614379300,101.09337915039063,6.059823513031006,-0.6382854580879211,1.3663017749786377
1773049259624363300,101.10336328125,9.535996437072754,1.5212370157241821,2.606980323791504
1773049259634333400,101.11333349609374,13.860424995422363,1.6839489936828613,3.166900873184204
1773049259644316200,101.12331616210938,9.435498237609863,-0.40378883481025696,1.4333007335662842
1773049259654287600,101.13328759765625,6.0502519607543945,-1.9028922319412231,0.8925228714942932
1773049259664269300,101.14326928710938,7.980063438415527,-0.3080759048461914,1.4524433612823486
1773049259674241800,101.15324169921875,11.298310279846191,2.0141584873199463,3.2338998317718506
1773049259684222500,101.16322241210938,12.65324592590332,1.2957134246826172,2.4532413482666016
1773049259694196000,101.17319604492188,9.157930374145508,-0.9595218896865845,1.3615161180496216
1773049259704175900,101.18317578125,4.85324239730835,-1.835893154144287,2.496312141418457
1773049259714150100,101.19315014648437,8.496912956237793,1.3106685876846313,3.104687452316284
1773049259724129500,101.20312963867187,14.085350036621094,2.0093727111816406,3.799204111099243
1773049259734104300,101.21310424804688,10.599007606506348,-0.26500511169433594,1.989033818244934
1773049259744083200,101.22308325195313,5.925825119018555,-1.7826528549194336,1.5194423198699951
1773049259754058500,101.23305859375,6.869195461273193,-0.26500511169433594,1.3615161180496216
1773049259764037000,101.243037109375,11.72004508972168,1.731805443763733,2.1708884239196777
1773049259774012700,101.2530126953125,13.304692268371582,1.2861422300338745,3.2817561626434326
1773049259783990800,101.26299072265626,9.19143009185791,-0.6765705943107605,1.7880367040634155
1773049259793966800,101.272966796875,5.624329566955566,-1.9794625043869019,0.3080759048461914
1773049259803944700,101.28294482421875,8.429914474487305,0.8315058946609497,2.5298118591308594
1773049259813921000,101.29292114257812,13.137194633483887,2.445464849472046,4.373481750488281
1773049259823899000,101.30289892578125,12.342179298400879,0.38644084334373474,2.6835505962371826
1773049259833875200,101.31287524414063,6.6107707023620605,-2.1852452754974365,0.6963114142417908
1773049259843852800,101.32285278320313,5.236093997955322,-0.9116654396057129,2.8079774379730225
1773049259853829400,101.33282934570312,11.245668411254883,1.9040886163711548,3.535395383834839
1773049259863807000,101.34280688476562,15.373287200927734,1.583450436592102,2.6452653408050537
1773049259873783600,101.35278344726562,8.789435386657715,-0.7004988193511963,1.466800332069397
1773049259883761000,101.36276098632813,5.748756408691406,-2.3670997619628906,0.5186443328857422
1773049259893737700,101.37273779296875,7.386045455932617,0.8745766878128052,1.74496591091156
1773049259903715000,101.38271508789063,13.85085391998291,2.2534406185150146,4.220340728759766
1773049259913692000,101.39269189453125,13.577473640441895,0.3720839321613312,2.664407968521118
1773049259923669200,101.40266918945312,5.964110374450684,-1.9698911905288696,0.6963114142417908
1773049259933646000,101.41264599609374,5.595615863800049,-1.0839486122131348,1.9411773681640625
1773049259943623400,101.42262353515625,11.69133186340332,2.2342982292175293,3.473181962966919
1773049259953600300,101.43260034179687,15.77528190612793,2.0620148181915283,3.5641093254089355
1773049259963577300,101.44257739257813,8.775078773498535,-0.47557350993156433,1.960319995880127
1773049259973593000,101.45259301757812,4.091726779937744,-1.557727575302124,0.729810893535614
1773049259983574300,101.46257421875,8.641080856323242,-0.0975075215101242,2.596810817718506
1773049259993508600,101.47250854492188,14.008780479431152,2.8139593601226807,3.9284164905548096
1773049260003485000,101.48248486328124,13.170694351196289,0.7645068168640137,1.8550357818603516
1773049260013462800,101.492462890625,4.771886348724365,-1.0265209674835205,-0.18005990982055664
1773049260023439400,101.502439453125,6.174678802490234,-2.242672920227051,1.2418749332427979
1773049260033417000,101.5124169921875,11.264810562133789,1.9710876941680908,4.895715236663818
1773049260043393500,101.5223935546875,16.019947052001953,2.4502503871917725,3.1764719486236572
1773049260053371100,101.53237109375,8.492127418518066,-0.42771705985069275,1.3806586265563965
1773049260063347700,101.54234765625,2.2959132194519043,-0.6909275650978088,1.1126625537872314
1773049260073325300,101.5523251953125,9.78544807434082,0.3481557071208954,3.885345697402954
1773049260083302000,101.56230200195313,15.77528190612793,2.1433708667755127,3.789632797241211
1773049260093279500,101.57227954101562,11.652447700500488,-0.4420739710330963,1.0648061037063599
1773049260103256300,101.58225634765626,2.8037898540496826,-2.8654050827026367,0.5958128571510315
1773049260113233700,101.59223364257812,6.179464340209961,0.6640082597732544,2.5154547691345215
1773049260123210500,101.60221044921875,14.573486328125,2.493321180343628,3.071187973022461
1773049260133187800,101.61218774414063,14.933008193969727,0.9655039310455322,2.213959217071533
1773049260143164700,101.62216455078125,5.643472194671631,-0.7920243144035339,1.2849457263946533
1773049260153142000,101.63214208984375,3.493520975112915,-0.2554338276386261,1.2083754539489746
1773049260163118800,101.64211889648438,12.136396408081055,1.6217355728149414,3.2482566833496094
1773049260173096200,101.65209619140624,15.881163597106934,1.3537393808364868,4.862215518951416
1773049260183073000,101.66207299804688,8.660223007202148,-1.2083754539489746,1.466800332069397
1773049260193050400,101.67205029296875,2.7320053577423096,-2.4149563312530518,-0.4815555512905121
1773049260203027200,101.68202709960937,8.343772888183594,1.4398809671401978,3.5018959045410156
1773049260213004500,101.69200463867188,16.307086944580078,2.325225353240967,3.7082769870758057
1773049260222981400,101.7019814453125,12.696316719055176,0.7214360237121582,1.1892328262329102
1773049260232958700,101.71195874023438,2.349153518676758,-0.6143572330474854,0.6197410821914673
1773049260242935800,101.72193579101562,5.724828243255615,0.046061836183071136,1.275374412536621
1773049260252913000,101.73191284179687,15.708282470703125,1.6313068866729736,4.277768611907959
1773049260262890000,101.74188989257813,15.421143531799316,-0.3607180118560791,2.5010979175567627
1773049260272828200,101.751828125,3.651447296142578,-2.266601324081421,0.32721850275993347
1773049260282801400,101.76180151367187,4.115654945373535,-0.08793623000383377,2.1756739616394043
1773049260292821200,101.7718212890625,14.3389892578125,2.3156540393829346,4.091128349304199
1773049260302799000,101.78179907226563,14.43470287322998,1.2191431522369385,2.228316068649292
1773049260312775400,101.791775390625,6.510272026062012,-0.7339983582496643,1.5966109037399292
1773049260322753000,101.8017529296875,4.489533424377441,-0.34636107087135315,0.729810893535614
1773049260332729600,101.8117294921875,10.996814727783203,1.1665010452270508,1.337587833404541
1773049260342707200,101.82170727539062,15.545570373535156,1.109073281288147,3.5641093254089355
1773049260352683800,101.83168383789062,9.6466646194458,-0.5904290080070496,1.9363917112350464
1773049260362661400,101.84166137695313,2.789433002471924,-0.3367897868156433,0.13100704550743103
1773049260372638000,101.85163793945313,10.28315544128418,0.8697910308837891,2.7074787616729736
1773049260382615300,101.861615234375,14.525629997253418,1.1330015659332275,3.9571304321289062
1773049260392592100,101.87159204101563,10.853245735168457,-0.7292127013206482,2.328814744949341
1773049260402569500,101.88156958007812,4.335794448852539,-1.3758729696273804,0.6580262184143066
1773049260412546300,101.89154638671874,7.314260482788086,1.3010972738265991,2.070389747619629
1773049260422523600,101.90152368164063,14.980864524841309,2.076371908187866,3.4779677391052246
1773049260432500500,101.91150048828125,11.91625690460205,-0.39421752095222473,2.472383975982666
1773049260442477800,101.92147778320313,4.388436794281006,-0.5665007829666138,0.3032902777194977
1773049260452454700,101.93145458984375,7.070192813873291,0.381655216217041,0.03529413416981697
1773049260462432000,101.94143188476562,14.32463264465332,1.5690934658050537,3.482753276824951
1773049260472370000,101.95136987304687,12.256037712097168,-0.0687936544418335,3.2004003524780273
1773049260482343400,101.96134350585938,5.763113498687744,-1.3950155973434448,1.2275179624557495
1773049260492324400,101.97132446289062,5.897111415863037,0.18005990982055664,1.6348960399627686
1773049260502298400,101.98129833984375,13.319048881530762,2.2821545600891113,3.3918261528015137
1773049260512317200,101.99131713867187,14.037493705749512,0.381655216217041,3.3296127319335938
1773049260522295800,102.0012958984375,5.815755367279053,-0.6622136831283569,0.8781659007072449
1773049260532271400,102.01127124023438,5.427519798278809,0.03170489892363548,0.0687936544418335
1773049260542249700,102.02124975585937,12.830913543701172,1.4350954294204712,2.7553353309631348
1773049260552187000,102.03118676757812,14.070993423461914,-0.07357929646968842,3.7609190940856934
1773049260562161000,102.04116088867187,7.232904434204102,-1.1700903177261353,0.6245267391204834
1773049260572041000,102.051041015625,4.618745803833008,-0.39421752095222473,0.03529413416981697
1773049260581902600,102.06090258789062,13.429119110107422,1.5930216312408447,3.104687452316284
1773049260592082700,102.07108276367188,13.86521053314209,1.0516455173492432,3.6939198970794678
1773049260602117400,102.08111743164062,7.52004337310791,-0.5617151260375977,1.5194423198699951
1773049260612049200,102.09104907226562,5.519045352935791,0.0891326442360878,0.24107688665390015
1773049260622027500,102.10102758789063,12.026326179504395,1.755733609199524,4.416552543640137
1773049260632042200,102.11104223632813,13.59183120727539,0.0029910283628851175,2.4771697521209717
1773049260642024200,102.12102416992188,6.6490559577941895,-0.5282155871391296,0.4420739710330963
1773049260651957800,102.13095776367187,5.901896953582764,0.30508488416671753,0.9690931439399719
1773049260661934800,102.14093481445312,12.198610305786133,1.602592945098877,2.7984061241149902
1773049260671814700,102.15081469726563,13.903495788574219,0.012562318705022335,3.128615617752075
1773049260681694700,102.16069482421875,7.759923934936523,-0.5808576941490173,1.6683956384658813
1773049260691874800,102.17087475585937,5.461617469787598,0.10827522724866867,0.5670989751815796
1773049260701884000,102.1808837890625,12.131610870361328,1.4638092517852783,3.2338998317718506
1773049260711781600,102.19078173828125,13.185050964355469,-0.12143574655056,3.5258240699768066
1773049260721752300,102.20075244140625,6.543771743774414,-0.494716078042984,2.448455810546875
1773049260731735600,102.21073559570313,5.61954402923584,0.31465616822242737,1.7976080179214478
1773049260741707800,102.22070776367187,11.959327697753906,1.1665010452270508,2.3048863410949707
1773049260751651000,102.23065112304687,12.471391677856445,-0.13100704550743103,2.92283296585083
1773049260761620200,102.2406201171875,8.794221878051758,-0.4995017349720001,1.4524433612823486
1773049260771500300,102.25050024414062,6.361319065093994,0.2955136001110077,0.29371899366378784
1773049260781380400,102.26038037109375,10.872387886047363,1.5643078088760376,3.205185890197754
1773049260791520300,102.27052026367187,13.917853355407715,-0.15972091257572174,2.92283296585083
1773049260801495300,102.28049536132812,6.749554634094238,-0.5617151260375977,2.0033907890319824
1773049260811396900,102.29039697265625,6.476174354553223,0.778863787651062,1.2179467678070068
1773049260821364700,102.30036474609375,12.763914108276367,1.5643078088760376,2.9898319244384766
1773049260831312400,102.3103125,11.944971084594727,-0.5042873620986938,3.267399311065674
1773049260841278000,102.32027783203125,6.682555675506592,-0.542572557926178,1.1653046607971191
1773049260851227600,102.3302275390625,5.791827201843262,0.7645068168640137,1.989033818244934
1773049260861191700,102.34019165039062,13.879568099975586,0.9415757060050964,2.1708884239196777
1773049260871181800,102.35018188476562,11.528020858764648,-0.6526423692703247,2.022533416748047
1773049260881148400,102.3601484375,5.959324836730957,-0.42293140292167664,2.008176326751709
1773049260891019800,102.37001977539063,8.228917121887207,0.9990034699440002,0.8877372145652771
1773049260900977000,102.37997680664063,12.940982818603516,0.9511470198631287,2.994617462158203
1773049260910935000,102.38993505859375,11.293524742126465,-0.6622136831283569,3.5928232669830322
1773049260920892400,102.39989233398437,6.1363935470581055,-0.13579268753528595,1.3950155973434448
1773049260930850300,102.40985034179687,7.500900745391846,1.3106685876846313,1.740180253982544
1773049260940807700,102.4198076171875,14.420345306396484,0.9511470198631287,2.4532413482666016
1773049260950804200,102.42980419921875,9.627521514892578,-0.48035913705825806,2.1996021270751953
1773049260960765700,102.439765625,5.648257732391357,0.2183450609445572,1.649253010749817
1773049260970645500,102.4496455078125,8.765507698059082,1.2382856607437134,1.9268203973770142
1773049260980525600,102.45952563476563,13.534402847290039,0.5060819983482361,1.654038667678833
1773049260990557400,102.46955737304687,9.062217712402344,-0.32243284583091736,2.740978240966797
1773049261000514300,102.47951440429688,7.022336483001709,-0.15972091257572174,1.7018951177597046
1773049261010472700,102.48947265625,8.822935104370117,1.4973087310791016,2.05603289604187
1773049261020429800,102.49942993164062,13.793426513671875,0.2763710021972656,3.267399311065674
1773049261030609700,102.50960961914062,9.588638305664062,-0.5760720372200012,3.104687452316284
1773049261040789800,102.51978979492188,4.661816596984863,0.1417747437953949,1.3758729696273804
1773049261050969600,102.52996948242188,11.556735038757324,1.022931694984436,1.6253247261047363
1773049261061076700,102.54007666015625,11.403594970703125,0.4007977843284607,1.716252088546753
1773049261071034400,102.55003442382812,8.449056625366211,-0.6765705943107605,2.827120065689087
1773049261081027000,102.56002709960937,7.237690448760986,-0.001794616924598813,1.490728497505188
1773049261090988800,102.56998876953125,8.554341316223145,1.0995019674301147,2.2713868618011475
1773049261100978400,102.579978515625,14.59741497039795,0.1178465187549591,2.7840490341186523
1773049261110943000,102.58994287109375,8.070990562438965,-0.37028929591178894,2.1278176307678223
1773049261120930000,102.59992993164063,7.103692054748535,0.836291491985321,1.3519448041915894
1773049261130897400,102.6098974609375,11.556735038757324,1.1425727605819702,3.166900873184204
1773049261140882400,102.61988232421875,12.17946720123291,-0.2745763957500458,2.4580271244049072
1773049261150851600,102.6298515625,6.99840784072876,-0.5617151260375977,1.8837496042251587
1773049261160835000,102.6398349609375,8.032705307006836,0.778863787651062,0.4133601188659668
1773049261170805800,102.6498056640625,11.547163963317871,1.578664779663086,2.812762975692749
1773049261180788000,102.6597880859375,13.070195198059082,-0.5042873620986938,2.142174482345581
1773049261190760000,102.66976000976562,4.834099769592285,-0.21236300468444824,1.3088740110397339
1773049261200741000,102.6797412109375,8.631509780883789,1.4829518795013428,2.3910279273986816
1773049261210714400,102.68971435546875,15.387643814086914,0.711864709854126,3.4683964252471924
1773049261220694800,102.69969482421875,9.043074607849121,-0.8111668825149536,1.0265209674835205
1773049261230668500,102.70966845703126,5.858826160430908,0.046061836183071136,1.2897313833236694
1773049261240648200,102.71964819335938,10.929815292358398,1.3010972738265991,3.45882511138916
1773049261250622700,102.72962280273437,13.936995506286621,-0.3415754437446594,2.2474586963653564
1773049261260601900,102.73960180664062,6.1124653816223145,-0.15493527054786682,0.7345965504646301
1773049261270577000,102.74957690429687,5.772684574127197,-0.08315058797597885,2.669193744659424
1773049261280555800,102.7595556640625,12.031112670898438,1.363310694694519,1.3854442834854126
1773049261290435600,102.769435546875,10.268798828125,0.7166503667831421,1.80717933177948
1773049261300254000,102.77925390625,10.791031837463379,-0.9882357716560364,3.861417531967163
1773049261310434000,102.78943408203125,4.858027935028076,0.5252245664596558,1.5242279767990112
1773049261320468700,102.79946875,11.106884956359863,1.44945228099823,1.6157535314559937
1773049261330439400,102.809439453125,15.29193115234375,-0.19800607860088348,4.057629108428955
1773049261340421600,102.81942163085938,3.5988051891326904,-0.20757736265659332,1.5433706045150757
1773049261350393900,102.82939379882812,9.220144271850586,0.8602197170257568,-0.9224331378936768
1773049261360374800,102.83937475585938,13.50568962097168,1.3202399015426636,4.540979385375977
1773049261370348000,102.84934814453125,8.147561073303223,-0.34636107087135315,1.3232308626174927
1773049261380328200,102.859328125,6.399604320526123,0.36251261830329895,1.3950155973434448
1773049261390208300,102.86920825195313,11.518449783325195,1.4015958309173584,2.8893332481384277
1773049261400026000,102.87902612304687,12.083754539489746,-0.020937198773026466,1.6875381469726562
1773049261410206200,102.88920629882813,7.740781307220459,-0.6382854580879211,2.0368902683258057
1773049261420240600,102.89924072265624,7.0271220207214355,1.1425727605819702,3.0616166591644287
1773049261430120700,102.90912060546874,13.913066864013672,0.39601215720176697,2.7218358516693115
1773049261439937500,102.9189375,10.517651557922363,-0.6622136831283569,0.9786644577980042
1773049261450117600,102.92911767578126,5.456831932067871,0.5874379873275757,1.7832510471343994
1773049261460151600,102.93915161132813,10.920244216918945,1.3537393808364868,2.1996021270751953
1773049261470119000,102.94911889648438,12.92184066772461,-0.01136590726673603,2.874976396560669
1773049261480103700,102.95910375976563,6.955337047576904,-0.14057832956314087,1.184447169303894
1773049261490073000,102.96907299804687,7.817351341247559,1.109073281288147,2.347957134246826
1773049261500056600,102.979056640625,11.911471366882324,0.6113662123680115,2.640479803085327
1773049261510027500,102.98902758789062,11.820544242858887,-0.16450655460357666,1.1030912399291992
1773049261520009500,102.99900952148438,6.912266254425049,0.486939400434494,2.946761131286621
1773049261530020600,103.0090205078125,9.057432174682617,0.6927221417427063,2.4293131828308105
1773049261540005600,103.01900561523438,12.710674285888672,0.022133609279990196,1.4859428405761719
1773049261549885400,103.02888549804688,8.665008544921875,-0.030508488416671753,1.8598214387893677
1773049261559765500,103.038765625,7.530212879180908,0.9415757060050964,1.0504491329193115
1773049261569890000,103.04889013671875,10.393224716186523,0.6352944374084473,2.5537400245666504
1773049261579874300,103.05887426757812,10.512866020202637,-0.23629122972488403,2.702693223953247
1773049261589844200,103.06884423828124,7.299903869628906,0.23270200192928314,1.399801254272461
1773049261599827200,103.0788271484375,9.057432174682617,0.49172505736351013,3.4205398559570312
1773049261609798400,103.08879833984375,11.901900291442871,0.8602197170257568,2.0991036891937256
1773049261619780000,103.09878002929688,9.593423843383789,-0.4372883439064026,1.6683956384658813
1773049261629752600,103.10875268554688,8.300702095031738,0.12263216078281403,2.0033907890319824
1773049261639733500,103.1187333984375,8.042277336120605,1.2382856607437134,2.764906644821167
1773049261649613600,103.12861352539062,13.49611759185791,0.47258245944976807,1.8215361833572388
1773049261659431200,103.13843115234376,7.645068168640137,-0.47557350993156433,1.3950155973434448
1773049261669611300,103.148611328125,6.413960933685303,0.711864709854126,1.649253010749817
1773049261679645700,103.15864575195313,10.335797309875488,1.6265212297439575,3.607180118560791
1773049261689615400,103.16861547851562,13.213765144348145,-0.35114672780036926,1.6013965606689453
1773049261699598300,103.17859838867187,7.223333358764648,-0.6382854580879211,0.7250252366065979
1773049261709569500,103.18856958007812,7.8795647621154785,1.0037890672683716,3.0999016761779785
1773049261719551500,103.19855151367187,12.332608222961426,1.6313068866729736,3.7848472595214844
1773049261729523700,103.20852368164063,11.988041877746582,-0.7052844762802124,0.049651071429252625
1773049261739505000,103.2185048828125,3.0717861652374268,-0.1740778535604477,-0.34277185797691345
1773049261749478100,103.22847802734375,9.119645118713379,1.8083757162094116,6.308078765869141
1773049261759458300,103.23845825195312,17.221742630004883,-0.09272187948226929,1.3423734903335571
1773049261769338400,103.24833837890625,6.409175395965576,-0.37028929591178894,-0.9750752449035645
1773049261779156200,103.25815625,7.223333358764648,1.339382529258728,4.459623336791992
1773049261789153500,103.26815356445313,13.769497871398926,0.31465616822242737,2.079961061477661
1773049261799114200,103.2781142578125,7.017550468444824,-0.5665007829666138,1.2083754539489746
1773049261809294000,103.28829418945313,9.023932456970215,0.6209374666213989,2.572882652282715
1773049261819328000,103.29832788085938,10.335797309875488,1.2047861814498901,1.8598214387893677
1773049261829294600,103.30829467773438,10.786246299743652,-0.355932354927063,2.1756739616394043
1773049261839280000,103.31828002929687,8.449056625366211,-0.04007977992296219,1.3902299404144287
1773049261849249000,103.3282490234375,7.165905475616455,1.3680963516235352,1.9794625043869019
1773049261859232800,103.33823266601563,13.73061466217041,0.7022934556007385,3.9044883251190186
1773049261869203200,103.348203125,9.857233047485352,-0.6622136831283569,1.9698911905288696
1773049261879185700,103.358185546875,6.491129398345947,0.5156532526016235,0.10707881301641464
1773049261889157400,103.36815747070312,11.082956314086914,1.195214867591858,4.129413604736328
1773049261899138800,103.37813891601563,12.423535346984863,-0.4995017349720001,3.0185458660125732
1773049261909111800,103.38811181640625,7.079763889312744,-0.11186445504426956,-0.42412781715393066
1773049261919092200,103.39809228515625,8.219346046447754,1.2574282884597778,2.472383975982666
1773049261929066000,103.40806591796876,12.174681663513184,1.1904292106628418,2.228316068649292
1773049261939046000,103.4180458984375,9.5264253616333,-0.6861419081687927,1.989033818244934
1773049261948925700,103.42792578125,7.554141044616699,0.2566302418708801,1.6205391883850098
1773049261958743800,103.43774389648438,8.995218276977539,1.8035900592803955,2.3192434310913086
1773049261968924000,103.447923828125,14.482559204101562,-0.1453639715909958,3.607180118560791
1773049261978958300,103.45795825195313,7.779066562652588,-0.6622136831283569,1.1748759746551514
1773049261988838400,103.46783837890625,5.901896953582764,1.0803594589233398,0.20757736265659332
1773049261998655500,103.47765551757813,16.163516998291016,1.693520188331604,4.048057556152344
1773049262008835300,103.48783544921875,9.124430656433105,-0.6191428303718567,2.4580271244049072
1773049262018869200,103.497869140625,4.628317356109619,0.09870393574237823,-0.1944168359041214
1773049262028836900,103.5078369140625,11.849257469177246,1.5738791227340698,2.376671075820923
1773049262038821600,103.51782153320312,13.390833854675293,0.15134602785110474,3.64127779006958
1773049262048791300,103.52779125976562,6.126822471618652,-0.32721850275993347,1.1270195245742798
1773049262058774500,103.5377744140625,7.199405193328857,1.3010972738265991,1.0360921621322632
1773049262068745500,103.54774536132813,14.487344741821289,0.44386860728263855,4.124628067016602
1773049262078727400,103.5577275390625,9.17707347869873,-0.2602194547653198,1.031306505203247
1773049262088607500,103.567607421875,6.150750637054443,0.9224331378936768,-0.20877377688884735
1773049262098424800,103.5774248046875,13.094123840332031,0.9990034699440002,4.2107696533203125
1773049262108605000,103.58760498046875,8.094919204711914,-0.19800607860088348,1.673181176185608
1773049262118639000,103.59763916015625,7.237690448760986,0.2470589429140091,-0.9463613629341125
1773049262128608000,103.60760791015625,13.084552764892578,1.4590235948562622,4.728217601776123
1773049262138591700,103.617591796875,7.266404151916504,0.09391828626394272,3.568894863128662
1773049262148471800,103.62747192382812,8.937790870666504,-0.3846462368965149,-0.7740781307220459
1773049262158289000,103.63728881835938,7.194619655609131,1.195214867591858,2.788834810256958
1773049262168469000,103.64746899414062,12.936197280883789,0.6209374666213989,5.044070243835449
1773049262178503000,103.6575029296875,11.873186111450195,-0.666999340057373,-0.12263216078281403
1773049262188470500,103.66747045898437,3.191427230834961,0.4773681163787842,-0.0077766734175384045
1773049262198455300,103.67745532226563,12.672389030456543,1.7461622953414917,3.0376882553100586
1773049262208425000,103.68742504882813,12.571889877319336,0.026919255033135414,4.1629133224487305
1773049262218408000,103.69740795898437,5.145166873931885,-0.11665010452270508,0.48035913705825806
1773049262228379100,103.70737915039062,9.588638305664062,1.2765709161758423,0.12622138857841492
1773049262238361000,103.71736108398437,12.136396408081055,0.43908295035362244,5.058426856994629
1773049262248241200,103.7272412109375,8.913862228393555,-0.6047859191894531,2.3575284481048584
1773049262258058500,103.73705859375,6.897909641265869,1.042074203491211,-0.44327038526535034
1773049262268054800,103.7470546875,12.323036193847656,1.0612168312072754,3.119044303894043
1773049262278016500,103.7570166015625,11.078170776367188,-0.26979073882102966,3.1381869316101074
1773049262288008700,103.7670087890625,5.413163185119629,0.8410771489143372,0.18843477964401245
1773049262297973500,103.77697338867188,12.917055130004883,1.2047861814498901,2.5920250415802
1773049262308153600,103.78715356445312,10.819746017456055,-0.2793620526790619,2.664407968521118
1773049262318186800,103.79718676757813,6.040680885314941,0.6161518096923828,1.8837496042251587
1773049262328150000,103.80714990234375,11.513664245605469,0.8171489238739014,1.8741782903671265
1773049262338138000,103.81713818359376,10.043872833251953,-0.1501496136188507,1.6157535314559937
1773049262348104200,103.82710424804688,7.793423175811768,0.5970092415809631,2.108675003051758
1773049262358090200,103.83709033203125,9.512067794799805,1.0947163105010986,2.4197418689727783
1773049262367970300,103.84697021484375,11.312666893005371,-0.20757736265659332,1.3040883541107178
1773049262377787000,103.85678686523437,8.679366111755371,0.39601215720176697,2.1230318546295166
1773049262387779800,103.86677978515625,8.252845764160156,1.4925230741500854,2.568096876144409
1773049262397744000,103.876744140625,12.423535346984863,0.06999006122350693,2.190030813217163
1773049262407924200,103.88692431640625,8.84207820892334,-0.3846462368965149,2.314457654953003
1773049262417957400,103.89695727539062,7.52004337310791,1.1330015659332275,1.6396816968917847
1773049262427921200,103.90692114257813,10.98724365234375,1.290927767753601,1.8550357818603516
1773049262437909000,103.91690893554687,10.657033920288086,-0.48035913705825806,1.4141582250595093
1773049262447875300,103.92687524414063,6.491129398345947,0.21355941891670227,1.428515076637268
1773049262457861000,103.93686108398437,8.59322452545166,1.8323038816452026,3.1094729900360107
1773049262467741200,103.9467412109375,14.243276596069336,0.13698910176753998,1.5385849475860596
1773049262477557800,103.95655786132812,7.1132636070251465,-0.15972091257572174,0.7106683254241943
1773049262487551000,103.96655102539063,7.1228346824646,1.6456637382507324,3.214757204055786
1773049262497515300,103.97651538085937,13.908281326293945,0.18484555184841156,2.6117658615112305
1773049262507695000,103.98669506835938,7.645068168640137,-0.5952146053314209,-0.0029910283628851175
1773049262517728300,103.99672827148437,7.544569969177246,0.9750752449035645,2.266601324081421
1773049262527692300,104.0066923828125,11.949756622314453,0.9032905697822571,2.9419753551483154
1773049262537680000,104.01667993164062,9.44028377532959,-0.3798605799674988,0.8111668825149536
1773049262547646500,104.026646484375,8.090133666992188,0.9990034699440002,1.2849457263946533
1773049262557632000,104.03663208007812,10.05823040008545,1.358525037765503,3.535395383834839
1773049262567512000,104.04651196289062,11.403594970703125,-0.4133601188659668,2.0608184337615967
1773049262577329000,104.05632885742187,7.554141044616699,0.6496513485908508,0.11186445504426956
1773049262587322000,104.06632202148438,9.914660453796387,0.8602197170257568,2.4675984382629395
1773049262597286100,104.0762861328125,12.634103775024414,-0.1788634955883026,3.2099716663360596
1773049262607466000,104.08646606445312,6.208178520202637,0.7166503667831421,1.1988041400909424
1773049262617499400,104.09649951171875,10.700104713439941,1.1569297313690186,0.9308080077171326
1773049262627463400,104.10646337890626,10.331011772155762,-0.25064817070961,2.654836654663086
1773049262637451000,104.11645092773438,6.854838848114014,0.36251261830329895,1.9268203973770142
1773049262647417600,104.12641748046875,11.159526824951172,1.4973087310791016,2.803191661834717
1773049262657403100,104.13640307617187,11.566306114196777,-0.6287141442298889,2.3958137035369873
1773049262667371800,104.14637182617187,8.3629150390625,-0.6095715761184692,0.8446664214134216
1773049262677355800,104.15635571289063,7.194619655609131,1.195214867591858,0.8303094506263733
1773049262687326000,104.16632592773438,12.720245361328125,1.44945228099823,3.3343982696533203
1773049262697308700,104.17630859375,10.225728034973145,-0.7292127013206482,1.2323036193847656
1773049262707280400,104.1862802734375,3.9529430866241455,0.44386860728263855,0.25064817070961
