time,seconds_elapsed,z,y,x
1773047900566750000,0.25075,0,0,0
1773047900596767000,0.28076708984375,0.020171642303466797,0.05714273452758789,-0.1364040970802307
1773047900616714000,0.3007138671875,0.044786930084228516,0.14942455291748047,-0.4945008158683777
1773047900626688800,0.310688720703125,0.14581012725830078,0.05075407028198242,-0.43527865409851074
1773047900636665900,0.320665771484375,0.23286151885986328,-0.1604175567626953,-0.4413716793060303
1773047900646642000,0.330641845703125,0.21362018585205078,-0.23789405822753906,-0.2954748868942261
1773047900656618800,0.34061865234375,0.17955780029296875,-0.3520073890686035,-0.05157661437988281
1773047900666595000,0.350594970703125,0.08172988891601562,-0.4481325149536133,0.07221674919128418
1773047900676571600,0.360571533203125,-0.0387730598449707,-0.31651926040649414,-0.05298316478729248
1773047900686451700,0.37045166015625,-0.1606755256652832,-0.19683074951171875,0.0413975715637207
1773047900696331800,0.380331787109375,-0.28566884994506836,0.06972265243530273,0.021278560161590576
1773047900706499000,0.3904990234375,-0.3474578857421875,0.22153043746948242,0.252204954624176
1773047900716552000,0.400552001953125,-0.39639759063720703,0.33587169647216797,0.48912766575813293
1773047900736446000,0.420446044921875,-0.05542421340942383,0.35953617095947266,0.37443652749061584
1773047900746325800,0.43032568359375,0.1833333969116211,0.24857282638549805,0.6025013327598572
1773047900756205800,0.440205810546875,0.4804654121398926,0.14702844619750977,0.9267394542694092
1773047900766127900,0.4501279296875,0.7863469123840332,0.18033885955810547,1.1605510711669922
1773047900776086500,0.46008642578125,1.0307908058166504,0.33623552322387695,1.201789379119873
1773047900786266600,0.4702666015625,1.2915782928466797,0.4669532775878906,1.206027626991272
1773047900796379000,0.48037890625,1.4464302062988281,0.5265316963195801,1.2301695346832275
1773047900806266600,0.4902666015625,1.4733037948608398,0.4478445053100586,0.9274193048477173
1773047900816261400,0.500261474609375,1.432866096496582,0.3685755729675293,0.41222500801086426
1773047900826220000,0.510219970703125,1.2354850769042969,0.3801255226135254,0.314432829618454
1773047900836200400,0.520200439453125,0.9910159111022949,0.43875646591186523,0.4834522604942322
1773047900846173400,0.53017333984375,0.8424158096313477,0.6735715866088867,0.6104304790496826
1773047900856150800,0.54015087890625,0.5731949806213379,0.7228641510009766,0.7146591544151306
1773047900866126600,0.550126708984375,0.3016080856323242,0.4220271110534668,0.7847956418991089
1773047900876103200,0.560103271484375,0.13146591186523438,0.4188656806945801,0.5765730738639832
1773047900886079700,0.570079833984375,-0.011604785919189453,0.417574405670166,0.34659069776535034
1773047900896056300,0.580056396484375,0.020268917083740234,0.5015687942504883,0.23690438270568848
1773047900906033000,0.590032958984375,0.08710813522338867,0.6360960006713867,0.3886472284793854
1773047900916009500,0.600009521484375,-0.008373260498046875,0.6019301414489746,0.34977981448173523
1773047900925889300,0.60988916015625,-0.16468095779418945,0.5205569267272949,0.15551133453845978
1773047900935707000,0.619706787109375,-0.13722610473632812,0.545438289642334,-0.29257524013519287
1773047900945706200,0.629706298828125,-0.01277923583984375,0.37269067764282227,-0.4434210956096649
1773047900955664400,0.639664306640625,0.1589803695678711,0.3249783515930176,-0.3957265615463257
1773047900965659100,0.6496591796875,0.4932546615600586,0.3858609199523926,-0.45644745230674744
1773047900975620900,0.659620849609375,1.0157136917114258,0.7018365859985352,-0.8380740284919739
1773047900985801000,0.669801025390625,1.625734806060791,1.1729283332824707,-1.0078034400939941
1773047900995833300,0.679833251953125,2.1909122467041016,1.5208816528320312,-1.269965410232544
1773047901005798100,0.689798095703125,2.5484719276428223,1.5250558853149414,-1.6568048000335693
1773047901015784200,0.6997841796875,2.641627311706543,1.2595386505126953,-1.7769744396209717
1773047901025751300,0.709751220703125,2.5977067947387695,0.9457869529724121,-1.8655998706817627
1773047901035735600,0.719735595703125,2.3868446350097656,0.6358652114868164,-2.0051920413970947
1773047901045615600,0.72961572265625,2.0016469955444336,-0.04490375518798828,-1.6289546489715576
1773047901055431400,0.739431396484375,1.715674877166748,-0.8959212303161621,-0.8654511570930481
1773047901065425000,0.7494248046875,1.1240830421447754,-1.019240379333496,-0.09377959370613098
1773047901075388000,0.759387939453125,0.4351921081542969,-0.6976227760314941,0.400481253862381
1773047901085567700,0.769567626953125,0.02022838592529297,-0.6049323081970215,0.7772925496101379
1773047901095600000,0.77960009765625,-0.2131948471069336,-0.5275688171386719,0.9270757436752319
1773047901105564000,0.78956396484375,-0.46270227432250977,-0.29439687728881836,0.8505398035049438
1773047901115550500,0.799550537109375,-0.6606879234313965,-0.1964550018310547,0.40960365533828735
1773047901125517000,0.80951708984375,-0.8722586631774902,-0.17675161361694336,-0.18476472795009613
1773047901135501800,0.819501708984375,-1.0375628471374512,0.026121139526367188,-0.7328453063964844
1773047901145382000,0.8293818359375,-1.088437557220459,0.21733808517456055,-0.9904093742370605
1773047901155197400,0.839197509765625,-1.02740478515625,0.3454723358154297,-0.9429916143417358
1773047901165377500,0.84937744140625,-0.9358196258544922,0.3684730529785156,-0.7405475378036499
1773047901175410200,0.85941015625,-0.9331727027893066,0.2652730941772461,-0.611963152885437
1773047901185376500,0.86937646484375,-0.9275274276733398,0.16882562637329102,-0.5206487774848938
1773047901195361300,0.879361328125,-0.805046558380127,0.2716078758239746,-0.4728993773460388
1773047901205329700,0.88932958984375,-0.63677978515625,0.41859960556030273,-0.3810978829860687
1773047901215313000,0.89931298828125,-0.4366602897644043,0.35851192474365234,-0.29802343249320984
1773047901225282800,0.90928271484375,-0.1661210060119629,0.12638139724731445,-0.28487756848335266
1773047901235264800,0.9192646484375,0.015200138092041016,0.020494461059570312,-0.3114137053489685
1773047901245236000,0.929236083984375,-0.016600608825683594,0.09865283966064453,-0.2899486720561981
1773047901255217000,0.939216796875,-0.24390554428100586,0.1078639030456543,-0.16259419918060303
1773047901265189000,0.949189208984375,-0.37792491912841797,-0.005961894989013672,-0.10995763540267944
1773047901275169000,0.9591689453125,-0.37436628341674805,0.0009131431579589844,-0.2644737958908081
1773047901285181200,0.96918115234375,-0.28289031982421875,0.10361289978027344,-0.5017831921577454
1773047901295164400,0.979164306640625,-0.1459040641784668,0.07777547836303711,-0.5473248362541199
1773047901305044500,0.98904443359375,-0.13255691528320312,-0.10905742645263672,-0.5195152759552002
1773047901314924300,0.99892431640625,-0.26480722427368164,-0.17127561569213867,-0.6029106974601746
1773047901325048600,1.009048583984375,-0.2455916404724121,-0.2315044403076172,-0.7899875044822693
1773047901335031600,1.019031494140625,-0.24273204803466797,-0.10045862197875977,-1.0479114055633545
1773047901345001700,1.029001708984375,-0.17879676818847656,0.010334968566894531,-1.0991071462631226
1773047901354983400,1.0389833984375,-0.10582351684570312,0.010665416717529297,-1.1075016260147095
1773047901364955000,1.048954833984375,-0.13718128204345703,-0.013393878936767578,-1.1658384799957275
1773047901374935600,1.058935546875,-0.25827884674072266,0.0713510513305664,-1.2713829278945923
1773047901384908000,1.068907958984375,-0.1472787857055664,-0.01495981216430664,-0.9856524467468262
1773047901394888000,1.078887939453125,-0.02288818359375,-0.22905445098876953,-0.4965798854827881
1773047901404767700,1.088767822265625,0.059178829193115234,-0.12528705596923828,-0.4885789752006531
1773047901414627000,1.098626953125,0.17568206787109375,0.10300970077514648,-0.7374340295791626
1773047901424814000,1.10881396484375,0.14709711074829102,0.2502436637878418,-0.8435025811195374
1773047901444767500,1.128767578125,-0.3406081199645996,0.07118892669677734,-0.8200417757034302
1773047901454749000,1.1387490234375,-0.5682964324951172,-0.035356998443603516,-0.8443444967269897
1773047901464720600,1.148720703125,-0.6304054260253906,0.1455059051513672,-0.7991503477096558
1773047901474701300,1.158701416015625,-0.5582246780395508,0.2136826515197754,-0.5532670021057129
1773047901484673800,1.168673828125,-0.40125608444213867,0.12842941284179688,-0.4209262728691101
1773047901494653400,1.1786533203125,-0.21727752685546875,0.14265203475952148,-0.4278293251991272
1773047901504627000,1.188626953125,-0.043981075286865234,0.23133373260498047,-0.39151543378829956
1773047901514606000,1.198606201171875,0.02530956268310547,0.1842060089111328,-0.18845844268798828
1773047901524580000,1.208580078125,0.20188665390014648,0.05824422836303711,-0.06019008159637451
1773047901534558700,1.218558837890625,0.38606834411621094,0.00038051605224609375,-0.11000460386276245
1773047901544438800,1.228438720703125,0.5590977668762207,0.057030677795410156,-0.1568121314048767
1773047901554298000,1.238298095703125,0.48445749282836914,0.03706979751586914,-0.1443602442741394
1773047901564486100,1.248486083984375,0.5525455474853516,-0.0863637924194336,-0.1517537236213684
1773047901574468400,1.25846826171875,0.6788191795349121,-0.6890006065368652,0.4630037546157837
1773047901584439300,1.268439208984375,0.670067310333252,-1.1287665367126465,0.8753498196601868
1773047901594420500,1.27842041015625,0.6930294036865234,-0.2686343193054199,-0.49275073409080505
1773047901604300300,1.28830029296875,0.4517989158630371,0.3314242362976074,-0.9611355066299438
1773047901614159400,1.298159423828125,0.15790462493896484,0.3228425979614258,-0.8319951295852661
1773047901624345600,1.308345703125,-0.04507160186767578,0.293212890625,-1.1735342741012573
1773047901634329300,1.318329345703125,-0.2897810935974121,0.08423089981079102,-0.8651885986328125
1773047901644209400,1.32820947265625,-0.36011409759521484,-0.23877239227294922,-0.6275795698165894
1773047901654067700,1.338067626953125,-0.26224327087402344,-0.33312320709228516,-0.6041854619979858
1773047901664252000,1.348251953125,-0.09683799743652344,-0.22486639022827148,-0.567528486251831
1773047901674237200,1.3582373046875,0.10457515716552734,-0.1691422462463379,-0.4288133978843689
1773047901704070400,1.3880703125,0.5415163040161133,-0.09523344039916992,-0.2578960657119751
1773047901713928400,1.397928466796875,0.4879732131958008,0.011051177978515625,-0.29345008730888367
1773047901723917000,1.4079169921875,0.39454126358032227,0.047776222229003906,-0.2628803551197052
1773047901733884000,1.4178837890625,0.3503556251525879,0.09283256530761719,-0.25611600279808044
1773047901743870200,1.4278701171875,0.3583235740661621,0.09525871276855469,-0.22499972581863403
1773047901753838800,1.4378388671875,0.38991212844848633,0.036084651947021484,-0.2024325728416443
1773047901764017400,1.448017333984375,0.36565589904785156,-0.028449535369873047,-0.16772711277008057
1773047901774007300,1.45800732421875,0.2820744514465332,-0.17023515701293945,-0.1864745020866394
1773047901783970600,1.467970458984375,0.19118118286132812,-0.2551736831665039,-0.2988349199295044
1773047901793958000,1.4779580078125,0.0871419906616211,-0.22107362747192383,-0.363802969455719
1773047901803838000,1.487837890625,0.03552818298339844,-0.2484455108642578,-0.3674221336841583
1773047901813695700,1.49769580078125,-0.0070037841796875,-0.27954721450805664,-0.3606826961040497
1773047901823682800,1.507682861328125,0.010821819305419922,-0.26607179641723633,-0.35876235365867615
1773047901833651000,1.51765087890625,0.09750795364379883,-0.1842184066772461,-0.37252673506736755
1773047901843830000,1.527830078125,0.16263198852539062,-0.13936948776245117,-0.38265570998191833
1773047901853819400,1.5378193359375,0.26377201080322266,-0.18853378295898438,-0.3975701332092285
1773047901863783200,1.547783203125,0.42575740814208984,-0.30007505416870117,-0.44475939869880676
1773047901873770000,1.55777001953125,0.5616927146911621,-0.3391451835632324,-0.47950294613838196
1773047901883736600,1.567736572265625,0.6120829582214355,-0.3410205841064453,-0.501072883605957
1773047901893721300,1.577721435546875,0.6029596328735352,-0.3119988441467285,-0.5615073442459106
1773047901903601400,1.587601318359375,0.5159869194030762,-0.3041520118713379,-0.6868463158607483
1773047901913459500,1.59745947265625,0.41266489028930664,-0.24572992324829102,-0.7510111331939697
1773047901923448800,1.60744873046875,0.3163638114929199,-0.2407522201538086,-0.7219089269638062
1773047901933415200,1.617415283203125,0.22221660614013672,-0.3070716857910156,-0.7745134234428406
1773047901943401700,1.627401611328125,0.14817142486572266,-0.3250904083251953,-0.8661050796508789
1773047901953370400,1.637370361328125,0.09804201126098633,-0.35170984268188477,-0.8936076760292053
1773047901963549000,1.647548828125,0.1424560546875,-0.34949350357055664,-0.8250538110733032
1773047901973538800,1.657538818359375,0.13901901245117188,-0.34278154373168945,-0.7409819960594177
1773047901983502300,1.66750244140625,0.1358013153076172,-0.425992488861084,-0.6651473641395569
1773047901993489400,1.677489501953125,0.11883926391601562,-0.43762969970703125,-0.6014766097068787
1773047902003369200,1.687369140625,0.022459030151367188,-0.4306015968322754,-0.4733998775482178
1773047902013227000,1.69722705078125,-0.11974096298217773,-0.36217832565307617,-0.375892698764801
1773047902023214300,1.70721435546875,-0.22803115844726562,-0.29828882217407227,-0.31771010160446167
1773047902033182200,1.71718212890625,-0.21895170211791992,-0.2757906913757324,-0.3304797410964966
1773047902043167500,1.72716748046875,-0.08538484573364258,-0.2842597961425781,-0.34235644340515137
1773047902053137200,1.73713720703125,0.0584712028503418,-0.2628359794616699,-0.3304148316383362
1773047902063314700,1.747314697265625,0.19945526123046875,-0.2413797378540039,-0.28165197372436523
1773047902073305300,1.757305419921875,0.22992849349975586,-0.2299032211303711,-0.26767343282699585
1773047902083268000,1.76726806640625,0.20748090744018555,-0.23699426651000977,-0.14242517948150635
1773047902093256000,1.777255859375,0.2593522071838379,-0.28982019424438477,-0.02500927448272705
1773047902103135700,1.7871357421875,0.4313774108886719,-0.42985963821411133,-0.06470745801925659
1773047902112993500,1.79699365234375,0.6329174041748047,-0.5669245719909668,-0.11724048852920532
1773047902122980400,1.80698046875,0.8503751754760742,-0.6362490653991699,-0.11354780197143555
1773047902132948700,1.81694873046875,0.9248514175415039,-0.602806568145752,-0.11274808645248413
1773047902142933200,1.826933349609375,0.7041010856628418,-0.5067009925842285,-0.05353820323944092
1773047902152903400,1.8369033203125,0.5308537483215332,-0.5359973907470703,0.08886456489562988
1773047902163080700,1.847080810546875,0.4077725410461426,-0.5978236198425293,0.16394731402397156
1773047902173071600,1.857071533203125,0.28136682510375977,-0.5212273597717285,0.13630419969558716
1773047902183033900,1.867033935546875,0.1508498191833496,-0.43490171432495117,0.08219102025032043
1773047902193022000,1.87702197265625,0.1703200340270996,-0.3988804817199707,0.12024983763694763
1773047902202902000,1.886902099609375,0.33642005920410156,-0.4302372932434082,0.1512385904788971
1773047902212759600,1.896759521484375,0.6286029815673828,-0.4908294677734375,0.14751854538917542
1773047902222940200,1.906940185546875,0.9236845970153809,-0.5767078399658203,0.09123411774635315
1773047902232928300,1.91692822265625,1.0923147201538086,-0.6381583213806152,-0.026542216539382935
1773047902242808300,1.926808349609375,1.1707205772399902,-0.6909961700439453,-0.13596418499946594
1773047902252665900,1.936665771484375,1.1989545822143555,-0.7411117553710938,-0.25788095593452454
1773047902262846500,1.946846435546875,1.1217446327209473,-0.7325577735900879,-0.2847508192062378
1773047902272834800,1.956834716796875,0.9505038261413574,-0.7231988906860352,-0.2853890061378479
1773047902282799900,1.9667998046875,0.6532764434814453,-0.6937689781188965,-0.3180517852306366
1773047902292785700,1.97678564453125,0.3343524932861328,-0.6243886947631836,-0.30743473768234253
1773047902302753000,1.9867529296875,0.08654499053955078,-0.5985903739929199,-0.290155827999115
1773047902312737000,1.996737060546875,0.04890632629394531,-0.6567907333374023,-0.21654412150382996
1773047902322706200,2.0067060546875,-0.04103279113769531,-0.5618419647216797,-0.16731008887290955
1773047902332689000,2.01668896484375,0.050855159759521484,-0.44612550735473633,-0.10313111543655396
1773047902342659600,2.02665966796875,0.05368661880493164,-0.5224995613098145,0.10624268651008606
1773047902352640800,2.036640869140625,0.20629262924194336,-0.3704056739807129,0.005675196647644043
1773047902362612700,2.04661279296875,0.5227665901184082,-0.047943115234375,-0.1539243757724762
1773047902372593200,2.05659326171875,0.5728750228881836,0.0546722412109375,-0.21058398485183716
1773047902382566000,2.06656591796875,0.6096014976501465,0.017339229583740234,-0.27651670575141907
1773047902392545500,2.076545654296875,0.6425037384033203,0.016757965087890625,-0.3693675696849823
1773047902402519300,2.086519287109375,0.6432890892028809,0.04307842254638672,-0.4735891819000244
1773047902412498200,2.096498291015625,0.5040602684020996,0.06294441223144531,-0.5714480876922607
1773047902422472400,2.106472412109375,0.2652587890625,0.010060787200927734,-0.4514762759208679
1773047902432450800,2.116450927734375,0.0558018684387207,-0.15213966369628906,-0.39019644260406494
1773047902442425600,2.126425537109375,-0.1908869743347168,-0.2051692008972168,-0.4492378830909729
1773047902452403700,2.13640380859375,-0.4746732711791992,-0.15516185760498047,-0.5480194091796875
1773047902462378800,2.146378662109375,-0.6926770210266113,-0.16735506057739258,-0.5035560131072998
1773047902472356600,2.156356689453125,-0.7711338996887207,-0.15063190460205078,-0.3496391773223877
1773047902482332200,2.166332275390625,-0.8074073791503906,0.07430601119995117,-0.36633437871932983
1773047902492309800,2.176309814453125,-0.9034938812255859,0.0918121337890625,-0.3048051595687866
1773047902502285300,2.186285400390625,-0.8054518699645996,0.048155784606933594,-0.20620542764663696
1773047902512262700,2.1962626953125,-0.6293148994445801,-0.01313161849975586,-0.05267590284347534
1773047902522238500,2.206238525390625,-0.431884765625,-0.021866321563720703,0.08785489201545715
1773047902532215800,2.2162158203125,-0.21727943420410156,-0.08806657791137695,0.17007359862327576
1773047902542191600,2.226191650390625,0.0806722640991211,-0.1783456802368164,0.09612113237380981
1773047902552168700,2.236168701171875,0.386629581451416,-0.1809253692626953,0.0631057620048523
1773047902562144800,2.246144775390625,0.5658421516418457,-0.10877609252929688,0.12537097930908203
1773047902572121900,2.256121826171875,0.6344375610351562,-0.20329904556274414,0.09120866656303406
1773047902582098200,2.26609814453125,0.655390739440918,-0.39090633392333984,0.07195216417312622
1773047902592075000,2.276074951171875,0.719813346862793,-0.4118075370788574,-0.019513458013534546
1773047902602051300,2.28605126953125,0.7988996505737305,-0.4243497848510742,-0.07337683439254761
1773047902612028200,2.296028076171875,0.8646306991577148,-0.4198288917541504,-0.16146183013916016
1773047902622004500,2.30600439453125,0.8285865783691406,-0.36190176010131836,-0.30373522639274597
1773047902631981300,2.315981201171875,0.6501870155334473,-0.3178062438964844,-0.4324498474597931
1773047902641957600,2.32595751953125,0.44350624084472656,-0.30020999908447266,-0.5311077237129211
1773047902651934500,2.3359345703125,0.2923097610473633,-0.35883617401123047,-0.38761675357818604
1773047902661911000,2.3459111328125,0.2041015625,-0.35448741912841797,-0.2469959855079651
1773047902671887600,2.3558876953125,0.13807153701782227,-0.3048567771911621,-0.2756443917751312
1773047902681864200,2.3658642578125,0.2300262451171875,-0.33269834518432617,-0.2590746581554413
1773047902691841000,2.375841064453125,0.27215099334716797,-0.38696861267089844,-0.15858608484268188
1773047902701817300,2.3858173828125,0.22025346755981445,-0.4363522529602051,-0.08117532730102539
1773047902711794200,2.395794189453125,0.2594003677368164,-0.4856257438659668,-0.16472280025482178
1773047902721770800,2.405770751953125,0.3363819122314453,-0.4597053527832031,-0.1352643072605133
1773047902731747300,2.415747314453125,0.4088454246520996,-0.29443931579589844,0.0886964201927185
1773047902741724000,2.425723876953125,0.4110555648803711,-0.11922740936279297,0.11605715751647949
1773047902751700500,2.435700439453125,0.4649624824523926,-0.045574188232421875,-0.00543627142906189
1773047902761677000,2.445677001953125,0.5781288146972656,-0.05672931671142578,-0.08320674300193787
1773047902771654000,2.45565380859375,0.6606736183166504,-0.06705570220947266,-0.06456655263900757
1773047902781630500,2.46563037109375,0.7470912933349609,-0.13406038284301758,-0.03319576382637024
1773047902791607000,2.47560693359375,0.8664536476135254,-0.17766952514648438,-0.08198496699333191
1773047902801583600,2.48558349609375,0.9461908340454102,-0.20678091049194336,-0.1832345426082611
1773047902811560200,2.495560302734375,0.9052362442016602,-0.20144176483154297,-0.327421635389328
1773047902821536800,2.505536865234375,0.7209749221801758,-0.23424196243286133,-0.3877337574958801
1773047902831513600,2.515513671875,0.45531511306762695,-0.2377324104309082,-0.5064486265182495
1773047902841490200,2.525490234375,0.19323110580444336,-0.23481178283691406,-0.6204429864883423
1773047902851466800,2.535466796875,-0.09055900573730469,-0.2144155502319336,-0.6447166800498962
1773047902861365800,2.54536572265625,-0.35912513732910156,-0.24180126190185547,-0.6691741943359375
1773047902871334700,2.555334716796875,-0.5517315864562988,-0.2914443016052246,-0.6061153411865234
1773047902881396500,2.565396484375,-0.6213212013244629,-0.32460975646972656,-0.4632312059402466
1773047902891374800,2.575374755859375,-0.5962443351745605,-0.2658367156982422,-0.4440687298774719
1773047902901350000,2.585349853515625,-0.6390514373779297,-0.2206130027770996,-0.46505647897720337
1773047902911327700,2.59532763671875,-0.7684078216552734,-0.30828142166137695,-0.40752553939819336
1773047902921303000,2.605302978515625,-0.8745908737182617,-0.322965145111084,-0.3488374352455139
1773047902931281000,2.615281005859375,-0.9487528800964355,-0.19767093658447266,-0.34773778915405273
1773047902941256400,2.62525634765625,-0.896143913269043,-0.05640554428100586,-0.3755503296852112
1773047902951233800,2.63523388671875,-0.7609806060791016,0.10640144348144531,-0.29921579360961914
1773047902961054500,2.645054443359375,-0.5586371421813965,0.14376115798950195,-0.13775086402893066
1773047902971016200,2.65501611328125,-0.3319215774536133,0.07025432586669922,0.06708192825317383
1773047902981162800,2.665162841796875,-0.12758207321166992,0.028562068939208984,0.2525186836719513
1773047902991143400,2.675143310546875,0.09888267517089844,-0.011530876159667969,0.35537561774253845
1773047903001116000,2.685115966796875,0.2913188934326172,-0.1132664680480957,0.40689584612846375
1773047903011095800,2.695095703125,0.5206775665283203,-0.19890308380126953,0.29024407267570496
1773047903021069300,2.7050693359375,0.7437644004821777,-0.2665128707885742,0.19991324841976166
1773047903031048400,2.71504833984375,0.7920117378234863,-0.27979469299316406,0.13915076851844788
1773047903041022500,2.7250224609375,0.6830534934997559,-0.24050235748291016,0.07185383141040802
1773047903051001000,2.7350009765625,0.5313410758972168,-0.17663049697875977,-0.011158645153045654
1773047903060975900,2.744975830078125,0.350191593170166,-0.20931529998779297,-0.031140416860580444
1773047903070954000,2.7549541015625,0.20045995712280273,-0.33115053176879883,-0.019855141639709473
1773047903080890400,2.764890380859375,0.1093449592590332,-0.3515629768371582,-0.0075231194496154785
1773047903090864400,2.774864501953125,0.07552814483642578,-0.29062604904174805,-0.06774193048477173
1773047903100882400,2.78488232421875,0.02281045913696289,-0.2675056457519531,-0.06671158969402313
1773047903110860800,2.79486083984375,0.03625679016113281,-0.300412654876709,-0.09982658922672272
1773047903120835800,2.8048359375,0.06300830841064453,-0.2566709518432617,-0.1963346302509308
1773047903130813700,2.814813720703125,0.041773319244384766,-0.1801910400390625,-0.2213124930858612
1773047903140789000,2.8247890625,0.015515327453613281,-0.08548498153686523,-0.27262264490127563
1773047903150766600,2.8347666015625,0.008063316345214844,-0.020250797271728516,-0.21534499526023865
1773047903160646700,2.844646728515625,0.08034181594848633,-0.01694488525390625,-0.07876624166965485
1773047903170526700,2.854526611328125,0.1842784881591797,0.10407543182373047,-0.05083499848842621
1773047903180656600,2.86465673828125,0.22539472579956055,0.16170454025268555,-0.006566256284713745
1773047903190632200,2.874632080078125,0.25223541259765625,0.13303661346435547,0.07437749207019806
1773047903200610000,2.884610107421875,0.21859073638916016,0.0423283576965332,0.23928013443946838
1773047903210585600,2.894585693359375,0.17000293731689453,-0.053472042083740234,0.3620656430721283
1773047903220602000,2.90460205078125,0.23277759552001953,-0.19342422485351562,0.4230722486972809
1773047903230582000,2.91458203125,0.25950145721435547,-0.08264923095703125,0.45645561814308167
1773047903240516600,2.9245166015625,0.22586536407470703,0.07342290878295898,0.2922587990760803
1773047903250492000,2.934491943359375,0.12659168243408203,0.13707256317138672,0.09896974265575409
1773047903260371700,2.944371826171875,0.017692089080810547,0.11509227752685547,0.13596180081367493
1773047903270251800,2.954251708984375,-0.03532123565673828,0.004547595977783203,0.23938071727752686
1773047903280431900,2.964431884765625,0.014159679412841797,-0.1263871192932129,0.33758437633514404
1773047903290439400,2.974439453125,0.16651391983032227,-0.23073768615722656,0.42075294256210327
1773047903300415200,2.984415283203125,0.3513641357421875,-0.3819618225097656,0.48634713888168335
1773047903310392600,2.994392578125,0.43215131759643555,-0.567814826965332,0.44988852739334106
1773047903320329700,3.004329833984375,0.3247866630554199,-0.6467046737670898,0.4397393465042114
1773047903330303000,3.014302978515625,0.12580633163452148,-0.5718212127685547,0.3824236989021301
1773047903340244200,3.024244140625,-0.21828699111938477,-0.518679141998291,0.2618969976902008
1773047903350214100,3.034214111328125,-0.4330601692199707,-0.44574928283691406,0.18052861094474792
1773047903360094200,3.04409423828125,-0.5064663887023926,-0.3605518341064453,0.1440185308456421
1773047903369974300,3.053974365234375,-0.443511962890625,-0.22569799423217773,0.1456417292356491
1773047903380073000,3.064072998046875,-0.2914900779724121,-0.16363525390625,0.29316550493240356
1773047903390040600,3.07404052734375,-0.03738880157470703,-0.20177650451660156,0.5100656747817993
1773047903399987500,3.083987548828125,0.30007076263427734,-0.2604789733886719,0.751052737236023
1773047903409953000,3.093953125,0.6041164398193359,-0.25742435455322266,0.977548360824585
1773047903419901700,3.103901611328125,0.7309494018554688,-0.24745845794677734,1.032618522644043
1773047903429865700,3.11386572265625,0.7690801620483398,-0.2129359245300293,0.8915954232215881
1773047903439816400,3.12381640625,0.673189640045166,-0.1687631607055664,0.8575442433357239
1773047903449778700,3.13377880859375,0.45455312728881836,-0.11466169357299805,0.8380547761917114
1773047903459847000,3.143846923828125,0.32090234756469727,-0.0537266731262207,0.6812229156494141
1773047903469820200,3.153820068359375,0.27929115295410156,-0.11683845520019531,0.5783756375312805
1773047903479645200,3.163645263671875,0.26692867279052734,-0.028774738311767578,0.40148136019706726
1773047903489603600,3.173603515625,0.16997671127319336,0.04843425750732422,0.1859818994998932
1773047903499521000,3.18352099609375,0.06045198440551758,0.03979206085205078,0.0051438212394714355
1773047903509475300,3.193475341796875,-0.04720926284790039,-0.015660762786865234,-0.06296569108963013
1773047903519281400,3.203281494140625,-0.21393632888793945,-0.11754465103149414,-0.010168105363845825
1773047903529220900,3.213220947265625,-0.3485984802246094,-0.20474576950073242,0.055116474628448486
1773047903539349500,3.223349609375,-0.4704627990722656,-0.24942779541015625,0.0634872317314148
1773047903549308200,3.23330810546875,-0.6273431777954102,-0.29407453536987305,0.020713716745376587
1773047903559379700,3.243379638671875,-0.8147544860839844,-0.2906312942504883,-0.002621471881866455
1773047903569350000,3.253349853515625,-0.8543605804443359,-0.2998623847961426,0.007500827312469482
1773047903579230000,3.26322998046875,-0.843360424041748,-0.14669322967529297,-0.06307423114776611
1773047903589092000,3.273092041015625,-0.8071513175964355,-0.05386638641357422,-0.1177634745836258
1773047903599054300,3.283054443359375,-0.7088465690612793,0.022469043731689453,-0.06956653296947479
1773047903609007600,3.293007568359375,-0.5873146057128906,0.026273250579833984,0.004465192556381226
1773047903618968800,3.30296875,-0.35272836685180664,-0.04215812683105469,0.19576916098594666
1773047903628922600,3.312922607421875,-0.12305355072021484,-0.04700326919555664,0.3358294367790222
1773047903639102700,3.323102783203125,0.08895444869995117,-0.00023984909057617188,0.47392767667770386
1773047903649282800,3.33328271484375,0.15322399139404297,0.0013136863708496094,0.7110962271690369
1773047903659462700,3.343462646484375,0.17181158065795898,-0.00013589859008789062,0.8164737224578857
1773047903669568300,3.353568359375,0.060756683349609375,-0.004642486572265625,0.8068050146102905
1773047903679527400,3.36352734375,-0.05632162094116211,0.040678977966308594,0.6985929012298584
1773047903689518000,3.37351806640625,-0.14257431030273438,0.13608121871948242,0.6103401780128479
1773047903699480800,3.383480712890625,-0.1241607666015625,0.20657920837402344,0.573477029800415
1773047903709468700,3.39346875,-0.05009174346923828,0.18697214126586914,0.48671507835388184
1773047903719434200,3.403434326171875,0.06525325775146484,0.05926084518432617,0.5377073287963867
1773047903729419800,3.413419677734375,0.07169675827026367,0.02633810043334961,0.6776008009910583
1773047903739387600,3.4233876953125,-0.09452629089355469,0.16161203384399414,0.5370990037918091
1773047903749371400,3.433371337890625,-0.21940040588378906,0.08195257186889648,0.44726866483688354
1773047903759340800,3.4433408203125,-0.29508304595947266,0.008590221405029297,0.4442109763622284
1773047903769323300,3.4533232421875,-0.41231679916381836,0.13955926895141602,0.40622541308403015
1773047903779294200,3.463294189453125,-0.3829493522644043,0.13345098495483398,0.49369534850120544
1773047903789275400,3.473275390625,-0.37947797775268555,0.2003340721130371,0.42680272459983826
1773047903799247600,3.48324755859375,-0.2656431198120117,0.22669744491577148,0.4118742048740387
1773047903809228000,3.49322802734375,-0.11007213592529297,0.20000410079956055,0.44408953189849854
1773047903819201000,3.503200927734375,0.039691925048828125,0.14899063110351562,0.5386265516281128
1773047903829180700,3.5131806640625,0.23615026473999023,0.05907249450683594,0.6027456521987915
1773047903839154400,3.523154541015625,0.414090633392334,0.004442691802978516,0.6198031306266785
1773047903849133300,3.53313330078125,0.4813413619995117,-0.0032205581665039062,0.6230044960975647
1773047903859107600,3.543107666015625,0.5018281936645508,0.010917186737060547,0.5824915170669556
1773047903869086200,3.553086181640625,0.5145902633666992,-0.048299312591552734,0.5829912424087524
1773047903879061000,3.56306103515625,0.4728374481201172,0.04150390625,0.5149229168891907
1773047903889039000,3.5730390625,0.4100518226623535,0.08527421951293945,0.4683191776275635
1773047903898919200,3.582919189453125,0.3591737747192383,0.10315990447998047,0.4647972583770752
1773047903908779000,3.592779052734375,0.1972808837890625,0.09598255157470703,0.4653065502643585
1773047903918967600,3.602967529296875,-0.12211799621582031,0.11250066757202148,0.5192999839782715
1773047903928949200,3.61294921875,-0.07581949234008789,0.12634897232055664,0.4813598096370697
1773047903938920700,3.622920654296875,-0.002349853515625,0.08852338790893555,0.5201780796051025
1773047903948901600,3.632901611328125,-0.11379098892211914,0.07036972045898438,0.5145663022994995
1773047903958874000,3.6428740234375,-0.1584157943725586,-0.002869129180908203,0.46719202399253845
1773047903968854300,3.652854248046875,-0.11902284622192383,-0.05913257598876953,0.5874588489532471
1773047903978827500,3.66282763671875,-0.15221261978149414,-0.08468866348266602,0.8052347898483276
1773047903988807000,3.672806884765625,-0.14365053176879883,-0.07565641403198242,0.8913124799728394
1773047903998781000,3.682781005859375,-0.09820270538330078,-0.0615692138671875,0.8218439817428589
1773047904008759600,3.692759521484375,-0.007107734680175781,-0.22603559494018555,0.6657166481018066
1773047904018734000,3.702734130859375,0.006571769714355469,-0.5049161911010742,0.5570043325424194
1773047904028712700,3.712712646484375,0.15100765228271484,-0.9428315162658691,0.7809669375419617
1773047904038687500,3.7226875,0.36269617080688477,-0.5526375770568848,0.08927856385707855
1773047904048665600,3.73266552734375,0.3704519271850586,-0.13784408569335938,-0.04575326293706894
1773047904058679800,3.7426796875,0.4706697463989258,-0.025056838989257812,-0.3588588237762451
1773047904068661500,3.75266162109375,0.45897674560546875,0.0030736923217773438,-0.706188976764679
1773047904078594300,3.76259423828125,0.20968055725097656,0.0989980697631836,-0.6600682735443115
1773047904088569900,3.77256982421875,0.06398725509643555,0.18349027633666992,-0.8127734065055847
1773047904098546200,3.782546142578125,-0.048004150390625,0.25260448455810547,-1.0071399211883545
1773047904108523000,3.79252294921875,-0.05146598815917969,0.35682010650634766,-1.147535800933838
1773047904118499600,3.80249951171875,-0.05652189254760742,0.6582760810852051,-1.3356589078903198
1773047904128476400,3.812476318359375,-0.07265567779541016,0.6740398406982422,-1.198499083518982
1773047904138453000,3.822452880859375,0.06293535232543945,0.30896615982055664,-0.7484228014945984
1773047904148429600,3.8324296875,0.22661209106445312,-0.002402782440185547,-0.4089224934577942
1773047904158406100,3.84240625,0.34305810928344727,-0.08487844467163086,-0.19696646928787231
1773047904168383000,3.852383056640625,0.3416013717651367,-0.05943727493286133,-0.08705460280179977
1773047904178359600,3.862359619140625,0.29956722259521484,-0.06081390380859375,0.0019055455923080444
1773047904188336000,3.872336181640625,0.16494369506835938,-0.09418773651123047,0.15641474723815918
1773047904198313000,3.88231298828125,-0.01923084259033203,-0.12102222442626953,0.23398306965827942
1773047904208289500,3.89228955078125,-0.2198624610900879,-0.14554214477539062,0.258074551820755
1773047904218266000,3.90226611328125,-0.3853797912597656,-0.1235651969909668,0.22036929428577423
1773047904228243000,3.912242919921875,-0.6175351142883301,-0.024860382080078125,0.3836360573768616
1773047904238219500,3.922219482421875,-0.6936960220336914,0.08593559265136719,0.5923382043838501
1773047904248196000,3.932196044921875,-0.6674723625183105,0.04723167419433594,0.7702881097793579
1773047904258173000,3.9421728515625,-0.6153974533081055,-0.021346569061279297,0.8654059767723083
1773047904268149500,3.9521494140625,-0.47523069381713867,-0.06752443313598633,1.029779314994812
1773047904278126300,3.962126220703125,-0.24142122268676758,0.007593631744384766,1.0947632789611816
1773047904288103000,3.97210302734375,-0.05693769454956055,0.2411479949951172,0.9132800102233887
1773047904297983000,3.98198291015625,0.13161659240722656,0.32620811462402344,0.8421432971954346
1773047904307843000,3.991843017578125,0.2628173828125,0.36274099349975586,0.9156479835510254
1773047904318033000,4.002032958984375,0.28886938095092773,0.2078723907470703,1.003324031829834
1773047904328013800,4.012013916015625,0.27269697189331055,0.12395524978637695,1.0273756980895996
1773047904337986000,4.021986083984375,0.2813835144042969,0.11541938781738281,0.8686565160751343
1773047904347966200,4.03196630859375,0.21460294723510742,-0.037595272064208984,0.8695216178894043
1773047904357939500,4.041939453125,0.04468679428100586,-0.06340599060058594,0.9421373605728149
1773047904367918800,4.0519189453125,-0.17541217803955078,-0.09145975112915039,0.880433201789856
1773047904377892900,4.061892822265625,-0.34540700912475586,-0.30306482315063477,0.9568016529083252
1773047904387871700,4.071871826171875,-0.49912214279174805,-0.32015037536621094,0.961338460445404
1773047904397846300,4.08184619140625,-0.6516642570495605,-0.2617154121398926,0.8798041343688965
1773047904407824600,4.09182470703125,-0.684114933013916,-0.14646434783935547,0.869784414768219
1773047904417799400,4.10179931640625,-0.7075533866882324,0.017061233520507812,0.7488209009170532
1773047904427777500,4.111777587890625,-0.6847615242004395,-0.7731194496154785,1.7555116415023804
1773047904437752800,4.1217529296875,-0.3196077346801758,-0.28450965881347656,1.116635799407959
1773047904447730700,4.131730712890625,-0.2857060432434082,-0.08766317367553711,1.1738810539245605
1773047904457706200,4.141706298828125,0.010197162628173828,0.2478933334350586,0.2905491292476654
1773047904467683800,4.151683837890625,-0.10970401763916016,0.305056095123291,0.573575496673584
1773047904477564000,4.16156396484375,0.0717782974243164,0.3284487724304199,0.6977720260620117
1773047904487423700,4.171423828125,-0.01968097686767578,0.7964277267456055,0.27836161851882935
1773047904497418800,4.181418701171875,-0.13599300384521484,0.6154594421386719,0.44504812359809875
1773047904507380700,4.191380615234375,-0.19649171829223633,0.26546812057495117,0.9452126026153564
1773047904517566000,4.20156591796875,-0.14428234100341797,0.014574050903320312,1.2604916095733643
1773047904527550500,4.211550537109375,-0.0026416778564453125,0.0188751220703125,1.3474823236465454
1773047904537519400,4.221519287109375,0.19105100631713867,0.0757136344909668,1.3663179874420166
1773047904547502300,4.23150244140625,0.2848644256591797,0.035434722900390625,1.372212290763855
1773047904557472800,4.24147265625,0.33220863342285156,-0.0022525787353515625,1.3229504823684692
1773047904567454500,4.251454345703125,0.40029430389404297,-0.023247241973876953,1.2414700984954834
1773047904577334500,4.26133447265625,0.38880491256713867,-0.03704500198364258,1.1445927619934082
1773047904587193600,4.271193603515625,0.36460304260253906,-0.038521766662597656,1.030670404434204
1773047904597379300,4.28137939453125,0.3467702865600586,-0.05141878128051758,0.9219812154769897
1773047904607363600,4.291363525390625,0.29152488708496094,-0.05551862716674805,0.9165541529655457
1773047904617332700,4.301332763671875,0.2316269874572754,-0.045166969299316406,0.9813865423202515
1773047904627315500,4.3113154296875,0.1718902587890625,-0.049176692962646484,1.0223212242126465
1773047904637286100,4.3212861328125,0.08864593505859375,-0.1204066276550293,0.9648175239562988
1773047904647267600,4.331267578125,0.044384002685546875,-0.19222164154052734,0.8856011629104614
1773047904657239600,4.341239501953125,0.010169506072998047,-0.19481897354125977,0.795630693435669
1773047904667220000,4.351219970703125,-0.055794715881347656,-0.15099525451660156,0.7857563495635986
1773047904677193000,4.36119287109375,-0.14348697662353516,-0.05689239501953125,0.8073350191116333
1773047904687172600,4.371172607421875,-0.13519716262817383,-0.030597209930419922,0.868946373462677
1773047904697052700,4.381052734375,-0.009549140930175781,-0.10788106918334961,1.0765514373779297
1773047904706912300,4.390912353515625,-0.03233146667480469,-0.16439247131347656,0.6881605982780457
1773047904717099500,4.401099609375,-0.15821266174316406,0.27903127670288086,0.7015985250473022
1773047904727082500,4.41108251953125,-0.09476280212402344,0.3443942070007324,0.7580746412277222
1773047904737053000,4.421052978515625,0.05519580841064453,0.16137409210205078,0.8094542026519775
1773047904747034600,4.43103466796875,0.18726587295532227,0.03463888168334961,1.0214276313781738
1773047904757006300,4.44100634765625,0.2318120002746582,-0.04248380661010742,1.1306895017623901
1773047904766987000,4.450987060546875,0.299314022064209,0.012903690338134766,0.9719854593276978
1773047904776866800,4.46086669921875,0.3671584129333496,0.07956552505493164,0.6397192478179932
1773047904786726100,4.47072607421875,0.2756032943725586,0.1619706153869629,0.549885094165802
1773047904796718800,4.48071875,0.14420747756958008,0.2561984062194824,0.46168261766433716
1773047904806682600,4.4906826171875,0.015622138977050781,0.24477291107177734,0.35210394859313965
1773047904816866000,4.500865966796875,-0.0499725341796875,0.16823625564575195,0.29328617453575134
1773047904826852000,4.51085205078125,-0.09211063385009766,0.06632471084594727,0.26060742139816284
1773047904836819700,4.52081982421875,-0.11063671112060547,-0.09891414642333984,0.34394997358322144
1773047904846803700,4.5308037109375,-0.15217924118041992,-0.2758021354675293,0.3886260688304901
1773047904856772900,4.54077294921875,-0.27703332901000977,-0.4130997657775879,0.35479944944381714
1773047904866755600,4.550755615234375,-0.3850102424621582,-0.4124150276184082,0.28488731384277344
1773047904876726500,4.5607265625,-0.5241551399230957,-0.2845149040222168,0.266691654920578
1773047904886708000,4.5707080078125,-0.5818085670471191,-0.13868474960327148,0.34483417868614197
1773047904896587800,4.580587890625,-0.5275149345397949,-0.0067615509033203125,0.45079830288887024
1773047904906447000,4.590447021484375,-0.39270639419555664,0.12248039245605469,0.5038663744926453
1773047904926617000,4.6106171875,0.17548322677612305,0.380734920501709,0.579807698726654
1773047904936586500,4.62058642578125,0.5220503807067871,0.37225866317749023,0.6395586729049683
1773047904946569000,4.63056884765625,0.8747615814208984,0.19210195541381836,0.7310057282447815
1773047904956540000,4.640539794921875,1.1941275596618652,-0.02875518798828125,0.8083292841911316
1773047904966521000,4.65052099609375,1.3096270561218262,-0.18974781036376953,0.7996376156806946
1773047904976493300,4.660493408203125,1.1708273887634277,-0.32326650619506836,0.7747966051101685
1773047904986473700,4.6704736328125,0.830146312713623,-0.4028029441833496,0.7278704047203064
1773047904996446500,4.680446533203125,0.38928985595703125,-0.4143953323364258,0.6298671960830688
1773047905006426400,4.69042626953125,-0.05810260772705078,-0.40337276458740234,0.5883053541183472
1773047905016400000,4.70039990234375,-0.4963970184326172,-0.3234572410583496,0.5579379796981812
1773047905026379000,4.71037890625,-0.8344759941101074,-0.20515012741088867,0.505052387714386
1773047905036353300,4.720353271484375,-0.9402070045471191,-0.14473438262939453,0.520024299621582
1773047905046332000,4.730331787109375,-0.8899698257446289,-0.1391587257385254,0.6074674129486084
1773047905056306700,4.740306640625,-0.6587882041931152,-0.11151504516601562,0.6965367794036865
1773047905066284800,4.750284912109375,-0.3290748596191406,-0.0819234848022461,0.7649891376495361
1773047905076260000,4.760260009765625,0.0191802978515625,-0.0950169563293457,0.8529035449028015
1773047905086238000,4.770238037109375,0.43984317779541016,-0.1484665870666504,0.8681274056434631
1773047905096118000,4.780117919921875,0.8166370391845703,-0.1929488182067871,0.891622006893158
1773047905105977900,4.789977783203125,1.0583562850952148,-0.11348676681518555,1.0068368911743164
1773047905116166700,4.800166748046875,1.0761055946350098,-0.05662059783935547,1.0297048091888428
1773047905126148400,4.8101484375,0.9708414077758789,-0.0601954460144043,0.9128463268280029
1773047905136120000,4.8201201171875,0.6755199432373047,-0.0371861457824707,0.7212115526199341
1773047905146100700,4.830100830078125,0.33198976516723633,-0.056672096252441406,0.5867061614990234
1773047905156073500,4.840073486328125,0.062268733978271484,-0.12525224685668945,0.570908784866333
1773047905166053400,4.850053466796875,-0.1502399444580078,-0.1783924102783203,0.5890862941741943
1773047905176027000,4.86002685546875,-0.3590574264526367,-0.1819753646850586,0.5764420628547668
1773047905186006000,4.870006103515625,-0.4932742118835449,-0.21174001693725586,0.5382216572761536
1773047905195886000,4.879885986328125,-0.5440206527709961,-0.24306440353393555,0.4307515621185303
1773047905205745700,4.88974560546875,-0.5309152603149414,-0.25162506103515625,0.28216052055358887
1773047905215933400,4.899933349609375,-0.4493856430053711,-0.20405292510986328,0.18861722946166992
1773047905225916200,4.909916259765625,-0.2944526672363281,-0.07209968566894531,0.11517363786697388
1773047905235886800,4.919886962890625,-0.056485652923583984,-0.018548965454101562,0.04633760452270508
1773047905245868300,4.929868408203125,0.2456207275390625,0.04246711730957031,-0.024329304695129395
1773047905255840300,4.93984033203125,0.5698356628417969,0.05710411071777344,-0.020812392234802246
1773047905265820700,4.949820556640625,0.8074526786804199,0.004817485809326172,0.03858262300491333
1773047905275793700,4.959793701171875,0.9505548477172852,-0.006302356719970703,0.017313241958618164
1773047905285773300,4.969773193359375,1.0620741844177246,-0.06807374954223633,-0.029609978199005127
1773047905295653400,4.9796533203125,1.0614819526672363,-0.2383885383605957,-0.0974307656288147
1773047905305513000,4.989512939453125,0.9593868255615234,-0.3792738914489746,-0.11551639437675476
1773047905315700200,4.9997001953125,0.82830810546875,-0.4533514976501465,-0.12659895420074463
1773047905325683200,5.00968310546875,0.5487837791442871,-0.4987220764160156,-0.16983449459075928
1773047905335653600,5.019653564453125,0.27324581146240234,-0.5000834465026855,-0.264800101518631
1773047905345635300,5.02963525390625,-0.004745006561279297,-0.48878908157348633,-0.37048470973968506
1773047905355607000,5.03960693359375,-0.36374473571777344,-0.41922569274902344,-0.5074254870414734
1773047905365587700,5.049587646484375,-0.5617556571960449,-0.3228912353515625,-0.5512101650238037
1773047905375560400,5.059560546875,-0.6055331230163574,-0.3173213005065918,-0.5231541395187378
1773047905385540400,5.069540283203125,-0.5771059989929199,-0.35889101028442383,-0.41321060061454773
1773047905395513900,5.079513916015625,-0.4280529022216797,-0.4105548858642578,-0.34190142154693604
1773047905405493000,5.089492919921875,-0.3007969856262207,-0.37339258193969727,-0.3612247109413147
1773047905415467300,5.09946728515625,-0.18448925018310547,-0.3207254409790039,-0.3945784568786621
1773047905425446000,5.10944580078125,-0.08296966552734375,-0.3062467575073242,-0.40776461362838745
1773047905435420700,5.119420654296875,0.019227027893066406,-0.2833843231201172,-0.43914493918418884
1773047905445398800,5.129398681640625,0.017885684967041016,-0.21489286422729492,-0.5090950727462769
1773047905455373800,5.139373779296875,-0.024233341217041016,-0.10605001449584961,-0.5714715123176575
1773047905465352000,5.14935205078125,-0.054674625396728516,-0.0521693229675293,-0.6614815592765808
1773047905475327500,5.159327392578125,-0.1126556396484375,0.005430698394775391,-0.7469728589057922
1773047905485305000,5.16930517578125,-0.12776660919189453,0.044399261474609375,-0.7324185371398926
1773047905495280600,5.17928076171875,-0.08182096481323242,0.027443408966064453,-0.6499128937721252
1773047905505258200,5.18925830078125,0.011092662811279297,-0.09841680526733398,-0.5882731676101685
1773047905515234000,5.199234130859375,0.03728342056274414,-0.28645944595336914,-0.5510496497154236
1773047905525211400,5.20921142578125,0.017319679260253906,-0.49028730392456055,-0.5190083384513855
1773047905535091500,5.219091552734375,-0.10028791427612305,-0.553276538848877,-0.4451654851436615
1773047905545164800,5.229164794921875,-0.3004269599914551,-0.48111629486083984,-0.3971669673919678
1773047905565117400,5.249117431640625,-0.5856723785400391,-0.25034570693969727,-0.403870552778244
1773047905575094800,5.2590947265625,-0.5801405906677246,-0.12911605834960938,-0.3707549571990967
1773047905585070800,5.26907080078125,-0.4406137466430664,-0.0023450851440429688,-0.22943028807640076
1773047905595048000,5.2790478515625,-0.1964569091796875,0.034876346588134766,0.058678627014160156
1773047905605024300,5.289024169921875,0.10058212280273438,-0.037868499755859375,0.3783167600631714
1773047905615001300,5.29900146484375,0.42757606506347656,-0.13121318817138672,0.48076438903808594
1773047905624977700,5.308977783203125,0.6999468803405762,-0.15634536743164062,0.5313277840614319
1773047905634954500,5.31895458984375,0.9386343955993652,-0.14911270141601562,0.5748515725135803
1773047905644834600,5.32883447265625,1.1266303062438965,-0.1838974952697754,0.6705308556556702
1773047905654694700,5.338694580078125,1.1892423629760742,-0.2243976593017578,0.7470201849937439
1773047905664884200,5.34888427734375,1.137125015258789,-0.21394729614257812,0.6393589377403259
1773047905674865200,5.358865234375,0.9704575538635254,-0.2522597312927246,0.4479057788848877
1773047905684837600,5.368837646484375,0.6126580238342285,-0.35732030868530273,0.3933923840522766
1773047905694817800,5.37881787109375,0.1444387435913086,-0.4083423614501953,0.36049824953079224
1773047905704791000,5.388791015625,-0.31145334243774414,-0.398712158203125,0.2637922763824463
1773047905714770400,5.3987705078125,-0.6516728401184082,-0.34081077575683594,0.23138034343719482
1773047905724744400,5.408744384765625,-0.9638042449951172,-0.3956413269042969,0.3012617230415344
1773047905734723300,5.418723388671875,-1.1959962844848633,-0.4813218116760254,0.2751595377922058
1773047905744697900,5.42869775390625,-1.3400917053222656,-0.4483518600463867,0.19606655836105347
1773047905754676200,5.43867626953125,-1.3693547248840332,-0.31878232955932617,0.12412339448928833
1773047905764651000,5.448651123046875,-1.285205364227295,-0.12971735000610352,0.1349853277206421
1773047905774629000,5.458629150390625,-1.0117039680480957,0.0757603645324707,0.26355284452438354
1773047905784604400,5.4686044921875,-0.5727825164794922,0.21550703048706055,0.3941171169281006
1773047905794582300,5.478582275390625,-0.0677499771118164,0.28297996520996094,0.35782521963119507
1773047905804557800,5.488557861328125,0.519188404083252,0.31467390060424805,0.27517515420913696
1773047905814535400,5.498535400390625,1.0182199478149414,0.40839719772338867,0.1360841989517212
1773047905824511200,5.50851123046875,1.3605122566223145,0.4320077896118164,0.05069798231124878
1773047905834488800,5.51848876953125,1.6015872955322266,0.2679314613342285,-0.013998210430145264
1773047905844464600,5.528464599609375,1.6246638298034668,0.014153003692626953,-0.16333580017089844
1773047905854442000,5.53844189453125,1.322373390197754,-0.27866315841674805,-0.3030587434768677
1773047905864418000,5.54841796875,0.8105640411376953,-0.46726560592651367,-0.4259030520915985
1773047905874395100,5.55839501953125,0.20833253860473633,-0.5646696090698242,-0.4407505989074707
1773047905884371500,5.568371337890625,-0.5290689468383789,-0.6112756729125977,-0.4136805534362793
1773047905894348500,5.5783486328125,-1.2659730911254883,-0.5889043807983398,-0.4283103346824646
1773047905904324900,5.588324951171875,-1.8727340698242188,-0.5405960083007812,-0.3962077498435974
1773047905914301700,5.5983017578125,-2.2585692405700684,-0.4566659927368164,-0.2992267310619354
1773047905924278300,5.6082783203125,-2.418022632598877,-0.38124561309814453,-0.08373242616653442
1773047905934255000,5.618255126953125,-2.287057399749756,-0.2929043769836426,0.13205981254577637
1773047905944231700,5.628231689453125,-1.8574838638305664,-0.18140602111816406,0.329425573348999
1773047905954208500,5.63820849609375,-1.3387846946716309,-0.05802297592163086,0.6351789832115173
1773047905964184800,5.648184814453125,-0.7764544486999512,0.0071201324462890625,0.9929346442222595
1773047905974161700,5.65816162109375,-0.06306219100952148,0.04915666580200195,1.1209793090820312
1773047905984138200,5.66813818359375,0.6599149703979492,0.13709020614624023,1.0361549854278564
1773047905994115000,5.678114990234375,1.4039545059204102,0.22545862197875977,0.9259709715843201
1773047906004091600,5.688091552734375,2.113680839538574,0.3307652473449707,0.8827127814292908
1773047906014068500,5.698068359375,2.614375114440918,0.3641996383666992,0.9090510010719299
1773047906024045000,5.708045166015625,2.9510560035705566,0.3189210891723633,0.8159605860710144
1773047906034022000,5.71802197265625,3.078240394592285,0.2549862861633301,0.49330955743789673
1773047906043902000,5.72790185546875,2.9544787406921387,0.2003016471862793,0.005543649196624756
1773047906053762000,5.737761962890625,2.570652961730957,0.060083866119384766,-0.47838500142097473
1773047906063951600,5.74795166015625,2.0371456146240234,-0.13619470596313477,-0.8130260109901428
1773047906073932500,5.7579326171875,1.4490571022033691,-0.3530616760253906,-0.9868403077125549
1773047906083905000,5.767905029296875,0.8956689834594727,-0.5118527412414551,-1.1269233226776123
1773047906093885200,5.77788525390625,0.4041428565979004,-0.6059703826904297,-1.2893085479736328
1773047906103858400,5.7878583984375,-0.06065702438354492,-0.6670141220092773,-1.390848994255066
1773047906113837800,5.797837890625,-0.4767451286315918,-0.7025566101074219,-1.4032855033874512
1773047906123811800,5.807811767578125,-0.7316350936889648,-0.6578497886657715,-1.4222588539123535
1773047906133790700,5.817790771484375,-0.8274908065795898,-0.6217899322509766,-1.3243396282196045
1773047906143670800,5.8276708984375,-0.7465019226074219,-0.5599565505981445,-1.0038812160491943
1773047906153530400,5.8375302734375,-0.5692729949951172,-0.49778175354003906,-0.5914705395698547
1773047906163718400,5.847718505859375,-0.270474910736084,-0.41841745376586914,-0.21234190464019775
1773047906173700900,5.857700927734375,0.007526874542236328,-0.22820472717285156,0.05675870180130005
1773047906183671800,5.867671875,0.2084493637084961,-0.0002422332763671875,0.23065096139907837
1773047906193653000,5.877653076171875,0.34256601333618164,0.15011835098266602,0.438479483127594
1773047906203533000,5.887532958984375,0.37209224700927734,0.23685407638549805,0.6964730024337769
1773047906213392400,5.897392333984375,0.3978900909423828,0.26423215866088867,0.9352419972419739
1773047906223563500,5.9075634765625,0.42482852935791016,0.25598573684692383,1.0127208232879639
1773047906233556000,5.917555908203125,0.36678218841552734,0.26929521560668945,0.9321226477622986
1773047906243520000,5.92752001953125,0.17646169662475586,0.15085363388061523,0.8234204053878784
1773047906253509000,5.937509033203125,0.021399497985839844,0.0014066696166992188,0.6236220002174377
1773047906263476000,5.94747607421875,-0.06545782089233398,-0.06807184219360352,0.338218629360199
1773047906273462500,5.957462646484375,-0.1659402847290039,-0.12838125228881836,0.178347647190094
1773047906283431200,5.96743115234375,-0.2375965118408203,-0.1642608642578125,0.09818172454833984
1773047906293416000,5.977416015625,-0.29039621353149414,-0.17045879364013672,0.08178883790969849
1773047906303386000,5.98738623046875,-0.30155515670776367,-0.18874740600585938,0.008548498153686523
1773047906313369000,5.997369140625,-0.26752233505249023,-0.1509547233581543,-0.045199036598205566
1773047906323340800,6.0073408203125,-0.13180780410766602,-0.19992446899414062,0.0274200439453125
1773047906333322500,6.017322509765625,0.09096574783325195,-0.2879366874694824,0.06164240837097168
1773047906343295200,6.027295166015625,0.3253164291381836,-0.39261579513549805,0.14616763591766357
1773047906353276000,6.03727587890625,0.5011091232299805,-0.5300850868225098,0.2100488543510437
1773047906363249400,6.04724951171875,0.5484580993652344,-0.6493258476257324,0.19385778903961182
1773047906373229300,6.057229248046875,0.4261894226074219,-0.7087864875793457,0.1903005838394165
1773047906383203300,6.067203369140625,0.11109685897827148,-0.7423877716064453,0.15672779083251953
1773047906393083400,6.07708349609375,-0.1776118278503418,-0.7157340049743652,0.07034927606582642
1773047906402963500,6.08696337890625,-0.3944711685180664,-0.6407155990600586,-0.045121848583221436
1773047906413136000,6.097135986328125,-0.47504186630249023,-0.5146870613098145,-0.0815930962562561
1773047906423116800,6.10711669921875,-0.3922538757324219,-0.33632755279541016,-0.05854451656341553
1773047906433089300,6.11708935546875,-0.17055845260620117,-0.22506952285766602,-0.018208205699920654
1773047906443069400,6.1270693359375,0.06641435623168945,-0.15804529190063477,0.07453978061676025
1773047906453042700,6.137042724609375,0.39592838287353516,-0.11248207092285156,0.13110822439193726
1773047906463022000,6.14702197265625,0.7706751823425293,0.0013642311096191406,-0.022319495677947998
1773047906472996000,6.15699609375,1.1391921043395996,0.129241943359375,-0.15897643566131592
1773047906482975000,6.16697509765625,1.4842743873596191,0.16847467422485352,-0.29642537236213684
1773047906492949500,6.176949462890625,1.6748600006103516,0.10656499862670898,-0.47157639265060425
1773047906502928000,6.186927978515625,1.6139464378356934,-0.06418418884277344,-0.6481978297233582
1773047906512902700,6.196902587890625,1.236917495727539,-0.28759145736694336,-0.8071721792221069
1773047906522881000,6.206881103515625,0.5779542922973633,-0.44832563400268555,-0.9490506649017334
1773047906532856000,6.21685595703125,-0.1342940330505371,-0.5828061103820801,-1.0783172845840454
1773047906542834000,6.226833984375,-0.8683300018310547,-0.7267165184020996,-1.125359296798706
1773047906552809500,6.2368095703125,-1.6128053665161133,-0.7856507301330566,-1.1397473812103271
1773047906562787300,6.246787353515625,-2.1755871772766113,-0.7316598892211914,-1.1986494064331055
1773047906592717000,6.276717041015625,-2.3592982292175293,-0.44254207611083984,-0.9603118896484375
1773047906602693000,6.286693115234375,-1.8526086807250977,-0.2590365409851074,-0.8724781274795532
1773047906612670200,6.296670166015625,-0.9481744766235352,-0.10525178909301758,-0.7895071506500244
1773047906622646500,6.306646484375,0.20341110229492188,0.03437328338623047,-0.6803308725357056
1773047906632623600,6.31662353515625,1.28129243850708,0.13558149337768555,-0.6102126240730286
1773047906642600000,6.326599853515625,2.2043700218200684,0.08771467208862305,-0.5050573945045471
1773047906652576800,6.33657666015625,2.8578147888183594,0.029157161712646484,-0.37310805916786194
1773047906662553000,6.346552978515625,3.1787543296813965,0.03206920623779297,-0.37212321162223816
1773047906672530200,6.3565302734375,3.2082343101501465,0.06499576568603516,-0.5266828536987305
1773047906682506500,6.366506591796875,2.9863972663879395,-0.1221308708190918,-0.555305540561676
1773047906692483600,6.376483642578125,2.384939193725586,-0.4189472198486328,-0.6117011308670044
1773047906702460000,6.3864599609375,1.5512328147888184,-0.6795783042907715,-0.7263733744621277
1773047906712436700,6.396436767578125,0.6312465667724609,-0.8479752540588379,-0.7859847545623779
1773047906722413300,6.406413330078125,-0.2151327133178711,-0.9971804618835449,-0.8397771120071411
1773047906732390100,6.41639013671875,-0.9571418762207031,-1.0904841423034668,-0.8567270636558533
1773047906742366700,6.42636669921875,-1.5688982009887695,-1.0816941261291504,-0.9458414316177368
1773047906752343600,6.436343505859375,-2.0105466842651367,-0.9292798042297363,-1.0012507438659668
1773047906762320100,6.446320068359375,-2.2228684425354004,-0.6784448623657227,-0.9728595018386841
1773047906772297000,6.456296875,-2.1989364624023438,-0.41315555572509766,-0.8034107089042664
1773047906782273500,6.4662734375,-1.8014206886291504,-0.2044668197631836,-0.5213495492935181
1773047906792250400,6.47625048828125,-1.2074580192565918,-0.0003018379211425781,-0.08742821216583252
1773047906802227000,6.48622705078125,-0.572749137878418,0.13434886932373047,0.35326480865478516
1773047906812203500,6.49620361328125,-0.1237177848815918,0.24367809295654297,0.6955043077468872
1773047906822180400,6.506180419921875,0.23760747909545898,0.34878110885620117,0.992273211479187
1773047906832157000,6.516156982421875,0.6182541847229004,0.3896174430847168,1.2245687246322632
1773047906842133800,6.5261337890625,0.8760471343994141,0.40259361267089844,1.362026572227478
1773047906852110300,6.5361103515625,1.045496940612793,0.36248016357421875,1.4261157512664795
1773047906862087200,6.546087158203125,1.1319184303283691,0.26409387588500977,1.44574773311615
1773047906872063700,6.556063720703125,1.1879677772521973,0.1508321762084961,1.2810684442520142
1773047906882040300,6.566040283203125,1.1229796409606934,0.06145286560058594,1.0008184909820557
1773047906892017200,6.57601708984375,0.9319558143615723,-0.02674245834350586,0.8067736625671387
1773047906901994000,6.585993896484375,0.7335057258605957,-0.10271406173706055,0.5831944346427917
1773047906911970600,6.595970458984375,0.4789419174194336,-0.27041053771972656,0.3825908899307251
1773047906921947100,6.605947021484375,0.23937177658081055,-0.46172380447387695,0.2752538323402405
1773047906931924000,6.615924072265625,0.019019603729248047,-0.608799934387207,0.17735648155212402
1773047906941900500,6.625900634765625,-0.16310501098632812,-0.7496190071105957,0.1533339023590088
1773047906951877400,6.63587744140625,-0.336029052734375,-0.8504934310913086,0.1934862732887268
1773047906961854000,6.64585400390625,-0.48535776138305664,-0.8927302360534668,0.14630460739135742
1773047906971830500,6.65583056640625,-0.5063681602478027,-0.8189101219177246,0.007880926132202148
1773047906981807400,6.665807373046875,-0.42855167388916016,-0.6763567924499512,-0.12268835306167603
1773047906991784000,6.675783935546875,-0.2952418327331543,-0.47916507720947266,-0.13371926546096802
1773047907001760800,6.6857607421875,-0.1159658432006836,-0.29437875747680664,-0.04156959056854248
1773047907011737300,6.6957373046875,0.047609806060791016,-0.07970094680786133,0.0635104775428772
1773047907021714200,6.705714111328125,0.24809837341308594,0.12645578384399414,0.15363621711730957
1773047907031690800,6.715690673828125,0.4327402114868164,0.2718334197998047,0.31390583515167236
1773047907041667600,6.72566748046875,0.5877175331115723,0.2793917655944824,0.5417128205299377
1773047907051644200,6.73564404296875,0.6854038238525391,0.20978164672851562,0.766732931137085
1773047907061621000,6.74562109375,0.7513341903686523,0.13713788986206055,0.8711483478546143
1773047907071597600,6.75559765625,0.739041805267334,0.16492652893066406,0.7664021849632263
1773047907081574400,6.765574462890625,0.6007957458496094,0.25041818618774414,0.5412870049476624
1773047907091551000,6.775551025390625,0.44047021865844727,0.2950739860534668,0.4244462251663208
1773047907101527800,6.78552783203125,0.23617315292358398,0.29221630096435547,0.3442603349685669
1773047907111504400,6.79550439453125,0.40583276748657227,0.4548673629760742,0.2080150842666626
1773047907121481200,6.805481201171875,0.5206136703491211,0.5998787879943848,0.01306229829788208
1773047907131457800,6.815457763671875,0.8770289421081543,0.6315383911132812,-0.22872021794319153
1773047907141434400,6.825434326171875,0.501370906829834,0.3195509910583496,-0.3568202257156372
1773047907151411200,6.8354111328125,0.5820760726928711,0.05536365509033203,-0.6993268132209778
1773047907161387800,6.8453876953125,0.8391509056091309,-0.04413270950317383,-0.8638593554496765
1773047907171364600,6.855364501953125,0.6106023788452148,-0.16824626922607422,-0.7073383331298828
1773047907181341200,6.865341064453125,0.4083685874938965,-0.5749673843383789,-1.149314522743225
1773047907191318000,6.875318115234375,0.13737821578979492,-0.548006534576416,-1.2531301975250244
1773047907201294600,6.885294677734375,-0.2682919502258301,-0.5863428115844727,-1.1062090396881104
1773047907211271400,6.895271484375,-0.588165283203125,-0.8385767936706543,-1.2603193521499634
1773047907221248000,6.905248046875,-1.0678253173828125,-0.867682933807373,-1.1664273738861084
1773047907231224800,6.915224853515625,-1.4432735443115234,-0.736814022064209,-1.196109652519226
1773047907241201400,6.925201416015625,-1.6225919723510742,-0.6766958236694336,-1.0831576585769653
1773047907251178200,6.93517822265625,-1.5469627380371094,-0.59320068359375,-0.8218368887901306
1773047907261154800,6.94515478515625,-1.2084426879882812,-0.4373359680175781,-0.7140486836433411
1773047907271131600,6.955131591796875,-0.7453327178955078,-0.21953439712524414,-0.6142312288284302
1773047907281108200,6.965108154296875,-0.17957353591918945,-0.04248666763305664,-0.4202534556388855
1773047907291084800,6.975084716796875,0.36772966384887695,0.09508275985717773,-0.224251389503479
1773047907301061600,6.9850615234375,0.8238348960876465,0.16513967514038086,-0.002017587423324585
1773047907311038200,6.9950380859375,1.2206430435180664,0.13052940368652344,0.24722161889076233
1773047907321015000,7.00501513671875,1.5504755973815918,0.074951171875,0.4173639416694641
1773047907330991600,7.01499169921875,1.6617341041564941,0.01102304458618164,0.458556592464447
1773047907340968400,7.024968505859375,1.588573932647705,-0.04272174835205078,0.31106993556022644
1773047907350945000,7.034945068359375,1.3600420951843262,-0.10056352615356445,0.055103808641433716
1773047907360883000,7.044883056640625,0.933262825012207,-0.2908039093017578,-0.1942416876554489
1773047907370855700,7.054855712890625,0.4653010368347168,-0.4490208625793457,-0.4380269944667816
1773047907380875300,7.064875244140625,0.01191854476928711,-0.4821915626525879,-0.6391502618789673
1773047907390852600,7.0748525390625,-0.4578700065612793,-0.5023679733276367,-0.7825332880020142
1773047907400828700,7.08482861328125,-0.8222298622131348,-0.6357421875,-0.8361249566078186
1773047907410806000,7.094805908203125,-1.0835628509521484,-0.7888407707214355,-0.9203317761421204
1773047907420782000,7.104781982421875,-1.1915254592895508,-0.820897102355957,-1.060171127319336
1773047907430759200,7.11475927734375,-1.1574201583862305,-0.7974858283996582,-1.0954099893569946
1773047907440696600,7.124696533203125,-1.0098624229431152,-0.7908916473388672,-0.991349458694458
1773047907450669800,7.134669921875,-0.7424988746643066,-0.8080611228942871,-0.8737261295318604
1773047907460650000,7.14464990234375,-0.4442710876464844,-0.7702059745788574,-0.7974948883056641
1773047907470623700,7.154623779296875,-0.1188344955444336,-0.6644906997680664,-0.73834627866745
1773047907480603400,7.164603271484375,0.18651962280273438,-0.42480039596557617,-0.6294163465499878
1773047907490577700,7.17457763671875,0.49605655670166016,-0.2142491340637207,-0.4989308714866638
1773047907500401700,7.184401611328125,0.8394107818603516,-0.124725341796875,-0.2931831479072571
1773047907510361000,7.194361083984375,1.0933942794799805,-0.06641197204589844,0.07304069399833679
1773047907520471000,7.204470947265625,1.2543225288391113,-0.011664390563964844,0.3949202299118042
1773047907530445800,7.21444580078125,1.2561655044555664,0.052733421325683594,0.6344118714332581
1773047907540463400,7.22446337890625,1.1612300872802734,0.1265869140625,0.7906157970428467
1773047907550442200,7.234442138671875,0.9739422798156738,0.062262535095214844,0.8416223526000977
1773047907560322300,7.244322265625,0.7554831504821777,-0.03362560272216797,0.7603074908256531
1773047907570182100,7.25418212890625,0.5288748741149902,-0.07393693923950195,0.6092866063117981
1773047907580370200,7.2643701171875,0.2844243049621582,-0.1873922348022461,0.43961548805236816
1773047907590352400,7.274352294921875,0.10718011856079102,-0.30054426193237305,0.2369580864906311
1773047907600323600,7.284323486328125,-0.03232717514038086,-0.37882089614868164,-0.0029859840869903564
1773047907610304800,7.2943046875,-0.12055110931396484,-0.4498763084411621,-0.21723148226737976
1773047907620238000,7.304238037109375,-0.12955141067504883,-0.470001220703125,-0.3069803714752197
1773047907630214700,7.314214599609375,-0.14993619918823242,-0.4972038269042969,-0.299496054649353
1773047907640152600,7.324152587890625,-0.14292144775390625,-0.5417008399963379,-0.3236054480075836
1773047907650125300,7.334125244140625,-0.10337352752685547,-0.5369982719421387,-0.3614749312400818
1773047907660067300,7.3440673828125,-0.14129257202148438,-0.4878873825073242,-0.3038984537124634
1773047907670036700,7.35403662109375,-0.22316360473632812,-0.43273067474365234,-0.17724817991256714
1773047907679981800,7.36398193359375,-0.22048187255859375,-0.43802356719970703,-0.16873574256896973
1773047907689949000,7.373948974609375,-0.038837432861328125,-0.521766185760498,-0.2812992334365845
1773047907699896600,7.383896484375,0.2828240394592285,-0.6784858703613281,-0.13949960470199585
1773047907709861600,7.393861572265625,0.5021166801452637,-0.44649219512939453,-0.2883741855621338
1773047907719811000,7.40381103515625,0.5736002922058105,-0.3546919822692871,-0.4006383419036865
1773047907729774600,7.413774658203125,0.551720142364502,-0.5191965103149414,-0.49989986419677734
1773047907739725600,7.4237255859375,0.42365550994873047,-0.6063346862792969,-0.6034650206565857
1773047907749687800,7.433687744140625,0.26064443588256836,-0.5436668395996094,-0.7194195985794067
1773047907759679000,7.443678955078125,0.12827157974243164,-0.32982444763183594,-0.706756591796875
1773047907769644000,7.45364404296875,0.048569679260253906,-0.1875905990600586,-0.6852834820747375
1773047907779516200,7.46351611328125,0.10589838027954102,-0.1150665283203125,-0.6210790872573853
1773047907789472000,7.473471923828125,0.3466634750366211,-0.2159285545349121,-0.47148817777633667
1773047907799430700,7.4834306640625,0.3970026969909668,-0.04922962188720703,-0.820053219795227
1773047907809386800,7.49338671875,0.5504627227783203,0.19537591934204102,-0.5800937414169312
1773047907819345200,7.50334521484375,0.9270405769348145,0.05801582336425781,-0.42481526732444763
1773047907829301500,7.513301513671875,1.2836570739746094,-0.1749248504638672,-0.4323912262916565
1773047907839259600,7.523259765625,1.5979228019714355,-0.4188117980957031,-0.43256890773773193
1773047907849216300,7.53321630859375,1.6035327911376953,-0.3784751892089844,-0.5823824405670166
1773047907859174400,7.54317431640625,1.441706657409668,-0.4201664924621582,-0.3914957344532013
1773047907869131000,7.553131103515625,1.3857622146606445,-0.6922049522399902,-0.15658605098724365
1773047907879011800,7.56301171875,0.999506950378418,-0.8479104042053223,-0.5695881843566895
1773047907888960800,7.572960693359375,0.40761852264404297,-0.8781046867370605,-0.5656567811965942
1773047907898964500,7.582964599609375,0.04838895797729492,-0.9057831764221191,-0.15350186824798584
1773047907908919300,7.592919189453125,-0.20572471618652344,-1.0372271537780762,0.11784619092941284
1773047907919099100,7.60309912109375,-0.3331780433654785,-1.2215766906738281,0.23474961519241333
1773047907929279200,7.613279296875,-0.46958017349243164,-1.0414109230041504,0.022246181964874268
1773047907939459300,7.623459228515625,-0.44260740280151367,-0.8140931129455566,0.4736737608909607
1773047907949565000,7.63356494140625,-0.166778564453125,-0.6690449714660645,0.8891522288322449
1773047907959523800,7.64352392578125,0.16159486770629883,-0.6063179969787598,0.7818632125854492
1773047907969514800,7.6535146484375,0.5998754501342773,-0.5258150100708008,0.4893369674682617
1773047907979477200,7.663477294921875,1.0580778121948242,-0.38564491271972656,0.3688141107559204
1773047907989465600,7.673465576171875,1.4471087455749512,-0.2496170997619629,0.43014299869537354
1773047907999430700,7.6834306640625,1.7316575050354004,-0.2543916702270508,0.5025933980941772
1773047908009416700,7.693416748046875,1.747725486755371,-0.35520267486572266,0.49349844455718994
1773047908019384300,7.70338427734375,1.536332130432129,-0.4588284492492676,0.47859829664230347
1773047908029368300,7.713368408203125,1.1892528533935547,-0.5897626876831055,0.501387357711792
1773047908039337700,7.723337646484375,0.9109382629394531,-0.7892918586730957,0.6804487705230713
1773047908049320400,7.733320556640625,0.4792137145996094,-0.7583098411560059,0.23685675859451294
1773047908059291100,7.743291015625,0.14630508422851562,-0.5869712829589844,-0.03930899500846863
1773047908069272600,7.7532724609375,-0.2086772918701172,-0.5417547225952148,0.09266608953475952
1773047908079244800,7.763244873046875,-0.4539813995361328,-0.7247934341430664,0.07587206363677979
1773047908089225200,7.77322509765625,-0.6342582702636719,-0.8661360740661621,-0.10223388671875
1773047908099198200,7.7831982421875,-0.7173242568969727,-0.7877435684204102,-0.17633044719696045
1773047908109177900,7.793177734375,-0.5471668243408203,-0.5553779602050781,-0.1009344756603241
1773047908119151600,7.803151611328125,-0.26857900619506836,-0.33086538314819336,-0.11083674430847168
1773047908129130800,7.813130859375,0.21349716186523438,-0.1714305877685547,-0.20372188091278076
1773047908139105300,7.823105224609375,0.8562030792236328,-0.0729055404663086,-0.15405336022377014
1773047908149084000,7.833083984375,1.461381435394287,-0.08133888244628906,0.03622797131538391
1773047908159058700,7.84305859375,1.9224820137023926,-0.1908092498779297,0.13037052750587463
1773047908169036800,7.853036865234375,2.080233097076416,-0.3472423553466797,0.1805034875869751
1773047908179012000,7.86301220703125,2.1279349327087402,-0.4329953193664551,0.21301186084747314
1773047908188990000,7.872989990234375,1.9283690452575684,-0.5256986618041992,0.17185646295547485
1773047908198965500,7.882965576171875,1.391805648803711,-0.6925878524780273,-0.01130087673664093
1773047908208943400,7.892943359375,0.8282999992370605,-0.903252124786377,-0.1455020010471344
1773047908218823400,7.902823486328125,0.2787752151489258,-1.083282470703125,-0.25690758228302
1773047908228640800,7.912640869140625,-0.2254490852355957,-1.139482021331787,-0.36682626605033875
1773047908238820900,7.92282080078125,-0.7146053314208984,-1.132556438446045,-0.43302735686302185
1773047908248854800,7.932854736328125,-1.0531883239746094,-1.126121997833252,-0.4991719424724579
1773047908258825700,7.94282568359375,-1.2053513526916504,-1.1131772994995117,-0.5606575608253479
1773047908268807200,7.95280712890625,-1.1921024322509766,-1.0491409301757812,-0.5850092768669128
1773047908278779400,7.962779296875,-0.9572196006774902,-0.9811186790466309,-0.6159929037094116
1773047908288759800,7.972759765625,-0.6011366844177246,-0.8952388763427734,-0.5999000668525696
1773047908298732800,7.98273291015625,-0.19376373291015625,-0.8463826179504395,-0.5779401063919067
1773047908308712400,7.99271240234375,0.14808273315429688,-0.7563819885253906,-0.5575738549232483
1773047908318725000,8.00272509765625,0.45136070251464844,-0.6860957145690918,-0.5798271894454956
1773047908328708000,8.0127080078125,0.5897679328918457,-0.6816072463989258,-0.5945497155189514
1773047908338640000,8.022639892578125,0.5651950836181641,-0.6156868934631348,-0.6146048307418823
1773047908348617700,8.03261767578125,0.44042491912841797,-0.5271430015563965,-0.6967819333076477
1773047908358593300,8.04259326171875,0.29172229766845703,-0.468109130859375,-0.7942254543304443
1773047908368571000,8.05257080078125,0.1327075958251953,-0.4614295959472656,-0.8660475611686707
1773047908378547000,8.062546875,-0.06126594543457031,-0.46302175521850586,-0.9031825065612793
1773047908388524300,8.072524169921875,-0.26252269744873047,-0.4859170913696289,-0.9763627052307129
1773047908398500400,8.082500244140626,-0.36739540100097656,-0.5330548286437988,-1.0491029024124146
1773047908408477700,8.092477783203124,-0.40129756927490234,-0.5788707733154297,-1.1052595376968384
1773047908418357500,8.102357421875,-0.3745565414428711,-0.6321673393249512,-1.170843243598938
1773047908428175000,8.112175048828124,-0.34479761123657227,-0.7022747993469238,-1.1798605918884277
1773047908438355200,8.122355224609375,-0.29798126220703125,-0.7696447372436523,-1.1534639596939087
1773047908448389400,8.132389404296875,-0.19570589065551758,-0.8106236457824707,-1.1014981269836426
1773047908458269400,8.14226953125,-0.08986377716064453,-0.8165841102600098,-1.0576752424240112
1773047908468086000,8.1520859375,0.024704456329345703,-0.8022899627685547,-0.9505370855331421
1773047908478081300,8.162081298828125,0.15309810638427734,-0.7680563926696777,-0.8041369915008545
1773047908488043000,8.17204296875,0.27655744552612305,-0.6522254943847656,-0.6594849824905396
1773047908498223000,8.18222314453125,0.38499975204467773,-0.5258026123046875,-0.593365490436554
1773047908508255700,8.192255859375,0.6786437034606934,-0.5506429672241211,-0.39340054988861084
1773047908518220800,8.202220703125,0.9849276542663574,-0.5589947700500488,-0.0868750810623169
1773047908528207000,8.21220703125,1.261681079864502,-0.4854292869567871,0.28792351484298706
1773047908538087200,8.222087158203125,1.5238938331604004,-0.43193912506103516,0.5274054408073425
1773047908547903000,8.231903076171875,1.7907962799072266,-0.4228997230529785,0.6144673228263855
1773047908557895000,8.24189501953125,1.9340977668762207,-0.4543294906616211,0.6672222018241882
1773047908567859200,8.251859130859375,1.9596223831176758,-0.48419189453125,0.8143278956413269
1773047908577848300,8.261848388671876,1.9398770332336426,-0.5036063194274902,0.9156089425086975
1773047908587815200,8.271815185546876,1.832322120666504,-0.5176138877868652,1.0168538093566895
1773047908597995000,8.2819951171875,1.6897802352905273,-0.5022187232971191,1.092305064201355
1773047908608027100,8.292027099609374,1.4396319389343262,-0.47526121139526367,1.1418483257293701
1773047908617988400,8.30198828125,1.1910181045532227,-0.46435117721557617,1.157113790512085
1773047908627977500,8.3119775390625,0.971717357635498,-0.5353183746337891,1.200905203819275
1773047908637941800,8.321941650390626,0.7858028411865234,-0.5578856468200684,1.2754913568496704
1773047908647928600,8.331928466796874,0.589745044708252,-0.5556154251098633,1.2336254119873047
1773047908657895400,8.3418955078125,0.36882829666137695,-0.47075605392456055,1.1760002374649048
1773047908667880200,8.351880126953125,0.23238611221313477,-0.3551812171936035,1.1970887184143066
1773047908677849000,8.36184912109375,0.22738075256347656,-0.3275880813598633,1.2150548696517944
1773047908687832000,8.37183203125,0.31972837448120117,-0.3206748962402344,1.217032790184021
1773047908697802500,8.381802490234374,0.4285573959350586,-0.36859607696533203,1.1894347667694092
1773047908707784400,8.391784423828126,0.45929574966430664,-0.43419885635375977,1.0797853469848633
1773047908717756200,8.401756103515625,0.41339683532714844,-0.5285181999206543,0.9504552483558655
1773047908727736800,8.41173681640625,0.33026552200317383,-0.6192593574523926,0.7729352116584778
1773047908737709600,8.42170947265625,0.22918701171875,-0.7350835800170898,0.5181267261505127
1773047908747689700,8.431689697265625,0.1574554443359375,-0.7509880065917969,0.300335168838501
1773047908757663200,8.441663330078125,0.09979009628295898,-0.737637996673584,0.14256399869918823
1773047908767642600,8.451642578125,0.10286474227905273,-0.7605438232421875,-0.01813274621963501
1773047908777522400,8.4615224609375,0.161224365234375,-0.7996063232421875,-0.17449241876602173
1773047908787339800,8.47133984375,0.2792477607727051,-0.8352670669555664,-0.3083915412425995
1773047908797337300,8.48133740234375,0.3902168273925781,-0.9014296531677246,-0.4475184679031372
1773047908807297300,8.49129736328125,0.47644662857055664,-0.9568252563476562,-0.5579363107681274
1773047908817477400,8.501477294921875,0.5483322143554688,-1.0074915885925293,-0.6836013793945312
1773047908827510500,8.511510498046874,0.6740169525146484,-1.0501441955566406,-0.9158439636230469
1773047908837477000,8.52147705078125,0.7730507850646973,-1.042809009552002,-1.0987534523010254
1773047908847462100,8.531462158203125,0.7700638771057129,-0.9676480293273926,-1.1544872522354126
1773047908857430800,8.5414306640625,0.7088227272033691,-0.863677978515625,-1.1584537029266357
1773047908867414000,8.5514140625,0.53704833984375,-0.8028168678283691,-1.208734393119812
1773047908877384200,8.56138427734375,0.3212437629699707,-0.7603487968444824,-1.2387540340423584
1773047908887366100,8.5713662109375,0.13698053359985352,-0.7255449295043945,-1.2278900146484375
1773047908897337900,8.581337890625,-0.02181243896484375,-0.6682171821594238,-1.2659279108047485
1773047908907318800,8.59131884765625,-0.21857547760009766,-0.6775422096252441,-1.247855305671692
1773047908917291300,8.601291259765626,-0.3971405029296875,-0.7183289527893066,-1.1409423351287842
1773047908927271400,8.611271484375,-0.5008072853088379,-0.7897748947143555,-0.9880895614624023
1773047908937245000,8.621244873046875,-0.5582256317138672,-0.829953670501709,-0.8652607202529907
1773047908947224300,8.631224365234376,-0.5833444595336914,-0.8586344718933105,-0.7151883244514465
1773047908957104400,8.6411044921875,-0.5334892272949219,-0.7895388603210449,-0.5083880424499512
1773047908966921700,8.650921630859376,-0.3903236389160156,-0.6937813758850098,-0.38254088163375854
1773047908976919300,8.660919189453125,-0.13061857223510742,-0.6233644485473633,-0.3135010004043579
1773047908986879200,8.670879150390626,0.22628402709960938,-0.5830621719360352,-0.10845711827278137
1773047908997059000,8.68105908203125,0.5706853866577148,-0.5016884803771973,0.15749359130859375
1773047909007092200,8.69109228515625,0.9038290977478027,-0.4528980255126953,0.275350958108902
1773047909017058800,8.701058837890624,1.2412571907043457,-0.47676515579223633,0.2647181749343872
1773047909027043800,8.7110439453125,1.526740550994873,-0.4792342185974121,0.13676699995994568
1773047909036924000,8.720923828125,1.5994353294372559,-0.4526329040527344,-0.15775299072265625
1773047909046740000,8.730739990234374,1.4703545570373535,-0.4744572639465332,-0.4357331097126007
1773047909056920000,8.740920166015625,1.164635181427002,-0.6216602325439453,-0.5921161770820618
1773047909066953200,8.750953125,0.7212424278259277,-0.7840361595153809,-0.6047186255455017
1773047909076919600,8.76091943359375,0.19696521759033203,-0.8598494529724121,-0.47230064868927
1773047909086904600,8.770904541015625,-0.31832218170166016,-0.8287434577941895,-0.33840006589889526
1773047909096873200,8.780873291015626,-0.7786235809326172,-0.793879508972168,-0.19608280062675476
1773047909106856700,8.790856689453125,-1.1432013511657715,-0.6953005790710449,-0.08198443055152893
1773047909116827000,8.800826904296875,-1.2575931549072266,-0.5295119285583496,0.043229877948760986
1773047909126808800,8.810808837890624,-1.0869207382202148,-0.3028135299682617,0.30851686000823975
1773047909136689000,8.82068896484375,-0.6808815002441406,-0.07604312896728516,0.5957671999931335
1773047909146505500,8.83050537109375,-0.12556838989257812,0.06873464584350586,0.7458040714263916
1773047909156685600,8.840685546875,0.49837732315063477,0.11599588394165039,0.9623000621795654
1773047909166719000,8.850718994140625,1.184272289276123,0.15704631805419922,1.1219367980957031
1773047909176599000,8.86059912109375,1.7722835540771484,0.19287776947021484,1.1317007541656494
1773047909186415000,8.8704150390625,2.1699533462524414,0.1291060447692871,1.0199098587036133
1773047909196595200,8.88059521484375,2.3657336235046387,-0.04156351089477539,0.8605857491493225
1773047909206628400,8.89062841796875,2.277174472808838,-0.2603163719177246,0.6446267366409302
1773047909216594400,8.900594482421875,1.8723573684692383,-0.5134549140930176,0.521718442440033
1773047909226579700,8.910579833984375,1.2805094718933105,-0.7045207023620605,0.40928637981414795
1773047909236548000,8.920548095703126,0.5763602256774902,-0.8640623092651367,0.25839412212371826
1773047909246531600,8.930531494140626,-0.03278541564941406,-0.9593086242675781,0.15516990423202515
1773047909256411600,8.94041162109375,-0.47912025451660156,-1.0525527000427246,0.022795289754867554
1773047909266228000,8.95022802734375,-0.7613329887390137,-1.0920424461364746,-0.12076735496520996
1773047909276222500,8.960222412109376,-0.8198380470275879,-1.1181879043579102,-0.1577073037624359
1773047909286185000,8.97018505859375,-0.6565203666687012,-1.100583553314209,-0.13849416375160217
1773047909296365000,8.980364990234374,-0.3530902862548828,-0.9438824653625488,-0.11131349205970764
1773047909306397700,8.990397705078125,0.09588193893432617,-0.7357087135314941,-0.11813849210739136
1773047909316362200,9.0003623046875,0.6246132850646973,-0.6023011207580566,-0.14214041829109192
1773047909326348800,9.010348876953126,1.1775593757629395,-0.5078506469726562,-0.12388166785240173
1773047909336316000,9.02031591796875,1.6951675415039062,-0.4605855941772461,-0.06048828363418579
1773047909346300700,9.03030078125,2.0368008613586426,-0.40668249130249023,0.012586772441864014
1773047909356269600,9.04026953125,2.1578879356384277,-0.42644596099853516,0.044223129749298096
1773047909366252500,9.05025244140625,2.051473617553711,-0.5131092071533203,-0.05925863981246948
1773047909376132600,9.060132568359375,1.704862117767334,-0.5820727348327637,-0.20550699532032013
1773047909385991700,9.06999169921875,1.2515935897827148,-0.5795769691467285,-0.35745057463645935
1773047909396176600,9.0801767578125,0.8337006568908691,-0.5989313125610352,-0.5036123394966125
1773047909406161700,9.09016162109375,0.4245567321777344,-0.6265058517456055,-0.7131273746490479
1773047909416130000,9.100130126953125,0.10356998443603516,-0.6407022476196289,-0.8455695509910583
1773047909426113500,9.110113525390625,-0.1312112808227539,-0.6726946830749512,-0.7843913435935974
1773047909436083700,9.120083740234374,-0.29978418350219727,-0.7598843574523926,-0.7067803144454956
1773047909446066000,9.13006591796875,-0.4406919479370117,-0.8351731300354004,-0.6214000582695007
1773047909456037400,9.140037353515625,-0.48250293731689453,-0.8220734596252441,-0.5603508353233337
1773047909466018300,9.150018310546875,-0.4877657890319824,-0.8352289199829102,-0.5132973194122314
1773047909475991000,9.159990966796874,-0.433046817779541,-0.7929487228393555,-0.44148027896881104
1773047909485971200,9.16997119140625,-0.2995901107788086,-0.7333540916442871,-0.3010464608669281
1773047909495944700,9.17994482421875,-0.1253662109375,-0.7000579833984375,-0.1785331666469574
1773047909505924000,9.189924072265624,-0.02484750747680664,-0.6981091499328613,-0.12240512669086456
1773047909515898400,9.1998984375,0.09264564514160156,-0.6076879501342773,-0.001852378249168396
1773047909525877200,9.209877197265625,0.16096735000610352,-0.5446491241455078,0.04990798234939575
1773047909535851800,9.219851806640625,0.1902151107788086,-0.4665384292602539,0.1083790734410286
1773047909545830400,9.229830322265625,0.2956838607788086,-0.40279293060302734,0.07297356426715851
1773047909555805400,9.239805419921876,0.3768315315246582,-0.5204529762268066,-0.1874217689037323
1773047909565783600,9.249783447265624,0.42357969284057617,-0.46962642669677734,-0.24614740908145905
1773047909575758800,9.2597587890625,0.4131622314453125,-0.3810410499572754,-0.18106168508529663
1773047909585737000,9.269737060546875,0.3371424674987793,-0.4232206344604492,-0.16616256535053253
1773047909595616800,9.27961669921875,0.26284074783325195,-0.4815864562988281,-0.2536025047302246
1773047909605477000,9.28947705078125,0.1658310890197754,-0.4741945266723633,-0.33738839626312256
1773047909615666000,9.299666015625,0.12174367904663086,-0.4287266731262207,-0.35079243779182434
1773047909625647900,9.30964794921875,0.16305923461914062,-0.4205942153930664,-0.39435437321662903
1773047909635619600,9.31961962890625,0.26527881622314453,-0.4156336784362793,-0.41799068450927734
1773047909645600300,9.329600341796874,0.3521122932434082,-0.4189291000366211,-0.3458497226238251
1773047909655480300,9.339480224609375,0.4239768981933594,-0.43570709228515625,-0.2396247535943985
1773047909665340000,9.34933984375,0.4862184524536133,-0.4332141876220703,-0.09331691265106201
1773047909675332600,9.35933251953125,0.5105228424072266,-0.44067811965942383,0.0572664737701416
1773047909685296600,9.369296630859376,0.5592145919799805,-0.4536705017089844,0.1007935106754303
1773047909695480000,9.37947998046875,0.6176309585571289,-0.46233606338500977,0.15742239356040955
1773047909705466400,9.38946630859375,0.6809172630310059,-0.44759225845336914,0.1990310549736023
1773047909715434000,9.39943408203125,0.6918129920959473,-0.4573478698730469,0.22490492463111877
1773047909725418200,9.409418212890625,0.6936755180358887,-0.44890737533569336,0.2541697323322296
1773047909735387400,9.419387451171875,0.6675472259521484,-0.46073055267333984,0.24393230676651
1773047909745370400,9.429370361328125,0.6564021110534668,-0.42582225799560547,0.15634563565254211
1773047909755341000,9.439341064453124,0.6359267234802246,-0.4393153190612793,0.02989637851715088
1773047909765322800,9.44932275390625,0.6248645782470703,-0.41448307037353516,-0.06993746757507324
1773047909775294700,9.459294677734375,0.5802631378173828,-0.403958797454834,-0.14915433526039124
1773047909785275400,9.469275390625,0.4931063652038574,-0.417755126953125,-0.19025208055973053
1773047909795248400,9.479248291015624,0.3642425537109375,-0.37074708938598633,-0.2328205704689026
1773047909805228300,9.489228271484375,0.18925857543945312,-0.26343393325805664,-0.31033599376678467
1773047909815202000,9.4992021484375,0.0400238037109375,-0.1535334587097168,-0.34001824259757996
1773047909825181200,9.50918115234375,-0.06463479995727539,-0.02167510986328125,-0.4314863979816437
1773047909835155500,9.519155517578126,-0.15871381759643555,0.06115531921386719,-0.5477356910705566
1773047909845134300,9.52913427734375,-0.2617611885070801,0.19608068466186523,-0.5948985815048218
1773047909855109000,9.539109130859375,-0.36405372619628906,0.37798595428466797,-0.5747085809707642
1773047909865087500,9.54908740234375,-0.47884082794189453,0.5006427764892578,-0.5239702463150024
1773047909875062800,9.559062744140626,-0.5917706489562988,0.6025938987731934,-0.4654372036457062
1773047909885040600,9.56904052734375,-0.632014274597168,0.735621452331543,-0.4173046052455902
1773047909894920700,9.578920654296875,-0.6666092872619629,0.8707571029663086,-0.38302069902420044
1773047909904781000,9.588781005859374,-0.7154998779296875,0.9608254432678223,-0.3254489302635193
1773047909914969900,9.598969970703125,-0.7643299102783203,1.0173993110656738,-0.1969614326953888
1773047909924951600,9.60895166015625,-0.7659115791320801,1.026865005493164,-0.08697515726089478
1773047909934923500,9.618923583984374,-0.7106156349182129,1.0034804344177246,-0.06321483850479126
1773047909944904200,9.628904296875,-0.7276391983032227,0.9475374221801758,0.016663968563079834
1773047909954877000,9.638876953125,-0.7451272010803223,0.8589911460876465,0.08674931526184082
1773047909964857000,9.648857177734374,-0.7921361923217773,0.7239799499511719,0.13895267248153687
1773047909974830600,9.65883056640625,-0.7830061912536621,0.5812497138977051,0.07858747243881226
1773047909984810000,9.66881005859375,-0.6893954277038574,0.5027375221252441,0.034258246421813965
1773047909994784300,9.6787841796875,-0.6592512130737305,0.4689016342163086,-0.03885197639465332
1773047910004763100,9.68876318359375,-0.6201252937316895,0.39763307571411133,-0.031140685081481934
1773047910014738000,9.698738037109376,-0.5238533020019531,0.2931995391845703,-0.042440831661224365
1773047910024716300,9.70871630859375,-0.4326176643371582,0.20819425582885742,-0.17821353673934937
1773047910034691300,9.71869140625,-0.2941098213195801,0.18125391006469727,-0.2535568177700043
1773047910044669400,9.72866943359375,-0.19480466842651367,0.13161945343017578,-0.27906134724617004
1773047910054645000,9.73864501953125,-0.1299142837524414,0.040355682373046875,-0.24989715218544006
1773047910064622800,9.748622802734374,-0.060975074768066406,-0.0926814079284668,-0.23252123594284058
1773047910074503000,9.7585029296875,-0.04980278015136719,-0.1913447380065918,-0.19318199157714844
1773047910084363300,9.76836328125,-0.028901100158691406,-0.24208641052246094,-0.17408356070518494
1773047910094358000,9.77835791015625,-0.05045795440673828,-0.24560928344726562,-0.1790018379688263
1773047910104320300,9.7883203125,-0.06121015548706055,-0.21712255477905273,-0.1317964792251587
1773047910114505700,9.798505615234374,-0.02790355682373047,-0.15655946731567383,-0.07035952806472778
1773047910124490200,9.808490234375,-0.05139875411987305,-0.09228324890136719,-0.10771316289901733
1773047910134459100,9.818459228515625,-0.07935714721679688,0.009818077087402344,-0.10714495182037354
1773047910144442400,9.8284423828125,-0.16012048721313477,0.12655401229858398,-0.0927770733833313
1773047910154322400,9.838322509765625,-0.16970586776733398,0.22470712661743164,-0.08709895610809326
1773047910164181500,9.848181396484375,-0.18972301483154297,0.337979793548584,-0.11341136693954468
1773047910174366500,9.858366455078125,-0.13423585891723633,0.5094614028930664,-0.05746203660964966
1773047910184351500,9.8683515625,-0.0036339759826660156,0.6388182640075684,-0.13339990377426147
1773047910194320100,9.878320068359375,0.06841325759887695,0.6875543594360352,-0.21638447046279907
1773047910204303400,9.888303466796875,0.21651458740234375,0.6595759391784668,-0.20048046112060547
1773047910214273500,9.8982734375,0.3316192626953125,0.6110563278198242,-0.11447405815124512
1773047910224255700,9.908255859375,0.41469907760620117,0.5314359664916992,-0.03579509258270264
1773047910234227200,9.918227294921875,0.404447078704834,0.4341273307800293,0.03122711181640625
1773047910244208400,9.92820849609375,0.29695701599121094,0.2753300666809082,0.03904759883880615
1773047910254088200,9.938088134765625,0.1540699005126953,0.10363626480102539,-0.017022132873535156
1773047910263947800,9.94794775390625,0.027006149291992188,-0.02171611785888672,-0.10343188047409058
1773047910274134300,9.95813427734375,-0.11102771759033203,-0.08508062362670898,-0.13186359405517578
1773047910284118000,9.968117919921875,-0.23279380798339844,-0.1376056671142578,-0.13239294290542603
1773047910293998000,9.977998046875,-0.3481326103210449,-0.17463064193725586,-0.10505878925323486
1773047910303857200,9.987857177734375,-0.42441511154174805,-0.16778802871704102,-0.12634658813476562
1773047910314041600,9.99804150390625,-0.4627065658569336,-0.11239385604858398,-0.22037959098815918
1773047910324027000,10.00802685546875,-0.4785442352294922,-0.055217742919921875,-0.2646105885505676
1773047910333995000,10.0179951171875,-0.4628615379333496,0.03652191162109375,-0.1743525266647339
1773047910343979000,10.02797900390625,-0.4118647575378418,0.08725261688232422,-0.11553603410720825
1773047910353948700,10.03794873046875,-0.3212127685546875,0.1442885398864746,-0.10990196466445923
1773047910363931100,10.04793115234375,-0.21904516220092773,0.23008155822753906,-0.09063190221786499
1773047910373902300,10.05790234375,-0.20401287078857422,0.3294219970703125,-0.07157230377197266
1773047910383883800,10.0678837890625,-0.17072057723999023,0.3566441535949707,0.014934301376342773
1773047910393856000,10.07785595703125,-0.06772518157958984,0.34583425521850586,0.013375639915466309
1773047910403836400,10.08783642578125,0.0285186767578125,0.37766218185424805,-0.028051912784576416
1773047910413809700,10.0978095703125,0.17970943450927734,0.36629724502563477,-0.0812305212020874
1773047910423789300,10.107789306640624,0.2772941589355469,0.3164405822753906,-0.09027737379074097
1773047910433763300,10.117763427734374,0.26198387145996094,0.2557373046875,-0.09407216310501099
1773047910443742500,10.127742431640625,0.16900110244750977,0.1932668685913086,-0.10657119750976562
1773047910453717000,10.137717041015625,0.04204845428466797,0.1809525489807129,-0.19456887245178223
1773047910463695400,10.1476953125,-0.1426372528076172,0.17197179794311523,-0.25862550735473633
1773047910473670400,10.15767041015625,-0.2955951690673828,0.15803909301757812,-0.3458826541900635
1773047910483648800,10.167648681640625,-0.3571205139160156,0.13580560684204102,-0.39977943897247314
1773047910493528800,10.17752880859375,-0.3807692527770996,0.10111188888549805,-0.3982712924480438
1773047910503389000,10.187388916015625,-0.40485048294067383,0.11075878143310547,-0.3665505051612854
1773047910513577500,10.197577392578125,-0.4058089256286621,0.16391563415527344,-0.257394403219223
1773047910523559400,10.207559326171875,-0.37949228286743164,0.18921661376953125,-0.19741714000701904
1773047910533531100,10.21753125,-0.2980527877807617,0.1587214469909668,-0.10034620761871338
1773047910543512000,10.227511962890626,-0.11563587188720703,0.12077569961547852,-0.08873879909515381
1773047910553484800,10.23748486328125,0.10518598556518555,0.12235307693481445,-0.0730443000793457
1773047910563465000,10.24746484375,0.21393489837646484,0.12884235382080078,0.0027635693550109863
1773047910573438500,10.2574384765625,0.2652435302734375,0.08229398727416992,0.1341802477836609
1773047910583417900,10.26741796875,0.2325887680053711,0.024821758270263672,0.21336734294891357
1773047910593391900,10.277391845703125,0.15506219863891602,-0.015144824981689453,0.21741747856140137
1773047910603371000,10.28737109375,0.08884572982788086,0.015297412872314453,0.15651947259902954
1773047910613345500,10.297345458984376,0.037618160247802734,0.054874420166015625,0.050160348415374756
1773047910623324200,10.30732421875,0.019568920135498047,0.04268836975097656,-0.0018122196197509766
1773047910633299200,10.31729931640625,0.029548168182373047,0.035944461822509766,-0.023688554763793945
1773047910643277300,10.32727734375,0.001651763916015625,0.05762290954589844,-0.031121492385864258
1773047910653252900,10.3372529296875,-0.07211923599243164,0.12518644332885742,-0.03444391489028931
1773047910663230700,10.347230712890624,-0.19577932357788086,0.1673126220703125,-0.01945418119430542
1773047910673206500,10.35720654296875,-0.32179689407348633,0.1706538200378418,-0.018393218517303467
1773047910683184000,10.36718408203125,-0.37102508544921875,0.1746377944946289,-0.0823594331741333
1773047910693160000,10.377159912109375,-0.3124995231628418,0.18968534469604492,-0.14065110683441162
1773047910703137500,10.387137451171874,-0.1811060905456543,0.2441244125366211,-0.13769054412841797
1773047910713113600,10.397113525390624,-0.09038305282592773,0.2940082550048828,-0.08812683820724487
1773047910723091000,10.407091064453125,-0.0006327629089355469,0.22935152053833008,-0.03440558910369873
1773047910733067300,10.4170673828125,-0.005519866943359375,0.1739029884338379,-0.00034433603286743164
1773047910743044400,10.42704443359375,-0.02354907989501953,0.20771503448486328,-0.0279921293258667
1773047910753020700,10.437020751953124,-0.036398887634277344,0.17945623397827148,-0.040362000465393066
1773047910762998000,10.446998046875,0.012041568756103516,0.12339353561401367,-0.041557371616363525
1773047910772877800,10.4568779296875,0.05952644348144531,0.06826305389404297,-0.06946110725402832
1773047910782738200,10.46673828125,0.09713220596313477,0.01357412338256836,-0.11041766405105591
1773047910792734000,10.47673388671875,0.026630878448486328,-0.00821828842163086,-0.12738430500030518
1773047910802695400,10.4866953125,-0.12211799621582031,0.012112617492675781,-0.14055567979812622
1773047910812881400,10.49688134765625,-0.2587294578552246,0.022541522979736328,-0.16413265466690063
1773047910822865700,10.50686572265625,-0.3183937072753906,0.005468845367431641,-0.19755280017852783
1773047910832835000,10.5168349609375,-0.22318172454833984,-0.0187530517578125,-0.2409750521183014
1773047910842817800,10.52681787109375,-0.10722970962524414,-0.007840156555175781,-0.243650883436203
1773047910852788700,10.536788818359375,-0.0832209587097168,0.022609710693359375,-0.17275184392929077
1773047910862770200,10.546770263671876,-0.05948352813720703,0.028874874114990234,-0.05614650249481201
1773047910872742100,10.5567421875,-0.045137882232666016,0.034511566162109375,-0.021456539630889893
1773047910882722800,10.566722900390625,-0.04952859878540039,0.0538177490234375,0.021661877632141113
1773047910892695800,10.57669580078125,-0.02585124969482422,0.1012868881225586,-0.01526951789855957
1773047910902675700,10.58667578125,0.0626688003540039,0.14395809173583984,-0.06925851106643677
1773047910912649500,10.5966494140625,0.19623184204101562,0.11587667465209961,-0.08374375104904175
1773047910922628900,10.60662890625,0.26642370223999023,0.09284687042236328,-0.06935930252075195
1773047910932603100,10.61660302734375,0.3222990036010742,0.11608457565307617,-0.0646466612815857
1773047910942581800,10.626581787109375,0.2894306182861328,0.1462554931640625,-0.05479186773300171
1773047910952461800,10.6364619140625,0.16472816467285156,0.11694145202636719,-0.009839236736297607
1773047910962321700,10.64632177734375,0.09998226165771484,0.07187795639038086,-0.037403762340545654
1773047910972510000,10.656510009765626,0.10313653945922852,0.04966926574707031,-0.10864663124084473
1773047910982492400,10.666492431640625,0.08745098114013672,0.0465998649597168,-0.12190830707550049
1773047910992463600,10.676463623046875,-0.017300128936767578,0.062407493591308594,-0.11728394031524658
1773047911002444800,10.68644482421875,-0.10565853118896484,0.04922056198120117,-0.0433003306388855
1773047911012417300,10.696417236328125,-0.21071720123291016,0.02610635757446289,0.02427583932876587
1773047911022397700,10.706397705078125,-0.3326249122619629,0.02199268341064453,0.04327285289764404
1773047911032371000,10.716370849609374,-0.3916606903076172,0.03731393814086914,-0.01858144998550415
1773047911042350600,10.7263505859375,-0.40872716903686523,0.06826353073120117,-0.0563240647315979
1773047911052324600,10.73632470703125,-0.3568878173828125,0.06825733184814453,-0.04711860418319702
1773047911062303700,10.7463037109375,-0.24668216705322266,0.02838134765625,-0.04856234788894653
1773047911072278300,10.7562783203125,-0.1678609848022461,0.07571125030517578,-0.056809842586517334
1773047911082257000,10.7662568359375,-0.14725923538208008,0.11829566955566406,0.017309486865997314
1773047911092231700,10.776231689453125,-0.15981054306030273,0.14125728607177734,0.10337358713150024
1773047911102210000,10.7862099609375,-0.19548797607421875,0.08813333511352539,0.16555064916610718
1773047911112185300,10.796185302734376,-0.1414966583251953,0.07850265502929688,0.11118495464324951
1773047911122163200,10.8061630859375,0.004879474639892578,0.051115989685058594,0.04496634006500244
1773047911132139000,10.816138916015625,0.14316082000732422,0.06299495697021484,0.00338137149810791
1773047911142116600,10.82611669921875,0.2697138786315918,0.08884763717651367,0.0422215461730957
1773047911152093400,10.836093505859376,0.31069469451904297,0.06560564041137695,0.09477800130844116
1773047911172046800,10.856046875,0.12987518310546875,-0.02351236343383789,0.03973478078842163
1773047911182023000,10.86602294921875,0.04545879364013672,0.030084609985351562,0.004026949405670166
1773047911192000300,10.876000244140625,-0.023734092712402344,0.05015230178833008,-0.08239156007766724
1773047911201976600,10.8859765625,0.015698909759521484,0.023706436157226562,-0.10059249401092529
1773047911211954000,10.895953857421874,0.011308670043945312,-0.015499591827392578,-0.033470332622528076
1773047911221930200,10.90593017578125,0.011473655700683594,-0.020768165588378906,-0.04797440767288208
1773047911231907300,10.9159072265625,-0.03519630432128906,0.02558755874633789,-0.08150601387023926
1773047911241883600,10.925883544921875,-0.09002447128295898,0.04696321487426758,-0.09947168827056885
1773047911251860700,10.93586083984375,-0.12022876739501953,0.020534992218017578,-0.12961870431900024
1773047911261837300,10.94583740234375,-0.10310792922973633,-0.000537872314453125,-0.2239876389503479
1773047911271814400,10.955814453125,-0.006797313690185547,0.03129386901855469,-0.2844434678554535
1773047911281791000,10.965791015625,0.002880096435546875,0.044312477111816406,-0.2519312798976898
1773047911291767800,10.975767822265626,-0.006091594696044922,0.08988809585571289,-0.1940518021583557
1773047911301744400,10.985744384765624,-0.10852336883544922,0.021164417266845703,-0.1103464663028717
1773047911311721500,10.995721435546875,-0.16650676727294922,-0.009098052978515625,-0.024195075035095215
1773047911321698000,11.005697998046875,-0.1764688491821289,0.046019554138183594,-0.08631181716918945
1773047911331675000,11.0156748046875,-0.16360807418823242,0.11074686050415039,-0.11967960000038147
1773047911341651700,11.025651611328126,-0.07207393646240234,0.1145787239074707,-0.09139972925186157
1773047911351628500,11.035628662109374,0.05489397048950195,0.0956416130065918,-0.0870315432548523
1773047911361566500,11.04556640625,0.13282155990600586,0.06747102737426758,-0.05982863903045654
1773047911371539500,11.05553955078125,0.11135387420654297,0.07190132141113281,0.03171396255493164
1773047911381558800,11.065558837890626,-0.012253761291503906,0.12205648422241211,0.07920491695404053
1773047911391536400,11.075536376953124,-0.08104705810546875,0.09470319747924805,0.10435187816619873
1773047911401512400,11.085512451171875,-0.07775497436523438,0.03421211242675781,0.0847441554069519
1773047911411489800,11.09548974609375,-0.018288135528564453,-0.0015349388122558594,-0.0037575364112854004
1773047911421465900,11.1054658203125,0.025493144989013672,0.006432056427001953,-0.04434412717819214
1773047911431443200,11.115443115234376,0.002338886260986328,0.03353261947631836,-0.019281744956970215
1773047911441419500,11.12541943359375,-0.07690095901489258,-0.01985788345336914,0.037863075733184814
1773047911451396900,11.13539697265625,-0.1544642448425293,-0.049252986907958984,0.05653482675552368
1773047911461334300,11.145334228515624,-0.18368148803710938,-0.059295654296875,0.004387497901916504
1773047911471307500,11.1553076171875,-0.10968399047851562,-0.01634693145751953,-0.07990217208862305
1773047911481326600,11.16532666015625,0.01855945587158203,0.00822591781616211,-0.07757610082626343
1773047911491304400,11.175304443359375,0.13462257385253906,0.009516239166259766,-0.050954341888427734
1773047911501280300,11.1852802734375,0.2205796241760254,0.020161151885986328,-0.08654147386550903
1773047911511257900,11.1952578125,0.20237302780151367,0.03921794891357422,-0.10004106163978577
1773047911521234000,11.20523388671875,0.13861989974975586,0.10843849182128906,-0.03495138883590698
1773047911531211300,11.215211181640624,0.044268131256103516,0.16078519821166992,0.07665163278579712
1773047911541187600,11.2251875,-0.01474761962890625,0.12162637710571289,0.09452539682388306
1773047911551165000,11.2351650390625,0.025947093963623047,0.06423664093017578,0.08634734153747559
1773047911561141000,11.24514111328125,0.12647104263305664,0.0650949478149414,0.06002110242843628
1773047911571118300,11.255118408203124,0.1449275016784668,0.10408544540405273,0.10877585411071777
1773047911581094700,11.2650947265625,0.045701026916503906,0.04784202575683594,0.128587007522583
1773047911591071700,11.27507177734375,-0.05119466781616211,-0.03191566467285156,0.13511532545089722
1773047911601048300,11.28504833984375,-0.14602041244506836,-0.06860733032226562,0.10031050443649292
1773047911611025200,11.295025146484376,-0.20184659957885742,-0.033826351165771484,-0.10265079140663147
1773047911621001700,11.305001708984374,-0.2153167724609375,0.025066375732421875,-0.17525076866149902
1773047911630978800,11.314978759765625,-0.18252325057983398,-0.005208492279052734,-0.1763719916343689
1773047911640955400,11.324955322265625,-0.06632757186889648,-0.05280494689941406,-0.16863477230072021
1773047911650932500,11.334932373046875,0.00543975830078125,-0.038136959075927734,-0.17180848121643066
1773047911660908800,11.34490869140625,-0.017361164093017578,0.0037941932678222656,-0.1348215937614441
1773047911670886000,11.354885986328124,-0.11871910095214844,0.06739950180053711,-0.06704750657081604
1773047911680862500,11.364862548828125,-0.20814132690429688,0.06775999069213867,-0.04277241230010986
1773047911690839300,11.37483935546875,-0.23031854629516602,0.04469633102416992,-0.046283215284347534
1773047911700816100,11.384816162109376,-0.14011907577514648,0.05145597457885742,-0.08753746747970581
1773047911710793000,11.39479296875,-0.06683158874511719,0.0597071647644043,-0.058645933866500854
1773047911720769800,11.404769775390625,-0.02847576141357422,0.08290767669677734,0.025296688079833984
1773047911730746600,11.41474658203125,-0.04712867736816406,0.0678563117980957,0.08947306871414185
1773047911740684300,11.424684326171874,-0.05096149444580078,0.014849185943603516,0.111239492893219
1773047911750657300,11.4346572265625,-0.0030689239501953125,0.03816699981689453,0.09086567163467407
1773047911760638000,11.444637939453125,0.052729129791259766,0.02889537811279297,0.09055882692337036
1773047911770611700,11.45461181640625,0.16789913177490234,0.02542400360107422,0.0587807297706604
1773047911780591600,11.464591552734374,0.2949385643005371,-0.03417634963989258,0.00022161006927490234
1773047911790566000,11.47456591796875,0.35910797119140625,-0.09332418441772461,-0.08081567287445068
1773047911800545000,11.484544921875,0.301114559173584,-0.07290887832641602,-0.12860149145126343
1773047911810519800,11.494519775390625,0.13296747207641602,-0.05964183807373047,-0.11575591564178467
1773047911820498700,11.504498779296876,-0.035778045654296875,-0.02924060821533203,-0.05672010779380798
1773047911830474000,11.514473876953126,-0.14494657516479492,-0.009068012237548828,-0.09282785654067993
1773047911840452400,11.524452392578125,-0.12580060958862305,-0.007319927215576172,-0.11883467435836792
1773047911850428000,11.534427978515625,-0.09857463836669922,0.02861309051513672,-0.11685693264007568
1773047911860444700,11.544444580078125,-0.06807136535644531,0.06989336013793945,-0.07365447282791138
1773047911870424300,11.55442431640625,-0.062056541442871094,0.08280038833618164,0.0011218786239624023
1773047911880398000,11.564398193359375,-0.07949638366699219,0.06234884262084961,0.05537068843841553
1773047911890377200,11.574377197265624,-0.06322193145751953,0.08401870727539062,0.09997725486755371
1773047911900313000,11.58431298828125,-0.023356914520263672,0.11424779891967773,0.09354257583618164
1773047911910287600,11.59428759765625,0.0020079612731933594,0.11520910263061523,0.11757594347000122
1773047911920227800,11.604227783203125,0.06512641906738281,0.06833028793334961,0.09118670225143433
1773047911930199000,11.614198974609375,0.08057260513305664,0.007608890533447266,0.02235931158065796
1773047911940142600,11.624142578125,0.02583932876586914,0.0038061141967773438,-0.005644500255584717
1773047911950111000,11.634111083984376,-0.09346961975097656,0.018613338470458984,-0.002805769443511963
1773047911959991000,11.643990966796874,-0.2434844970703125,-0.009458541870117188,0.008836686611175537
1773047911969870800,11.653870849609374,-0.29260873794555664,-0.06484079360961914,0.04507708549499512
1773047911979971800,11.663971923828125,-0.24793148040771484,-0.11331939697265625,-0.030957698822021484
1773047911989938200,11.673938232421875,-0.1726226806640625,-0.11202049255371094,-0.09218305349349976
1773047911999886600,11.683886474609375,-0.10469198226928711,-0.07129955291748047,-0.0739978551864624
1773047912009851100,11.69385107421875,-0.07152986526489258,-0.04449319839477539,-0.019706785678863525
1773047912020031000,11.704031005859376,-0.014958381652832031,-0.0421299934387207,0.028615474700927734
1773047912030076400,11.714076416015626,0.008014202117919922,0.039849281311035156,-0.026965558528900146
1773047912039956500,11.72395654296875,0.05407238006591797,0.09695911407470703,-0.04338967800140381
1773047912049836500,11.73383642578125,0.08481454849243164,0.18170881271362305,-0.053067535161972046
1773047912059716400,11.74371630859375,0.27466773986816406,0.16182661056518555,-0.14999818801879883
1773047912069600500,11.7536005859375,0.4191884994506836,0.14669466018676758,-0.08935612440109253
1773047912079506400,11.76350634765625,0.44473838806152344,0.12107563018798828,-0.05814740061759949
1773047912089470200,11.77347021484375,0.3398308753967285,0.11266517639160156,-0.013923406600952148
1773047912099421200,11.783421142578124,0.1962718963623047,0.10680723190307617,0.05781644582748413
1773047912109383700,11.7933837890625,0.018760204315185547,0.0052547454833984375,0.03525269031524658
1773047912119336000,11.8033359375,-0.122833251953125,-0.07115840911865234,-0.028042972087860107
1773047912129297400,11.81329736328125,-0.16895771026611328,-0.09322452545166016,-0.053093284368515015
1773047912139250700,11.823250732421876,-0.23913145065307617,-0.14155101776123047,-0.06064492464065552
1773047912149211400,11.83321142578125,-0.31426334381103516,-0.182586669921875,-0.027355462312698364
1773047912159126800,11.843126708984375,-0.36082887649536133,-0.18879079818725586,0.03706979751586914
1773047912169083000,11.853082763671875,-0.37008047103881836,-0.14639759063720703,0.009730875492095947
1773047912179003000,11.8630029296875,-0.33355140686035156,-0.09819269180297852,-0.023320317268371582
1773047912188955400,11.872955322265625,-0.24737071990966797,-0.0018506050109863281,-0.07085216045379639
1773047912198956000,11.8829560546875,-0.09298276901245117,0.03285408020019531,-0.05675676465034485
1773047912208913400,11.892913330078125,0.04930448532104492,0.020061016082763672,-0.043194591999053955
1773047912219093500,11.903093505859376,0.14738893508911133,0.0729222297668457,-0.00788336992263794
1773047912229273300,11.9132734375,0.12286758422851562,0.14691400527954102,0.06294065713882446
1773047912239453400,11.923453369140624,0.04830026626586914,0.19458389282226562,0.11853569746017456
1773047912249559000,11.93355908203125,0.013357162475585938,0.18381881713867188,0.20027703046798706
1773047912259515600,11.943515625,0.049776554107666016,0.11139822006225586,0.14901697635650635
1773047912269508600,11.953508544921876,0.11836433410644531,0.0965280532836914,0.03204214572906494
1773047912279469300,11.96346923828125,0.20416545867919922,0.11990213394165039,0.0372469425201416
1773047912289459200,11.973459228515624,0.23688650131225586,0.043717384338378906,0.13791853189468384
1773047912299423000,11.983423095703126,0.13355636596679688,-0.05600118637084961,0.13391095399856567
1773047912309410000,11.99341015625,0.004790306091308594,-0.08463716506958008,0.05396008491516113
1773047912319376600,12.003376708984375,-0.0838017463684082,-0.08956670761108398,-0.030485570430755615
1773047912329361700,12.013361572265625,-0.13398122787475586,-0.05582857131958008,-0.0906417965888977
1773047912339330300,12.023330322265625,-0.09499216079711914,-0.030749797821044922,-0.0932474136352539
1773047912349313800,12.033313720703125,-0.03433036804199219,-0.004641532897949219,-0.05836787819862366
1773047912359284000,12.043283935546874,0.08111333847045898,-0.06746959686279297,0.012088596820831299
1773047912369266000,12.053265869140626,0.09599971771240234,-0.0257568359375,-0.08094841241836548
1773047912379237600,12.063237548828125,0.04082155227661133,0.07560586929321289,-0.09804654121398926
1773047912389218600,12.073218505859375,0.0578312873840332,0.09915018081665039,-0.06253957748413086
1773047912399191000,12.08319091796875,0.07005691528320312,0.0042400360107421875,-0.049906522035598755
1773047912409171200,12.093171142578125,0.10086536407470703,-0.018641948699951172,-0.053398728370666504
1773047912419144700,12.103144775390625,0.1311359405517578,-0.008349418640136719,0.0021497011184692383
1773047912429124000,12.1131240234375,0.13271617889404297,-0.031343936920166016,0.020207703113555908
1773047912439098400,12.123098388671876,0.09753084182739258,-0.06918191909790039,0.06651651859283447
1773047912449077200,12.1330771484375,-0.044409751892089844,-0.0463099479675293,0.07941022515296936
1773047912459051800,12.1430517578125,-0.12227630615234375,-0.0055713653564453125,-0.020701617002487183
1773047912469030400,12.153030517578125,-0.20833206176757812,0.039278507232666016,-0.11420068144798279
1773047912479005400,12.16300537109375,-0.251065731048584,0.02277517318725586,-0.18750306963920593
1773047912488983600,12.172983642578124,-0.20412206649780273,0.01196432113647461,-0.24698951840400696
1773047912498959000,12.182958984375,-0.1530919075012207,0.024974346160888672,-0.22464263439178467
1773047912508937000,12.19293701171875,-0.14459991455078125,0.023272991180419922,-0.1948615461587906
1773047912518912500,12.20291259765625,-0.22925138473510742,0.044226646423339844,-0.12968116998672485
1773047912528890400,12.212890380859376,-0.3818831443786621,0.016663074493408203,0.033117979764938354
1773047912538866200,12.2228662109375,-0.5032052993774414,-0.02961111068725586,0.25138619542121887
1773047912548843800,12.23284375,-0.4203815460205078,-0.055739402770996094,0.26256263256073
1773047912558819800,12.24281982421875,-0.4290947914123535,-0.1510930061340332,0.1781778335571289
1773047912568797200,12.252797119140626,-0.43041229248046875,-0.07714509963989258,0.2042112946510315
1773047912578773200,12.262773193359376,-0.2329859733581543,-0.08927536010742188,0.24650883674621582
1773047912588750600,12.27275048828125,-0.08905696868896484,-0.15883636474609375,0.3886339068412781
1773047912598727000,12.282726806640625,0.15333271026611328,-0.045522212982177734,0.5147619843482971
1773047912608704000,12.2927041015625,0.4042224884033203,0.07652854919433594,0.6038358807563782
1773047912618680600,12.3026806640625,0.6409683227539062,0.12581253051757812,0.5863794684410095
1773047912628657700,12.31265771484375,0.9119558334350586,0.10228919982910156,0.45919740200042725
1773047912638634000,12.322634033203125,1.0718731880187988,0.11885786056518555,0.2605143189430237
1773047912648611000,12.332611083984375,1.1140975952148438,0.20204830169677734,0.023894786834716797
1773047912658587600,12.342587646484375,1.0650835037231445,0.26018190383911133,-0.20291882753372192
1773047912668564500,12.352564453125,0.8325667381286621,0.20854902267456055,-0.4204006791114807
1773047912678541000,12.362541015625,0.47527265548706055,0.1819624900817871,-0.5256099700927734
1773047912688518100,12.37251806640625,0.3423123359680176,0.3090543746948242,-0.4702224135398865
1773047912698398200,12.382398193359375,0.23214244842529297,0.14504146575927734,-0.6370509266853333
1773047912708258600,12.392258544921875,-0.026045799255371094,-0.11089038848876953,-0.6906819343566895
1773047912718448000,12.4024482421875,-0.2513728141784668,-0.18361520767211914,-0.45768076181411743
1773047912728429300,12.41242919921875,-0.40758705139160156,-0.16935253143310547,-0.1411605179309845
1773047912738401800,12.42240185546875,-0.5902338027954102,-0.21545839309692383,-0.01738867163658142
1773047912748382000,12.4323818359375,-0.748171329498291,-0.1972517967224121,0.025578588247299194
1773047912758355500,12.44235546875,-0.8174505233764648,-0.11395120620727539,0.03963518142700195
1773047912768334800,12.4523349609375,-0.7965893745422363,-0.011759757995605469,0.04066374897956848
1773047912778308900,12.462308837890625,-0.5512471199035645,0.04857826232910156,0.07325120270252228
1773047912788288000,12.4722880859375,-0.3003063201904297,0.12264299392700195,0.3167286515235901
1773047912798262500,12.482262451171875,-0.1163778305053711,0.10350656509399414,0.4689503014087677
1773047912808241200,12.4922412109375,0.007521629333496094,0.10911321640014648,0.4579133987426758
1773047912818216000,12.5022158203125,0.04078340530395508,0.0855708122253418,0.5624580383300781
1773047912828194300,12.5121943359375,-0.07496500015258789,-0.015386581420898438,0.6462072134017944
1773047912838169600,12.522169677734375,-0.29913759231567383,-0.05650949478149414,0.6009703874588013
1773047912848147700,12.532147705078126,-0.5077271461486816,-0.10920429229736328,0.7141892910003662
1773047912858123300,12.542123291015624,-0.6830835342407227,-0.18161439895629883,0.7765909433364868
1773047912868101000,12.55210107421875,-0.7240099906921387,-0.2523808479309082,0.6471267342567444
1773047912877981000,12.56198095703125,-0.6435179710388184,-0.2727937698364258,0.5487268567085266
1773047912887841300,12.57184130859375,-0.4352555274963379,-0.2989077568054199,0.41462135314941406
1773047912898030300,12.5820302734375,-0.12574243545532227,-0.27303314208984375,0.3533586859703064
1773047912908011800,12.59201171875,0.17137622833251953,-0.2207479476928711,0.37850743532180786
1773047912917983700,12.601983642578125,0.4893956184387207,-0.12373685836791992,0.29678499698638916
1773047912927964400,12.61196435546875,0.7911992073059082,-0.21929931640625,0.12269274890422821
1773047912937937400,12.6219375,1.0276083946228027,-0.22247886657714844,0.18177911639213562
1773047912947917300,12.631917236328125,1.1938538551330566,-0.03705739974975586,0.13865485787391663
1773047912957891000,12.64189111328125,1.252842903137207,0.05806684494018555,-0.09428620338439941
1773047912967870200,12.6518701171875,1.1435589790344238,0.023808002471923828,-0.392670214176178
1773047912977750300,12.661750244140626,1.0442509651184082,-0.0023789405822753906,-0.6431744694709778
1773047912987610000,12.671610107421875,0.9603595733642578,0.045416831970214844,-1.0794557332992554
1773047912997798100,12.681798095703124,0.7061004638671875,0.14247798919677734,-1.5581227540969849
1773047913007780600,12.691780517578126,0.3525538444519043,0.18502092361450195,-1.9383329153060913
1773047913017751800,12.701751708984375,-0.06300067901611328,0.2560443878173828,-2.3231637477874756
1773047913027733200,12.711733154296875,-0.4989948272705078,0.3146371841430664,-2.5627105236053467
1773047913037705200,12.721705322265626,-0.8761353492736816,0.2917156219482422,-2.563910722732544
1773047913047685600,12.731685546875,-1.1342401504516602,0.11797666549682617,-2.3459646701812744
1773047913057697800,12.74169775390625,-1.3464837074279785,0.0628204345703125,-2.1545894145965576
1773047913067681500,12.751681640625,-1.4948434829711914,-0.05910348892211914,-1.8239120244979858
1773047913077612500,12.761612548828126,-1.5330662727355957,-0.22678613662719727,-1.3508846759796143
1773047913087591000,12.7715908203125,-1.4526371955871582,-0.24322128295898438,-0.8986977338790894
1773047913097566000,12.78156591796875,-1.225644588470459,-0.20851564407348633,-0.4502347409725189
1773047913107544000,12.7915439453125,-0.9092564582824707,-0.14255905151367188,0.05067133903503418
1773047913117519600,12.80151953125,-0.49761486053466797,-0.018429279327392578,0.478113055229187
1773047913127497500,12.81149755859375,-0.04665565490722656,0.15223217010498047,0.8378292918205261
1773047913137473300,12.821473388671874,0.42167186737060547,0.280789852142334,1.116689920425415
1773047913147451000,12.831450927734375,0.7853655815124512,0.3786907196044922,1.3597114086151123
1773047913157427000,12.841427001953125,1.0176734924316406,0.37671899795532227,1.5547349452972412
1773047913167404300,12.851404296875,1.148496150970459,0.3641977310180664,1.695019245147705
1773047913177284400,12.861284423828126,1.183183193206787,0.3447990417480469,1.8370646238327026
1773047913187144400,12.87114453125,1.0926923751831055,0.3235945701599121,1.8923267126083374
1773047913197140000,12.881139892578124,0.8953866958618164,0.21089744567871094,1.7523255348205566
1773047913207101700,12.891101806640625,0.7096872329711914,0.07058954238891602,1.5037829875946045
1773047913217287400,12.901287353515626,0.5876455307006836,0.0755319595336914,1.0982320308685303
1773047913227271700,12.911271728515626,0.4669504165649414,0.06399822235107422,0.635098397731781
1773047913237240800,12.92124072265625,0.30450963973999023,-0.034784793853759766,0.3057368993759155
1773047913247223800,12.931223876953124,0.0901942253112793,-0.09029150009155273,0.05828279256820679
1773047913257194500,12.941194580078125,-0.11930704116821289,-0.09190702438354492,-0.1575014591217041
1773047913267176200,12.95117626953125,-0.26771020889282227,-0.06708335876464844,-0.3430302143096924
1773047913277148200,12.961148193359374,-0.3938636779785156,-0.03910684585571289,-0.4522523581981659
1773047913287128800,12.97112890625,-0.497713565826416,-0.04155158996582031,-0.45796361565589905
1773047913297101800,12.981101806640625,-0.5648541450500488,-0.0554499626159668,-0.4565090537071228
1773047913307081700,12.991081787109374,-0.5327053070068359,-0.1007547378540039,-0.48496294021606445
1773047913317055200,13.00105517578125,-0.42905569076538086,-0.08336448669433594,-0.5613671541213989
1773047913327034600,13.01103466796875,-0.3871002197265625,-0.028304576873779297,-0.6608666181564331
1773047913337009000,13.0210087890625,-0.38302040100097656,0.045409202575683594,-0.7680273056030273
1773047913346987800,13.03098779296875,-0.29346609115600586,0.0767354965209961,-0.8438245058059692
1773047913356962600,13.040962646484376,-0.1716775894165039,0.0950469970703125,-0.8740243315696716
1773047913366941000,13.05094091796875,-0.07960844039916992,0.08582401275634766,-0.8211325407028198
1773047913376821000,13.060821044921875,0.1125497817993164,0.11018228530883789,-0.6936708688735962
1773047913386680800,13.070680908203125,0.22383832931518555,0.12868881225585938,-0.6093053817749023
1773047913396869600,13.08086962890625,0.24499940872192383,0.1316547393798828,-0.6344152092933655
1773047913406851600,13.0908515625,0.2905721664428711,0.07184171676635742,-0.5931374430656433
1773047913416823000,13.100822998046874,0.32251787185668945,0.054317474365234375,-0.5349113345146179
1773047913426804200,13.11080419921875,0.2791152000427246,0.01648998260498047,-0.3979988396167755
1773047913436776700,13.120776611328125,0.23224258422851562,-0.06568384170532227,-0.20442625880241394
1773047913446756900,13.1307568359375,0.1676473617553711,-0.0920400619506836,-0.06697553396224976
1773047913456730400,13.14073046875,0.10886144638061523,-0.09566545486450195,-0.028477847576141357
1773047913466709800,13.150709716796875,0.07427644729614258,-0.08526134490966797,-0.07001376152038574
1773047913476684000,13.16068408203125,0.010670185089111328,-0.06000089645385742,-0.1064043641090393
1773047913486663000,13.170662841796876,0.0036802291870117188,-0.08141565322875977,-0.07653525471687317
1773047913496637700,13.1806376953125,0.04384756088256836,-0.0779719352722168,0.004408478736877441
1773047913506616000,13.190615966796875,0.06484556198120117,-0.05532693862915039,0.08373445272445679
1773047913516591000,13.200591064453125,0.11011648178100586,0.00984954833984375,0.13282984495162964
1773047913526569500,13.210569580078126,0.003147602081298828,0.07891082763671875,0.13264131546020508
1773047913536544800,13.220544677734376,-0.14666271209716797,0.028652667999267578,0.2510925531387329
1773047913546522600,13.230522705078124,-0.22998666763305664,-0.0015468597412109375,0.3564452528953552
1773047913556498400,13.24049853515625,-0.25699567794799805,0.0604100227355957,0.36321449279785156
1773047913566476000,13.25047607421875,-0.19018030166625977,0.06693029403686523,0.29056495428085327
1773047913576452000,13.2604521484375,-0.08694076538085938,0.017989635467529297,0.37719494104385376
1773047913586429400,13.270429443359374,0.044565677642822266,-0.031011104583740234,0.4143916964530945
1773047913596309500,13.2803095703125,0.11430120468139648,0.05272626876831055,0.2728826403617859
1773047913606169900,13.290169921875,0.1602921485900879,0.09751510620117188,0.12344473600387573
1773047913616359200,13.300359130859375,0.21567201614379883,0.06100320816040039,0.056036412715911865
1773047913626340600,13.310340576171875,0.2615509033203125,0.03867292404174805,-0.011182904243469238
1773047913636312800,13.320312744140624,0.3033771514892578,0.015357017517089844,-0.03529489040374756
1773047913646293200,13.330293212890625,0.29374122619628906,0.01453542709350586,-0.05008620023727417
1773047913656266500,13.3402666015625,0.19513702392578125,0.054594993591308594,-0.05609852075576782
1773047913666246100,13.35024609375,-0.03086566925048828,0.05947399139404297,-0.028628826141357422
1773047913676220000,13.360219970703126,-0.22276639938354492,0.07836008071899414,-0.09505105018615723
1773047913686199300,13.37019921875,-0.31056928634643555,0.07968568801879883,-0.16873466968536377
1773047913696173600,13.380173583984375,-0.23457908630371094,0.07774209976196289,-0.20950716733932495
1773047913706152400,13.39015234375,-0.0719914436340332,0.04947185516357422,-0.2015904188156128
1773047913716127200,13.400127197265626,0.021682262420654297,0.0030913352966308594,-0.14573198556900024
1773047913726105600,13.410105712890624,0.057740211486816406,0.008679389953613281,-0.1515478789806366
1773047913736081000,13.420080810546875,0.09812068939208984,0.03751039505004883,-0.2331138253211975
1773047913746058800,13.430058837890625,0.1614055633544922,0.06595611572265625,-0.2910214364528656
1773047913756034600,13.44003466796875,0.24242305755615234,0.06580209732055664,-0.28265181183815
1773047913766012200,13.45001220703125,0.28015947341918945,0.018012046813964844,-0.25556859374046326
1773047913775988200,13.45998828125,0.30872011184692383,-0.03473043441772461,-0.2293352484703064
1773047913785965800,13.4699658203125,0.2816500663757324,-0.055136680603027344,-0.18649709224700928
1773047913795942000,13.47994189453125,0.16249990463256836,-0.07705259323120117,-0.12755703926086426
1773047913805919200,13.489919189453126,-0.05689048767089844,-0.07669305801391602,-0.05140495300292969
1773047913815895300,13.499895263671876,-0.25823068618774414,-0.08621501922607422,-0.02224332094192505
1773047913825872600,13.50987255859375,-0.3350200653076172,-0.051860809326171875,-0.06688737869262695
1773047913835849000,13.519848876953125,-0.23842906951904297,-0.057955265045166016,-0.10938391089439392
1773047913845826000,13.529825927734375,-0.09307718276977539,-0.05280351638793945,-0.15073078870773315
1773047913855802600,13.539802734375,-0.01631641387939453,-0.037946224212646484,-0.08845958113670349
1773047913865779700,13.54977978515625,-0.01565408706665039,-0.042711734771728516,-0.05654865503311157
1773047913875756300,13.55975634765625,-0.04271078109741211,0.0416111946105957,-0.12167364358901978
1773047913885733000,13.569733154296875,-0.09751605987548828,0.08705520629882812,-0.12257260084152222
1773047913895613200,13.57961328125,-0.10480356216430664,0.09012126922607422,-0.09219285845756531
1773047913905473500,13.5894736328125,-0.04201364517211914,0.10807514190673828,-0.047965943813323975
1773047913915663400,13.599663330078124,0.052031517028808594,0.11235857009887695,-0.027351796627044678
1773047913925644500,13.60964453125,0.16794681549072266,0.13082265853881836,0.0023963451385498047
1773047913935617000,13.619616943359375,0.21689271926879883,0.11967897415161133,0.059472858905792236
1773047913945597200,13.62959716796875,0.10152578353881836,0.14003562927246094,0.06886368989944458
1773047913955609600,13.639609619140625,-0.015835285186767578,0.12598657608032227,0.10770523548126221
1773047913965593000,13.649593017578125,-0.11274242401123047,0.10295677185058594,0.09161210060119629
1773047913975524400,13.6595244140625,-0.09642267227172852,0.08189153671264648,0.053708434104919434
1773047913985502500,13.66950244140625,0.05036449432373047,0.03419351577758789,0.026801586151123047
1773047913995382500,13.679382568359374,0.10544347763061523,-0.03189229965209961,0.029618799686431885
1773047914005243000,13.689242919921876,0.03363037109375,-0.06537246704101562,-0.04265010356903076
1773047914015431400,13.699431396484375,-0.05052757263183594,-0.0565342903137207,-0.05355560779571533
1773047914025413600,13.70941357421875,-0.08656787872314453,-0.05664348602294922,-0.07536280155181885
1773047914035385000,13.719385009765626,-0.05698585510253906,-0.06030464172363281,-0.0690230131149292
1773047914045366000,13.729365966796875,0.008780956268310547,-0.053347110748291016,-0.024261772632598877
1773047914055246000,13.73924609375,0.10611963272094727,-0.04619550704956055,-0.08798888325691223
1773047914065105700,13.749105712890625,0.17840814590454102,-0.039208412170410156,-0.14225322008132935
1773047914075098400,13.759098388671875,0.20795917510986328,-0.037941932678222656,-0.09829327464103699
1773047914085062400,13.7690625,0.12055253982543945,0.018296241760253906,-0.03661280870437622
1773047914095051800,13.7790517578125,-0.011455059051513672,0.04865074157714844,-0.026346266269683838
1773047914105018400,13.789018310546876,-0.08503437042236328,0.0692901611328125,-0.06191378831863403
1773047914115199500,13.799199462890625,-0.012466907501220703,0.057802677154541016,-0.08621427416801453
1773047914125187800,13.809187744140624,0.09591007232666016,0.0284271240234375,-0.1378117799758911
1773047914135153200,13.819153076171874,0.13706207275390625,-0.005782127380371094,-0.11323815584182739
1773047914145139200,13.82913916015625,0.032853126525878906,-0.026821136474609375,-0.1086350679397583
1773047914155019300,13.839019287109375,-0.16309738159179688,-0.01523590087890625,-0.12479060888290405
1773047914164877800,13.8488779296875,-0.2856125831604004,0.0486912727355957,-0.1472991704940796
1773047914174866400,13.858866455078125,-0.27584075927734375,0.047719478607177734,-0.10014855861663818
1773047914184833500,13.86883349609375,-0.1596975326538086,0.03481101989746094,-0.053797751665115356
1773047914195014100,13.87901416015625,0.02421426773071289,0.027937889099121094,-0.04087483882904053
1773047914205003000,13.8890029296875,0.16290616989135742,0.025665760040283203,-0.038118183612823486
1773047914214967800,13.8989677734375,0.18746566772460938,0.017357826232910156,-0.055286288261413574
1773047914224954000,13.9089541015625,0.09531211853027344,0.054595947265625,-0.011619389057159424
1773047914234921500,13.91892138671875,-0.07929039001464844,0.08080577850341797,0.02237755060195923
1773047914244906000,13.928906005859375,-0.16183996200561523,0.08803272247314453,-0.008916795253753662
1773047914254786000,13.9387861328125,-0.04667806625366211,0.06856679916381836,-0.015298843383789062
1773047914264644900,13.948644775390624,0.09859418869018555,0.017511844635009766,0.04072469472885132
1773047914274828800,13.958828857421874,0.20402097702026367,-0.019017696380615234,0.13039857149124146
1773047914284814800,13.96881494140625,0.2008047103881836,-0.07090187072753906,0.12545150518417358
1773047914294694700,13.978694580078125,0.06707000732421875,-0.0387115478515625,0.05444753170013428
1773047914304553200,13.98855322265625,-0.06901836395263672,-0.035372257232666016,0.06838256120681763
1773047914314736000,13.998736083984374,-0.1235203742980957,-0.026456832885742188,0.058270931243896484
1773047914324723000,14.008722900390625,-0.08405017852783203,-0.025875568389892578,0.06391239166259766
1773047914334689800,14.018689697265625,0.06195402145385742,-0.033532142639160156,0.0760616660118103
1773047914344674600,14.028674560546875,0.18193340301513672,-0.022229671478271484,0.046342670917510986
1773047914354643500,14.0386435546875,0.21610307693481445,0.03955554962158203,0.054368674755096436
1773047914364626700,14.048626708984376,0.16677284240722656,0.0557408332824707,0.028657853603363037
1773047914374506800,14.0585068359375,-0.0027899742126464844,0.05584383010864258,-0.024872899055480957
1773047914384366000,14.068365966796875,-0.16473913192749023,0.0558476448059082,-0.12452137470245361
1773047914394356700,14.078356689453125,-0.17907428741455078,0.05719184875488281,-0.2135293185710907
1773047914404322300,14.088322265625,-0.14266157150268555,-0.01046895980834961,-0.23581919074058533
1773047914414504400,14.09850439453125,-0.11689424514770508,-0.0479121208190918,-0.2303042709827423
1773047914424491800,14.10849169921875,-0.07738208770751953,-0.07529830932617188,-0.21161898970603943
1773047914434458000,14.1184580078125,-0.15137529373168945,-0.05992460250854492,-0.19937333464622498
1773047914444443400,14.128443359375,-0.13504886627197266,-0.0018329620361328125,-0.14652562141418457
1773047914454323500,14.138323486328124,-0.06345033645629883,0.04237985610961914,-0.06673181056976318
1773047914464182300,14.148182373046875,0.0720071792602539,0.06797266006469727,0.013105392456054688
1773047914474365400,14.158365478515625,0.2285003662109375,0.07446670532226562,0.027407169342041016
1773047914484352000,14.16835205078125,0.31735992431640625,0.06561899185180664,-0.005507290363311768
1773047914494232000,14.178232177734374,0.3217434883117676,0.04070854187011719,-0.02473008632659912
1773047914504090400,14.18809033203125,0.19139814376831055,0.023326396942138672,-0.05340912938117981
1773047914514272800,14.198272705078125,-0.07193470001220703,0.042159080505371094,-0.0812259316444397
1773047914524260000,14.208260009765626,-0.2509031295776367,0.056032657623291016,-0.1364821195602417
1773047914534226400,14.218226318359376,-0.3107185363769531,0.0245361328125,-0.16777202486991882
1773047914544211700,14.228211669921874,-0.24898290634155273,0.010055065155029297,-0.13813859224319458
1773047914554180400,14.238180419921875,-0.12350177764892578,-0.016840457916259766,-0.04855683445930481
1773047914564163800,14.248163818359375,-0.08026123046875,-0.052559852600097656,0.006365418434143066
1773047914574043600,14.258043701171875,-0.05638837814331055,-0.02186441421508789,0.054176151752471924
1773047914583903000,14.267903076171875,-0.06611204147338867,0.013435840606689453,0.0810704231262207
1773047914594082800,14.278082763671875,-0.01510477066040039,0.030120849609375,0.16388189792633057
1773047914604115700,14.28811572265625,0.08152151107788086,0.028296470642089844,0.2141912579536438
1773047914614041300,14.298041259765625,0.2234339714050293,-0.0017147064208984375,0.18592172861099243
1773047914624024300,14.3080244140625,0.3118734359741211,-0.01336669921875,0.12664777040481567
1773047914633995000,14.3179951171875,0.2729620933532715,-0.012238502502441406,0.054176151752471924
1773047914643976700,14.327976806640624,0.1372532844543457,0.0013022422790527344,0.015028595924377441
1773047914653948700,14.33794873046875,-0.05630016326904297,-0.01494598388671875,0.008924126625061035
1773047914663929300,14.347929443359375,-0.23261165618896484,0.011583805084228516,0.003005087375640869
1773047914673902300,14.35790234375,-0.23798274993896484,0.03481721878051758,-0.05927133560180664
1773047914683882200,14.36788232421875,-0.05203104019165039,0.008121013641357422,-0.0923728346824646
1773047914693762300,14.37776220703125,0.13977861404418945,-0.012787818908691406,-0.05972170829772949
1773047914703622100,14.3876220703125,0.16461896896362305,-0.0345301628112793,-0.03325200080871582
1773047914713809700,14.3978095703125,0.0729365348815918,-0.029510021209716797,-0.05570346117019653
1773047914723793000,14.40779296875,-0.07302713394165039,-0.006453514099121094,-0.10283821821212769
1773047914733763300,14.417763427734375,-0.170074462890625,0.026465892791748047,-0.08884868025779724
1773047914743745300,14.427745361328125,-0.07832574844360352,-0.005770683288574219,-0.059603214263916016
1773047914753717000,14.437717041015626,0.06277275085449219,-0.0036325454711914062,-0.032836198806762695
1773047914763698000,14.447697998046875,0.16851329803466797,-0.020429611206054688,-0.02875298261642456
1773047914773671000,14.4576708984375,0.24981451034545898,-0.005012989044189453,-0.03460270166397095
1773047914783651000,14.467651123046876,0.20421409606933594,0.022436141967773438,-0.0039667487144470215
1773047914793624600,14.47762451171875,0.00537872314453125,0.038301944732666016,0.04491770267486572
1773047914803604000,14.48760400390625,-0.1897883415222168,0.06749343872070312,0.046962201595306396
1773047914813578200,14.497578125,-0.24149560928344727,0.07383155822753906,-0.010940134525299072
1773047914823557400,14.507557373046875,-0.15282249450683594,0.039780616760253906,-0.053227126598358154
1773047914833532000,14.517531982421875,-0.033715248107910156,0.007597923278808594,-0.052531301975250244
1773047914843510500,14.527510498046874,0.03663825988769531,-0.019738197326660156,-0.023515820503234863
1773047914853485600,14.537485595703124,-0.02997446060180664,-0.014548301696777344,-0.04249882698059082
1773047914863464000,14.5474638671875,-0.1279926300048828,0.018334388732910156,-0.04311412572860718
1773047914873343700,14.55734375,-0.12132501602172852,0.05139493942260742,-0.030261099338531494
1773047914883204000,14.5672041015625,-0.09212017059326172,0.07560873031616211,-0.03193557262420654
1773047914893199000,14.57719921875,0.01598358154296875,0.048389434814453125,0.009305000305175781
1773047914903161300,14.587161376953125,0.13166332244873047,-0.015984535217285156,0.026210904121398926
1773047914913346600,14.5973466796875,0.1376652717590332,-0.0375065803527832,-0.014441430568695068
1773047914923331300,14.607331298828125,0.13976287841796875,-0.04090738296508789,0.020491182804107666
1773047914933300200,14.61730029296875,0.039046287536621094,-0.002937793731689453,0.09317189455032349
1773047914943283700,14.62728369140625,-0.10684871673583984,0.0009875297546386719,0.072182297706604
1773047914953254100,14.637254150390625,-0.12865781784057617,0.019741058349609375,-0.00312042236328125
1773047914963236000,14.647236083984374,-0.03865528106689453,0.011792659759521484,-0.08125567436218262
1773047914973116200,14.6571162109375,0.07720184326171875,-0.018427371978759766,-0.10658779740333557
1773047914982975500,14.6669755859375,0.1443929672241211,-0.05792236328125,-0.08511292934417725
1773047914993161500,14.677161376953125,0.0983881950378418,-0.05542469024658203,-0.03211706876754761
1773047915003145700,14.687145751953125,0.030487537384033203,-0.03034210205078125,0.00880730152130127
1773047915013115100,14.697115234375,0.001483917236328125,0.02728271484375,0.0007681846618652344
1773047915023098000,14.70709814453125,0.029099464416503906,0.03262042999267578,0.04925084114074707
1773047915033068800,14.71706884765625,0.12660884857177734,0.014632225036621094,0.0831720232963562
1773047915043050500,14.727050537109376,0.18986225128173828,0.01998281478881836,0.07983368635177612
1773047915053022700,14.737022705078125,0.20113182067871094,0.024105072021484375,0.04897385835647583
1773047915063003400,14.74700341796875,0.22264575958251953,0.003399372100830078,-0.0006390810012817383
1773047915072976400,14.756976318359374,0.1272869110107422,0.04748725891113281,0.02575552463531494
1773047915082956300,14.766956298828125,0.015513896942138672,0.07092952728271484,0.019232749938964844
1773047915092930000,14.776929931640625,-0.09431314468383789,0.06546688079833984,-0.009102940559387207
1773047915102909400,14.786909423828124,-0.094818115234375,0.037439823150634766,-0.07349801063537598
1773047915112883700,14.7968837890625,-0.05390167236328125,-0.012507915496826172,-0.0799211859703064
1773047915122862600,14.806862548828125,-0.023018360137939453,-0.03821372985839844,-0.04802751541137695
1773047915132837600,14.816837646484375,-0.12378311157226562,-0.07849311828613281,-0.07779848575592041
1773047915142816000,14.82681591796875,-0.30258846282958984,-0.06662511825561523,-0.14554095268249512
1773047915152791300,14.836791259765626,-0.43697071075439453,-0.025403499603271484,-0.16654056310653687
1773047915162769400,14.846769287109375,-0.39222288131713867,0.02243661880493164,-0.16457903385162354
1773047915172745000,14.856744873046875,-0.20894575119018555,0.034243106842041016,-0.15320831537246704
1773047915182722800,14.866722900390625,0.05004167556762695,-0.01380157470703125,-0.12300911545753479
1773047915192698600,14.87669873046875,0.2624220848083496,-0.0422515869140625,-0.06568789482116699
1773047915202676200,14.88667626953125,0.35007381439208984,0.017917156219482422,0.05460101366043091
1773047915212652300,14.89665234375,0.28302860260009766,0.022798538208007812,0.16661423444747925
1773047915222630000,14.9066298828125,0.07746362686157227,0.053759098052978516,0.15059638023376465
1773047915232606200,14.916606201171875,-0.02087116241455078,0.041295528411865234,0.14693683385849
1773047915242583600,14.92658349609375,0.013133049011230469,0.044350624084472656,0.15025228261947632
1773047915252560000,14.936559814453124,0.16333913803100586,0.015432357788085938,0.09828662872314453
1773047915262537000,14.946536865234375,0.24532842636108398,-0.013310432434082031,0.10890942811965942
1773047915272513500,14.956513427734375,0.1671614646911621,-0.0667409896850586,0.1242440938949585
1773047915282490600,14.96649072265625,-0.0400390625,-0.05044984817504883,0.10579341650009155
1773047915292467200,14.97646728515625,-0.2434992790222168,0.0029625892639160156,0.03983408212661743
1773047915302444300,14.9864443359375,-0.33660459518432617,0.019514083862304688,-0.01612269878387451
1773047915312420900,14.9964208984375,-0.25137853622436523,0.038369178771972656,-0.00931781530380249
1773047915322398000,15.00639794921875,-0.07022857666015625,0.02572345733642578,-0.015592098236083984
1773047915332374500,15.01637451171875,0.09792327880859375,-0.00018072128295898438,-0.07319259643554688
1773047915342351600,15.0263515625,0.2074570655822754,-0.026337623596191406,-0.11730590462684631
1773047915352328400,15.036328369140625,0.17068815231323242,-0.03017711639404297,-0.04469364881515503
1773047915362305300,15.04630517578125,0.051253318786621094,0.0019345283508300781,0.0263289213180542
1773047915372282000,15.0562822265625,-0.10326910018920898,0.02331829071044922,-0.006917774677276611
1773047915382259000,15.066259033203124,-0.14780569076538086,0.04065561294555664,-0.09536010026931763
1773047915392235800,15.07623583984375,0.0000782012939453125,0.01704692840576172,-0.12141099572181702
1773047915402212600,15.086212646484375,0.14960336685180664,-0.010096073150634766,-0.08151644468307495
1773047915412189400,15.096189453125,0.16578149795532227,-0.042685508728027344,-0.06605380773544312
1773047915422166300,15.106166259765626,0.013765811920166016,-0.03422212600708008,-0.07055670022964478
1773047915432143000,15.11614306640625,-0.1585688591003418,-0.01250457763671875,-0.08092015981674194
1773047915442120000,15.126119873046875,-0.22518205642700195,0.014537334442138672,-0.09649151563644409
1773047915452096800,15.1360966796875,-0.18865013122558594,0.04298830032348633,-0.05005234479904175
1773047915462073900,15.146073974609376,-0.0411376953125,0.020783424377441406,0.025184690952301025
1773047915472050700,15.15605078125,0.12694263458251953,0.004209041595458984,0.024692416191101074
1773047915482027500,15.166027587890625,0.1987762451171875,-0.027091026306152344,0.00992363691329956
1773047915492004400,15.17600439453125,0.18588781356811523,-0.021636009216308594,0.027563512325286865
1773047915501981200,15.185981201171876,0.05213785171508789,0.033895015716552734,0.08697199821472168
1773047915511958000,15.1959580078125,-0.13517189025878906,0.02637338638305664,0.05160742998123169
1773047915521896000,15.20589599609375,-0.18353986740112305,0.019762039184570312,0.0038581490516662598
1773047915531869000,15.215868896484375,-0.07250833511352539,0.015041828155517578,0.02345806360244751
1773047915541888500,15.225888427734375,0.09692668914794922,0.0021309852600097656,0.0524524450302124
1773047915551866400,15.235866455078124,0.16512298583984375,-0.02995014190673828,0.05720698833465576
1773047915561842400,15.245842529296874,0.07352828979492188,-0.05379915237426758,0.03312748670578003
1773047915571819800,15.25581982421875,-0.11904096603393555,-0.026679039001464844,-0.024687886238098145
1773047915581796000,15.265796142578125,-0.2570476531982422,-0.00406646728515625,-0.026122689247131348
1773047915591773400,15.2757734375,-0.22961997985839844,0.034307003021240234,0.024625420570373535
1773047915601749800,15.285749755859374,-0.08657979965209961,0.03149557113647461,0.05760633945465088
1773047915611726800,15.295726806640625,0.13791942596435547,0.03438425064086914,0.01179492473602295
1773047915621703400,15.305703369140625,0.28853654861450195,0.017779827117919922,-0.02840358018875122
1773047915631680500,15.315680419921875,0.3063373565673828,-0.01442098617553711,-0.0410999059677124
1773047915641657000,15.325656982421876,0.16577434539794922,-0.0013394355773925781,-0.022201597690582275
1773047915651634200,15.33563427734375,-0.07016706466674805,0.019557476043701172,-0.032329678535461426
1773047915661610800,15.34561083984375,-0.21318435668945312,0.017110347747802734,-0.11254790425300598
1773047915671587800,15.355587890625,-0.1341991424560547,0.03557872772216797,-0.09691250324249268
1773047915681564700,15.365564697265626,0.03152656555175781,0.013081550598144531,-0.05788993835449219
1773047915691541500,15.37554150390625,0.16168689727783203,-0.009273529052734375,-0.02852088212966919
1773047915701518300,15.385518310546875,0.12177658081054688,-0.02857351303100586,-0.0038657784461975098
1773047915711495200,15.3954951171875,-0.07605171203613281,-0.04935312271118164,-0.022582948207855225
1773047915721472000,15.405471923828125,-0.24706172943115234,0.005718708038330078,-0.02828383445739746
1773047915731448800,15.41544873046875,-0.29407548904418945,0.02383136749267578,0.0032164454460144043
1773047915741425700,15.42542578125,-0.1820526123046875,0.0390315055847168,0.0499720573425293
1773047915751402500,15.435402587890625,0.030327320098876953,0.027241230010986328,0.07407903671264648
1773047915761379300,15.44537939453125,0.2485208511352539,0.011019229888916016,0.008321940898895264
1773047915771356400,15.4553564453125,0.28072452545166016,0.003063678741455078,-0.020234644412994385
1773047915781333000,15.4653330078125,0.19664287567138672,0.011828422546386719,-0.01714146137237549
1773047915791310000,15.47531005859375,-0.025980472564697266,0.02361917495727539,-0.0008182525634765625
1773047915801287000,15.485286865234375,-0.1981353759765625,0.04019737243652344,-0.0211031436920166
1773047915811263700,15.495263671875,-0.1522378921508789,0.020439624786376953,-0.02561664581298828
1773047915821240600,15.505240478515624,0.01849222183227539,-0.006618976593017578,0.008645713329315186
1773047915831217400,15.515217529296875,0.16269922256469727,-0.04256391525268555,0.0337979793548584
1773047915841194200,15.5251943359375,0.17375850677490234,-0.06045055389404297,0.054097771644592285
1773047915851171000,15.535171142578125,0.01194906234741211,-0.07042932510375977,-0.011533796787261963
1773047915861148000,15.54514794921875,-0.13727617263793945,-0.02885150909423828,-0.07313454151153564
1773047915871124700,15.555124755859374,-0.190673828125,0.003765583038330078,-0.017274975776672363
1773047915881101600,15.5651015625,-0.08441591262817383,0.037374019622802734,0.02453070878982544
1773047915891078400,15.575078369140625,0.05214643478393555,0.03362417221069336,0.0160636305809021
1773047915901055200,15.58505517578125,0.19572877883911133,0.0017652511596679688,-0.015086770057678223
1773047915911032300,15.5950322265625,0.23437738418579102,-0.016633987426757812,-0.07021784782409668
1773047915921009200,15.605009033203125,0.12330484390258789,0.005821704864501953,-0.05051475763320923
1773047915930986000,15.614986083984375,-0.08361101150512695,0.031154155731201172,-0.007642269134521484
1773047915940962800,15.624962890625,-0.2120680809020996,0.03753232955932617,-0.016205668449401855
1773047915950939600,15.634939697265626,-0.20319461822509766,0.040705204010009766,-0.05220991373062134
1773047915960916500,15.64491650390625,-0.05002641677856445,0.017446041107177734,-0.05464494228363037
1773047915970893300,15.654893310546875,0.09066009521484375,-0.0047626495361328125,-0.0008754730224609375
1773047915980870100,15.6648701171875,0.06971931457519531,-0.03697538375854492,-0.004903554916381836
1773047915990847000,15.674846923828126,-0.05790281295776367,-0.046575069427490234,-0.009816765785217285
1773047916000823800,15.68482373046875,-0.15965890884399414,-0.013730049133300781,-0.016193509101867676
1773047916010800600,15.694800537109375,-0.17126178741455078,0.029286861419677734,0.014547348022460938
1773047916020777500,15.704777587890625,-0.04751300811767578,0.06377649307250977,0.00346529483795166
1773047916030754600,15.714754638671875,0.12527132034301758,0.03718423843383789,0.027092814445495605
1773047916040692500,15.7246923828125,0.27663660049438477,0.005920886993408203,0.02255147695541382
1773047916050665500,15.73466552734375,0.32786035537719727,-0.0027599334716796875,0.03618502616882324
1773047916060646100,15.744646240234376,0.2341609001159668,0.014711856842041016,0.07216030359268188
1773047916070620000,15.754619873046876,0.016342639923095703,0.04421186447143555,0.07006663084030151
1773047916080599800,15.764599853515625,-0.13644027709960938,0.025762081146240234,0.05998879671096802
1773047916090574000,15.774573974609375,-0.1465778350830078,0.027723312377929688,0.0046395063400268555
1773047916100592400,15.78459228515625,-0.04978227615356445,0.0031790733337402344,-0.029842376708984375
1773047916110571000,15.794571044921875,0.09672117233276367,-0.020357131958007812,-0.03095269203186035
1773047916120507100,15.804507080078125,0.09104108810424805,-0.04460763931274414,-0.013605356216430664
1773047916130481700,15.814481689453125,-0.10168790817260742,-0.07925653457641602,-0.03985118865966797
1773047916140461000,15.8244609375,-0.2911252975463867,-0.042618751525878906,-0.08162045478820801
1773047916150435800,15.834435791015625,-0.35154008865356445,0.009235858917236328,-0.07714223861694336
1773047916160453400,15.844453369140625,-0.22457599639892578,0.034401893615722656,-0.035161614418029785
1773047916170432800,15.854432861328124,-0.002246856689453125,0.027781009674072266,0.0074152350425720215
1773047916180368400,15.864368408203125,0.21156740188598633,0.011925220489501953,-0.03960895538330078
1773047916190343200,15.87434326171875,0.3193378448486328,-0.00963449478149414,-0.03038126230239868
1773047916200322000,15.884322021484374,0.2576470375061035,0.009396553039550781,0.015098810195922852
1773047916210297300,15.89429736328125,0.06691503524780273,0.02593088150024414,0.0645495057106018
1773047916220236800,15.90423681640625,-0.16257190704345703,0.027379512786865234,0.08168017864227295
1773047916230208500,15.91420849609375,-0.21994495391845703,0.03484153747558594,0.02968454360961914
1773047916240151800,15.92415185546875,-0.0948171615600586,0.049381256103515625,-0.025382637977600098
1773047916250120700,15.93412060546875,0.14968204498291016,0.013033390045166016,-0.022631525993347168
1773047916260066600,15.944066650390624,0.24986505508422852,-0.028682231903076172,0.04147005081176758
1773047916270033200,15.954033203125,0.11486530303955078,-0.04850578308105469,0.019666075706481934
1773047916279981600,15.963981689453124,-0.08269882202148438,-0.01270437240600586,-0.03629559278488159
1773047916289946000,15.973946044921876,-0.21613454818725586,0.004238128662109375,-0.07834833860397339
1773047916299896300,15.983896240234374,-0.1981363296508789,0.03680849075317383,-0.06775176525115967
1773047916309859600,15.993859619140625,-0.06874418258666992,0.0468292236328125,-0.00476229190826416
1773047916319811300,16.003811279296876,0.10510683059692383,0.01956319808959961,-0.027274727821350098
1773047916329773300,16.013773193359373,0.17299699783325195,-0.021923542022705078,-0.04572206735610962
1773047916339764700,16.0237646484375,0.12326669692993164,-0.002841472625732422,-0.004443168640136719
1773047916349729800,16.033729736328127,-0.028059959411621094,-0.004290580749511719,0.0450323224067688
1773047916359640800,16.043640869140624,-0.19076299667358398,0.017464160919189453,0.014548420906066895
1773047916369600500,16.0536005859375,-0.1917562484741211,0.016479969024658203,-0.008859217166900635
1773047916379517200,16.06351708984375,-0.020236968994140625,-0.006029605865478516,-0.01659989356994629
1773047916389472500,16.073472412109375,0.16653871536254883,-0.0037832260131835938,0.0045318603515625
1773047916399432000,16.083431884765623,0.252133846282959,-0.02615642547607422,0.03990209102630615
1773047916409387500,16.093387451171875,0.12157201766967773,-0.050409793853759766,0.013094007968902588
1773047916419364600,16.103364501953124,-0.11852121353149414,-0.0427556037902832,-0.09478959441184998
1773047916429285000,16.11328515625,-0.28917646408081055,-0.006217002868652344,-0.0943315327167511
1773047916439237000,16.123237060546874,-0.22323846817016602,0.050644874572753906,-0.018935203552246094
1773047916449161200,16.1331611328125,-0.056334495544433594,0.04240608215332031,0.04688066244125366
1773047916459110700,16.143110595703124,0.12605524063110352,0.020740032196044922,0.03769141435623169
1773047916469076000,16.153075927734374,0.22117328643798828,0.022340774536132812,0.03335171937942505
1773047916479027000,16.16302685546875,0.19831514358520508,0.012978076934814453,0.004412233829498291
1773047916488990700,16.17299072265625,0.07363080978393555,0.02098846435546875,0.012767434120178223
1773047916498943000,16.18294287109375,-0.08586740493774414,0.03729867935180664,0.002474188804626465
1773047916508982300,16.192982177734375,-0.10204219818115234,0.053936004638671875,-0.00626760721206665
1773047916518943500,16.202943603515624,0.021976947784423828,0.04358243942260742,-0.042056381702423096
1773047916529123300,16.213123291015624,0.17161798477172852,0.010558128356933594,-0.016121625900268555
1773047916539303400,16.223303466796875,0.17363739013671875,-0.022880077362060547,0.022804975509643555
1773047916549483500,16.2334833984375,0.02196025848388672,-0.0672450065612793,0.018223166465759277
1773047916559548000,16.2435478515625,-0.2203536033630371,-0.06491422653198242,-0.025077462196350098
1773047916569503700,16.253503662109374,-0.3652224540710449,-0.042706966400146484,-0.036185383796691895
1773047916579497500,16.26349755859375,-0.34494733810424805,0.005237579345703125,-0.028554856777191162
1773047916589457700,16.273457763671875,-0.17163705825805664,0.045287132263183594,0.022809147834777832
1773047916599448000,16.283447998046874,0.06362009048461914,0.019963741302490234,0.032161593437194824
1773047916609411600,16.29341162109375,0.23404407501220703,-0.009972095489501953,-0.029668807983398438
1773047916619399200,16.303399169921875,0.2900853157043457,-0.012810230255126953,0.002216935157775879
1773047916629365200,16.313365234375,0.19164371490478516,0.010491371154785156,0.04672902822494507
1773047916639350800,16.323350830078127,-0.035732269287109375,0.017632484436035156,0.06324124336242676
1773047916649319000,16.33331884765625,-0.15113353729248047,0.05758810043334961,0.024737298488616943
1773047916659302700,16.343302734375,-0.11539840698242188,0.051457881927490234,-0.02120029926300049
1773047916669272800,16.35327294921875,0.031392574310302734,0.004670619964599609,-0.0376662015914917
1773047916679255000,16.363255126953124,0.15224027633666992,-0.022549152374267578,-0.03981506824493408
1773047916689226500,16.3732265625,0.0979924201965332,-0.06481552124023438,-0.04213303327560425
1773047916699207700,16.383207763671876,-0.039092063903808594,-0.0839695930480957,-0.09736624360084534
1773047916709180200,16.39318017578125,-0.1832418441772461,-0.055613040924072266,-0.10660666227340698
1773047916719160600,16.40316064453125,-0.19423532485961914,-0.02633190155029297,-0.055175960063934326
1773047916729133800,16.4131337890625,-0.04626178741455078,0.04629039764404297,0.0017450451850891113
1773047916739113500,16.423113525390626,0.13153409957885742,0.052426815032958984,0.03610140085220337
1773047916749087700,16.433087646484374,0.24559307098388672,0.020221233367919922,0.023168563842773438
1773047916759067000,16.44306689453125,0.2510499954223633,-0.0038690567016601562,0.004453778266906738
1773047916769041400,16.45304150390625,0.06006908416748047,0.0038008689880371094,0.003434479236602783
1773047916779020000,16.46302001953125,-0.13634061813354492,0.043314456939697266,0.021272003650665283
1773047916788995000,16.4729951171875,-0.2547435760498047,0.04511690139770508,0.03548073768615723
1773047916798973200,16.48297314453125,-0.16104459762573242,0.030030250549316406,0.07023566961288452
1773047916808948700,16.49294873046875,0.056976318359375,0.026015758514404297,-0.0025268197059631348
1773047916818926800,16.5029267578125,0.15419387817382812,0.03557014465332031,-0.06039804220199585
1773047916828902400,16.51290234375,0.06272649765014648,-0.03649187088012695,-0.06249624490737915
1773047916838880300,16.52288037109375,-0.12503719329833984,-0.04725027084350586,-0.07132568955421448
1773047916848856000,16.53285595703125,-0.2956876754760742,-0.015120983123779297,-0.05818796157836914
1773047916858833700,16.542833740234375,-0.31889867782592773,0.02767181396484375,-0.022846221923828125
1773047916868713700,16.552713623046873,-0.1693859100341797,0.0343174934387207,0.026768505573272705
1773047916878531600,16.562531494140625,0.07993078231811523,-0.00482177734375,0.09625059366226196
1773047916888711700,16.572711669921876,0.3157014846801758,-0.005759239196777344,0.0808057188987732
1773047916898745900,16.582745849609374,0.3607363700866699,-0.013219356536865234,0.06038123369216919
1773047916908717000,16.592717041015625,0.22338628768920898,-0.02761077880859375,0.04383218288421631
1773047916918698500,16.602698486328126,0.05676746368408203,-0.015223026275634766,0.008633852005004883
1773047916928671000,16.6126708984375,-0.11640644073486328,0.015530586242675781,0.01809626817703247
1773047916938651400,16.6226513671875,-0.11841630935668945,0.023571491241455078,0.019789516925811768
1773047916948624600,16.632624755859375,0.047602176666259766,0.01442861557006836,0.003409266471862793
1773047916958604300,16.642604248046876,0.2060565948486328,-0.018012046813964844,-0.03134119510650635
1773047916968484400,16.652484375,0.16558265686035156,-0.018691062927246094,-0.02385997772216797
1773047916978301700,16.6623017578125,-0.018691062927246094,-0.05876016616821289,-0.036401331424713135
1773047916988481800,16.672481689453125,-0.21827316284179688,-0.0373682975769043,-0.06905558705329895
1773047916998515700,16.682515625,-0.31673765182495117,0.03689002990722656,-0.07861563563346863
1773047917008485400,16.6924853515625,-0.23640012741088867,0.046106815338134766,0.01135861873626709
1773047917018467800,16.7024677734375,-0.055228233337402344,0.02849435806274414,0.045038044452667236
1773047917028439300,16.712439208984375,0.09430217742919922,0.058669090270996094,-0.0013842582702636719
1773047917038420500,16.72242041015625,0.19485092163085938,-0.006447792053222656,0.012949883937835693
1773047917048393000,16.73239306640625,0.14434480667114258,-0.0106964111328125,0.04885047674179077
1773047917058373400,16.742373291015625,0.006430625915527344,0.016615867614746094,0.036897480487823486
1773047917068253400,16.75225341796875,-0.16651201248168945,0.03354597091674805,0.0402759313583374
1773047917078070800,16.76207080078125,-0.17746782302856445,0.013609886169433594,-0.02096337080001831
1773047917088250600,16.772250732421874,-0.015676021575927734,0.014789581298828125,-0.07096520066261292
1773047917098284500,16.782284423828123,0.12864017486572266,-0.016199111938476562,-0.035486459732055664
1773047917108254000,16.79225390625,0.15372419357299805,-0.033594608306884766,-0.038674116134643555
1773047917118236700,16.802236572265624,0.06695032119750977,-0.05254364013671875,-0.08501145243644714
1773047917128207600,16.81220751953125,-0.08348274230957031,-0.03437232971191406,-0.10380953550338745
1773047917138189300,16.822189208984376,-0.1754894256591797,0.026699542999267578,-0.04345148801803589
1773047917148161500,16.83216162109375,-0.1446857452392578,0.05987405776977539,0.0068492889404296875
1773047917158142200,16.84214208984375,0.011576652526855469,0.0655369758605957,0.03416544198989868
1773047917168022000,16.85202197265625,0.17904138565063477,0.0054759979248046875,0.04329025745391846
1773047917177839400,16.86183935546875,0.2409992218017578,-0.031073570251464844,0.00478363037109375
1773047917187836000,16.8718359375,0.15748071670532227,0.011297225952148438,-0.029812932014465332
1773047917197796900,16.881796875,-0.012533187866210938,0.01816558837890625,0.015168428421020508
1773047917207976700,16.891976806640624,-0.19798755645751953,0.024180889129638672,0.02702564001083374
1773047917218009900,16.902009765625,-0.2593526840209961,0.05526399612426758,0.0070590972900390625
1773047917227976000,16.911975830078124,-0.11467981338500977,0.027124404907226562,0.0407295823097229
1773047917237961500,16.92196142578125,0.11589908599853516,-0.018091201782226562,0.08448237180709839
1773047917247929900,16.931929931640624,0.20685195922851562,-0.049397945404052734,0.0431177020072937
1773047917257913600,16.94191357421875,0.08630752563476562,-0.07303237915039062,-0.012404561042785645
1773047917267883500,16.951883544921873,-0.1862797737121582,-0.06005430221557617,-0.08779391646385193
1773047917277865700,16.96186572265625,-0.34667301177978516,-0.008638381958007812,-0.09337654709815979
1773047917287837200,16.971837158203126,-0.30412912368774414,0.05879497528076172,-0.06643617153167725
1773047917297818600,16.981818603515624,-0.061974525451660156,0.07110023498535156,0.013273954391479492
1773047917307790800,16.991790771484375,0.264528751373291,0.037311553955078125,0.027103662490844727
1773047917317771300,17.001771240234376,0.45459985733032227,0.026602745056152344,-0.0064618587493896484
1773047917327651300,17.0116513671875,0.45576906204223633,0.0224456787109375,-0.022305071353912354
1773047917337468700,17.02146875,0.23846912384033203,0.019670486450195312,0.02212977409362793
1773047917347648500,17.0316484375,-0.08178424835205078,0.03361177444458008,0.052228331565856934
1773047917357682400,17.041682373046875,-0.2796192169189453,0.019657135009765625,0.05567425489425659
1773047917367651800,17.05165185546875,-0.21265792846679688,0.008433818817138672,0.023309826850891113
1773047917377634800,17.061634765625,-0.05926847457885742,-0.009763240814208984,0.02075338363647461
1773047917387605800,17.071605712890626,0.05374860763549805,-0.04633331298828125,-0.00035893917083740234
1773047917397587200,17.081587158203124,0.006034374237060547,-0.07903146743774414,-0.02194279432296753
1773047917407559400,17.091559326171875,-0.19989728927612305,-0.06995248794555664,-0.0921604335308075
1773047917417539800,17.101539794921877,-0.3321704864501953,-0.022614479064941406,-0.09322944283485413
1773047917427420000,17.111419921875,-0.31319427490234375,0.011909961700439453,-0.05303525924682617
1773047917437237200,17.1212373046875,-0.1031198501586914,0.047753334045410156,0.020628035068511963
1773047917447417000,17.1314169921875,0.19207382202148438,0.041480064392089844,0.043152570724487305
1773047917457451000,17.141450927734375,0.35599708557128906,0.010747909545898438,0.0377659797668457
1773047917467427800,17.151427734375,0.37305784225463867,-0.007506370544433594,-0.006141066551208496
1773047917477397200,17.161397216796875,0.20841455459594727,0.02370738983154297,0.0015220046043395996
1773047917487380200,17.171380126953125,-0.07002496719360352,0.02468585968017578,0.06581759452819824
1773047917497351000,17.181350830078124,-0.26425600051879883,0.0072536468505859375,0.03644287586212158
1773047917507332600,17.19133251953125,-0.21704816818237305,0.034708499908447266,0.018620014190673828
1773047917517212700,17.201212646484375,0.0018019676208496094,-0.0021381378173828125,0.03997242450714111
1773047917527029500,17.211029541015623,0.16504383087158203,-0.06175422668457031,0.019073188304901123
1773047917537209600,17.221209716796874,0.1196298599243164,-0.06067609786987305,0.007840931415557861
1773047917547243300,17.2312431640625,-0.050837039947509766,-0.06579256057739258,-0.08487817645072937
1773047917557212000,17.2412119140625,-0.24660968780517578,-0.04247713088989258,-0.12193375825881958
1773047917567195400,17.2511953125,-0.28521060943603516,0.015365123748779297,-0.13640040159225464
1773047917577165600,17.26116552734375,-0.10856342315673828,0.06055736541748047,-0.03764307498931885
1773047917587147800,17.271147705078125,0.12060976028442383,0.07788801193237305,0.04196435213088989
1773047917597119200,17.281119140625,0.30886316299438477,0.056446075439453125,0.05092698335647583
1773047917607100400,17.291100341796874,0.3545222282409668,0.02378368377685547,0.04510730504989624
1773047917616980500,17.30098046875,0.21797990798950195,-0.0014824867248535156,0.01915031671524048
1773047917626797600,17.310797607421875,-0.10781621932983398,0.0095062255859375,0.06386303901672363
1773047917636977400,17.320977294921875,-0.35305070877075195,0.011055469512939453,0.06647902727127075
1773047917647011300,17.33101123046875,-0.3374648094177246,0.01046895980834961,0.051807403564453125
1773047917656891400,17.340891357421874,-0.09395933151245117,-0.015325069427490234,0.04294174909591675
1773047917666707500,17.35070751953125,0.1868915557861328,-0.03951215744018555,0.02499765157699585
1773047917676887600,17.360887451171877,0.2147989273071289,-0.0648655891418457,0.040195345878601074
1773047917686921000,17.3709208984375,0.07009029388427734,-0.08283042907714844,-0.02113109827041626
1773047917696887600,17.380887451171876,-0.1371159553527832,-0.030987262725830078,-0.07802081108093262
1773047917706872600,17.39087255859375,-0.2661170959472656,-0.007432460784912109,-0.050331294536590576
1773047917716841200,17.40084130859375,-0.20629501342773438,0.05540895462036133,-0.027365148067474365
1773047917726824700,17.41082470703125,-0.007629871368408203,0.06701135635375977,0.0013753175735473633
1773047917736795100,17.420795166015626,0.17795991897583008,0.036359310150146484,-0.035088539123535156
1773047917746777000,17.430777099609376,0.2718067169189453,0.028815746307373047,-0.0950290858745575
1773047917756748500,17.44074853515625,0.20095014572143555,0.019506454467773438,-0.08966603875160217
1773047917766729700,17.450729736328125,0.048047542572021484,0.02262258529663086,-0.07055264711380005
1773047917776702500,17.460702392578124,-0.12510251998901367,0.03412294387817383,-0.06993269920349121
1773047917786682600,17.4706826171875,-0.19253253936767578,0.03687334060668945,-0.10152962803840637
1773047917796656000,17.48065625,-0.04868173599243164,0.032273292541503906,-0.09005346894264221
1773047917806635500,17.490635498046874,0.12950801849365234,-0.013462066650390625,-0.055425286293029785
1773047917816515600,17.500515625,0.16871976852416992,-0.049649715423583984,-0.002891719341278076
1773047917826333000,17.5103330078125,0.08631277084350586,-0.08228588104248047,0.001308441162109375
1773047917836513000,17.520512939453123,-0.0783071517944336,-0.07334756851196289,-0.023791253566741943
1773047917846547000,17.530546875,-0.20291423797607422,-0.01216268539428711,-0.01666414737701416
1773047917856517000,17.54051708984375,-0.19511985778808594,0.04986429214477539,0.05632758140563965
1773047917866499300,17.550499267578125,-0.03365612030029297,0.051488399505615234,0.11981523036956787
1773047917876470800,17.560470703125,0.12442541122436523,0.011411190032958984,0.14143413305282593
1773047917886452000,17.570451904296874,0.2520298957824707,-0.014432430267333984,0.11623138189315796
1773047917896332000,17.58033203125,0.2046375274658203,0.010330677032470703,0.10985153913497925
1773047917906149000,17.590149169921876,0.09851980209350586,-0.0002884864807128906,0.07915753126144409
1773047917916145200,17.600145263671877,-0.09436321258544922,0.007012844085693359,0.07195037603378296
1773047917926106400,17.6101064453125,-0.22341203689575195,0.019534587860107422,0.09412676095962524
1773047917936286500,17.620286376953125,-0.16822004318237305,0.03367042541503906,0.036734580993652344
1773047917946319600,17.630319580078126,-0.025827407836914062,0.011528491973876953,0.03238487243652344
1773047917956285200,17.64028515625,0.057410240173339844,-0.05229043960571289,0.023532450199127197
1773047917966271000,17.65027099609375,0.036665916442871094,-0.05505943298339844,-0.008708596229553223
1773047917976238800,17.66023876953125,-0.08175992965698242,-0.0399327278137207,-0.0881994366645813
1773047917986222800,17.670222900390623,-0.17963314056396484,-0.01522207260131836,-0.08268368244171143
1773047917996192800,17.68019287109375,-0.10274314880371094,0.015160560607910156,-0.016400635242462158
1773047918006175200,17.69017529296875,0.00020503997802734375,0.03195762634277344,-0.030455589294433594
1773047918016055300,17.70005517578125,0.1388072967529297,0.011094093322753906,-0.08578163385391235
1773047918025872000,17.709871826171874,0.19094514846801758,-0.024183273315429688,-0.12242645025253296
1773047918036052000,17.720052001953125,0.12557172775268555,-0.050557613372802734,-0.13252848386764526
1773047918046085600,17.730085693359374,-0.04584312438964844,-0.04483366012573242,-0.1533544659614563
1773047918056053800,17.7400537109375,-0.2091383934020996,0.011936187744140625,-0.08469235897064209
1773047918066037500,17.75003759765625,-0.30922746658325195,0.07804441452026367,-0.05447882413864136
1773047918075917600,17.75991748046875,-0.1880359649658203,0.10736894607543945,-0.02837270498275757
1773047918085734100,17.769734130859376,0.06154775619506836,0.08606433868408203,0.04555004835128784
1773047918095728000,17.77972802734375,0.25985288619995117,0.06032085418701172,0.13369303941726685
1773047918105691100,17.789691162109374,0.25873470306396484,0.018675804138183594,0.18444496393203735
1773047918115871200,17.799871337890625,0.13712835311889648,0.0034999847412109375,0.1270650029182434
1773047918125904000,17.80990380859375,-0.038195133209228516,-0.007609367370605469,0.04190903902053833
1773047918135907300,17.8199072265625,-0.12663555145263672,-0.008041858673095703,0.07968950271606445
1773047918145898000,17.82989794921875,-0.07343721389770508,-0.025918960571289062,0.07418781518936157
1773047918155822000,17.839822021484373,0.07692575454711914,-0.06601715087890625,0.007626533508300781
1773047918165806000,17.84980615234375,0.1964120864868164,-0.11928892135620117,-0.02151787281036377
1773047918175775700,17.859775634765626,0.24427270889282227,-0.1161808967590332,-0.019459784030914307
1773047918185758500,17.869758544921876,0.16083049774169922,-0.08175373077392578,0.028953909873962402
1773047918195729400,17.8797294921875,0.02790546417236328,-0.006830692291259766,0.06405854225158691
1773047918205710800,17.8897109375,-0.07013368606567383,0.03862571716308594,0.012371838092803955
1773047918215591000,17.8995908203125,-0.04979515075683594,0.07015609741210938,-0.08775091171264648
1773047918225408000,17.909407958984374,0.09645509719848633,0.055150508880615234,-0.16712850332260132
1773047918235587800,17.919587890625,0.13706159591674805,0.04474449157714844,-0.1521601676940918
1773047918245621500,17.92962158203125,0.05132007598876953,0.023494720458984375,-0.1160832941532135
1773047918255590400,17.93959033203125,-0.18722772598266602,0.0014019012451171875,-0.06882476806640625
1773047918265574000,17.949573974609375,-0.40313196182250977,-0.005784511566162109,-0.029117345809936523
1773047918275544000,17.9595439453125,-0.4237685203552246,0.021881103515625,-0.00473332405090332
1773047918285526300,17.9695263671875,-0.30498313903808594,0.03752613067626953,0.011201024055480957
1773047918295406000,17.979406005859374,-0.08613920211791992,0.021684646606445312,0.019335031509399414
1773047918305223200,17.98922314453125,0.11444330215454102,-0.0027828216552734375,0.018710196018218994
1773047918315218700,17.99921875,0.20403766632080078,-0.018134593963623047,-0.0063828229904174805
1773047918325180200,18.00918017578125,0.1476759910583496,0.007385730743408203,0.03855198621749878
1773047918335360300,18.0193603515625,0.03671836853027344,0.012431621551513672,0.11582934856414795
1773047918345393400,18.029393310546876,-0.06307411193847656,0.026758670806884766,0.14650583267211914
1773047918355358700,18.039358642578126,0.012197017669677734,0.05573129653930664,0.10388195514678955
1773047918365344800,18.0493447265625,0.23127412796020508,0.04280805587768555,0.04003423452377319
1773047918375224600,18.059224609375,0.3531827926635742,0.005748748779296875,-0.008645832538604736
1773047918385040600,18.06904052734375,0.2586226463317871,-0.037953853607177734,-0.0578458309173584
1773047918395033000,18.079033203125,-0.03959465026855469,-0.04548358917236328,-0.09877240657806396
1773047918404997400,18.088997314453124,-0.33708763122558594,-0.05789947509765625,-0.13701745867729187
1773047918415177500,18.099177490234375,-0.466310977935791,-0.011518001556396484,-0.0733562707901001
1773047918425209900,18.1092099609375,-0.35567140579223633,0.03712749481201172,0.022031307220458984
1773047918435173400,18.11917333984375,-0.1358776092529297,0.026056766510009766,0.0329471230506897
1773047918445161000,18.129160888671876,0.08884525299072266,0.0066509246826171875,0.012010812759399414
1773047918455127000,18.139126953125,0.21608686447143555,0.010637760162353516,0.0002346038818359375
1773047918465112600,18.149112548828125,0.22953367233276367,0.013059139251708984,-0.003426074981689453
1773047918475080700,18.159080810546875,0.15492534637451172,0.008719444274902344,0.049305737018585205
1773047918485064400,18.169064453125,0.011767864227294922,0.01742839813232422,0.09279453754425049
1773047918495034400,18.179034423828124,-0.006961822509765625,0.031062602996826172,0.0801665186882019
1773047918505016800,18.189016845703126,0.06805801391601562,0.017127037048339844,0.00659865140914917
1773047918514988000,18.198988037109373,0.19805431365966797,-0.03389120101928711,-0.02344536781311035
1773047918524969500,18.208969482421875,0.20455408096313477,-0.05716371536254883,-0.029512405395507812
1773047918534941700,18.218941650390626,0.0664987564086914,-0.05367612838745117,-0.10155737400054932
1773047918544922000,18.228922119140623,-0.08724689483642578,-0.0135498046875,-0.140181303024292
1773047918554802200,18.23880224609375,-0.1870269775390625,0.01241159439086914,-0.12296611070632935
1773047918564619300,18.248619384765625,-0.16379117965698242,0.025206565856933594,-0.08772945404052734
1773047918574799400,18.25879931640625,-0.06191730499267578,0.03900337219238281,-0.05252569913864136
1773047918584833300,18.268833251953126,0.028353214263916016,0.03895378112792969,-0.01698291301727295
1773047918594802700,18.278802734375,0.06072568893432617,0.0057811737060546875,0.013518214225769043
1773047918604785400,18.288785400390626,0.008233070373535156,-0.017914772033691406,0.014903366565704346
1773047918614756400,18.29875634765625,-0.0664987564086914,-0.00874948501586914,0.03946036100387573
1773047918624738000,18.308738037109375,-0.13993263244628906,0.02370452880859375,0.09691876173019409
1773047918634710000,18.3187099609375,-0.2032322883605957,0.009065628051757812,0.01777195930480957
1773047918644690700,18.328690673828124,-0.0829005241394043,0.047768592834472656,0.06249362230300903
1773047918654663700,18.33866357421875,0.10977792739868164,0.0540003776550293,0.1355547308921814
1773047918664643600,18.3486435546875,0.20537996292114258,-0.011022567749023438,0.11920166015625
1773047918674617300,18.358617431640624,0.0887904167175293,-0.04365348815917969,0.07532042264938354
1773047918684596700,18.3685966796875,-0.043645381927490234,-0.020490169525146484,-0.0012203454971313477
1773047918694571000,18.378571044921873,-0.15983343124389648,0.0025424957275390625,-0.06839841604232788
1773047918704550000,18.3885498046875,-0.15287017822265625,0.01732492446899414,-0.03599417209625244
1773047918714524700,18.398524658203126,-0.0012235641479492188,0.0426030158996582,0.015840470790863037
1773047918724503000,18.4085029296875,0.1852269172668457,0.03003835678100586,0.016554296016693115
1773047918734478300,18.418478271484375,0.289304256439209,-0.01631784439086914,-0.005645155906677246
1773047918744456400,18.42845654296875,0.25173330307006836,-0.030544281005859375,-0.023405849933624268
1773047918754432000,18.438431884765624,0.08915901184082031,-0.013360023498535156,-0.01809704303741455
1773047918764409900,18.448409912109376,-0.1265430450439453,-0.0066967010498046875,0.01997143030166626
1773047918774386000,18.458385986328125,-0.24503517150878906,0.014589309692382812,-0.026546180248260498
1773047918784363500,18.468363525390625,-0.15610599517822266,0.004645347595214844,-0.06223034858703613
1773047918794339300,18.47833935546875,0.04288816452026367,0.001373291015625,-0.021824359893798828
1773047918804317000,18.48831689453125,0.20571374893188477,-0.020809173583984375,0.013183176517486572
1773047918814293000,18.49829296875,0.1886296272277832,-0.054137229919433594,0.00000947713851928711
1773047918824270300,18.508270263671875,0.013390541076660156,-0.03708982467651367,0.00042951107025146484
1773047918834247000,18.518246826171875,-0.1445598602294922,0.01717519760131836,0.023167192935943604
1773047918844224000,18.52822412109375,-0.19736146926879883,0.03895378112792969,0.0639917254447937
1773047918854200300,18.538200439453124,-0.09057235717773438,0.07611846923828125,0.1002759337425232
1773047918864177700,18.548177734375,0.07959890365600586,0.07578897476196289,0.10904955863952637
1773047918874154000,18.558154052734373,0.17652034759521484,0.0327606201171875,0.06171905994415283
1773047918884131000,18.568131103515626,0.16910362243652344,-0.015301227569580078,0.05252629518508911
1773047918894107600,18.578107666015626,0.07349395751953125,-0.016860008239746094,0.09491395950317383
1773047918904084700,18.588084716796875,-0.09988689422607422,-0.005190849304199219,0.09492558240890503
1773047918914061300,18.598061279296875,-0.20963764190673828,0.020834922790527344,0.04932856559753418
1773047918924038400,18.608038330078124,-0.13084173202514648,0.034230709075927734,0.014724314212799072
1773047918934015000,18.618014892578124,0.048738956451416016,0.025745391845703125,-0.019611060619354248
1773047918943992000,18.627991943359376,0.21606111526489258,0.007845401763916016,-0.025555670261383057
1773047918953968600,18.63796875,0.20318174362182617,-0.0445713996887207,-0.022174179553985596
1773047918963945700,18.64794580078125,-0.0007796287536621094,-0.055834293365478516,-0.04314368963241577
1773047918973922300,18.65792236328125,-0.19130325317382812,-0.034603118896484375,-0.09308797121047974
1773047918983899400,18.6678994140625,-0.26183557510375977,-0.003077983856201172,-0.1197156310081482
1773047918993876000,18.6778759765625,-0.18692636489868164,0.011210918426513672,-0.08012610673904419
1773047919003852800,18.687852783203127,-0.02962017059326172,0.007727146148681641,-0.06876188516616821
1773047919013732900,18.69773291015625,0.1343517303466797,-0.004957675933837891,-0.06697970628738403
1773047919023551000,18.707551025390625,0.19742822647094727,-0.03233957290649414,-0.028555631637573242
1773047919033730800,18.717730712890624,0.11950922012329102,-0.0466761589050293,-0.0010510683059692383
1773047919043765200,18.72776513671875,-0.035912513732910156,0.013010501861572266,-0.016281723976135254
1773047919053736700,18.73773681640625,-0.18854475021362305,0.02427053451538086,-0.05384635925292969
1773047919063718000,18.7477177734375,-0.1938929557800293,0.036708831787109375,-0.11287134885787964
1773047919073690600,18.757690673828126,-0.031275272369384766,0.041510581970214844,-0.12822359800338745
1773047919083670800,18.7676708984375,0.1280369758605957,0.0140533447265625,-0.09194594621658325
1773047919093644300,18.777644287109375,0.19146203994750977,-0.02817249298095703,-0.08040964603424072
1773047919103623700,18.787623779296876,0.03880882263183594,-0.0668325424194336,-0.09829217195510864
1773047919113598000,18.797597900390624,-0.17179012298583984,-0.03964710235595703,-0.06105327606201172
1773047919123576800,18.807576904296877,-0.2712550163269043,0.01631784439086914,-0.02112025022506714
1773047919133551600,18.817551513671877,-0.19650650024414062,0.04982614517211914,0.04676717519760132
1773047919143530200,18.8275302734375,-0.011445999145507812,0.06083822250366211,0.1247130036354065
1773047919153505300,18.83750537109375,0.21261882781982422,0.04364156723022461,0.11314475536346436
1773047919163483400,18.8474833984375,0.30667734146118164,0.03037548065185547,0.0829542875289917
1773047919173459000,18.857458984375,0.23131942749023438,0.006000995635986328,0.08959156274795532
1773047919183436800,18.867436767578123,0.04583883285522461,-0.0010881423950195312,0.09556007385253906
1773047919193412600,18.87741259765625,-0.15019989013671875,-0.004045009613037109,0.06475800275802612
1773047919203390200,18.88739013671875,-0.23542261123657227,0.031468868255615234,-0.0015462636947631836
1773047919213366300,18.8973662109375,-0.14206361770629883,0.0355377197265625,-0.037793636322021484
1773047919223343600,18.907343505859377,0.0852193832397461,-0.006199836730957031,0.015778958797454834
1773047919233320000,18.91731982421875,0.15848541259765625,-0.028952598571777344,0.05899250507354736
1773047919243297300,18.92729736328125,0.07190942764282227,-0.048424720764160156,0.06841933727264404
1773047919253177300,18.93717724609375,-0.11574983596801758,-0.07349824905395508,-0.026792287826538086
1773047919262995200,18.9469951171875,-0.2769594192504883,-0.008260726928710938,-0.07478100061416626
1773047919273175000,18.957175048828127,-0.253415584564209,0.029648303985595703,-0.042613208293914795
1773047919283209200,18.967209228515625,-0.10451078414916992,0.03558969497680664,-0.010263502597808838
1773047919293180700,18.9771806640625,0.06466245651245117,-0.00008535385131835938,-0.0008857250213623047
1773047919303161900,18.987161865234373,0.18407917022705078,-0.021188735961914062,-0.010802924633026123
1773047919313134300,18.99713427734375,0.21311044692993164,-0.033715248107910156,-0.0170285701751709
1773047919323114800,19.00711474609375,0.09232425689697266,-0.009975910186767578,0.04704606533050537
1773047919333127000,19.017126953125,-0.07265853881835938,0.04515504837036133,0.06381511688232422
1773047919343110700,19.027110595703125,-0.12236166000366211,0.02917337417602539,0.020509839057922363
1773047919352990500,19.036990478515627,-0.05474567413330078,0.014901161193847656,-0.03555256128311157
1773047919362870500,19.04687060546875,0.10511255264282227,0.001850128173828125,-0.05764508247375488
1773047919372995300,19.056995361328124,0.2107248306274414,-0.03007984161376953,-0.03228104114532471
1773047919382979600,19.0669794921875,0.1325216293334961,-0.07284402847290039,-0.03563332557678223
1773047919392949000,19.076948974609376,-0.06548452377319336,-0.03639364242553711,-0.0632544755935669
1773047919402931700,19.086931640625,-0.2460017204284668,-0.014599323272705078,-0.08243775367736816
1773047919412902700,19.096902587890625,-0.24585247039794922,0.027396678924560547,-0.09337162971496582
1773047919422884400,19.10688427734375,-0.11049175262451172,0.05149698257446289,-0.023987770080566406
1773047919432856300,19.116856201171874,0.040374755859375,0.043445587158203125,0.04060173034667969
1773047919442837000,19.1268369140625,0.17946100234985352,-0.0023632049560546875,0.029125630855560303
1773047919452810000,19.13681005859375,0.18555164337158203,-0.011112213134765625,0.03137785196304321
1773047919462790000,19.146789794921876,0.079833984375,0.00228118896484375,0.02363276481628418
1773047919472763600,19.156763671875,-0.09380912780761719,0.009510517120361328,0.0354953408241272
1773047919482743000,19.166742919921877,-0.1989288330078125,0.026226043701171875,0.020480036735534668
1773047919492717300,19.17671728515625,-0.10603046417236328,0.039711952209472656,-0.0170290470123291
1773047919502696200,19.1866962890625,0.06898117065429688,0.04025459289550781,0.025600433349609375
1773047919512671200,19.196671142578126,0.19874191284179688,-0.01097869873046875,0.014987170696258545
1773047919522649600,19.206649658203126,0.12998008728027344,-0.053638458251953125,0.037225186824798584
1773047919532624600,19.216624755859375,-0.058988094329833984,-0.06396293640136719,0.03566771745681763
1773047919542602800,19.226602783203123,-0.23551130294799805,-0.017386436462402344,-0.008910417556762695
1773047919552578300,19.236578369140624,-0.24576520919799805,0.025564193725585938,-0.015428900718688965
1773047919562556200,19.24655615234375,-0.06424760818481445,0.036557674407958984,0.016479849815368652
1773047919572532200,19.2565322265625,0.14187860488891602,0.019775867462158203,0.06761449575424194
1773047919582509800,19.266509765625,0.25559520721435547,0.0073451995849609375,0.03817015886306763
1773047919592486000,19.27648583984375,0.24631547927856445,0.007723331451416016,0.0035341382026672363
1773047919602463200,19.286463134765626,0.11150360107421875,-0.0077304840087890625,0.01579529047012329
1773047919612439600,19.296439453125,-0.0766448974609375,0.03242158889770508,0.03272432088851929
1773047919622417000,19.3064169921875,-0.18654203414916992,0.057909488677978516,0.03183525800704956
1773047919632393200,19.316393310546875,-0.1735520362854004,0.037383079528808594,-0.00970393419265747
1773047919642370300,19.326370361328124,-0.016373157501220703,0.03789186477661133,-0.035820841789245605
1773047919652347000,19.336346923828124,0.1567549705505371,0.019913673400878906,-0.014660239219665527
1773047919662324000,19.346323974609376,0.1588115692138672,-0.051163673400878906,-0.003523588180541992
1773047919672300500,19.356300537109377,-0.02594900131225586,-0.0758509635925293,-0.054194748401641846
1773047919682277600,19.366277587890625,-0.21696043014526367,-0.03422069549560547,-0.09543347358703613
1773047919692254200,19.376254150390626,-0.2225346565246582,0.0038738250732421875,-0.09977209568023682
1773047919702231300,19.386231201171874,-0.09798765182495117,0.04833412170410156,-0.05276113748550415
1773047919712208000,19.396207763671875,0.11771488189697266,0.060173988342285156,-0.015221834182739258
1773047919722185000,19.40618505859375,0.28308916091918945,0.019537925720214844,-0.015513241291046143
1773047919732161500,19.41616162109375,0.32941532135009766,-0.01738262176513672,0.025793492794036865
1773047919742138600,19.426138671875,0.21197271347045898,0.005352020263671875,0.09415215253829956
1773047919752115200,19.436115234375,-0.010357379913330078,0.02581024169921875,0.11520254611968994
1773047919762092000,19.446092041015625,-0.21428775787353516,0.02614116668701172,0.058103203773498535
1773047919772068900,19.45606884765625,-0.29364013671875,0.013666152954101562,-0.024373888969421387
1773047919782046000,19.4660458984375,-0.1572108268737793,-0.0054111480712890625,-0.06283503770828247
1773047919792022500,19.4760224609375,0.07461738586425781,-0.02258777618408203,-0.0025979280471801758
1773047919801999400,19.485999267578126,0.1335768699645996,-0.06827402114868164,-0.005264103412628174
1773047919811976200,19.49597607421875,0.07067632675170898,-0.07733631134033203,-0.04645872116088867
1773047919821953300,19.505953369140624,-0.07492542266845703,-0.06375741958618164,-0.08867448568344116
1773047919831929900,19.515929931640624,-0.19948291778564453,0.006540775299072266,-0.056434810161590576
1773047919841907000,19.525906982421876,-0.13492965698242188,0.04906940460205078,0.012579143047332764
1773047919851883800,19.5358837890625,-0.03488302230834961,0.04501485824584961,0.05349850654602051
1773047919861860600,19.545860595703125,0.12426328659057617,0.008460044860839844,0.03865408897399902
1773047919881814300,19.565814208984374,0.1930241584777832,-0.019519329071044922,0.019900083541870117
1773047919891791000,19.575791015625,0.0034027099609375,-0.0074939727783203125,-0.013099730014801025
1773047919901768000,19.585767822265623,-0.19212913513183594,0.01793527603149414,-0.0164300799369812
1773047919911744800,19.595744873046876,-0.25351715087890625,0.02050304412841797,-0.06610256433486938
1773047919921721600,19.6057216796875,-0.1274094581604004,0.03473711013793945,-0.053616344928741455
1773047919931698400,19.615698486328125,0.08957433700561523,0.017266273498535156,0.0055481791496276855
1773047919941675300,19.62567529296875,0.19525671005249023,-0.03829336166381836,0.03980052471160889
1773047919951652000,19.635652099609374,0.07008171081542969,-0.06663990020751953,-0.006908059120178223
1773047919961629000,19.64562890625,-0.13682889938354492,-0.038990020751953125,-0.08265173435211182
1773047919971605800,19.655605712890626,-0.2984504699707031,-0.01088714599609375,-0.06527960300445557
1773047919981582600,19.66558251953125,-0.24721097946166992,0.028354167938232422,-0.020586490631103516
1773047919991559400,19.675559326171875,-0.06197834014892578,0.06888294219970703,0.03890371322631836
1773047920001536300,19.685536376953124,0.1806478500366211,0.048235416412353516,0.08030730485916138
1773047920011513000,19.69551318359375,0.302401065826416,-0.0014619827270507812,0.04147326946258545
1773047920021490200,19.705490234375,0.2541975975036621,-0.0003924369812011719,-0.006974458694458008
1773047920031467000,19.715467041015625,0.057717323303222656,-0.005894184112548828,0.014879822731018066
1773047920041443800,19.72544384765625,-0.1442575454711914,0.001979827880859375,0.008506476879119873
1773047920051420700,19.735420654296874,-0.24477624893188477,0.029414653778076172,0.012730181217193604
1773047920061397500,19.7453974609375,-0.147735595703125,0.011563777923583984,0.007991254329681396
1773047920071374300,19.755374267578127,0.07823514938354492,-0.018549442291259766,0.02713984251022339
1773047920081351200,19.76535107421875,0.2066211700439453,-0.029796123504638672,0.06513863801956177
1773047920091328000,19.775327880859376,0.10850000381469727,-0.0381932258605957,0.06967747211456299
1773047920101304800,19.785304931640624,-0.062001705169677734,-0.043332576751708984,-0.06280148029327393
1773047920111281700,19.79528173828125,-0.22503948211669922,-0.029304981231689453,-0.08132940530776978
1773047920121258500,19.805258544921877,-0.21264314651489258,0.019351959228515625,-0.05288374423980713
1773047920131235300,19.8152353515625,-0.023278236389160156,0.05510377883911133,-0.019009053707122803
1773047920141212400,19.82521240234375,0.15302753448486328,0.043654441833496094,-0.012832045555114746
1773047920151189200,19.835189208984374,0.29894018173217773,-0.0015358924865722656,-0.011576473712921143
1773047920161166000,19.845166015625,0.29332399368286133,-0.04781770706176758,0.021643519401550293
1773047920171143000,19.855142822265623,0.13915586471557617,-0.010974884033203125,-0.007942557334899902
1773047920181119700,19.86511962890625,-0.0724344253540039,-0.004540443420410156,-0.003801703453063965
1773047920191096600,19.8750966796875,-0.23850727081298828,0.002166748046875,-0.01294100284576416
1773047920201073400,19.885073486328125,-0.24339914321899414,0.0013747215270996094,-0.016757845878601074
1773047920211050200,19.89505029296875,-0.08526039123535156,0.017003536224365234,-0.025127947330474854
1773047920221027000,19.905027099609374,0.050978660583496094,0.009335994720458984,-0.009594261646270752
1773047920231004000,19.91500390625,0.058712005615234375,-0.06054830551147461,-0.008235692977905273
1773047920240981000,19.92498095703125,-0.017441272735595703,-0.022125244140625,-0.05470210313796997
1773047920250957800,19.934957763671875,-0.07344245910644531,0.02515554428100586,-0.0734218955039978
1773047920260934700,19.9449345703125,-0.05376863479614258,0.04893970489501953,-0.03150022029876709
1773047920270911500,19.954911376953124,0.012054920196533203,0.0494379997253418,0.029467403888702393
1773047920280888300,19.964888427734376,0.13291263580322266,0.040823936462402344,0.06721967458724976
1773047920290865200,19.974865234375,0.1861581802368164,-0.0010137557983398438,0.02907031774520874
1773047920300842000,19.984842041015625,0.15012121200561523,-0.029227256774902344,0.004562556743621826
1773047920310818800,19.99481884765625,0.00286865234375,-0.02067708969116211,-0.006322681903839111
1773047920320796000,20.0047958984375,-0.17421579360961914,-0.003673553466796875,0.015807390213012695
1773047920330772700,20.014772705078126,-0.28307294845581055,0.023170948028564453,0.038418591022491455
1773047920340710700,20.024710693359374,-0.2224407196044922,0.037598609924316406,0.00047963857650756836
1773047920350683600,20.03468359375,0.004931449890136719,0.030350208282470703,0.05325794219970703
1773047920360664300,20.044664306640627,0.1623063087463379,-0.03765249252319336,0.03942817449569702
1773047920370638000,20.05463818359375,0.14888429641723633,-0.0449376106262207,-0.007352948188781738
1773047920380618200,20.0646181640625,-0.00878286361694336,-0.058510780334472656,-0.06888657808303833
1773047920390592500,20.074592529296876,-0.14938879013061523,-0.015492916107177734,-0.07508450746536255
1773047920400610600,20.084610595703126,-0.1803431510925293,0.04226827621459961,0.026172757148742676
1773047920410589400,20.09458935546875,-0.04726839065551758,0.07697391510009766,0.0988166332244873
1773047920420525600,20.104525634765626,0.14873790740966797,0.04115724563598633,0.09734451770782471
1773047920430500000,20.1145,0.2852649688720703,0.019575119018554688,0.031131088733673096
1773047920440479200,20.124479248046875,0.2937450408935547,0.010879993438720703,-0.006526470184326172
1773047920450454300,20.134454345703126,0.12500524520874023,-0.004563808441162109,-0.006896376609802246
1773047920460433000,20.144432861328124,-0.09134101867675781,0.016176223754882812,-0.02111107110977173
1773047920470408200,20.154408203125,-0.2570962905883789,0.041326045989990234,-0.024948060512542725
1773047920480425500,20.164425537109373,-0.2897777557373047,0.03023386001586914,-0.05647188425064087
1773047920490405000,20.174405029296874,-0.13065767288208008,0.01212453842163086,-0.06382256746292114
1773047920500340500,20.184340576171873,0.0013952255249023438,-0.01872730255126953,-0.014524340629577637
1773047920510315500,20.1943154296875,0.04690122604370117,-0.07308578491210938,-0.01809293031692505
1773047920520255500,20.20425537109375,-0.04866838455200195,-0.07109928131103516,-0.07432335615158081
1773047920530227000,20.21422705078125,-0.12831354141235352,-0.031533241271972656,-0.10315823554992676
1773047920540131600,20.224131591796876,-0.09438228607177734,0.003749847412109375,-0.05275958776473999
1773047920550096400,20.234096435546874,0.013350486755371094,0.025477886199951172,0.01607680320739746
1773047920560085000,20.2440849609375,0.1657247543334961,0.019241809844970703,0.04753309488296509
1773047920570052400,20.25405224609375,0.3251199722290039,0.022274494171142578,0.008543431758880615
1773047920580000000,20.264,0.3561286926269531,0.000016689300537109375,0.0027337074279785156
1773047920589965300,20.27396533203125,0.24269390106201172,0.003973960876464844,0.024051964282989502
1773047920599953700,20.28395361328125,0.005759716033935547,0.03397417068481445,0.030610740184783936
1773047920609921300,20.29392138671875,-0.2412123680114746,0.03494596481323242,0.009761393070220947
1773047920619830000,20.303830078125,-0.2548351287841797,0.0470123291015625,0.004829287528991699
1773047920629791500,20.31379150390625,-0.09595251083374023,0.028193950653076172,0.024737000465393066
1773047920639744800,20.323744873046873,0.059525489807128906,-0.008258342742919922,0.021264314651489258
1773047920649705700,20.333705810546874,0.06257963180541992,-0.05929708480834961,-0.02434903383255005
1773047920659659800,20.34365966796875,-0.06982231140136719,-0.06841707229614258,-0.09376919269561768
1773047920669620000,20.353619873046874,-0.1951918601989746,-0.049053192138671875,-0.140489399433136
1773047920679574500,20.363574462890625,-0.21582889556884766,-0.0003285408020019531,-0.0756639838218689
1773047920689534200,20.3735341796875,-0.11032485961914062,0.025683879852294922,0.016506433486938477
1773047920699489500,20.383489501953125,0.06804513931274414,0.033147335052490234,0.0945349931716919
1773047920709448700,20.39344873046875,0.2152385711669922,0.021472454071044922,0.08287113904953003
1773047920719404300,20.403404296875,0.2573680877685547,-0.005324840545654297,0.05705195665359497
1773047920729363200,20.41336328125,0.15897226333618164,0.013708114624023438,0.002642214298248291
1773047920739280600,20.42328076171875,-0.030633926391601562,0.030776023864746094,0.019743025302886963
1773047920749235500,20.4332353515625,-0.17912912368774414,0.0565342903137207,0.042062580585479736
1773047920759195400,20.4431953125,-0.20394182205200195,0.031458377838134766,0.008611738681793213
1773047920769150700,20.453150634765624,-0.0510869026184082,0.013473987579345703,0.04269355535507202
1773047920779071700,20.46307177734375,0.12218236923217773,0.0011320114135742188,0.06758320331573486
1773047920789023500,20.4730234375,0.10515451431274414,-0.04518747329711914,0.04076719284057617
1773047920798986800,20.48298681640625,-0.01385641098022461,-0.07345104217529297,-0.05238354206085205
1773047920808939500,20.492939453125,-0.1399402618408203,-0.012026786804199219,-0.11750853061676025
1773047920818955300,20.502955322265624,-0.1800684928894043,0.040289878845214844,-0.09390509128570557
1773047920829135400,20.51313525390625,-0.08893442153930664,0.046245574951171875,-0.019258856773376465
1773047920839315500,20.5233154296875,0.056337833404541016,0.043666839599609375,0.017128944396972656
1773047920849495300,20.533495361328125,0.18977069854736328,0.022215843200683594,0.05364644527435303
1773047920859561000,20.54356103515625,0.2324209213256836,0.004733562469482422,0.02336907386779785
1773047920869523500,20.5535234375,0.13924455642700195,-0.014179706573486328,-0.01641923189163208
1773047920879512000,20.563511962890626,0.011003494262695312,-0.015252113342285156,0.02444833517074585
1773047920889477400,20.573477294921876,-0.12912559509277344,0.016393184661865234,0.03754246234893799
1773047920899463400,20.58346337890625,-0.1407318115234375,0.020293712615966797,0.01401829719543457
1773047920909431000,20.59343115234375,-0.021741390228271484,0.006994724273681641,-0.01769840717315674
1773047920919415600,20.60341552734375,0.09930849075317383,-0.028774738311767578,0.012183308601379395
1773047920929385000,20.613385009765626,0.07782888412475586,-0.07425785064697266,0.031811416149139404
1773047920939367700,20.62336767578125,-0.08815145492553711,-0.1061859130859375,-0.02943098545074463
1773047920949339000,20.6333388671875,-0.24177265167236328,-0.05761575698852539,-0.07673132419586182
1773047920959320300,20.6433203125,-0.32327699661254883,-0.017797470092773438,-0.07729750871658325
1773047920969292500,20.65329248046875,-0.2638669013977051,0.047020912170410156,-0.04481083154678345
1773047920979273200,20.663273193359377,-0.04242420196533203,0.0563654899597168,-0.06364995241165161
1773047920989246500,20.67324658203125,0.26894521713256836,0.023935794830322266,-0.012025773525238037
1773047920999226400,20.683226318359374,0.39290952682495117,0.009219169616699219,0.061348676681518555
1773047921009200000,20.6932001953125,0.3617391586303711,0.034268856048583984,0.09541106224060059
1773047921019179500,20.703179443359375,0.1543736457824707,0.05138206481933594,0.07734489440917969
1773047921029059300,20.713059326171877,-0.03921985626220703,0.07160234451293945,0.03761941194534302
1773047921038939400,20.722939453125,-0.0984506607055664,0.05920600891113281,-0.03736066818237305
1773047921049107500,20.733107421875,-0.011973857879638672,0.029711246490478516,-0.06367981433868408
1773047921059092200,20.74309228515625,0.10074234008789062,-0.0031952857971191406,-0.03851050138473511
1773047921069061400,20.753061279296876,0.11361837387084961,-0.0696253776550293,-0.03296494483947754
1773047921079044400,20.76304443359375,0.0006365776062011719,-0.09899377822875977,-0.06651818752288818
1773047921089015300,20.773015380859373,-0.21818876266479492,-0.07184123992919922,-0.06391584873199463
1773047921098997000,20.7829970703125,-0.321291446685791,-0.024982929229736328,-0.06735199689865112
1773047921108969000,20.792968994140626,-0.20304298400878906,0.04204893112182617,-0.03793853521347046
1773047921118949600,20.80294970703125,-0.041121482849121094,0.03433704376220703,-0.012874364852905273
1773047921128923000,20.8129228515625,0.16942310333251953,0.02724933624267578,0.04086196422576904
1773047921138902800,20.82290283203125,0.29257678985595703,-0.009092330932617188,0.06098043918609619
1773047921148876500,20.83287646484375,0.20807552337646484,0.0002970695495605469,0.03353208303451538
1773047921158856000,20.84285595703125,0.05592203140258789,0.040528297424316406,0.030015766620635986
1773047921168736000,20.852736083984375,-0.10269308090209961,0.041765689849853516,0.04645603895187378
1773047921178553600,20.8625537109375,-0.16521263122558594,0.02956533432006836,-0.011089444160461426
1773047921188733400,20.8727333984375,-0.0820150375366211,0.03792381286621094,-0.03390425443649292
1773047921198767600,20.882767578125,0.0929403305053711,0.005033016204833984,-0.009081840515136719
1773047921208737800,20.89273779296875,0.18514728546142578,-0.027619361877441406,0.04392808675765991
1773047921218720000,20.902719970703124,0.1404705047607422,-0.047176361083984375,0.030681610107421875
1773047921228600000,20.91260009765625,-0.02005147933959961,-0.06780290603637695,-0.024850964546203613
1773047921238417200,20.922417236328126,-0.19211721420288086,-0.007784843444824219,-0.08999210596084595
1773047921248412400,20.932412353515623,-0.23537969589233398,0.04813957214355469,-0.10790383815765381
1773047921258374400,20.94237451171875,-0.105224609375,0.0767965316772461,-0.05027264356613159
1773047921268554500,20.952554443359375,0.06903505325317383,0.07305669784545898,-0.022047817707061768
1773047921278587400,20.96258740234375,0.18441200256347656,0.05458354949951172,0.010524928569793701
1773047921288552700,20.972552734375,0.22838783264160156,0.04916954040527344,0.0890842080116272
1773047921298539000,20.9825390625,0.08952665328979492,0.032525062561035156,0.1473826766014099
1773047921308506600,20.992506591796875,-0.12598466873168945,0.047574520111083984,0.07442724704742432
1773047921318491000,21.002490966796874,-0.2959446907043457,0.06270885467529297,-0.000461578369140625
1773047921328460500,21.01246044921875,-0.26700258255004883,0.060807228088378906,-0.01233208179473877
1773047921338443300,21.022443359375,-0.056688785552978516,0.014064311981201172,-0.014489531517028809
1773047921348414200,21.032414306640625,0.11192512512207031,-0.05007791519165039,-0.002455770969390869
1773047921358396000,21.04239599609375,0.17036056518554688,-0.0907449722290039,0.009188354015350342
1773047921368368000,21.0523681640625,0.059622764587402344,-0.1322174072265625,-0.027733206748962402
1773047921378348800,21.062348876953124,-0.06746912002563477,-0.07468891143798828,-0.05177658796310425
1773047921388321800,21.07232177734375,-0.09881019592285156,-0.05032539367675781,0.022804558277130127
1773047921398302000,21.082302001953124,-0.02241659164428711,-0.020416259765625,0.04060250520706177
1773047921408275700,21.092275634765624,0.11799812316894531,0.014279365539550781,0.08807313442230225
1773047921418254800,21.1022548828125,0.251462459564209,-0.013054847717285156,0.09334033727645874
1773047921428229400,21.1122294921875,0.23803424835205078,-0.0792388916015625,0.05153006315231323
1773047921438208300,21.122208251953126,0.11806154251098633,-0.07557964324951172,-0.018075406551361084
1773047921448183300,21.132183349609374,-0.06953191757202148,-0.0543818473815918,-0.006701052188873291
1773047921458161700,21.14216162109375,-0.2070469856262207,-0.028682708740234375,-0.004724621772766113
1773047921468137000,21.152136962890626,-0.17874908447265625,0.0028328895568847656,-0.05870741605758667
1773047921478115000,21.162114990234375,-0.025424480438232422,-0.00179290771484375,-0.10243755578994751
1773047921488091000,21.1720908203125,0.12045955657958984,-0.020188331604003906,-0.07529193162918091
1773047921498068700,21.18206884765625,0.11432504653930664,-0.04897117614746094,-0.06813853979110718
1773047921508044500,21.19204443359375,-0.03643083572387695,-0.050409793853759766,-0.10018593072891235
1773047921518022400,21.2020224609375,-0.22204828262329102,0.009249210357666016,-0.12894868850708008
1773047921527998500,21.21199853515625,-0.21717309951782227,0.06925249099731445,-0.08793318271636963
1773047921537976000,21.22197607421875,-0.0960078239440918,0.12049484252929688,-0.02857452630996704
1773047921547952000,21.2319521484375,0.045958518981933594,0.15279293060302734,0.04525083303451538
1773047921557929700,21.2419296875,0.13868427276611328,0.12301301956176758,0.024218380451202393
1773047921567906600,21.251906494140623,0.1178579330444336,0.050230979919433594,-0.011631786823272705
1773047921577883000,21.2618828125,-0.014532089233398438,0.05750608444213867,-0.005870640277862549
1773047921587860200,21.271860107421876,-0.18654537200927734,0.06869697570800781,0.03269118070602417
1773047921597836800,21.2818369140625,-0.29502153396606445,0.08964252471923828,0.048352181911468506
1773047921607814000,21.29181396484375,-0.26679372787475586,0.0744619369506836,0.022754251956939697
1773047921617790500,21.30179052734375,-0.07134294509887695,0.042876243591308594,0.007671952247619629
1773047921627767600,21.311767578125,0.1486053466796875,0.026511669158935547,0.07330322265625
1773047921637744000,21.321744140625,0.20603466033935547,-0.02883148193359375,0.03460651636123657
1773047921647721200,21.33172119140625,-0.008866310119628906,-0.10884428024291992,-0.041929781436920166
1773047921657698000,21.341697998046875,-0.15870428085327148,-0.06524467468261719,-0.09521806240081787
1773047921667675100,21.351675048828124,-0.14705657958984375,0.026298046112060547,-0.04574406147003174
1773047921677651700,21.361651611328124,-0.05203533172607422,-0.014052391052246094,-0.048825085163116455
1773047921687628800,21.37162890625,0.08315038681030273,-0.015484809875488281,0.07699030637741089
1773047921697605600,21.381605712890625,0.21140146255493164,-0.026453018188476562,0.06507241725921631
1773047921707582500,21.39158251953125,0.27707481384277344,-0.08528423309326172,0.0015587210655212402
1773047921717559300,21.401559326171874,0.24864482879638672,-0.0691518783569336,0.037197768688201904
1773047921727536400,21.411536376953126,0.1416935920715332,-0.045178890228271484,0.09573698043823242
1773047921737513200,21.42151318359375,0.05119609832763672,-0.05070781707763672,0.14052295684814453
1773047921747490000,21.431489990234375,0.01362466812133789,-0.027699947357177734,0.10674786567687988
1773047921757467000,21.441466796875,0.09832429885864258,0.00041961669921875,0.06561160087585449
1773047921767443700,21.451443603515624,0.22358942031860352,-0.009157180786132812,0.05389529466629028
1773047921777420800,21.4614208984375,0.23956966400146484,-0.062325477600097656,0.042359888553619385
1773047921787397600,21.471397705078125,0.0686335563659668,-0.05545234680175781,0.0258103609085083
1773047921797374500,21.48137451171875,-0.1599259376525879,-0.04944038391113281,-0.06250697374343872
1773047921807351300,21.491351318359374,-0.2865433692932129,-0.004708766937255859,-0.08044213056564331
1773047921817328000,21.501328125,-0.25281381607055664,0.06521320343017578,-0.028043389320373535
1773047921827305200,21.51130517578125,-0.09865999221801758,0.08858299255371094,0.01481848955154419
1773047921837282000,21.521281982421876,0.07135868072509766,0.0742955207824707,0.015390157699584961
1773047921847259000,21.5312587890625,0.1730966567993164,0.05968523025512695,-0.012539505958557129
1773047921857235700,21.541235595703125,0.12353181838989258,0.053508758544921875,0.0015241503715515137
1773047921867212500,21.551212646484377,-0.02767038345336914,0.041315555572509766,0.024835526943206787
1773047921877189600,21.561189697265625,-0.22774267196655273,0.04273080825805664,-0.002269566059112549
1773047921887166500,21.57116650390625,-0.22757768630981445,0.06860589981079102,-0.10318547487258911
1773047921897143300,21.581143310546874,-0.08749151229858398,0.010976791381835938,-0.08016008138656616
1773047921907120000,21.5911201171875,0.04490852355957031,0.04929780960083008,-0.0906076431274414
1773047921917097200,21.60109716796875,0.13317632675170898,0.015797138214111328,-0.08211064338684082
1773047921927074000,21.611073974609376,0.06598186492919922,-0.05651140213012695,-0.031649231910705566
1773047921937051000,21.62105078125,-0.10716676712036133,-0.06771516799926758,-0.07794606685638428
1773047921947027700,21.63102783203125,-0.3013753890991211,-0.030885696411132812,-0.09267497062683105
1773047921957004500,21.641004638671873,-0.31987619400024414,-0.0018711090087890625,-0.02748161554336548
1773047921966981600,21.650981689453126,-0.11863517761230469,0.005314350128173828,0.018829524517059326
1773047921976958500,21.66095849609375,0.14423513412475586,-0.019524097442626953,0.032319724559783936
1773047921986935300,21.670935302734375,0.3136563301086426,-0.0726785659790039,0.04079693555831909
1773047921996815400,21.6808154296875,0.33115339279174805,-0.0749959945678711,0.048200905323028564
1773047922006633500,21.690633544921877,0.16187667846679688,-0.055977821350097656,0.07841777801513672
1773047922016813300,21.700813232421876,-0.012865066528320312,-0.029345035552978516,0.15114140510559082
1773047922026848000,21.710847900390625,-0.15687322616577148,-0.021693706512451172,0.09750884771347046
1773047922036819700,21.72081982421875,-0.06946372985839844,-0.016965389251708984,0.008811533451080322
1773047922046800600,21.730800537109374,0.14702892303466797,-0.024880409240722656,0.006828725337982178
1773047922056773400,21.7407734375,0.2803215980529785,-0.037989139556884766,0.005325675010681152
1773047922066753500,21.75075341796875,0.16830778121948242,-0.02012348175048828,-0.03373563289642334
1773047922076727000,21.76072705078125,-0.039357662200927734,0.010010242462158203,-0.10152071714401245
1773047922086706700,21.770706787109376,-0.22947263717651367,0.025786399841308594,-0.13236749172210693
1773047922096586800,21.780586669921874,-0.28579282760620117,0.08064746856689453,-0.07933229207992554
1773047922106404000,21.790404052734374,-0.1683211326599121,0.11737346649169922,-0.035899579524993896
1773047922116584200,21.800584228515625,-0.0018563270568847656,0.10262155532836914,-0.0628175139427185
1773047922126618400,21.810618408203126,0.11499738693237305,0.0737600326538086,-0.09466761350631714
1773047922136588300,21.82058837890625,0.1556563377380371,0.07722759246826172,-0.08095061779022217
1773047922146570800,21.83057080078125,0.027617454528808594,0.06489372253417969,-0.11179697513580322
1773047922156542200,21.840542236328126,-0.1207895278930664,0.09397172927856445,-0.13369637727737427
1773047922166523400,21.8505234375,-0.2288985252380371,0.16482257843017578,-0.1416645050048828
1773047922176496000,21.86049609375,-0.19037675857543945,0.1982436180114746,-0.2107478380203247
1773047922186476500,21.8704765625,-0.0074558258056640625,0.12392091751098633,-0.17478662729263306
1773047922196449800,21.88044970703125,0.06912899017333984,0.15398073196411133,-0.2800503969192505
1773047922206429400,21.890429443359373,-0.01470041275024414,0.0883030891418457,-0.17260777950286865
1773047922216309500,21.9003095703125,-0.08719491958618164,-0.05194807052612305,-0.041246116161346436
1773047922226126800,21.910126953125,-0.06899070739746094,-0.12835168838500977,-0.008850514888763428
1773047922236307000,21.920306884765626,-0.07010889053344727,-0.1417856216430664,0.10586559772491455
1773047922246341000,21.930341064453124,0.026763439178466797,-0.0879049301147461,0.17141318321228027
1773047922256311000,21.94031103515625,0.16401386260986328,-0.09098100662231445,0.2269277572631836
1773047922266293500,21.95029345703125,0.2522616386413574,-0.1226806640625,0.3333049416542053
1773047922276264700,21.9602646484375,0.1421504020690918,-0.10306310653686523,0.42352038621902466
1773047922286246100,21.97024609375,-0.06896162033081055,-0.1082768440246582,0.4609695076942444
1773047922296218600,21.980218505859376,-0.29083967208862305,-0.11354732513427734,0.4063078761100769
1773047922306199000,21.990198974609374,-0.4490952491760254,-0.07053852081298828,0.22894155979156494
1773047922316172300,22.00017236328125,-0.380889892578125,0.002296924591064453,0.014997422695159912
1773047922326152000,22.01015185546875,-0.1326751708984375,0.08147716522216797,-0.1468392014503479
1773047922336126200,22.020126220703126,0.08242368698120117,0.05665397644042969,-0.2212824821472168
1773047922346105300,22.030105224609375,0.1582016944885254,0.05019378662109375,-0.32350707054138184
1773047922356079900,22.040079833984375,0.1636505126953125,0.07512474060058594,-0.4257369041442871
1773047922366058500,22.05005859375,0.09524059295654297,0.08393478393554688,-0.49578332901000977
1773047922376033500,22.060033447265624,-0.027923107147216797,0.12974929809570312,-0.46270817518234253
1773047922386012000,22.070011962890625,-0.1303563117980957,0.17038202285766602,-0.4120189845561981
1773047922395892000,22.07989208984375,-0.14675521850585938,0.14490127563476562,-0.3712781071662903
1773047922405709800,22.089709716796875,-0.11603212356567383,0.04010438919067383,-0.321863055229187
1773047922415708400,22.09970849609375,-0.0720071792602539,0.03178691864013672,-0.24620318412780762
1773047922425667600,22.10966748046875,0.018555164337158203,0.01899862289428711,-0.16925013065338135
1773047922435847700,22.11984765625,0.10842418670654297,-0.03187227249145508,0.04996752738952637
1773047922445881000,22.129881103515626,0.1178746223449707,-0.022041797637939453,0.08194231986999512
1773047922455848400,22.139848388671876,0.17034530639648438,-0.013133525848388672,0.03211003541946411
1773047922465833000,22.1498330078125,0.2599501609802246,-0.05629539489746094,0.1557357907295227
1773047922475802400,22.15980224609375,0.30638790130615234,-0.019542217254638672,0.2634130120277405
1773047922485785300,22.169785400390627,0.25441980361938477,0.0008134841918945312,0.31389570236206055
1773047922495756000,22.179756103515626,0.12422847747802734,0.0005893707275390625,0.36054766178131104
1773047922505738000,22.189738037109375,0.06705808639526367,0.10348129272460938,0.2195955514907837
1773047922515710000,22.1997099609375,0.062378883361816406,0.011994361877441406,0.2880004644393921
1773047922525690600,22.209690673828124,0.10931825637817383,-0.04961204528808594,0.34727978706359863
1773047922535663600,22.21966357421875,0.14135026931762695,-0.06384515762329102,0.31579160690307617
1773047922545643800,22.229643798828125,0.04107809066772461,-0.05503702163696289,0.3592369556427002
1773047922555617500,22.239617431640625,-0.034709930419921875,0.001239776611328125,0.4228940010070801
1773047922565597000,22.249596923828125,-0.035067081451416016,-0.026886463165283203,0.47216570377349854
1773047922575571200,22.2595712890625,-0.022190570831298828,-0.08191156387329102,0.5500508546829224
1773047922585550000,22.269550048828126,-0.03840065002441406,-0.07933473587036133,0.535619854927063
1773047922595524900,22.27952490234375,-0.0743560791015625,-0.057248592376708984,0.426480770111084
1773047922605503500,22.28950341796875,-0.10688018798828125,-0.0856618881225586,0.2943156957626343
1773047922615478800,22.299478759765623,0.0005764961242675781,-0.16350173950195312,0.3356834650039673
1773047922625457000,22.309456787109376,0.09635782241821289,-0.16426515579223633,0.2641720771789551
1773047922635432400,22.319432373046876,0.0784139633178711,-0.13773345947265625,0.10396599769592285
1773047922645410300,22.329410400390625,0.04284191131591797,-0.0700078010559082,0.02455770969390869
1773047922655386000,22.33938623046875,-0.06685447692871094,0.01024484634399414,-0.09741121530532837
1773047922665364000,22.349364013671874,-0.15594148635864258,0.09868335723876953,-0.24572712182998657
1773047922675340000,22.359340087890626,-0.1831226348876953,0.1301116943359375,-0.3490825891494751
1773047922685317400,22.3693173828125,-0.1495985984802246,0.07765483856201172,-0.4424891471862793
1773047922695197400,22.379197509765625,-0.12204456329345703,0.06505632400512695,-0.46164071559906006
1773047922705015300,22.389015380859377,-0.038538455963134766,0.06733942031860352,-0.42653608322143555
1773047922715195400,22.3991953125,-0.0028772354125976562,0.05017900466918945,-0.37436985969543457
1773047922725229800,22.409229736328125,0.014347553253173828,0.03198432922363281,-0.3788509964942932
1773047922735201000,22.419200927734376,0.041400909423828125,0.03201580047607422,-0.4205141067504883
1773047922745182500,22.429182373046874,0.08268451690673828,0.07381057739257812,-0.44772088527679443
1773047922755155000,22.439155029296874,0.09546375274658203,0.05328226089477539,-0.4092636704444885
1773047922765135400,22.44913525390625,0.08975505828857422,-0.033360958099365234,-0.34882599115371704
1773047922775108600,22.459108642578126,0.09453344345092773,-0.05821037292480469,-0.33390235900878906
1773047922785088300,22.469088134765624,0.08120107650756836,-0.03603792190551758,-0.28015023469924927
1773047922794968300,22.47896826171875,0.054419517517089844,-0.03319263458251953,-0.20186567306518555
1773047922804828400,22.488828369140624,0.04214286804199219,-0.03495025634765625,-0.14415687322616577
1773047922814822000,22.49882177734375,0.02049398422241211,-0.06475067138671875,-0.09198087453842163
1773047922824785200,22.50878515625,0.055719852447509766,-0.12688589096069336,-0.032129645347595215
1773047922834969600,22.518969482421873,0.07200431823730469,-0.1552262306213379,0.07141119241714478
1773047922844955400,22.528955322265624,0.0559844970703125,-0.13218164443969727,0.16236883401870728
1773047922854923500,22.538923583984374,0.02236032485961914,-0.09655094146728516,0.23778212070465088
1773047922864907300,22.5489072265625,-0.062250614166259766,-0.05256462097167969,0.28021347522735596
1773047922874877200,22.558877197265623,-0.11316347122192383,-0.008715629577636719,0.25283968448638916
1773047922884859600,22.568859619140625,-0.09412431716918945,0.01724100112915039,0.2506582736968994
1773047922894739700,22.57873974609375,-0.05770254135131836,-0.0031633377075195312,0.26400935649871826
1773047922904599000,22.58859912109375,0.005791187286376953,-0.022862911224365234,0.2838486433029175
1773047922914784500,22.598784423828125,0.030735015869140625,-0.03322410583496094,0.28098249435424805
1773047922924769300,22.608769287109375,0.022645950317382812,0.02681589126586914,0.24043142795562744
1773047922934738400,22.618738525390626,-0.008498191833496094,0.09032106399536133,0.2513164281845093
1773047922944721400,22.628721435546876,-0.06750965118408203,0.1058511734008789,0.27615368366241455
1773047922954692000,22.638692138671875,-0.09293031692504883,0.09314537048339844,0.3391427993774414
1773047922964674000,22.648674072265624,-0.09034872055053711,0.057851314544677734,0.36853837966918945
1773047922974646000,22.65864599609375,-0.0554194450378418,0.01900005340576172,0.3369429111480713
1773047922984626700,22.668626708984377,-0.06848859786987305,0.04226541519165039,0.31138157844543457
1773047922994599700,22.678599609375,-0.0862131118774414,0.09798526763916016,0.2550443410873413
1773047923004579800,22.688579833984374,-0.05226850509643555,0.08698606491088867,0.16877341270446777
1773047923014459600,22.698459716796876,-0.019708633422851562,0.1051778793334961,0.06637859344482422
1773047923024319500,22.708319580078125,0.08690929412841797,0.10503387451171875,0.02267920970916748
1773047923034507000,22.718507080078126,0.16363000869750977,0.05752754211425781,-0.01959085464477539
1773047923044490200,22.728490234375,0.15062856674194336,0.018883705139160156,-0.10283422470092773
1773047923054460700,22.738460693359375,0.05418109893798828,-0.029759883880615234,-0.18043488264083862
1773047923064442600,22.748442626953125,-0.04958295822143555,0.006801605224609375,-0.21095162630081177
1773047923074414600,22.75841455078125,-0.14717435836791992,0.010338783264160156,-0.17630428075790405
1773047923084395500,22.7683955078125,-0.2013707160949707,-0.046582698822021484,-0.1191360354423523
1773047923094275300,22.778275390625,-0.21790361404418945,-0.0921320915222168,-0.13775008916854858
1773047923104135200,22.78813525390625,-0.1548619270324707,-0.1122894287109375,-0.18540292978286743
1773047923114128000,22.7981279296875,-0.08848142623901367,-0.15476036071777344,-0.17871922254562378
1773047923124092000,22.808091796875,-0.055997371673583984,-0.13030767440795898,-0.11855179071426392
1773047923134275600,22.818275634765627,-0.04735374450683594,-0.07337284088134766,-0.11715894937515259
1773047923144262000,22.828261962890625,-0.038814544677734375,-0.0314788818359375,-0.11622613668441772
1773047923154229200,22.838229248046876,0.020766258239746094,-0.008278846740722656,-0.09231841564178467
1773047923164213800,22.8482138671875,0.1587967872619629,-0.022493839263916016,-0.058835506439208984
1773047923174183200,22.85818310546875,0.2572488784790039,-0.027744770050048828,0.017761707305908203
1773047923184166000,22.868165771484374,0.25643014907836914,-0.015895843505859375,-0.004020214080810547
1773047923194046000,22.8780458984375,0.1863574981689453,-0.0014348030090332031,-0.10877692699432373
1773047923203905300,22.8879052734375,0.1509690284729004,0.06389904022216797,-0.1505463719367981
1773047923214090500,22.898090576171874,0.11640357971191406,0.09502601623535156,-0.06520724296569824
1773047923224075500,22.908075439453125,0.09204483032226562,0.11104869842529297,-0.003687739372253418
1773047923234044200,22.918044189453123,0.05444192886352539,0.059970855712890625,-0.007192254066467285
1773047923244027600,22.928027587890625,0.0037856101989746094,0.04204559326171875,-0.07587277889251709
1773047923253907700,22.93790771484375,-0.07393312454223633,0.047801971435546875,-0.09777581691741943
1773047923263766800,22.947766845703125,-0.20198297500610352,0.04417562484741211,-0.022333383560180664
1773047923273951500,22.957951416015625,-0.30458784103393555,0.026877403259277344,0.07007145881652832
1773047923283936800,22.967936767578124,-0.3312091827392578,0.006268501281738281,0.11015713214874268
1773047923293816800,22.97781689453125,-0.260103702545166,0.011233806610107422,0.08030998706817627
1773047923303675600,22.987675537109375,-0.10662031173706055,0.003235340118408203,0.06146693229675293
1773047923313859000,22.997859130859375,0.034857749938964844,-0.042337894439697266,0.07633030414581299
1773047923323845600,23.007845703125,0.024187088012695312,-0.05993461608886719,0.06251466274261475
1773047923333812700,23.017812744140624,-0.02783346176147461,-0.08279180526733398,0.033788323402404785
1773047923343797200,23.02779736328125,-0.09317541122436523,-0.029525279998779297,-0.010463714599609375
1773047923353677300,23.03767724609375,-0.07344341278076172,0.019304752349853516,0.010631561279296875
1773047923363536400,23.047536376953126,0.053340911865234375,0.04014778137207031,0.12571048736572266
1773047923373720000,23.057719970703126,0.24826478958129883,-0.014559268951416016,0.20302462577819824
1773047923383706000,23.0677060546875,0.4736957550048828,-0.036583900451660156,0.20500993728637695
1773047923393674000,23.077674072265626,0.626765251159668,0.0007023811340332031,0.13060832023620605
1773047923403658200,23.087658203125,0.6957149505615234,0.05272626876831055,0.14476895332336426
1773047923413538000,23.0975380859375,0.6914734840393066,0.04378080368041992,0.17067039012908936
1773047923423397000,23.107397216796876,0.6854052543640137,0.05543804168701172,0.15684711933135986
1773047923433581300,23.117581298828124,0.630251407623291,0.06857967376708984,0.13339102268218994
1773047923443567000,23.127567138671875,0.6296148300170898,0.027477264404296875,0.06857788562774658
1773047923453447200,23.137447265625,0.4194827079772949,0.0029501914978027344,0.05750441551208496
1773047923463305700,23.1473056640625,0.12576007843017578,0.018161296844482422,0.08604109287261963
1773047923473488600,23.157488525390626,-0.16591787338256836,-0.03523063659667969,0.03609180450439453
1773047923483475500,23.167475341796877,-0.38776159286499023,-0.07745599746704102,-0.010682463645935059
1773047923493355500,23.17735546875,-0.4104619026184082,-0.041378021240234375,-0.08629214763641357
1773047923503214000,23.187214111328124,-0.30888938903808594,-0.06906366348266602,-0.12134242057800293
1773047923513396200,23.197396240234376,-0.0660252571105957,-0.09441328048706055,-0.047333717346191406
1773047923523383600,23.207383544921875,0.25028562545776367,-0.04720306396484375,-0.003107786178588867
1773047923533350000,23.217349853515625,0.30677032470703125,0.03629875183105469,0.08004879951477051
1773047923543335200,23.227335205078123,0.2546553611755371,0.1602935791015625,0.09593963623046875
1773047923553303600,23.237303466796874,0.08275461196899414,0.1351032257080078,0.01340782642364502
1773047923563287300,23.247287353515624,-0.11201286315917969,-0.1599745750427246,0.1911686658859253
1773047923573257500,23.257257568359375,-0.2962203025817871,-0.33470678329467773,0.10381889343261719
1773047923583239700,23.26723974609375,-0.6541309356689453,0.028003215789794922,-0.4573829174041748
1773047923593211100,23.277211181640624,-0.8885860443115234,0.16422176361083984,-0.5642274618148804
1773047923603192300,23.2871923828125,-1.1072111129760742,0.12728309631347656,-0.5515949726104736
1773047923613072400,23.297072265625,-1.1757621765136719,0.04010486602783203,-0.5548278093338013
1773047923622932000,23.306931884765625,-1.2291851043701172,-0.10990667343139648,-0.4196794629096985
1773047923633118500,23.317118408203125,-1.264045238494873,-0.09009933471679688,-0.2228221297264099
1773047923643102500,23.3271025390625,-1.0319952964782715,0.031401634216308594,-0.14644426107406616
1773047923653072100,23.337072021484374,-0.6391692161560059,0.006151676177978516,-0.01204007863998413
1773047923663054600,23.3470546875,-0.1259021759033203,-0.044536590576171875,0.011437773704528809
1773047923673026000,23.357026123046875,0.3336019515991211,0.029439926147460938,0.04184240102767944
1773047923683007200,23.36700732421875,0.6460952758789062,0.0967864990234375,0.2391517162322998
1773047923692979700,23.376979736328124,0.8945918083190918,0.13697433471679688,0.30583298206329346
1773047923702960000,23.386960205078125,1.0895700454711914,0.1539607048034668,0.31438684463500977
1773047923712933400,23.396933349609377,1.1645278930664062,0.11376333236694336,0.3488611578941345
1773047923722913000,23.4069130859375,1.1766362190246582,0.07880496978759766,0.2537959814071655
1773047923732887000,23.416886962890626,1.1541566848754883,0.1305069923400879,0.20873594284057617
1773047923742866400,23.426866455078127,0.9303374290466309,0.09592533111572266,0.3068113327026367
1773047923752841000,23.436841064453127,0.6773681640625,-0.029644012451171875,0.45474302768707275
1773047923762819600,23.446819580078124,0.347074031829834,-0.1403789520263672,0.4136916399002075
1773047923772794600,23.456794677734376,-0.1764531135559082,-0.11999797821044922,0.18370378017425537
1773047923782773000,23.46677294921875,-0.5803217887878418,0.0010232925415039062,-0.025849461555480957
1773047923792748300,23.476748291015625,-0.7908482551574707,0.03899955749511719,-0.1401316523551941
1773047923802726100,23.48672607421875,-0.9245772361755371,-0.01869821548461914,-0.2646021246910095
1773047923812702000,23.496701904296874,-0.9196090698242188,-0.05229616165161133,-0.28565913438796997
1773047923822679800,23.5066796875,-0.8234515190124512,-0.08116006851196289,-0.31159651279449463
1773047923832655600,23.516655517578126,-0.7261800765991211,-0.07235383987426758,-0.38378775119781494
1773047923842633200,23.52663330078125,-0.6033387184143066,-0.016756534576416016,-0.3129197359085083
1773047923852609300,23.536609375,-0.40207624435424805,0.0706472396850586,-0.17964988946914673
1773047923862587000,23.5465869140625,-0.13647079467773438,0.01226949691772461,-0.11580806970596313
1773047923872563000,23.55656298828125,0.11800336837768555,-0.0018649101257324219,-0.009872674942016602
1773047923882540300,23.566540283203125,0.28647851943969727,0.007339000701904297,0.10505342483520508
1773047923892516600,23.5765166015625,0.28870296478271484,-0.018453121185302734,0.10106515884399414
1773047923902494000,23.586493896484374,0.20176458358764648,-0.0077495574951171875,0.03076612949371338
1773047923912470500,23.596470458984374,0.13511419296264648,0.10228157043457031,0.036589741706848145
1773047923922447600,23.606447509765626,0.15459632873535156,0.11656618118286133,-0.000828862190246582
1773047923932424200,23.616424072265627,0.24564456939697266,0.09713268280029297,0.0018658638000488281
1773047923942401300,23.6264013671875,0.3941636085510254,0.05306816101074219,0.17417311668395996
1773047923952377900,23.6363779296875,0.5816788673400879,-0.04967021942138672,0.14683330059051514
1773047923962355000,23.64635498046875,0.7760486602783203,-0.05434465408325195,0.08457446098327637
1773047923972331500,23.65633154296875,0.8495368957519531,-0.014673709869384766,0.13299739360809326
1773047923982308600,23.66630859375,0.7168917655944824,0.006681919097900391,0.0722278356552124
1773047923992285200,23.67628515625,0.502049446105957,0.053243160247802734,0.014698028564453125
1773047924002262300,23.68626220703125,0.32294416427612305,0.0691380500793457,-0.004158616065979004
1773047924012238800,23.69623876953125,0.2260427474975586,0.022262096405029297,-0.08442413806915283
1773047924022216000,23.7062158203125,0.05804634094238281,-0.015228748321533203,-0.11182379722595215
1773047924032192500,23.716192626953124,-0.1379384994506836,-0.014590740203857422,-0.10106396675109863
1773047924042169600,23.726169677734376,-0.31899404525756836,0.024259567260742188,-0.1813696026802063
1773047924052146400,23.736146484375,-0.4478745460510254,-0.021850109100341797,-0.16226011514663696
1773047924062123300,23.746123291015625,-0.43522167205810547,-0.01280069351196289,-0.08263027667999268
1773047924072099800,23.756099853515625,-0.4061398506164551,0.04198122024536133,0.035271406173706055
1773047924082077000,23.766076904296874,-0.34170055389404297,0.05122089385986328,0.16573774814605713
1773047924092053800,23.7760537109375,-0.23212528228759766,0.004952907562255859,0.19989609718322754
1773047924102030600,23.786030517578126,-0.15301799774169922,-0.030614376068115234,0.18469059467315674
1773047924112007400,23.79600732421875,-0.11314010620117188,0.006211757659912109,0.14197993278503418
1773047924121984300,23.805984375,-0.13151836395263672,0.08680343627929688,0.08505797386169434
1773047924131961000,23.815961181640624,-0.10312223434448242,0.11559677124023438,0.024257779121398926
1773047924141938000,23.82593798828125,0.04769277572631836,0.07735252380371094,0.03963792324066162
1773047924151914800,23.835914794921877,0.20517253875732422,0.10588693618774414,0.017257094383239746
1773047924161891600,23.8458916015625,0.25237131118774414,0.16140079498291016,-0.008702516555786133
1773047924171868400,23.855868408203126,0.15432310104370117,0.12478494644165039,0.09864890575408936
1773047924181845200,23.86584521484375,0.09684276580810547,-0.030431747436523438,0.15819084644317627
1773047924191822000,23.875822021484375,0.09296417236328125,-0.13680696487426758,-0.04250812530517578
1773047924201799000,23.885798828125,0.09444093704223633,-0.072021484375,-0.17674952745437622
1773047924211775700,23.895775634765624,0.006310939788818359,0.05831480026245117,-0.07675457000732422
1773047924221752600,23.905752685546876,-0.01036834716796875,0.04130983352661133,0.03497791290283203
1773047924231729400,23.9157294921875,0.0625147819519043,-0.064849853515625,0.004536867141723633
1773047924241706200,23.925706298828125,0.0452885627746582,-0.1510181427001953,-0.015837430953979492
1773047924251683000,23.93568310546875,-0.0983743667602539,-0.16531658172607422,0.024022340774536133
1773047924261660000,23.945659912109374,-0.2775559425354004,-0.047130584716796875,0.13297486305236816
1773047924271636700,23.95563671875,-0.35175514221191406,0.023310184478759766,0.143213152885437
1773047924281613600,23.965613525390626,-0.2810797691345215,0.0472259521484375,0.11949384212493896
1773047924291590700,23.975590576171875,-0.17630910873413086,0.002056121826171875,0.08041918277740479
1773047924301567500,23.9855673828125,-0.07034635543823242,-0.040845394134521484,0.05797839164733887
1773047924311544300,23.99554443359375,0.042873382568359375,0.025621414184570312,0.07396495342254639
1773047924321521200,24.005521240234376,0.1127772331237793,0.014876365661621094,-0.0621795654296875
1773047924331498000,24.015498046875,0.055649757385253906,0.055190086364746094,-0.16537421941757202
1773047924341474800,24.025474853515625,-0.023766040802001953,0.11839866638183594,-0.10400819778442383
1773047924351451600,24.03545166015625,-0.03650188446044922,0.12948179244995117,0.012044310569763184
1773047924361428500,24.045428466796874,0.011313915252685547,0.09871625900268555,0.00020372867584228516
1773047924371405300,24.0554052734375,0.14734983444213867,0.08743524551391602,0.03763461112976074
1773047924381382100,24.065382080078123,0.19695806503295898,0.07560110092163086,-0.014226078987121582
1773047924391359000,24.07535888671875,0.15233802795410156,0.0726618766784668,-0.1363036036491394
1773047924401335800,24.085335693359376,0.09016132354736328,0.07886886596679688,-0.11176621913909912
1773047924411312600,24.095312744140625,0.0435490608215332,0.08469009399414062,-0.08373618125915527
1773047924421289500,24.10528955078125,0.030759334564208984,0.01020956039428711,-0.14048629999160767
1773047924431266300,24.115266357421874,0.1592245101928711,0.035920143127441406,-0.06817507743835449
1773047924441243100,24.1252431640625,0.2915492057800293,-0.03930044174194336,-0.023635268211364746
1773047924451220000,24.135219970703126,0.13661575317382812,-0.11560916900634766,-0.0594484806060791
1773047924461196800,24.14519677734375,-0.005484580993652344,-0.08304929733276367,-0.05804276466369629
1773047924471173600,24.155173583984375,-0.10791492462158203,-0.03133726119995117,-0.10669642686843872
1773047924481150500,24.165150390625,-0.1818842887878418,0.002727985382080078,-0.11986929178237915
1773047924491127300,24.175127197265624,-0.11063957214355469,0.08106660842895508,-0.012790083885192871
1773047924501104000,24.185104248046876,-0.018445968627929688,0.03247690200805664,0.049936652183532715
1773047924511081000,24.1950810546875,0.06715154647827148,-0.043465614318847656,0.14636099338531494
1773047924521057800,24.205057861328125,0.08102846145629883,-0.06681060791015625,0.15716052055358887
1773047924531034600,24.21503466796875,0.05257558822631836,-0.06171560287475586,0.16253626346588135
1773047924541011500,24.225011474609374,0.02956104278564453,-0.019164562225341797,0.16698837280273438
1773047924550988300,24.23498828125,-0.0023322105407714844,0.03186798095703125,0.14824199676513672
1773047924560965000,24.244965087890623,0.04621553421020508,0.03017711639404297,0.10764908790588379
1773047924570942000,24.25494189453125,0.1643075942993164,-0.01855754852294922,0.09769940376281738
1773047924580918800,24.264918701171876,0.2100992202758789,-0.01992321014404297,0.14104783535003662
1773047924590895900,24.274895751953125,0.18085670471191406,-0.022536277770996094,0.06682610511779785
1773047924600872400,24.28487255859375,0.11136198043823242,-0.03627729415893555,-0.029593825340270996
1773047924610849300,24.294849365234374,0.011196613311767578,-0.03664398193359375,-0.07395780086517334
1773047924620826000,24.304826171875,-0.06845760345458984,0.005608558654785156,-0.07669186592102051
1773047924630803200,24.31480322265625,-0.08163690567016602,0.04339933395385742,-0.04250967502593994
1773047924640780000,24.324780029296875,0.012793540954589844,0.05313396453857422,0.039039015769958496
1773047924650756900,24.3347568359375,0.12432718276977539,0.01553487777709961,0.08312129974365234
1773047924660733700,24.344733642578124,0.18756103515625,0.006011486053466797,0.07539927959442139
1773047924670671600,24.354671630859375,0.21326017379760742,0.023703575134277344,0.07681000232696533
1773047924680644600,24.36464453125,0.05176544189453125,0.06772518157958984,0.002549409866333008
1773047924690625300,24.374625244140624,-0.08343172073364258,0.09213685989379883,0.10361027717590332
1773047924700599000,24.38459912109375,0.027820587158203125,0.07416486740112305,0.08237802982330322
1773047924710579000,24.394578857421877,0.1509561538696289,0.07079696655273438,-0.0029430389404296875
1773047924720553200,24.40455322265625,0.1638493537902832,0.04394817352294922,-0.026347875595092773
1773047924730571300,24.4145712890625,0.12990474700927734,0.02664804458618164,0.06256759166717529
1773047924740550100,24.424550048828124,0.0877375602722168,0.018369197845458984,0.06066441535949707
1773047924750486300,24.434486328125,-0.04229927062988281,0.01399374008178711,0.0023230314254760742
1773047924760460800,24.444460693359375,-0.1654963493347168,0.038089752197265625,-0.09807580709457397
1773047924770440000,24.45443994140625,-0.1794114112854004,0.06307697296142578,-0.11305350065231323
1773047924780415000,24.4644150390625,-0.10481882095336914,0.05139017105102539,0.0077741146087646484
1773047924790432500,24.4744326171875,-0.032174110412597656,-0.020515918731689453,0.10740375518798828
1773047924800411600,24.48441162109375,0.011035442352294922,-0.0723567008972168,0.08726704120635986
1773047924810347300,24.49434716796875,0.006775379180908203,-0.08113574981689453,0.04750680923461914
1773047924820322000,24.504322021484374,-0.06761837005615234,-0.028792858123779297,0.04944145679473877
1773047924830262000,24.514261962890625,-0.15007734298706055,-0.005677700042724609,0.0371401309967041
1773047924840233500,24.5242333984375,-0.18480682373046875,0.01297616958618164,0.030627131462097168
1773047924850215700,24.534215576171874,-0.06973075866699219,-0.005011558532714844,-0.03109133243560791
1773047924860188200,24.544188232421874,0.0519256591796875,-0.0359644889831543,-0.05813777446746826
1773047924870091800,24.554091796875,0.09647846221923828,-0.04786396026611328,-0.06575226783752441
1773047924880057300,24.564057373046875,0.023649215698242188,-0.07474231719970703,-0.10201364755630493
1773047924890006500,24.574006591796874,-0.07070302963256836,-0.05942249298095703,-0.1767604947090149
1773047924899970600,24.583970458984375,-0.1450061798095703,0.00817108154296875,-0.1724960207939148
1773047924909960200,24.593960205078126,-0.11073160171508789,0.02878093719482422,-0.11318284273147583
1773047924919926800,24.6039267578125,-0.021331787109375,0.016806602478027344,-0.021050333976745605
1773047924929875000,24.613875,0.0617828369140625,-0.032833099365234375,0.0007624626159667969
1773047924939839700,24.62383984375,0.08745861053466797,-0.03047323226928711,-0.028632402420043945
1773047924949751000,24.6337509765625,0.08022642135620117,-0.009675025939941406,-0.07731866836547852
1773047924959710500,24.64371044921875,-0.00170135498046875,0.019948482513427734,-0.061199307441711426
1773047924969665800,24.653665771484373,-0.10086965560913086,0.030202865600585938,0.005197048187255859
1773047924979625000,24.663625,-0.10488700866699219,0.045665740966796875,0.018988370895385742
1773047924989580800,24.673580810546873,-0.0064105987548828125,0.047870635986328125,0.03793299198150635
1773047924999539500,24.68353955078125,0.15086841583251953,0.03667020797729492,0.08518743515014648
1773047925009495600,24.69349560546875,0.2542281150817871,0.03916740417480469,0.08986318111419678
1773047925019454000,24.703453857421874,0.2253127098083496,0.021286487579345703,0.07648336887359619
1773047925029410300,24.713410400390625,0.07567071914672852,0.05427360534667969,0.039397597312927246
1773047925039368400,24.723368408203125,0.00879049301147461,0.09133386611938477,0.0020307302474975586
1773047925049286400,24.733286376953124,-0.0011363029479980469,0.08618640899658203,0.011885523796081543
1773047925059240700,24.74324072265625,0.0638117790222168,0.05337095260620117,0.09324932098388672
1773047925069162800,24.753162841796875,0.1325078010559082,-0.03121185302734375,0.13323915004730225
1773047925079113700,24.76311376953125,0.13011693954467773,-0.1012420654296875,0.10346019268035889
1773047925089077500,24.773077392578124,0.06727886199951172,-0.07196617126464844,0.05045974254608154
1773047925099029800,24.78302978515625,-0.0034165382385253906,-0.05289316177368164,0.006268620491027832
1773047925108992000,24.792991943359375,-0.09613561630249023,-0.02015066146850586,-0.024399161338806152
1773047925118945300,24.8029453125,-0.17349910736083984,0.04065990447998047,-0.045288920402526855
1773047925128945200,24.812945068359376,-0.15163803100585938,0.07785606384277344,-0.02778017520904541
1773047925138903300,24.8229033203125,-0.032454490661621094,0.054355621337890625,0.009059906005859375
1773047925149083100,24.833083251953123,0.05161428451538086,0.01709890365600586,-0.000601649284362793
1773047925159263200,24.84326318359375,0.017319202423095703,0.0077533721923828125,-0.0467987060546875
1773047925169443000,24.853443115234374,-0.09104776382446289,0.012044429779052734,-0.0974808931350708
1773047925179549000,24.863548828125,-0.1697254180908203,0.059359073638916016,-0.1304384469985962
1773047925189505300,24.87350537109375,-0.14949274063110352,0.03219890594482422,-0.028025150299072266
1773047925199498500,24.88349853515625,-0.022253990173339844,-0.01703643798828125,0.11035120487213135
1773047925209459000,24.893458984375,0.10290765762329102,-0.023389816284179688,0.1256166696548462
1773047925219449000,24.903448974609375,0.16535043716430664,-0.06340551376342773,0.12295699119567871
1773047925229412900,24.913412841796877,0.15695858001708984,-0.04241514205932617,0.06374692916870117
1773047925239400200,24.923400146484376,0.08845663070678711,0.015062808990478516,0.056189656257629395
1773047925249366500,24.933366455078126,0.002930164337158203,0.0003199577331542969,0.10480296611785889
1773047925259351800,24.943351806640624,-0.043338775634765625,-0.0004477500915527344,0.05973982810974121
1773047925269320200,24.9533203125,-0.028461933135986328,0.013461589813232422,-0.048423051834106445
1773047925279304000,24.963303955078125,0.018138885498046875,0.009175777435302734,-0.07837879657745361
1773047925289273900,24.97327392578125,0.10162067413330078,-0.03272294998168945,-0.11237430572509766
1773047925299256000,24.983256103515625,0.04328346252441406,-0.03242969512939453,-0.09870922565460205
1773047925309227500,24.9932275390625,-0.0887155532836914,-0.037459373474121094,-0.17556434869766235
1773047925319208700,25.003208740234374,-0.20929193496704102,0.024096965789794922,-0.22039729356765747
1773047925329181400,25.013181396484374,-0.22093820571899414,0.06293201446533203,-0.18670052289962769
1773047925339161600,25.02316162109375,-0.0924992561340332,0.07920265197753906,-0.11218500137329102
1773047925349134800,25.033134765625,0.0708150863647461,0.05342864990234375,-0.04306221008300781
1773047925359114500,25.043114501953124,0.1847400665283203,-0.0054931640625,0.0118178129196167
1773047925369088800,25.0530888671875,0.21315908432006836,-0.03165245056152344,0.03257608413696289
1773047925379067600,25.063067626953124,0.10561227798461914,-0.006426334381103516,0.027786850929260254
1773047925389042400,25.07304248046875,0.009820938110351562,0.02748584747314453,0.0685877799987793
1773047925399021000,25.08302099609375,-0.03734159469604492,0.03731822967529297,0.09949445724487305
1773047925408996000,25.09299609375,-0.009037971496582031,0.009719371795654297,0.12224805355072021
1773047925418974200,25.10297412109375,0.06998538970947266,-0.021777629852294922,0.11337339878082275
1773047925428949800,25.11294970703125,0.11957550048828125,-0.057769775390625,0.1009066104888916
1773047925438927600,25.122927734375,0.0751800537109375,-0.03779411315917969,0.08894181251525879
1773047925448903400,25.1329033203125,-0.04734182357788086,-0.02882862091064453,0.04889988899230957
1773047925458881000,25.142881103515624,-0.17242717742919922,0.02242755889892578,-0.014996170997619629
1773047925468857000,25.152857177734376,-0.22604942321777344,0.0602874755859375,0.005540728569030762
1773047925478834700,25.162834716796876,-0.12500572204589844,0.023949623107910156,0.10553193092346191
1773047925488810800,25.172810791015625,-0.012432098388671875,-0.0016794204711914062,0.16784024238586426
1773047925498788000,25.1827880859375,0.12194347381591797,-0.008568763732910156,0.1559135913848877
1773047925508764400,25.192764404296874,0.13252735137939453,-0.016440868377685547,0.08860635757446289
1773047925518741500,25.202741455078126,0.016775131225585938,0.007967948913574219,-0.0024209022521972656
1773047925528718000,25.212718017578126,-0.11089134216308594,0.03191947937011719,-0.008590102195739746
1773047925538695200,25.222695068359375,-0.17584705352783203,0.056096553802490234,0.013874650001525879
1773047925548671700,25.232671630859375,-0.09988117218017578,0.029399394989013672,-0.03825855255126953
1773047925558648800,25.24264892578125,0.08645248413085938,-0.00024890899658203125,-0.07448291778564453
1773047925568625200,25.252625244140624,0.2883925437927246,-0.01050424575805664,-0.04378223419189453
1773047925578602200,25.262602294921876,0.3237466812133789,-0.045877933502197266,-0.04155409336090088
1773047925588579000,25.2725791015625,0.19599676132202148,-0.04072427749633789,-0.07244646549224854
1773047925598556000,25.282555908203125,0.010325908660888672,-0.013214588165283203,-0.12250673770904541
1773047925608532700,25.29253271484375,-0.05499744415283203,0.038254737854003906,-0.1456059217453003
1773047925618509600,25.302509521484374,-0.044965267181396484,0.04304361343383789,-0.03709590435028076
1773047925628486100,25.312486083984375,0.03496503829956055,0.0009922981262207031,0.01940011978149414
1773047925638463200,25.322463134765623,0.043003082275390625,-0.05018758773803711,0.0015221834182739258
1773047925648440000,25.332440185546876,-0.004914283752441406,-0.021081924438476562,-0.11091160774230957
1773047925658417000,25.3424169921875,-0.04202842712402344,-0.025635719299316406,-0.10612380504608154
1773047925668393700,25.352393798828125,-0.13013315200805664,-0.02063465118408203,-0.01813662052154541
1773047925678370600,25.36237060546875,-0.18894720077514648,0.04592132568359375,-0.0020291805267333984
1773047925688347100,25.37234716796875,-0.12051105499267578,0.09314727783203125,0.0014601945877075195
1773047925698324200,25.38232421875,0.03535175323486328,0.03210115432739258,-0.036632657051086426
1773047925708300800,25.39230078125,0.14129352569580078,-0.01358795166015625,0.0014992952346801758
1773047925718278000,25.40227783203125,0.1335902214050293,0.006190299987792969,0.04369938373565674
1773047925728254500,25.41225439453125,-0.004307746887207031,-0.01835346221923828,0.033277034759521484
1773047925738231300,25.422231201171876,-0.15812444686889648,0.004035472869873047,-0.03405022621154785
1773047925748208000,25.4322080078125,-0.1831045150756836,0.05547952651977539,-0.07340836524963379
1773047925758185200,25.442185302734377,-0.11015605926513672,0.084136962890625,0.06133103370666504
1773047925768161800,25.452161865234373,0.08814430236816406,0.04663419723510742,0.09231126308441162
1773047925778138600,25.462138671875,0.0812687873840332,-0.03355884552001953,-0.030972599983215332
1773047925788115700,25.47211572265625,0.06086301803588867,-0.013935565948486328,-0.07280993461608887
1773047925798092300,25.48209228515625,0.012941837310791016,-0.02776193618774414,-0.03537940979003906
1773047925808069000,25.492069091796875,-0.08107852935791016,-0.02247333526611328,-0.03764688968658447
1773047925818046200,25.502046142578124,-0.103302001953125,0.020934104919433594,-0.0075113773345947266
1773047925828022800,25.512022705078124,-0.022292613983154297,0.0030570030212402344,-0.014806151390075684
1773047925837999600,25.52199951171875,0.09916353225708008,-0.0046024322509765625,-0.035407423973083496
1773047925847976400,25.5319765625,0.16685914993286133,-0.02643442153930664,0.03912961483001709
1773047925857953300,25.541953369140625,0.14485597610473633,-0.0490422248840332,0.08985340595245361
1773047925867930000,25.55193017578125,0.053571224212646484,-0.053680419921875,0.037145376205444336
1773047925877907000,25.561906982421874,-0.08755683898925781,-0.030366897583007812,-0.07167220115661621
1773047925887883800,25.5718837890625,-0.14220428466796875,-0.011271953582763672,-0.06206679344177246
1773047925897860600,25.581860595703127,-0.08884525299072266,-0.009888172149658203,-0.02986598014831543
1773047925907837400,25.59183740234375,0.014641284942626953,-0.01252126693725586,0.035451650619506836
1773047925917814300,25.601814208984376,0.07883644104003906,-0.02489185333251953,0.021035075187683105
1773047925927791000,25.611791015625,0.12372112274169922,-0.01883554458618164,-0.07334268093109131
1773047925937768000,25.621767822265625,0.09344959259033203,0.01944112777709961,-0.09282386302947998
1773047925947744800,25.631744873046873,-0.00146484375,0.02369403839111328,-0.05301463603973389
1773047925957721600,25.6417216796875,-0.08027124404907227,0.013525009155273438,0.02738034725189209
1773047925967601700,25.6516015625,-0.054659366607666016,0.022798538208007812,0.05042576789855957
1773047925977462300,25.661462158203125,0.01677846908569336,0.009056568145751953,0.05074894428253174
1773047925987652000,25.671652099609375,0.11954736709594727,0.0005216598510742188,0.06630873680114746
1773047925997633000,25.681633056640624,0.10351085662841797,-0.00403594970703125,0.11095225811004639
1773047926007605800,25.691605712890624,-0.028843402862548828,-0.042859554290771484,0.10391485691070557
1773047926017586000,25.7015859375,-0.17259502410888672,-0.04392242431640625,0.0027769804000854492
1773047926027559400,25.711559326171876,-0.2674880027770996,0.05007123947143555,-0.07887518405914307
1773047926037539000,25.7215390625,-0.18366384506225586,0.0691823959350586,-0.0419161319732666
1773047926047513000,25.73151318359375,0.005963802337646484,0.02784252166748047,-0.02854454517364502
1773047926057492200,25.7414921875,0.09367704391479492,0.019791126251220703,0.03289759159088135
1773047926067372300,25.751372314453125,0.11003446578979492,0.029833316802978516,0.032536864280700684
1773047926077232000,25.761232177734374,0.05620431900024414,-0.0031909942626953125,-0.016241073608398438
1773047926087420400,25.77142041015625,-0.03378772735595703,0.02998971939086914,-0.03334546089172363
1773047926097403000,25.78140283203125,-0.14123058319091797,0.039385318756103516,-0.022894859313964844
1773047926107374000,25.7913740234375,-0.13463878631591797,0.04474306106567383,0.0015131235122680664
1773047926117355500,25.80135546875,-0.020811080932617188,0.04149818420410156,-0.002064228057861328
1773047926127328000,25.811327880859373,0.12363004684448242,0.01044321060180664,0.018495559692382812
1773047926137308400,25.821308349609374,0.1439518928527832,-0.053890228271484375,0.03437185287475586
1773047926147281400,25.831281494140626,0.057053565979003906,-0.0763707160949707,0.007943391799926758
1773047926157261300,25.84126123046875,-0.09795951843261719,-0.06666231155395508,-0.02279508113861084
1773047926167141400,25.851141357421874,-0.20834779739379883,-0.0518498420715332,-0.039902329444885254
1773047926177001200,25.861001220703123,-0.18649959564208984,-0.02143096923828125,-0.03873312473297119
1773047926187188700,25.871188720703124,-0.08645200729370117,0.0006337165832519531,0.004991650581359863
1773047926197171700,25.881171630859374,0.0487060546875,-0.02412271499633789,0.0073511600494384766
1773047926207142700,25.891142578125,0.13930177688598633,-0.04876899719238281,0.0014594793319702148
1773047926217124400,25.901124267578126,0.1443653106689453,-0.0031490325927734375,-0.013838529586791992
1773047926227096300,25.911096435546874,0.1219019889831543,0.04115581512451172,-0.021129965782165527
1773047926237077000,25.921076904296875,0.07705116271972656,0.06536388397216797,-0.029960274696350098
1773047926247050000,25.931050048828126,0.061463356018066406,0.0418701171875,-0.0013422966003417969
1773047926266910000,25.950909912109374,0.11070632934570312,0.028383255004882812,0.03728938102722168
1773047926276769800,25.960769775390624,0.12756013870239258,-0.013819694519042969,0.07650947570800781
1773047926286957300,25.970957275390624,0.0744476318359375,-0.047026634216308594,0.04965531826019287
1773047926296940300,25.980940185546874,-0.06626176834106445,-0.04307842254638672,0.004411935806274414
1773047926306911000,25.990910888671873,-0.1952533721923828,-0.010729789733886719,-0.04561722278594971
1773047926316893000,26.000892822265627,-0.2196807861328125,0.003773212432861328,-0.025423884391784668
1773047926326864600,26.01086474609375,-0.1744694709777832,0.03839588165283203,0.03678309917449951
1773047926336845600,26.020845458984375,-0.027280330657958984,0.03072357177734375,0.09932982921600342
1773047926346818300,26.030818359375,0.06574487686157227,0.02742767333984375,0.09205210208892822
1773047926356798500,26.040798583984376,0.1343684196472168,0.028136253356933594,0.004887938499450684
1773047926366678500,26.050678466796874,0.08989477157592773,0.05153036117553711,-0.06347811222076416
1773047926386725600,26.0707255859375,-0.12077951431274414,0.048712730407714844,-0.022240877151489258
1773047926396708900,26.080708984375,-0.07644987106323242,-0.017365455627441406,0.022312164306640625
1773047926406679600,26.090679443359374,-0.0007834434509277344,-0.0579533576965332,-0.051010847091674805
1773047926416661200,26.1006611328125,0.08292818069458008,-0.017665863037109375,-0.0008413791656494141
1773047926426633200,26.11063330078125,0.1613788604736328,-0.06863784790039062,0.00713956356048584
1773047926436614100,26.1206142578125,-0.023914337158203125,-0.09662961959838867,-0.06949222087860107
1773047926446587000,26.1305869140625,-0.14476394653320312,-0.03924894332885742,-0.08043074607849121
1773047926456567000,26.140567138671877,-0.1421499252319336,-0.00017642974853515625,-0.017903447151184082
1773047926466540500,26.15054052734375,-0.018509387969970703,0.006856441497802734,0.03370344638824463
1773047926476520200,26.160520263671874,0.11177444458007812,-0.01875162124633789,0.09554553031921387
1773047926486494500,26.170494384765625,0.19329166412353516,-0.04012346267700195,0.09221398830413818
1773047926496473300,26.180473388671874,0.19447803497314453,-0.020155906677246094,0.014679908752441406
1773047926506448100,26.1904482421875,0.10269451141357422,0.031308650970458984,-0.06254148483276367
1773047926516426500,26.200426513671875,-0.062001705169677734,0.038845062255859375,-0.031542301177978516
1773047926526401800,26.21040185546875,-0.1722555160522461,0.003941059112548828,0.022704482078552246
1773047926536380000,26.2203798828125,-0.1453075408935547,0.01764202117919922,0.03538382053375244
1773047926546355500,26.23035546875,-0.06369638442993164,0.004113674163818359,0.011451005935668945
1773047926556333300,26.240333251953125,0.10048913955688477,0.0010390281677246094,-0.006972908973693848
1773047926576073700,26.26007373046875,0.10920906066894531,-0.002349853515625,-0.005587100982666016
1773047926586262800,26.2702626953125,0.0005855560302734375,0.02454662322998047,-0.020755887031555176
1773047926596244500,26.280244384765624,-0.08693885803222656,0.04616403579711914,-0.07041811943054199
1773047926606216400,26.290216552734375,-0.1314249038696289,0.059144020080566406,-0.03107166290283203
1773047926616197400,26.300197265625,-0.09134578704833984,0.039877891540527344,0.05041372776031494
1773047926626170400,26.31017041015625,-0.03822135925292969,-0.02135181427001953,0.05220460891723633
1773047926636150300,26.320150390625,0.03290271759033203,-0.015834331512451172,0.05462336540222168
1773047926646124000,26.3301240234375,-0.009684085845947266,0.0033431053161621094,0.04216873645782471
1773047926656103400,26.340103515625,-0.11688566207885742,0.0264892578125,0.014722347259521484
1773047926665983500,26.3499833984375,-0.22236251831054688,0.02103281021118164,0.04440033435821533
1773047926675843300,26.35984326171875,-0.1952347755432129,-0.002289295196533203,0.041591644287109375
1773047926686031400,26.37003125,-0.07143402099609375,-0.018852710723876953,0.011750578880310059
1773047926696014000,26.38001416015625,0.063323974609375,-0.015193939208984375,-0.021864652633666992
1773047926705985000,26.389985107421875,0.16308307647705078,-0.030704498291015625,0.015948176383972168
1773047926715966700,26.399966796875,0.13546037673950195,-0.05687236785888672,0.0199887752532959
1773047926725939000,26.40993896484375,-0.017587661743164062,-0.036646366119384766,-0.028917670249938965
1773047926735919600,26.419919677734374,-0.10689258575439453,0.011929512023925781,-0.04127466678619385
1773047926745892600,26.429892578125,-0.06362485885620117,0.03705453872680664,0.00744473934173584
1773047926755872500,26.43987255859375,-0.012340545654296875,0.019866466522216797,0.05185890197753906
1773047926765752600,26.449752685546876,0.1083822250366211,-0.006547451019287109,0.03647744655609131
1773047926775612400,26.4596123046875,0.14276933670043945,-0.03320884704589844,-0.03414559364318848
1773047926785800000,26.469800048828127,0.11627864837646484,-0.03203153610229492,-0.14659082889556885
1773047926795783000,26.479782958984377,-0.012317657470703125,0.006117343902587891,-0.141595721244812
1773047926805753900,26.48975390625,-0.1011648178100586,0.05352783203125,-0.03500545024871826
1773047926815735600,26.499735595703125,-0.0808572769165039,0.05838966369628906,-0.047602057456970215
1773047926825707500,26.50970751953125,0.0561528205871582,0.04954099655151367,-0.025907397270202637
1773047926835688400,26.5196884765625,0.18132781982421875,0.02199268341064453,0.02913057804107666
1773047926845661200,26.5296611328125,0.2537727355957031,-0.020654678344726562,0.08875715732574463
1773047926855641300,26.539641357421875,0.18085861206054688,-0.02709484100341797,0.05406320095062256
1773047926865521200,26.549521240234377,0.07778263092041016,-0.0020303726196289062,-0.023213624954223633
1773047926875381200,26.55938134765625,-0.008723258972167969,0.10237264633178711,-0.07796740531921387
1773047926885568800,26.56956884765625,-0.08920478820800781,-0.0062408447265625,-0.28461742401123047
1773047926895551700,26.5795517578125,-0.1552133560180664,0.0008745193481445312,-0.04439675807952881
1773047926905522400,26.5895224609375,-0.0236053466796875,0.04658365249633789,0.1650315523147583
1773047926915504400,26.59950439453125,0.10113906860351562,0.0344996452331543,0.08127427101135254
1773047926925476000,26.60947607421875,0.12091541290283203,0.012163639068603516,0.0284196138381958
1773047926935457000,26.61945703125,0.03298664093017578,-0.005877017974853516,-0.019835948944091797
1773047926945430000,26.629429931640626,-0.10433149337768555,-0.03844499588012695,-0.012223005294799805
1773047926955410000,26.639409912109375,-0.16425514221191406,-0.046686649322509766,0.08951699733734131
1773047926965290000,26.6492900390625,-0.08800172805786133,-0.04877281188964844,0.11035621166229248
1773047926975149800,26.65914990234375,0.03309202194213867,0.0770115852355957,0.0900883674621582
1773047926985337300,26.66933740234375,0.10544776916503906,0.0775141716003418,0.04828512668609619
1773047926995320600,26.679320556640626,0.11173677444458008,0.010749340057373047,-0.03901779651641846
1773047927005291300,26.689291259765625,-0.00785064697265625,-0.013837337493896484,0.010989546775817871
1773047927015273000,26.69927294921875,-0.1909775733947754,0.019041061401367188,-0.03841674327850342
1773047927025245000,26.709244873046874,-0.10428714752197266,-0.06426715850830078,-0.16378331184387207
1773047927035225900,26.719225830078123,-0.07282686233520508,-0.06419229507446289,-0.08368837833404541
1773047927045198600,26.729198486328126,0.0036940574645996094,0.017366409301757812,-0.008828520774841309
1773047927055178800,26.7391787109375,0.0974264144897461,-0.03386974334716797,0.02697443962097168
1773047927065152500,26.749152587890624,0.0913543701171875,-0.06579113006591797,0.01838374137878418
1773047927075132000,26.7591318359375,0.043909549713134766,-0.02246999740600586,0.06959044933319092
1773047927085106200,26.769106201171876,-0.0866398811340332,0.005105018615722656,0.10571944713592529
1773047927095085000,26.7790849609375,-0.19187545776367188,-0.009994029998779297,0.06715846061706543
1773047927105059800,26.789059814453125,-0.18856430053710938,0.009374618530273438,0.045008063316345215
1773047927115038500,26.79903857421875,-0.11152267456054688,0.02046966552734375,0.03826475143432617
1773047927125013800,26.809013671875,-0.06020307540893555,-0.005542755126953125,0.018479585647583008
1773047927134992000,26.818991943359375,-0.037921905517578125,0.0015382766723632812,-0.03291630744934082
1773047927144967400,26.828967529296875,-0.020363807678222656,-0.020096302032470703,-0.1259983777999878
1773047927154945300,26.8389453125,0.015714645385742188,0.010876655578613281,-0.1911940574645996
1773047927164921300,26.84892138671875,0.08860158920288086,0.056227684020996094,-0.15389692783355713
1773047927174899000,26.85889892578125,0.20747661590576172,0.05849790573120117,-0.06620776653289795
1773047927194852600,26.8788525390625,0.25038957595825195,-0.05350160598754883,0.03865063190460205
1773047927204828700,26.88882861328125,0.14919710159301758,-0.03554821014404297,-0.024271607398986816
1773047927214806300,26.89880615234375,-0.005745410919189453,0.018859386444091797,-0.08249163627624512
1773047927224743700,26.90874365234375,-0.19575214385986328,0.0019550323486328125,-0.04194915294647217
1773047927234717000,26.918717041015626,-0.280062198638916,0.0006051063537597656,-0.011498093605041504
1773047927244542200,26.928542236328123,-0.19985055923461914,0.005658626556396484,-0.004448056221008301
1773047927254500900,26.9385009765625,-0.07064342498779297,-0.006842136383056641,0.04580330848693848
1773047927264495900,26.948495849609376,0.027742385864257812,-0.018887996673583984,0.03019559383392334
1773047927274458400,26.958458251953125,0.045162200927734375,-0.03631591796875,-0.003552079200744629
1773047927284643600,26.9686435546875,-0.021410465240478516,-0.026157855987548828,-0.05165517330169678
1773047927294628400,26.97862841796875,-0.08656024932861328,0.03096151351928711,-0.06768012046813965
1773047927304597200,26.98859716796875,-0.10404825210571289,0.05040788650512695,-0.08989107608795166
1773047927314580700,26.998580810546876,-0.0515904426574707,0.047286033630371094,-0.06571376323699951
1773047927324551200,27.00855126953125,0.0557398796081543,0.030781269073486328,0.015127420425415039
1773047927334533000,27.018533203125,0.1754617691040039,-0.018764495849609375,0.09123170375823975
1773047927344504800,27.0285048828125,0.1719346046447754,-0.059300899505615234,0.0670766830444336
1773047927354486000,27.038486083984374,0.05196714401245117,-0.024799823760986328,-0.0005085468292236328
1773047927364458800,27.048458740234373,-0.07022619247436523,-0.0004987716674804688,-0.01180124282836914
1773047927374439000,27.05843896484375,-0.1344280242919922,0.07113313674926758,-0.027825117111206055
1773047927384412400,27.068412353515626,-0.07650947570800781,-0.026735305786132812,0.018861055374145508
1773047927394392000,27.07839208984375,0.09718894958496094,-0.05148458480834961,0.10327029228210449
1773047927404366300,27.088366455078123,0.1412343978881836,0.03658103942871094,0.09768128395080566
1773047927414345200,27.09834521484375,0.11029672622680664,0.032073020935058594,0.07061052322387695
1773047927424320000,27.108320068359376,0.029619693756103516,-0.030765056610107422,0.044975996017456055
1773047927434298600,27.118298583984377,-0.12890911102294922,-0.04616832733154297,-0.05179417133331299
1773047927444178400,27.128178466796875,-0.2102799415588379,-0.003460407257080078,-0.11121392250061035
1773047927454038800,27.138038818359377,-0.14151716232299805,0.012584686279296875,-0.03411507606506348
1773047927464033500,27.148033447265625,-0.01837778091430664,0.005677223205566406,0.08964836597442627
1773047927473996000,27.15799609375,0.08405113220214844,-0.02062845230102539,0.0674358606338501
1773047927484181000,27.168180908203126,0.11468982696533203,-0.009416580200195312,-0.025036334991455078
1773047927494166300,27.178166259765625,0.046877384185791016,0.05268383026123047,-0.04187273979187012
1773047927504135000,27.188135009765624,-0.05220317840576172,0.07578849792480469,-0.0032379627227783203
1773047927514118400,27.198118408203126,-0.09824752807617188,0.03298139572143555,0.05852043628692627
1773047927524088800,27.2080888671875,-0.05515480041503906,0.005860805511474609,0.11595094203948975
1773047927534070800,27.21807080078125,0.12293338775634766,-0.010931015014648438,0.14601850509643555
1773047927544042500,27.22804248046875,0.24175024032592773,-0.004559516906738281,0.12561571598052979
1773047927554023700,27.238023681640627,0.19980573654174805,-0.004718303680419922,0.0031625032424926758
1773047927563903500,27.247903564453125,0.08498001098632812,-0.04433155059814453,-0.11774516105651855
1773047927573763300,27.257763427734375,-0.0597987174987793,-0.013309478759765625,-0.1964566707611084
1773047927583949800,27.26794970703125,-0.16015243530273438,0.02771759033203125,-0.2249690294265747
1773047927593933800,27.277933837890625,-0.1662149429321289,0.04200029373168945,-0.1891624927520752
1773047927603903700,27.28790380859375,-0.032019615173339844,0.04793405532836914,-0.017853617668151855
1773047927613886200,27.29788623046875,0.27019834518432617,-0.003879547119140625,0.1896500587463379
1773047927623857400,27.307857421875,0.10375690460205078,-0.3453989028930664,0.287875771522522
1773047927633838800,27.3178388671875,-0.022777080535888672,-0.09217643737792969,-0.005920052528381348
1773047927643719000,27.327718994140625,-0.09669828414916992,0.32803821563720703,-0.2772090435028076
1773047927653578500,27.33757861328125,-0.14115285873413086,0.20928335189819336,-0.19589197635650635
1773047927663765000,27.347764892578127,-0.161529541015625,-0.030025005340576172,-0.03923511505126953
1773047927673749000,27.3577490234375,-0.17819976806640625,-0.038311004638671875,-0.07178354263305664
1773047927683718700,27.36771875,-0.007917404174804688,-0.03066396713256836,-0.02789473533630371
1773047927693701400,27.377701416015626,0.16431760787963867,0.0004596710205078125,0.06174623966217041
1773047927703672600,27.387672607421877,0.2844371795654297,0.06613588333129883,0.02680361270904541
1773047927713654000,27.397654052734374,0.04777193069458008,-0.1454944610595703,-0.04138219356536865
1773047927723626500,27.40762646484375,-0.12902498245239258,-0.08397340774536133,-0.11559402942657471
1773047927733607000,27.41760693359375,-0.09290647506713867,0.06407594680786133,-0.05021834373474121
1773047927743580200,27.427580078125,0.06388282775878906,-0.024530410766601562,0.1035776138305664
1773047927753560000,27.43756005859375,0.15669870376586914,-0.13083505630493164,0.15327012538909912
1773047927763534000,27.4475341796875,0.13577556610107422,-0.08602094650268555,0.1050558090209961
1773047927773513200,27.45751318359375,0.03162193298339844,0.008540153503417969,-0.003453850746154785
1773047927783487700,27.46748779296875,-0.10332345962524414,0.06826162338256836,-0.01663076877593994
1773047927793466400,27.47746630859375,-0.21325206756591797,0.07593631744384766,0.003768444061279297
1773047927803441400,27.48744140625,-0.18616485595703125,0.06589746475219727,0.06712102890014648
1773047927813419800,27.497419677734374,-0.03854084014892578,0.05263996124267578,0.12091338634490967
1773047927823395300,27.507395263671874,0.12485122680664062,-0.0023255348205566406,0.1087108850479126
1773047927833373200,27.517373291015623,0.17813587188720703,-0.01512908935546875,0.12082421779632568
1773047927843253200,27.527253173828125,0.11922883987426758,-0.04387712478637695,0.053426265716552734
1773047927853113600,27.537113525390627,-0.027013301849365234,-0.01674175262451172,-0.04166364669799805
1773047927863302700,27.547302734375,-0.1000204086303711,0.019544601440429688,-0.047150611877441406
1773047927873284600,27.55728466796875,-0.13519620895385742,0.06128835678100586,-0.015703558921813965
1773047927883164700,27.56716455078125,0.03167915344238281,0.05142831802368164,0.011296987533569336
1773047927893024000,27.57702392578125,0.026101112365722656,-0.08575201034545898,0.05404853820800781
1773047927903210000,27.5872099609375,0.1189889907836914,-0.027258872985839844,-0.01607811450958252
1773047927913194500,27.597194580078124,0.16392230987548828,0.07696056365966797,-0.03932344913482666
1773047927923164000,27.607163818359375,0.025579452514648438,0.08424663543701172,-0.07699668407440186
1773047927933147000,27.61714697265625,-0.10533332824707031,0.05329322814941406,-0.04341387748718262
1773047927943026700,27.627026611328127,-0.15453147888183594,-0.037994384765625,0.004498720169067383
1773047927952886000,27.636885986328124,-0.06750869750976562,-0.05614757537841797,0.005543231964111328
1773047927962877400,27.64687744140625,0.05494880676269531,-0.04503345489501953,0.02122318744659424
1773047927972842500,27.656842529296874,0.11889886856079102,-0.04839897155761719,-0.0193483829498291
1773047927982831000,27.6668310546875,0.08398962020874023,-0.04819059371948242,-0.0403517484664917
1773047927992798500,27.676798583984375,-0.038347721099853516,-0.04455709457397461,-0.06215798854827881
1773047928002978800,27.686978759765626,-0.13977384567260742,0.011281013488769531,-0.1091618537902832
1773047928012968000,27.696968017578126,-0.19359064102172852,0.049012184143066406,-0.10514652729034424
1773047928022971400,27.706971435546876,-0.09259986877441406,0.026517868041992188,-0.021242737770080566
1773047928032962000,27.716962158203124,0.04823446273803711,-0.013971328735351562,0.05364859104156494
1773047928042886400,27.726886474609376,0.1446981430053711,-0.012156963348388672,0.08636081218719482
1773047928052870400,27.736870361328126,0.15568828582763672,0.01217794418334961,-0.022610187530517578
1773047928062840000,27.746840087890625,0.03122854232788086,0.02100992202758789,-0.05136311054229736
1773047928072822800,27.75682275390625,-0.06241607666015625,0.034160614013671875,-0.024262070655822754
1773047928082794000,27.7667939453125,-0.06557273864746094,0.0005125999450683594,-0.011442780494689941
1773047928092775400,27.776775390625,0.0009984970092773438,-0.03650093078613281,0.01156163215637207
1773047928102748000,27.786747802734375,0.10840415954589844,-0.05374765396118164,0.0206606388092041
1773047928112728300,27.796728271484376,0.12962579727172852,-0.03814077377319336,0.024916648864746094
1773047928122701600,27.80670166015625,0.04807901382446289,-0.05702066421508789,0.02437007427215576
1773047928132681200,27.81668115234375,-0.035761356353759766,0.02223348617553711,-0.00474703311920166
1773047928142655200,27.8266552734375,-0.12656402587890625,0.024026870727539062,-0.020591378211975098
1773047928152634400,27.83663427734375,-0.2735428810119629,-0.06214761734008789,-0.04652559757232666
1773047928162609200,27.846609130859374,-0.14790678024291992,0.06834745407104492,-0.07270336151123047
1773047928172587800,27.856587890625,0.0399932861328125,0.04731178283691406,0.011309623718261719
1773047928182562800,27.866562744140627,0.1593022346496582,-0.06376314163208008,0.04852020740509033
1773047928192541200,27.876541259765624,0.1558218002319336,0.0370635986328125,0.019501328468322754
1773047928202555600,27.8865556640625,0.0695033073425293,0.05460977554321289,-0.04849720001220703
1773047928212537600,27.89653759765625,-0.1468358039855957,0.010500431060791016,0.0013343095779418945
1773047928222470400,27.906470458984376,-0.20068979263305664,0.034096717834472656,-0.019260764122009277
1773047928232447500,27.916447509765625,-0.09047222137451172,0.025798320770263672,-0.0430448055267334
1773047928242424000,27.926424072265625,0.1014857292175293,-0.023640155792236328,-0.004531383514404297
1773047928252401200,27.936401123046874,0.22459936141967773,-0.0255584716796875,0.03841710090637207
1773047928262378000,27.9463779296875,0.18729352951049805,-0.019927024841308594,-0.036950111389160156
1773047928272354800,27.956354736328127,0.09631824493408203,0.030549049377441406,-0.0932168960571289
1773047928282331600,27.96633154296875,-0.1142263412475586,-0.033745765686035156,-0.03759276866912842
1773047928292308700,27.976308837890624,-0.17650890350341797,-0.019967079162597656,-0.040737271308898926
1773047928302285300,27.986285400390624,-0.12685108184814453,0.03356027603149414,0.003155350685119629
1773047928312262400,27.996262451171877,0.0007567405700683594,0.007174491882324219,0.061805009841918945
1773047928322239200,28.0062392578125,0.08850717544555664,-0.028575897216796875,0.045903682708740234
1773047928332216000,28.016216064453126,0.14726543426513672,0.0012965202331542969,-0.021101951599121094
1773047928342193000,28.02619287109375,0.10763835906982422,0.057723045349121094,0.0197601318359375
1773047928352170000,28.036169921875,-0.02412891387939453,0.06012916564941406,0.054454922676086426
1773047928362146600,28.046146484375,-0.12536334991455078,0.06694698333740234,-0.009670615196228027
1773047928372123600,28.05612353515625,-0.12265634536743164,0.02776193618774414,0.003582596778869629
1773047928382100500,28.0661005859375,0.03839874267578125,0.0049610137939453125,0.026940464973449707
1773047928392077300,28.076077392578124,0.10236740112304688,0.0014848709106445312,-0.03901958465576172
1773047928402054100,28.08605419921875,0.10005998611450195,-0.04494667053222656,-0.02905416488647461
1773047928412031000,28.096031005859373,0.07092618942260742,-0.05427885055541992,-0.02458500862121582
1773047928422007800,28.1060078125,-0.08836174011230469,-0.007924079895019531,0.011498689651489258
1773047928431985000,28.11598486328125,-0.14241456985473633,0.03894758224487305,-0.0338057279586792
1773047928441961700,28.125961669921875,-0.07007884979248047,0.025503158569335938,0.030351877212524414
1773047928451938600,28.1359384765625,0.052004337310791016,0.00807952880859375,0.03379166126251221
1773047928461915400,28.145915283203124,0.10146188735961914,-0.028351783752441406,-0.036548495292663574
1773047928471892200,28.155892333984376,0.17446470260620117,-0.013295650482177734,-0.030309557914733887
1773047928481869000,28.165869140625,0.17223787307739258,0.04761981964111328,-0.03536272048950195
1773047928491846100,28.17584619140625,-0.045000553131103516,-0.0067958831787109375,0.000635981559753418
1773047928501823000,28.185822998046874,-0.16012907028198242,0.006049156188964844,-0.04404008388519287
1773047928511799800,28.1957998046875,-0.10948753356933594,-0.02741527557373047,-0.06898081302642822
1773047928521776600,28.205776611328126,-0.07904243469238281,0.05797004699707031,0.0006093978881835938
1773047928531753500,28.21575341796875,0.05370903015136719,-0.017674922943115234,0.023310303688049316
1773047928541730300,28.225730224609375,0.10482215881347656,-0.04568147659301758,0.012810468673706055
1773047928551707100,28.23570703125,-0.0739288330078125,-0.051579952239990234,0.0026749372482299805
1773047928561684200,28.245684326171876,-0.1464529037475586,0.018352031707763672,-0.04505205154418945
1773047928571661000,28.2556611328125,-0.07263660430908203,0.055405616760253906,-0.05090963840484619
1773047928581638000,28.265637939453125,-0.0575108528137207,0.013080120086669922,-0.019942283630371094
1773047928591614700,28.27561474609375,0.01277780532836914,-0.037229061126708984,-0.0348660945892334
1773047928601591600,28.285591552734374,0.08663654327392578,-0.0023927688598632812,0.065032958984375
1773047928611568400,28.295568359375,0.13643264770507812,-0.011294841766357422,-0.02503645420074463
1773047928621545500,28.30554541015625,0.11590099334716797,0.011904239654541016,-0.043808817863464355
1773047928631522300,28.315522216796875,-0.007159233093261719,0.07186317443847656,-0.03027951717376709
1773047928641499100,28.3254990234375,-0.1000680923461914,0.060399532318115234,0.0017038583755493164
1773047928651476000,28.33547607421875,-0.08425569534301758,0.021996021270751953,0.014693617820739746
1773047928661452800,28.345452880859376,0.03378582000732422,-0.014760971069335938,0.028150558471679688
1773047928671429600,28.3554296875,0.18727827072143555,-0.013143539428710938,0.05147826671600342
1773047928681406500,28.365406494140625,0.20287847518920898,-0.04138898849487305,0.07072556018829346
1773047928691383600,28.375383544921874,0.12116622924804688,-0.028856754302978516,0.04289960861206055
1773047928701360400,28.3853603515625,0.075439453125,0.033471107482910156,-0.09751498699188232
1773047928711337200,28.395337158203127,-0.26495790481567383,-0.06146526336669922,-0.11491811275482178
1773047928721314000,28.40531396484375,-0.36690759658813477,0.046520233154296875,-0.115867018699646
1773047928731291000,28.415290771484376,-0.1973433494567871,0.08578109741210938,0.01916325092315674
1773047928741267700,28.425267822265624,0.04365396499633789,-0.016346454620361328,0.14025580883026123
1773047928751244800,28.435244873046877,0.2104015350341797,-0.028327465057373047,0.10619735717773438
1773047928761221600,28.4452216796875,0.20143413543701172,0.04788637161254883,0.03064119815826416
1773047928771198500,28.455198486328126,0.07631826400756836,0.07926034927368164,-0.02611255645751953
1773047928781175300,28.46517529296875,-0.06486320495605469,-0.012853145599365234,-0.10150694847106934
1773047928791152000,28.475152099609375,-0.10529804229736328,-0.02760934829711914,-0.057768940925598145
1773047928801129000,28.48512890625,-0.0567474365234375,-0.0033712387084960938,-0.014128923416137695
1773047928811105800,28.495105712890624,0.10804033279418945,-0.04021024703979492,0.05773496627807617
1773047928821083000,28.505082763671876,0.14367961883544922,-0.04926490783691406,0.0682981014251709
1773047928831059700,28.515059814453124,0.034255027770996094,-0.05530405044555664,-0.019338250160217285
1773047928841036500,28.52503662109375,-0.14326906204223633,-0.05234527587890625,-0.10172414779663086
1773047928851013400,28.535013427734373,-0.22429275512695312,0.017899036407470703,-0.1384420394897461
1773047928861029000,28.545029052734375,-0.18775653839111328,0.042082786560058594,-0.059003353118896484
1773047928871009800,28.555009765625,-0.030865192413330078,0.006117820739746094,0.05720257759094238
1773047928880944000,28.564944091796875,0.1421499252319336,-0.043788909912109375,0.09811711311340332
1773047928890920200,28.574920166015627,0.14827251434326172,-0.047032833099365234,0.045697569847106934
1773047928900897800,28.584897705078124,0.07509660720825195,0.0006966590881347656,-0.03897416591644287
1773047928910873900,28.594873779296876,-0.015059471130371094,0.04729413986206055,-0.048229098320007324
1773047928920851500,28.6048515625,-0.08476591110229492,0.04137706756591797,-0.006212592124938965
1773047928930827800,28.614827880859377,-0.08806896209716797,0.03611898422241211,0.04989016056060791
1773047928940805000,28.62480517578125,0.0443425178527832,0.008115768432617188,0.07776474952697754
1773047928950781700,28.63478173828125,0.16974401473999023,-0.005369663238525391,0.09642910957336426
1773047928960758800,28.6447587890625,0.19519948959350586,-0.0012121200561523438,0.07357752323150635
1773047928970735400,28.6547353515625,0.03805971145629883,-0.0177459716796875,-0.032871365547180176
1773047928980712700,28.664712646484375,-0.13466548919677734,-0.006329059600830078,-0.13322746753692627
1773047928990689300,28.674689208984375,-0.28173255920410156,0.05795860290527344,-0.13941144943237305
1773047929000627500,28.68462744140625,-0.2397770881652832,0.06219148635864258,-0.07135605812072754
1773047929010600200,28.69460009765625,-0.06350421905517578,0.030136585235595703,0.034011006355285645
1773047929020620000,28.7046201171875,0.11397314071655273,-0.010825157165527344,0.05530822277069092
1773047929030597600,28.71459765625,0.1761322021484375,-0.014389991760253906,-0.012218236923217773
1773047929040535000,28.72453515625,0.1821146011352539,0.01389312744140625,-0.0797652006149292
1773047929050508300,28.73450830078125,0.11869955062866211,0.059789180755615234,-0.09233629703521729
1773047929060488700,28.74448876953125,0.00997781753540039,0.057567596435546875,-0.017217636108398438
1773047929070462700,28.754462646484374,-0.06885194778442383,0.008486270904541016,0.02838754653930664
1773047929080442400,28.7644423828125,-0.020156383514404297,-0.0343012809753418,0.05998575687408447
1773047929090417200,28.774417236328127,0.05508852005004883,-0.04274415969848633,0.08275997638702393
1773047929100435000,28.78443505859375,0.07753419876098633,-0.06574869155883789,0.04512619972229004
1773047929110413800,28.794413818359374,0.016023635864257812,-0.0757131576538086,-0.042897820472717285
1773047929120388600,28.804388671875,-0.15217828750610352,-0.03399658203125,-0.09312498569488525
1773047929130367200,28.8143671875,-0.24299860000610352,0.036798954010009766,-0.08871698379516602
1773047929140303600,28.8243037109375,-0.2115464210510254,0.05213308334350586,-0.024804353713989258
1773047929150278000,28.83427783203125,-0.07351970672607422,0.02606678009033203,0.047704339027404785
1773047929160179700,28.8441796875,0.05248212814331055,-0.009131431579589844,0.08319294452667236
1773047929170146600,28.854146484375,0.09681510925292969,-0.0587005615234375,0.06281125545501709
1773047929180094500,28.864094482421876,0.02358722686767578,0.009525775909423828,-0.03340864181518555
1773047929190059800,28.874059814453126,-0.06671857833862305,0.062435150146484375,-0.09707319736480713
1773047929200009500,28.884009521484376,-0.16054248809814453,0.04451799392700195,-0.02443408966064453
1773047929209973000,28.893972900390626,-0.1264476776123047,0.027646541595458984,0.0238189697265625
1773047929219963000,28.903962890625,0.02843952178955078,0.04021406173706055,0.058080434799194336
1773047929229929200,28.91392919921875,0.2418355941772461,0.01947641372680664,0.045717597007751465
1773047929239878000,28.9238779296875,0.33511781692504883,-0.016644954681396484,0.0254746675491333
1773047929249842400,28.933842529296875,0.23080778121948242,-0.030798912048339844,-0.012101411819458008
1773047929259793000,28.94379296875,0.030929088592529297,-0.018029212951660156,-0.05430638790130615
1773047929269756000,28.953755859375,-0.09476137161254883,0.022943496704101562,-0.07382714748382568
1773047929279669000,28.9636689453125,-0.05939769744873047,0.05063486099243164,0.00944530963897705
1773047929289627000,28.973626953125,-0.020880699157714844,0.012875556945800781,-0.0071032047271728516
1773047929299583700,28.983583740234376,0.05919599533081055,-0.04802083969116211,0.0535283088684082
1773047929309541600,28.993541748046876,0.1052865982055664,-0.05212545394897461,0.025160551071166992
1773047929319498500,29.00349853515625,0.07132339477539062,-0.028728961944580078,-0.01217496395111084
1773047929329456400,29.013456298828125,-0.05547285079956055,0.036113739013671875,-0.002927541732788086
1773047929339413500,29.02341357421875,-0.18959617614746094,0.057704925537109375,-0.027471303939819336
1773047929349371100,29.03337109375,-0.19074392318725586,0.014246463775634766,0.014177560806274414
1773047929359367000,29.043366943359374,-0.037885189056396484,-0.017874717712402344,0.018656492233276367
1773047929369328400,29.053328369140626,0.14942598342895508,-0.011385917663574219,0.01013946533203125
1773047929379204600,29.06320458984375,0.25422143936157227,-0.005904197692871094,-0.002214193344116211
1773047929389157600,29.07315771484375,0.18476343154907227,-0.016554832458496094,-0.0329737663269043
1773047929399081000,29.0830810546875,-0.022911548614501953,0.018261432647705078,-0.10652577877044678
1773047929409031000,29.093031005859373,-0.21264219284057617,0.09032344818115234,-0.14794683456420898
1773047929418995500,29.102995361328126,-0.20750093460083008,0.08779716491699219,-0.09637141227722168
1773047929428947000,29.112947021484374,-0.08152341842651367,0.025794029235839844,-0.0035320520401000977
1773047929438948600,29.122948486328124,0.07909059524536133,-0.03449869155883789,0.08430874347686768
1773047929448905200,29.1329052734375,0.13821840286254883,-0.06607770919799805,0.1300755739212036
1773047929459085300,29.143085205078126,0.13587284088134766,-0.03212165832519531,0.03901374340057373
1773047929469265400,29.153265380859374,0.08284425735473633,0.023879528045654297,-0.03727221488952637
1773047929479445200,29.1634453125,-0.04390239715576172,0.031346797943115234,-0.033301591873168945
1773047929489551400,29.17355126953125,-0.1594252586364746,0.01082754135131836,-0.006070852279663086
1773047929499508700,29.1835087890625,-0.13769292831420898,0.015328407287597656,-0.011559605598449707
1773047929509501200,29.193501220703126,0.028213024139404297,0.007027149200439453,0.04010605812072754
1773047929519462700,29.203462646484375,0.17715024948120117,-0.015341758728027344,0.12449038028717041
1773047929529452000,29.2134521484375,0.17929887771606445,-0.02537250518798828,0.10996413230895996
1773047929539416300,29.223416259765624,0.027823448181152344,-0.027883052825927734,-0.012161850929260254
1773047929549403100,29.233403076171875,-0.16756820678710938,0.02106332778930664,-0.06752324104309082
1773047929559370200,29.243370361328125,-0.26663732528686523,0.019101619720458984,-0.048525333404541016
1773047929569355000,29.25335498046875,-0.18702077865600586,0.010100841522216797,0.020810484886169434
1773047929579324000,29.263323974609374,0.012259960174560547,-0.0021948814392089844,0.06180775165557861
1773047929589307100,29.27330712890625,0.19410276412963867,-0.03834676742553711,0.0946207046508789
1773047929599277600,29.283277587890623,0.2610931396484375,-0.018901348114013672,0.05712449550628662
1773047929609259800,29.293259765625,0.18294715881347656,0.04056501388549805,-0.017687082290649414
1773047929619231500,29.3032314453125,-0.02899789810180664,0.05063295364379883,-0.04037034511566162
1773047929629212400,29.31321240234375,-0.21879339218139648,0.009054183959960938,-0.030007600784301758
1773047929639185200,29.32318505859375,-0.21381568908691406,0.007239341735839844,-0.03335225582122803
1773047929649165300,29.333165283203126,-0.045790672302246094,0.002402782440185547,-0.0172576904296875
1773047929659138800,29.343138916015626,0.12827301025390625,0.01227426528930664,0.008447885513305664
1773047929669118500,29.353118408203127,0.12162590026855469,-0.031209468841552734,0.01091301441192627
1773047929679092700,29.3630927734375,-0.04809761047363281,-0.06160926818847656,-0.07130706310272217
1773047929689071600,29.373071533203124,-0.2332172393798828,-0.021114826202392578,-0.11134910583496094
1773047929699046400,29.38304638671875,-0.30802249908447266,0.006328582763671875,-0.10120594501495361
1773047929709024800,29.393024658203124,-0.18100261688232422,0.040529727935791016,-0.012987852096557617
1773047929719000000,29.403,-0.029357433319091797,0.04748725891113281,0.055101990699768066
1773047929728978200,29.412978271484373,0.1524662971496582,-0.025824546813964844,0.057592153549194336
1773047929738953700,29.42295361328125,0.2712249755859375,-0.0475306510925293,0.013507604598999023
1773047929748931600,29.432931640625,0.2199544906616211,0.02386474609375,-0.025661349296569824
1773047929758907400,29.442907470703126,0.07182693481445312,0.031796932220458984,-0.036676645278930664
1773047929768885200,29.45288525390625,-0.06877613067626953,0.029807090759277344,-0.05692565441131592
1773047929778861300,29.462861328125,-0.07152557373046875,0.03337812423706055,-0.042737364768981934
1773047929788838700,29.472838623046876,0.04228639602661133,0.004821300506591797,-0.027274727821350098
1773047929798815000,29.48281494140625,0.19158172607421875,-0.01844024658203125,-0.006605744361877441
1773047929808792300,29.492792236328125,0.22646427154541016,0.0044307708740234375,-0.03740406036376953
1773047929818672400,29.50267236328125,0.1212000846862793,0.0014691352844238281,-0.07206892967224121
1773047929828490200,29.512490234375,-0.0754241943359375,-0.02119302749633789,-0.12111961841583252
1773047929838670000,29.522670166015626,-0.1749558448791504,-0.018991947174072266,-0.0443422794342041
1773047929848704500,29.53270458984375,-0.11414051055908203,0.013262271881103516,0.09112370014190674
1773047929858584600,29.54258447265625,-0.003745555877685547,-0.015330791473388672,0.08455610275268555
1773047929868401400,29.5524013671875,0.2460165023803711,-0.020339488983154297,0.20709538459777832
1773047929878581200,29.562581298828125,0.40015602111816406,-0.08086585998535156,0.03435540199279785
1773047929888615000,29.572614990234374,0.0033135414123535156,-0.011120796203613281,0.01952540874481201
1773047929898583000,29.5825830078125,-0.2185192108154297,0.054750919342041016,0.04899585247039795
1773047929908567000,29.592567138671875,-0.13164138793945312,0.002944469451904297,0.059110283851623535
1773047929918447000,29.602447021484377,-0.28150367736816406,-0.0723419189453125,-0.046126723289489746
1773047929928263400,29.612263427734376,-0.17657947540283203,-0.05948925018310547,0.05281031131744385
1773047929938443500,29.622443603515624,-0.023227214813232422,-0.04981708526611328,-0.07597041130065918
1773047929948477000,29.632476806640625,-0.023711681365966797,0.007842063903808594,0.07360219955444336
1773047929958444300,29.6424443359375,0.009057998657226562,-0.029838085174560547,0.08846008777618408
1773047929968428800,29.6524287109375,-0.06625127792358398,-0.02076435089111328,-0.009375691413879395
1773047929978398000,29.66239794921875,-0.14956283569335938,0.08225679397583008,-0.044743895530700684
1773047929988381000,29.672380859375,-0.12879467010498047,0.13776922225952148,-0.03845083713531494
1773047929998351600,29.6823515625,0.003539562225341797,0.1183462142944336,-0.004642605781555176
1773047930008333600,29.69233349609375,0.11964225769042969,0.061304569244384766,0.03867363929748535
1773047930018305300,29.70230517578125,0.1876988410949707,0.02290201187133789,0.025181889533996582
1773047930028286200,29.7122861328125,0.11936616897583008,0.026314258575439453,-0.02173471450805664
1773047930038259200,29.72225927734375,-0.05496692657470703,0.05234336853027344,-0.017498493194580078
1773047930048239000,29.732239013671876,-0.23561525344848633,0.016562938690185547,-0.03704679012298584
1773047930058212900,29.742212890625,-0.315737247467041,-0.04099416732788086,-0.06928563117980957
1773047930068192300,29.752192138671877,-0.20388078689575195,-0.05282735824584961,-0.08146321773529053
1773047930088049200,29.772049072265624,0.17888402938842773,-0.09600687026977539,-0.04138529300689697
1773047930097909000,29.781908935546873,0.1508045196533203,-0.0925302505493164,-0.050960540771484375
1773047930108097000,29.792096923828126,0.05390357971191406,-0.07148075103759766,-0.08479547500610352
1773047930118079700,29.802079833984376,-0.03640174865722656,0.0010704994201660156,-0.0911722183227539
1773047930128050700,29.81205078125,-0.026907920837402344,0.07802248001098633,-0.00904536247253418
1773047930138032000,29.8220322265625,0.07091093063354492,0.05090188980102539,0.07739651203155518
1773047930148004400,29.83200439453125,0.2234668731689453,0.03316783905029297,0.07066726684570312
1773047930157985000,29.841985107421873,0.3178844451904297,0.03308534622192383,0.04718303680419922
1773047930167865000,29.851864990234375,0.28056764602661133,0.04069089889526367,0.019120335578918457
1773047930177724700,29.861724609375,0.09014701843261719,0.06082963943481445,-0.02379751205444336
1773047930187911700,29.87191162109375,-0.11046028137207031,0.061101436614990234,-0.028794050216674805
1773047930197895200,29.881895263671876,-0.18589115142822266,0.010036945343017578,0.018756628036499023
1773047930207775200,29.891775146484374,-0.17208480834960938,-0.043637752532958984,0.024452567100524902
1773047930217634300,29.90163427734375,-0.037419795989990234,-0.038774967193603516,0.03586840629577637
1773047930227819000,29.911819091796875,0.062035560607910156,-0.05768775939941406,0.014748215675354004
1773047930237804300,29.92180419921875,-0.00875091552734375,-0.11497640609741211,-0.07179474830627441
1773047930247811600,29.9318115234375,-0.1951885223388672,-0.08244562149047852,-0.16764581203460693
1773047930257799200,29.941799072265624,-0.3134784698486328,0.0030422210693359375,-0.18955504894256592
1773047930267679200,29.95167919921875,-0.22447967529296875,0.0803985595703125,-0.11977756023406982
1773047930277494800,29.961494873046874,0.02615070343017578,0.09732484817504883,0.02781069278717041
1773047930287680000,29.971679931640626,0.29110002517700195,0.06220102310180664,0.1413050889968872
1773047930297665000,29.9816650390625,0.39792299270629883,0.030148983001708984,0.17458665370941162
1773047930307634000,29.991634033203123,0.30782079696655273,0.06186628341674805,0.1174393892288208
1773047930317617200,30.0016171875,0.08939790725708008,0.09599924087524414,0.0879906415939331
1773047930327587600,30.011587646484376,-0.15741443634033203,0.07692289352416992,0.11499392986297607
1773047930337569500,30.021569580078125,-0.3303184509277344,0.044560909271240234,0.1335766315460205
1773047930347541200,30.031541259765625,-0.3423604965209961,-0.013930797576904297,0.135583758354187
1773047930357522200,30.041522216796874,-0.16364479064941406,-0.041176795959472656,0.13057243824005127
1773047930367402200,30.05140234375,0.043993473052978516,-0.08622312545776367,0.06652188301086426
1773047930377261800,30.06126171875,0.11712074279785156,-0.1175084114074707,-0.028353214263916016
1773047930387448600,30.071448486328126,-0.01681995391845703,-0.08837461471557617,-0.12201499938964844
1773047930397432300,30.081432373046876,-0.11962699890136719,-0.05508852005004883,-0.21649563312530518
1773047930407402200,30.09140234375,-0.13678407669067383,0.012317180633544922,-0.23732268810272217
1773047930417384400,30.101384521484373,0.0004820823669433594,0.023958683013916016,-0.11861860752105713
1773047930427356000,30.11135595703125,0.13036537170410156,-0.01605987548828125,-0.034526705741882324
1773047930437337000,30.121337158203126,0.2490377426147461,-0.06091117858886719,-0.04917633533477783
1773047930447309800,30.131309814453125,0.28240537643432617,-0.05006742477416992,-0.06815958023071289
1773047930457290000,30.1412900390625,0.16159725189208984,-0.022239208221435547,-0.059401750564575195
1773047930467170000,30.151170166015625,-0.026784420013427734,0.018329143524169922,-0.0844811201095581
1773047930477030000,30.16102978515625,-0.22165346145629883,0.016069412231445312,-0.014964699745178223
1773047930487217000,30.171216796875,-0.23107576370239258,-0.013105392456054688,0.030752062797546387
1773047930497200400,30.181200439453125,-0.07738351821899414,0.0068264007568359375,0.07265329360961914
1773047930507170800,30.1911708984375,0.0870962142944336,0.031595706939697266,0.07759881019592285
1773047930517152800,30.20115283203125,0.12709712982177734,-0.0015854835510253906,0.050672054290771484
1773047930527124500,30.21112451171875,0.07358407974243164,0.030210494995117188,-0.04139864444732666
1773047930537105400,30.22110546875,-0.053839683532714844,0.09419536590576172,-0.09552872180938721
1773047930547078100,30.231078125,-0.09021854400634766,0.14891576766967773,-0.08060312271118164
1773047930557058300,30.241058349609375,0.028510093688964844,0.13336849212646484,0.008116722106933594
1773047930567031800,30.25103173828125,0.16391229629516602,0.0709381103515625,0.101035475730896
1773047930577011200,30.26101123046875,0.2460165023803711,0.012891292572021484,0.0909956693649292
1773047930586985500,30.2709853515625,0.16829347610473633,-0.02735280990600586,0.006787657737731934
1773047930596964600,30.280964599609376,-0.029085159301757812,-0.0071048736572265625,-0.07669699192047119
1773047930606844400,30.290844482421875,-0.2791409492492676,-0.015535831451416016,-0.09471499919891357
1773047930616704500,30.30070458984375,-0.4788064956665039,-0.0649871826171875,-0.06178140640258789
1773047930626892800,30.310892822265625,-0.4279356002807617,-0.06402730941772461,-0.02000892162322998
1773047930636875300,30.320875244140623,-0.2063441276550293,-0.06976604461669922,0.05431711673736572
1773047930646846500,30.330846435546874,0.0527644157409668,-0.06483316421508789,0.10888004302978516
1773047930656828000,30.340827880859376,0.16718292236328125,-0.042157649993896484,0.09689569473266602
1773047930666800000,30.350800048828123,0.12150764465332031,-0.031289100646972656,0.09448981285095215
1773047930676780500,30.360780517578124,-0.007071495056152344,-0.002781391143798828,0.05390572547912598
1773047930686753800,30.37075390625,-0.07281064987182617,0.07782173156738281,-0.005714297294616699
1773047930696733400,30.3807333984375,0.0021643638610839844,0.10707902908325195,0.05319058895111084
1773047930706707500,30.39070751953125,0.19243812561035156,0.051851749420166016,0.12709450721740723
1773047930716686600,30.4006865234375,0.346799373626709,0.020130634307861328,0.08012247085571289
1773047930726661400,30.410661376953126,0.37765073776245117,0.005756855010986328,-0.016196131706237793
1773047930736640000,30.420639892578127,0.2970433235168457,0.02252483367919922,-0.08318698406219482
1773047930746615000,30.430614990234375,0.07838296890258789,0.03272867202758789,-0.11295604705810547
1773047930756593200,30.44059326171875,-0.14066791534423828,0.04231691360473633,-0.11972439289093018
1773047930766568700,30.450568603515624,-0.2157149314880371,-0.0036993026733398438,-0.05609893798828125
1773047930776546600,30.460546630859376,-0.1687154769897461,-0.0332484245300293,-0.02116978168487549
1773047930786522400,30.4705224609375,-0.0531315803527832,-0.06112051010131836,-0.014464735984802246
1773047930796500000,30.4805,0.004088878631591797,-0.08400583267211914,-0.026252388954162598
1773047930806476000,30.49047607421875,-0.09401559829711914,-0.1170358657836914,-0.09421634674072266
1773047930816453600,30.50045361328125,-0.24657726287841797,-0.06488847732543945,-0.18108034133911133
1773047930826429700,30.5104296875,-0.2894887924194336,0.016597747802734375,-0.18914592266082764
1773047930836407000,30.520406982421875,-0.13562345504760742,0.08501291275024414,-0.07702958583831787
1773047930846383400,30.53038330078125,0.08988428115844727,0.09238529205322266,0.028096795082092285
1773047930856360700,30.540360595703124,0.2836904525756836,0.023691177368164062,0.09490668773651123
1773047930866240800,30.55024072265625,0.3440885543823242,0.010711669921875,0.05296182632446289
1773047930876101000,30.56010107421875,0.24087905883789062,0.04769277572631836,0.010603785514831543
1773047930886290400,30.57029052734375,0.028187274932861328,0.07781744003295898,0.03808951377868652
1773047930896272000,30.58027197265625,-0.18066883087158203,0.045957088470458984,0.07912564277648926
1773047930906244400,30.590244384765626,-0.26943302154541016,0.015559196472167969,0.12043988704681396
1773047930916224800,30.600224853515623,-0.2032480239868164,-0.012758255004882812,0.14399397373199463
1773047930926198000,30.610197998046875,-0.06907272338867188,-0.020586490631103516,0.10764706134796143
1773047930936177700,30.620177734375,-0.02703714370727539,-0.06126213073730469,0.10200178623199463
1773047930946151700,30.630151611328124,0.005288124084472656,-0.059639930725097656,0.08826887607574463
1773047930956130800,30.640130859375,-0.014188766479492188,0.0026869773864746094,-0.005602002143859863
1773047930966011000,30.650010986328127,-0.0802464485168457,0.04537773132324219,-0.10895013809204102
1773047930975871000,30.65987109375,-0.10339736938476562,0.069580078125,-0.0663214921951294
1773047930986058800,30.670058837890625,-0.004892826080322266,0.06645727157592773,-0.0012546777725219727
1773047930996041500,30.68004150390625,0.15762090682983398,0.002101898193359375,0.04996955394744873
1773047931006012700,30.6900126953125,0.2381153106689453,-0.03887748718261719,0.04558289051055908
1773047931015994000,30.699994140625,0.19614744186401367,-0.02422332763671875,-0.02872633934020996
1773047931025966300,30.70996630859375,0.06201171875,0.05034303665161133,-0.09364461898803711
1773047931035946800,30.71994677734375,-0.055185794830322266,0.019908428192138672,-0.09325194358825684
1773047931045920000,30.729919921875,-0.12368631362915039,-0.00475311279296875,-0.04651021957397461
1773047931055899600,30.739899658203125,-0.10744428634643555,-0.04667186737060547,0.03735625743865967
1773047931065873700,30.749873779296873,0.0015053749084472656,-0.030353069305419922,0.05950284004211426
1773047931075852800,30.759852783203126,0.11800765991210938,-0.04287099838256836,0.021453142166137695
1773047931085732900,30.76973291015625,0.1347188949584961,-0.08023643493652344,0.009162306785583496
1773047931095592700,30.7795927734375,-0.0405573844909668,-0.06197500228881836,-0.08270788192749023
1773047931105587000,30.7895869140625,-0.23627805709838867,0.031645774841308594,-0.17500412464141846
1773047931115549700,30.7995498046875,-0.2417469024658203,0.08825826644897461,-0.11804866790771484
1773047931125734400,30.809734375,-0.1171870231628418,0.0896444320678711,-0.006290316581726074
1773047931135720000,30.819719970703126,0.023172855377197266,0.03033304214477539,0.05836057662963867
1773047931145688300,30.829688232421876,0.12835931777954102,-0.005115032196044922,0.0580519437789917
1773047931155671800,30.839671875,0.16707420349121094,0.010549545288085938,0.020058870315551758
1773047931165641700,30.849641845703125,0.1310410499572754,0.048459529876708984,-0.0042307376861572266
1773047931175624200,30.859624267578123,0.021120071411132812,0.06156492233276367,-0.015038371086120605
1773047931185595600,30.869595703125,-0.06347322463989258,0.022750377655029297,-0.025826215744018555
1773047931195576800,30.879576904296876,-0.020176410675048828,-0.0008459091186523438,0.0021789073944091797
1773047931205549300,30.88954931640625,0.05923318862915039,-0.03298473358154297,0.02655637264251709
1773047931215529500,30.899529541015625,0.13264179229736328,-0.06508636474609375,0.0004999637603759766
1773047931225503000,30.9095029296875,0.06939458847045898,-0.09824609756469727,-0.03301107883453369
1773047931235482600,30.919482666015625,-0.10920095443725586,-0.10395383834838867,-0.10850989818572998
1773047931245456600,30.92945654296875,-0.2517728805541992,-0.043309688568115234,-0.15612375736236572
1773047931255435800,30.939435791015626,-0.29451942443847656,-0.0004763603210449219,-0.12483465671539307
1773047931265315800,30.94931591796875,-0.19733285903930664,0.020408153533935547,-0.023966312408447266
1773047931275175700,30.95917578125,-0.03714609146118164,0.013675212860107422,0.04851555824279785
1773047931285364000,30.969364013671875,0.11078119277954102,-0.007401466369628906,0.03701794147491455
1773047931295346400,30.979346435546876,0.1583395004272461,0.008526325225830078,-0.0026252269744873047
1773047931305226500,30.9892265625,0.14522695541381836,0.060959815979003906,-0.03420615196228027
1773047931315043000,30.99904296875,0.06287860870361328,0.09789371490478516,-0.0493314266204834
1773047931325223200,31.00922314453125,-0.0036873817443847656,0.07314205169677734,0.018840312957763672
1773047931335256800,31.0192568359375,-0.013382911682128906,0.030579566955566406,0.0489119291305542
1773047931345224700,31.029224609375,0.09859275817871094,0.02227306365966797,0.07998180389404297
1773047931355208700,31.039208740234375,0.17099761962890625,-0.005115032196044922,0.11216175556182861
1773047931365178600,31.0491787109375,0.1632218360900879,-0.014548301696777344,0.11156773567199707
1773047931375161000,31.0591611328125,0.029875755310058594,-0.025271892547607422,0.04473865032196045
1773047931385132300,31.06913232421875,-0.13836145401000977,0.025229930877685547,-0.013199090957641602
1773047931395113500,31.079113525390625,-0.17734193801879883,0.061966896057128906,0.017478108406066895
1773047931404993500,31.08899365234375,-0.14645099639892578,0.04311704635620117,0.08522546291351318
1773047931414810600,31.098810546875,-0.060701847076416016,-0.01710796356201172,0.14440536499023438
1773047931424990500,31.108990478515626,0.028255939483642578,-0.053175926208496094,0.0960768461227417
1773047931435024400,31.1190244140625,0.017320632934570312,-0.0422825813293457,0.01173543930053711
1773047931444993000,31.128992919921874,-0.021056652069091797,-0.003712177276611328,-0.04871344566345215
1773047931454976500,31.1389765625,-0.10595035552978516,0.039424896240234375,-0.0721045732498169
1773047931464947000,31.148947021484375,-0.12869501113891602,0.030733585357666016,-0.08635056018829346
1773047931474929000,31.158928955078125,-0.034220218658447266,0.013587474822998047,-0.043411850929260254
1773047931484900600,31.168900634765624,0.11913919448852539,-0.03560447692871094,0.023032426834106445
1773047931494881500,31.178881591796873,0.24224853515625,-0.047249794006347656,-0.004479885101318359
1773047931504854300,31.188854248046876,0.1905503273010254,-0.032453060150146484,-0.048699140548706055
1773047931514834400,31.19883447265625,0.009034156799316406,-0.0475459098815918,-0.13870453834533691
1773047931524808000,31.208807861328125,-0.13649797439575195,-0.024291515350341797,-0.1864553689956665
1773047931534787300,31.218787353515626,-0.1198430061340332,-0.0005173683166503906,-0.12251484394073486
1773047931544761600,31.22876171875,-0.06659317016601562,0.04742145538330078,-0.06969046592712402
1773047931554740500,31.238740478515624,-0.0011205673217773438,0.043639183044433594,-0.0169142484664917
1773047931564715300,31.24871533203125,0.10070514678955078,-0.016842365264892578,0.01336205005645752
1773047931574694000,31.25869384765625,0.11683320999145508,-0.011525630950927734,0.02083146572113037
1773047931584669000,31.2686689453125,0.05828046798706055,0.030498504638671875,-0.04762256145477295
1773047931594647000,31.27864697265625,-0.02678966522216797,0.06668519973754883,-0.06933200359344482
1773047931604527000,31.288527099609375,-0.0913848876953125,0.0787510871887207,-0.06344485282897949
1773047931614387200,31.29838720703125,-0.12707996368408203,0.011121749877929688,-0.034470438957214355
1773047931624576300,31.308576171875,-0.08771419525146484,-0.026139259338378906,0.0126420259475708
1773047931634558200,31.31855810546875,0.044304847717285156,-0.010124683380126953,0.035675644874572754
1773047931644530000,31.328530029296875,0.10349082946777344,-0.013414859771728516,-0.025626182556152344
1773047931654510800,31.3385107421875,0.07273006439208984,-0.045403480529785156,-0.053089022636413574
1773047931664483600,31.348483642578124,0.015026092529296875,-0.09602975845336914,-0.020880460739135742
1773047931674463500,31.35846337890625,0.03380727767944336,-0.008484840393066406,-0.07772958278656006
1773047931684437200,31.368437255859376,0.13180971145629883,0.17321443557739258,-0.09465408325195312
1773047931694416600,31.378416748046874,0.24716949462890625,0.15412139892578125,0.02936685085296631
1773047931704391000,31.388390869140625,0.2020864486694336,-0.05965566635131836,0.20415377616882324
1773047931714369800,31.398369873046875,0.022817611694335938,-0.15895843505859375,0.3303595781326294
1773047931724344600,31.408344482421874,-0.1861872673034668,-0.1537156105041504,0.3384658098220825
1773047931734323200,31.4183232421875,-0.3692917823791504,-0.08648920059204102,0.29127657413482666
1773047931744298200,31.42829833984375,-0.46114015579223633,0.003997325897216797,0.18559706211090088
1773047931754276400,31.4382763671875,-0.4306640625,-0.019048213958740234,0.070395827293396
1773047931764252000,31.448251953125,-0.28043651580810547,-0.016479969024658203,0.011257410049438477
1773047931774229800,31.458229736328125,-0.054472923278808594,0.02056407928466797,0.001600027084350586
1773047931784205600,31.46820556640625,0.17212820053100586,0.06175804138183594,-0.0492401123046875
1773047931794183400,31.478183349609374,0.22210264205932617,0.09596681594848633,-0.17407643795013428
1773047931804159200,31.4881591796875,0.14604806900024414,0.10936164855957031,-0.2898983955383301
1773047931814136800,31.49813671875,0.025035381317138672,0.042708396911621094,-0.2903788089752197
1773047931824017000,31.508016845703125,0.08920526504516602,0.06808900833129883,-0.24736034870147705
1773047931833877200,31.517877197265626,0.22258710861206055,0.06555986404418945,-0.11705958843231201
1773047931844066600,31.528066650390624,0.31198835372924805,-0.012741565704345703,0.03391623497009277
1773047931854048000,31.538048095703125,0.28351497650146484,-0.09111547470092773,0.1539362668991089
1773047931864020200,31.548020263671877,0.21445226669311523,-0.08486175537109375,0.15432190895080566
1773047931874001000,31.5580009765625,0.12412357330322266,-0.02840900421142578,0.1227869987487793
1773047931883974000,31.567973876953126,-0.15710020065307617,-0.03064870834350586,0.023180723190307617
1773047931893953800,31.577953857421875,-0.29808664321899414,0.029200077056884766,0.04855930805206299
1773047931903833900,31.587833740234377,-0.28343725204467773,0.019194602966308594,0.07062029838562012
1773047931913693700,31.597693603515626,-0.1291513442993164,-0.022445201873779297,0.05583977699279785
1773047931923687200,31.607687255859375,-0.07176733016967773,-0.021224498748779297,0.005038857460021973
1773047931933650400,31.617650390625,-0.13758277893066406,-0.015745162963867188,-0.09584009647369385
1773047931943835000,31.6278349609375,-0.2023000717163086,0.037061214447021484,-0.1868448257446289
1773047931953820400,31.6378203125,-0.13503551483154297,0.039003849029541016,-0.1945338249206543
1773047931963788500,31.64778857421875,0.0006093978881835938,0.010013103485107422,-0.11574423313140869
1773047931973772500,31.6577724609375,0.1994614601135254,-0.0035753250122070312,-0.006399750709533691
1773047931983742200,31.6677421875,0.3484635353088379,0.005859375,0.08759725093841553
1773047931993724700,31.677724609375,0.34093284606933594,0.0037894248962402344,0.14416944980621338
1773047932003604700,31.687604736328126,0.20773887634277344,-0.005145072937011719,0.15540432929992676
1773047932013464000,31.697464111328124,-0.0029807090759277344,0.06984281539916992,0.1217508316040039
1773047932023649500,31.7076494140625,-0.18280363082885742,0.06857156753540039,0.08147990703582764
1773047932033634300,31.71763427734375,-0.13021183013916016,0.021209239959716797,0.06703710556030273
1773047932043603200,31.727603271484377,-0.051595211029052734,0.003857135772705078,0.04996013641357422
1773047932053586400,31.73758642578125,0.05733537673950195,0.00199127197265625,0.0628594160079956
1773047932063557000,31.74755712890625,0.12178802490234375,0.005296230316162109,-0.03313922882080078
1773047932073538800,31.757538818359375,0.11029195785522461,-0.03384113311767578,-0.09163248538970947
1773047932083510800,31.7675107421875,0.06682300567626953,-0.09579658508300781,-0.17614209651947021
1773047932093491700,31.77749169921875,0.0341801643371582,-0.06658124923706055,-0.12325572967529297
1773047932103464400,31.78746435546875,0.1014256477355957,0.019168853759765625,-0.04679441452026367
1773047932113444600,31.797444580078125,0.182525634765625,0.06980323791503906,0.07004690170288086
1773047932123418000,31.807418212890624,0.21200799942016602,0.008878707885742188,0.15945947170257568
1773047932133397500,31.8173974609375,0.14392423629760742,-0.04956626892089844,0.1390446424484253
1773047932143372000,31.8273720703125,-0.08139467239379883,-0.015697956085205078,0.03298759460449219
1773047932153351000,31.837350830078126,-0.32576942443847656,0.025862693786621094,-0.04639577865600586
1773047932163325700,31.84732568359375,-0.5052199363708496,0.0010290145874023438,-0.11903488636016846
1773047932173304000,31.857303955078127,-0.6553564071655273,-0.021546363830566406,-0.17530393600463867
1773047932183279400,31.867279296875,-0.5470757484436035,0.016092300415039062,-0.15527164936065674
1773047932193257500,31.877257568359376,-0.23580026626586914,0.009190559387207031,-0.15188395977020264
1773047932203137500,31.887137451171874,0.11621713638305664,-0.13240480422973633,-0.24453353881835938
1773047932212997600,31.89699755859375,0.3171043395996094,-0.00322723388671875,-0.16907918453216553
1773047932223186700,31.907186767578125,0.34214305877685547,0.06172513961791992,-0.08458423614501953
1773047932233168600,31.917168701171875,0.3167691230773926,0.049376487731933594,-0.07623291015625
1773047932243140400,31.927140380859374,0.31634998321533203,0.10300064086914062,-0.0008608102798461914
1773047932253121300,31.937121337890623,0.3489980697631836,0.10394144058227539,0.11997628211975098
1773047932263094000,31.947093994140626,0.35802602767944336,0.018840312957763672,0.22757840156555176
1773047932273074200,31.95707421875,0.3021988868713379,-0.025029659271240234,0.2532472610473633
1773047932283048000,31.9670478515625,0.16861534118652344,-0.03775835037231445,0.13644957542419434
1773047932293027300,31.97702734375,-0.0652017593383789,-0.009645462036132812,-0.0047566890716552734
1773047932303001600,31.987001708984376,-0.3232898712158203,-0.019813060760498047,-0.030379056930541992
1773047932312980500,31.99698046875,-0.470001220703125,-0.01911449432373047,-0.008238077163696289
1773047932322955300,32.006955322265625,-0.4377098083496094,-0.030112266540527344,0.009383201599121094
1773047932332934000,32.016933837890626,-0.27647924423217773,-0.04312753677368164,0.017552971839904785
1773047932342909000,32.02690893554688,-0.10020780563354492,-0.05915975570678711,0.0057451725006103516
1773047932352887000,32.03688696289063,-0.00658416748046875,-0.05594158172607422,-0.04074585437774658
1773047932362862600,32.04686254882812,0.025368690490722656,-0.03923177719116211,-0.041689395904541016
1773047932372840700,32.0568408203125,0.029511451721191406,0.0051708221435546875,-0.05494809150695801
1773047932382816500,32.06681640625,0.038227081298828125,0.05423402786254883,-0.023188352584838867
1773047932392794000,32.076794189453125,0.13563013076782227,0.07501506805419922,0.03595530986785889
1773047932402770200,32.08677026367187,0.23148155212402344,0.038256168365478516,0.09640264511108398
1773047932412747800,32.09674780273438,0.2700657844543457,-0.004337787628173828,0.06002461910247803
1773047932422723800,32.106723876953126,0.21487665176391602,-0.00070953369140625,-0.01652657985687256
1773047932432701400,32.11670141601562,0.08603143692016602,0.03032207489013672,-0.0637131929397583
1773047932442677500,32.12667749023438,-0.07318401336669922,0.07470035552978516,-0.05913114547729492
1773047932452654800,32.13665478515625,-0.12172746658325195,0.06675100326538086,-0.049547672271728516
1773047932462670000,32.146670166015625,-0.11402702331542969,0.017358779907226562,-0.04348742961883545
1773047932472651300,32.1566513671875,-0.04134845733642578,-0.021132946014404297,-0.01785266399383545
1773047932482585000,32.16658520507813,-0.00295257568359375,-0.04012775421142578,-0.0440671443939209
1773047932492561400,32.1765615234375,-0.05838155746459961,-0.04563713073730469,-0.06557190418243408
1773047932502538800,32.186538818359374,-0.20124101638793945,-0.08489322662353516,-0.10206091403961182
1773047932512515300,32.196515380859374,-0.3699827194213867,-0.04752063751220703,-0.15908300876617432
1773047932522492400,32.206492431640626,-0.3111152648925781,0.0007390975952148438,-0.11911451816558838
1773047932532469000,32.21646899414063,-0.16088056564331055,0.031768798828125,-0.043704986572265625
1773047932542446300,32.2264462890625,0.05634260177612305,0.016147613525390625,0.06447255611419678
1773047932552423000,32.2364228515625,0.22283220291137695,-0.014045238494873047,0.14532244205474854
1773047932562400000,32.24639990234375,0.26044511795043945,-0.02176046371459961,0.10404646396636963
1773047932572376600,32.25637646484375,0.17181015014648438,0.030332565307617188,0.015961289405822754
1773047932582353700,32.26635375976562,0.04783439636230469,0.08099603652954102,-0.01548755168914795
1773047932592330200,32.27633032226562,-0.026874542236328125,0.031916141510009766,0.00971066951751709
1773047932602307300,32.286307373046874,-0.025543689727783203,0.007627964019775391,0.030373096466064453
1773047932612284200,32.2962841796875,0.05939912796020508,-0.006033897399902344,0.08516585826873779
1773047932622261000,32.30626098632813,0.15684843063354492,-0.043160438537597656,0.12626612186431885
1773047932632237800,32.31623779296875,0.10785198211669922,-0.029483795166015625,0.08794522285461426
1773047932642215000,32.32621484375,-0.0755157470703125,-0.036443233489990234,-0.010623812675476074
1773047932652191700,32.336191650390624,-0.264894962310791,-0.01966714859008789,-0.11861348152160645
1773047932662168600,32.34616845703125,-0.32990026473999023,0.04130411148071289,-0.12876439094543457
1773047932672145400,32.3561455078125,-0.20247697830200195,0.08956480026245117,-0.027819395065307617
1773047932682122200,32.36612231445312,-0.007655143737792969,0.053162574768066406,0.06314682960510254
1773047932692099000,32.37609912109375,0.11327886581420898,-0.0068492889404296875,0.056206703186035156
1773047932702076200,32.386076171875,0.17182493209838867,-0.01057291030883789,-0.006030678749084473
1773047932712053000,32.39605297851563,0.155059814453125,0.04611778259277344,-0.053939104080200195
1773047932722029800,32.40602978515625,0.04535198211669922,0.04478168487548828,-0.06501877307891846
1773047932732006700,32.41600659179687,-0.09038114547729492,0.038535118103027344,-0.04370081424713135
1773047932741983500,32.4259833984375,-0.08325004577636719,0.009465694427490234,-0.017673134803771973
1773047932751960300,32.435960205078125,0.03544139862060547,-0.031992435455322266,-0.010222554206848145
1773047932761937200,32.44593725585938,0.1892848014831543,-0.053737640380859375,0.012660861015319824
1773047932771914000,32.4559140625,0.2426128387451172,-0.057707786560058594,0.0460505485534668
1773047932781891000,32.46589111328125,0.11794090270996094,-0.06847333908081055,-0.0052405595779418945
1773047932791868000,32.475867919921875,-0.08342361450195312,-0.051856040954589844,-0.10398364067077637
1773047932801844700,32.4858447265625,-0.25819873809814453,0.012810230255126953,-0.14309632778167725
1773047932811821600,32.49582153320313,-0.23844099044799805,0.0128021240234375,-0.05716395378112793
1773047932821798400,32.50579833984375,-0.1075906753540039,-0.023097515106201172,0.060117244720458984
1773047932831775200,32.51577514648437,0.043965816497802734,-0.04408884048461914,0.130263090133667
1773047932841752300,32.52575244140625,0.1271533966064453,-0.06069755554199219,0.13072669506072998
1773047932861706000,32.5457060546875,0.04901266098022461,0.02516317367553711,-0.007223367691040039
1773047932871682800,32.55568286132812,-0.08192968368530273,0.07516860961914062,0.0005587339401245117
1773047932881659600,32.56565966796875,-0.14055871963500977,0.044610023498535156,0.018431782722473145
1773047932891636500,32.575636474609375,-0.07695150375366211,0.02488994598388672,0.04667484760284424
1773047932901613600,32.58561352539063,0.050664424896240234,0.025043487548828125,0.023410320281982422
1773047932911590400,32.59559033203125,0.14322471618652344,0.010883331298828125,-0.017766714096069336
1773047932921567200,32.60556713867187,0.08925676345825195,0.019399166107177734,-0.07695984840393066
1773047932931544000,32.6155439453125,-0.04276132583618164,0.022130489349365234,-0.14078223705291748
1773047932941482000,32.62548193359375,-0.1347646713256836,0.08166217803955078,-0.19119036197662354
1773047932951455200,32.63545532226563,-0.13196468353271484,0.08054065704345703,-0.13448643684387207
1773047932961474800,32.64547485351562,-0.02203512191772461,0.061977386474609375,-0.03690969944000244
1773047932971452400,32.65545239257813,0.1329789161682129,-0.008265018463134766,0.06509459018707275
1773047932981428500,32.665428466796875,0.20150279998779297,-0.031598567962646484,0.058620333671569824
1773047932991406000,32.67540600585937,0.1335902214050293,-0.013476371765136719,0.0002747774124145508
1773047933001382100,32.68538208007813,0.030089855194091797,0.017856597900390625,-0.025612711906433105
1773047933011359500,32.695359375,-0.1043701171875,0.006121635437011719,-0.004436135292053223
1773047933021336000,32.705336181640625,-0.17122745513916016,-0.009700298309326172,0.012322783470153809
1773047933031313200,32.71531323242188,-0.1392664909362793,-0.061922550201416016,0.015634775161743164
1773047933041289700,32.72528979492188,-0.024152755737304688,-0.06512212753295898,-0.00432431697845459
1773047933051266800,32.73526684570312,0.0416722297668457,-0.07738399505615234,-0.019219160079956055
1773047933061243400,32.74524340820312,0.03644847869873047,-0.07121896743774414,-0.006043910980224609
1773047933071220500,32.755220458984375,-0.06681299209594727,-0.06104755401611328,-0.05506777763366699
1773047933081197300,32.765197265625,-0.13054847717285156,-0.03185462951660156,-0.09091794490814209
1773047933091174400,32.77517431640625,-0.09512519836425781,0.007656097412109375,-0.062127113342285156
1773047933101151000,32.78515087890625,-0.004629611968994141,0.028725624084472656,0.031630635261535645
1773047933111128000,32.795128173828125,0.0936589241027832,-0.012043952941894531,0.07815945148468018
1773047933121104600,32.805104736328126,0.1626453399658203,-0.03918743133544922,0.07872176170349121
1773047933131081700,32.81508178710938,0.14655065536499023,-0.015224456787109375,0.056595683097839355
1773047933141058600,32.82505859375,0.06568002700805664,0.04062938690185547,0.0009100437164306641
1773047933151035400,32.83503540039062,-0.04642534255981445,0.07184076309204102,0.011247515678405762
1773047933161012200,32.84501220703125,-0.11480569839477539,0.07459449768066406,0.01287233829498291
1773047933170989000,32.854989013671876,-0.008891582489013672,0.08757305145263672,0.0013753175735473633
1773047933180966000,32.8649658203125,0.12733983993530273,0.06335639953613281,0.038054466247558594
1773047933190943000,32.87494287109375,0.25695085525512695,0.020019054412841797,0.01865553855895996
1773047933200919800,32.884919921875,0.2446732521057129,-0.024522781372070312,-0.008909106254577637
1773047933210896600,32.894896728515626,0.04628276824951172,-0.02350330352783203,-0.08285367488861084
1773047933220873500,32.90487353515625,0.0738978385925293,0.08471155166625977,-0.10051155090332031
1773047933230850600,32.9148505859375,-0.1467304229736328,-0.012677192687988281,-0.20932388305664062
1773047933240827100,32.9248271484375,-0.3846163749694824,0.031158447265625,-0.13536763191223145
1773047933250804200,32.93480419921875,-0.16541624069213867,0.02191162109375,0.0306624174118042
1773047933260781000,32.944781005859376,0.10110092163085938,-0.057537078857421875,0.1112978458404541
1773047933270758000,32.9547578125,0.16194629669189453,-0.03850412368774414,0.0365523099899292
1773047933280696000,32.96469604492187,0.30379676818847656,0.034729957580566406,0.014375448226928711
1773047933290669000,32.9746689453125,0.06037139892578125,-0.014197826385498047,-0.06463897228240967
1773047933300649700,32.984649658203125,-0.1698298454284668,0.041980743408203125,-0.030768632888793945
1773047933310623500,32.99462353515625,-0.18070650100708008,-0.0571136474609375,-0.07227480411529541
1773047933320603400,33.00460327148438,-0.23074960708618164,-0.07317495346069336,0.053319573402404785
1773047933330578000,33.01457788085938,0.20754289627075195,-0.03986072540283203,0.11672472953796387
1773047933340596000,33.024595947265624,0.2806839942932129,-0.09260272979736328,0.15333878993988037
1773047933350574800,33.03457495117188,0.3481621742248535,-0.013683319091796875,0.18727147579193115
1773047933360511000,33.04451098632813,0.35521411895751953,0.02371358871459961,0.05753123760223389
1773047933370485500,33.05448559570313,0.19482851028442383,0.03923511505126953,0.0055838823318481445
1773047933380464600,33.06446459960937,0.09900236129760742,0.08240604400634766,0.019187331199645996
1773047933390439700,33.074439697265625,0.0614166259765625,0.04949474334716797,0.06986606121063232
1773047933400457200,33.084457275390626,0.0960836410522461,-0.05946063995361328,0.08748483657836914
1773047933410436600,33.0944365234375,0.09880256652832031,0.0012416839599609375,0.1095355749130249
1773047933420411000,33.10441088867187,-0.09073114395141602,0.07917499542236328,-0.020395994186401367
1773047933430389800,33.1143896484375,-0.16871166229248047,0.023762226104736328,-0.09585404396057129
1773047933440326000,33.124325927734375,-0.2833380699157715,0.011489391326904297,0.10007870197296143
1773047933450300400,33.134300537109375,-0.14792728424072266,-0.04199028015136719,0.06875860691070557
1773047933460279800,33.14427978515625,-0.04909658432006836,-0.0796670913696289,-0.01144707202911377
1773047933470254800,33.1542548828125,0.0040683746337890625,0.012033462524414062,-0.0004044771194458008
1773047933480156000,33.164156005859375,0.12102890014648438,0.009174346923828125,-0.06895339488983154
1773047933490123500,33.17412353515625,0.04874992370605469,-0.01331472396850586,-0.10889863967895508
1773047933500032000,33.18403198242188,-0.020988941192626953,0.044040679931640625,-0.17454278469085693
1773047933509993700,33.19399365234375,-0.09783077239990234,0.02919626235961914,-0.18929171562194824
1773047933519985700,33.203985595703124,-0.16394805908203125,0.0057468414306640625,-0.1069868803024292
1773047933529950500,33.21395043945312,-0.24370145797729492,0.02579784393310547,0.006610751152038574
1773047933539900700,33.22390063476563,-0.18701934814453125,0.023223876953125,0.05331838130950928
1773047933549864000,33.23386401367188,-0.09875011444091797,-0.026035308837890625,-0.003984928131103516
1773047933559815400,33.2438154296875,-0.039624691009521484,-0.03220701217651367,-0.04795122146606445
1773047933569777700,33.253777587890625,-0.24927997589111328,-0.08537817001342773,0.08086836338043213
1773047933579730400,33.26373046875,-0.4231071472167969,-0.12784147262573242,0.19433987140655518
1773047933589691600,33.273691650390624,-0.49179553985595703,-0.23015403747558594,0.2097606658935547
1773047933599645400,33.2836455078125,-0.5384178161621094,-0.12153005599975586,0.22720956802368164
1773047933609605600,33.293605712890624,-0.485379695892334,-0.057826995849609375,0.2378983497619629
1773047933619560200,33.303560302734375,-0.3576231002807617,-0.03395366668701172,0.256481409072876
1773047933629520100,33.31352001953125,-0.20621538162231445,0.02868032455444336,0.1468648910522461
1773047933639475000,33.32347485351563,-0.053114891052246094,0.014722824096679688,-0.0003622770309448242
1773047933649434400,33.333434326171876,-0.034677982330322266,0.04390382766723633,-0.07048153877258301
1773047933659351300,33.343351318359375,0.0013475418090820312,0.09789657592773438,-0.10460340976715088
1773047933669306600,33.353306640625,0.16764259338378906,0.11490201950073242,-0.04604542255401611
1773047933679266300,33.36326635742188,0.40628910064697266,0.0708761215209961,0.010847926139831543
1773047933689222000,33.373221923828126,0.637542724609375,0.06422996520996094,0.1270771026611328
1773047933699142400,33.383142333984374,0.6889605522155762,-0.029829025268554688,-0.04668581485748291
1773047933709094700,33.3930947265625,0.6344389915466309,-0.012391090393066406,-0.13361823558807373
1773047933719057400,33.40305737304688,0.4895663261413574,0.09166765213012695,-0.1738060712814331
1773047933729010400,33.41301049804687,0.3632845878601074,0.12622833251953125,-0.19088077545166016
1773047933739049200,33.42304931640625,0.2737250328063965,0.04567289352416992,-0.21780693531036377
1773047933749011000,33.43301098632813,0.17772293090820312,0.09238576889038086,-0.2503305673599243
1773047933759190800,33.44319067382813,0.07994651794433594,0.0994710922241211,-0.17482268810272217
1773047933769371000,33.45337084960938,-0.12792587280273438,0.011056900024414062,-0.09629631042480469
1773047933779551000,33.46355102539062,-0.31774139404296875,0.041647911071777344,-0.11915874481201172
1773047933789574700,33.47357470703125,-0.4767279624938965,0.021017074584960938,-0.1483168601989746
1773047933799532000,33.48353198242187,-0.5876750946044922,-0.0015916824340820312,-0.13731205463409424
1773047933809524700,33.49352465820313,-0.5393791198730469,-0.05353689193725586,-0.07201933860778809
1773047933819486000,33.50348583984375,-0.3767986297607422,-0.0971689224243164,0.010824203491210938
1773047933829475300,33.51347534179688,-0.1436634063720703,-0.09573554992675781,0.055339813232421875
1773047933839440000,33.52343994140625,0.09425210952758789,-0.008829116821289062,0.03334176540374756
1773047933849426700,33.5334267578125,0.18756818771362305,0.07134246826171875,0.011478543281555176
1773047933859393500,33.5433935546875,0.16782426834106445,0.06395626068115234,0.008508920669555664
1773047933869378600,33.553378662109374,0.11678171157836914,0.06484794616699219,-0.05608034133911133
1773047933879347500,33.56334741210937,0.0480504035949707,0.08907032012939453,-0.054113149642944336
1773047933889330700,33.57333056640625,0.08849143981933594,0.05211353302001953,-0.04341709613800049
1773047933899301000,33.583301025390625,0.15181255340576172,0.006224155426025391,-0.013546347618103027
1773047933909283300,33.59328344726563,0.1628103256225586,0.012024879455566406,0.04545485973358154
1773047933919255000,33.60325512695312,0.12296819686889648,0.01640033721923828,0.05232691764831543
1773047933929236000,33.613236083984376,0.02816629409790039,0.05758810043334961,-0.007357597351074219
1773047933939208700,33.623208740234375,-0.06508541107177734,0.07963323593139648,0.0031315088272094727
1773047933949188900,33.63318896484375,-0.08691167831420898,0.040934085845947266,0.07915818691253662
1773047933959162600,33.64316259765625,-0.05279350280761719,-0.05308818817138672,0.16508698463439941
1773047933969142000,33.65314208984375,-0.038720130920410156,-0.11240863800048828,0.1433182954788208
1773047933979116300,33.6631162109375,-0.034436702728271484,-0.06718111038208008,0.07554447650909424
1773047933989095200,33.67309521484375,-0.06740760803222656,-0.04652070999145508,-0.001475214958190918
1773047933999070000,33.68307006835938,-0.16071224212646484,-0.012135505676269531,-0.012459158897399902
1773047934009048600,33.69304858398438,-0.22950983047485352,-0.005770206451416016,0.02302110195159912
1773047934019024000,33.70302392578125,-0.13839387893676758,-0.054625511169433594,-0.0033730268478393555
1773047934029002000,33.713001953125,0.0863804817199707,-0.044764041900634766,0.027269840240478516
1773047934038977500,33.7229775390625,0.2650279998779297,-0.011870861053466797,0.14833104610443115
1773047934048955600,33.73295556640625,0.2584505081176758,-0.02866220474243164,0.1286468505859375
1773047934058835700,33.742835693359375,0.15492534637451172,-0.02379131317138672,-0.01673436164855957
1773047934068653300,33.7526533203125,0.0350494384765625,0.013561248779296875,-0.05770277976989746
1773047934078833400,33.76283349609375,-0.04066181182861328,0.04634904861450195,-0.034316062927246094
1773047934088867800,33.77286791992187,0.011361122131347656,0.05108785629272461,0.03550148010253906
1773047934098838800,33.7828388671875,0.1278696060180664,-0.028882503509521484,0.07310736179351807
1773047934108820200,33.7928203125,0.17682600021362305,-0.023566722869873047,0.05555546283721924
1773047934118792400,33.80279248046875,0.11281013488769531,0.013614654541015625,-0.01299428939819336
1773047934128773000,33.81277319335938,-0.04336214065551758,0.0635671615600586,-0.09555280208587646
1773047934138746400,33.82274633789063,-0.22475051879882812,0.04189634323120117,-0.09786784648895264
1773047934148726300,33.83272631835938,-0.33323144912719727,0.021484375,-0.05827736854553223
1773047934158700000,33.84269995117187,-0.2722477912902832,0.03622293472290039,-0.014342308044433594
1773047934168679400,33.85267944335938,-0.0633854866027832,0.01949310302734375,0.019891023635864258
1773047934178654000,33.86265405273438,0.09444427490234375,-0.020298480987548828,0.007637381553649902
1773047934188632600,33.87263256835938,0.14223861694335938,-0.01828765869140625,-0.04547762870788574
1773047934198607600,33.88260766601562,0.04933452606201172,0.0011749267578125,-0.11677837371826172
1773047934208586000,33.8925859375,-0.06921863555908203,0.038651466369628906,-0.18938279151916504
1773047934218466000,33.90246606445312,-0.12935447692871094,0.05295753479003906,-0.18932795524597168
1773047934228283600,33.91228369140625,-0.0906071662902832,0.06386089324951172,-0.021870017051696777
1773047934238463700,33.92246362304687,0.026647090911865234,-0.004649639129638672,0.11974465847015381
1773047934248498000,33.932497802734375,0.10919046401977539,-0.04449796676635742,0.12933790683746338
1773047934258378000,33.9423779296875,0.15345478057861328,-0.03760671615600586,0.045493245124816895
1773047934268194800,33.95219482421875,0.1178598403930664,0.03421354293823242,0.005071878433227539
1773047934278374700,33.96237475585937,0.013160228729248047,0.06627225875854492,0.04506790637969971
1773047934288408300,33.972408203125,-0.10846376419067383,0.05517244338989258,0.061165452003479004
1773047934298415000,33.9824150390625,-0.1017603874206543,0.007349491119384766,0.0350569486618042
1773047934308403200,33.9924033203125,-0.01619720458984375,-0.0433049201965332,0.02837669849395752
1773047934318283300,34.002283203125,0.0674142837524414,-0.06455183029174805,0.07456851005554199
1773047934328163000,34.0121630859375,0.05621671676635742,-0.0677480697631836,0.06021308898925781
1773047934338050800,34.02205078125,-0.0480046272277832,-0.06273603439331055,-0.03759419918060303
1773047934348013300,34.03201342773438,-0.16451311111450195,-0.019924640655517578,-0.16332793235778809
1773047934358193400,34.042193359375,-0.19526386260986328,0.028595924377441406,-0.1534332036972046
1773047934368226300,34.052226318359374,-0.08101844787597656,0.04059791564941406,-0.013553977012634277
1773047934378191000,34.06219116210937,0.11528968811035156,0.053017616271972656,0.09187614917755127
1773047934388177700,34.072177734375,0.22838687896728516,0.012958526611328125,0.07464075088500977
1773047934398145000,34.08214501953125,0.2370009422302246,-0.01339101791381836,-0.01743173599243164
1773047934408129500,34.09212963867188,0.17141342163085938,0.030296802520751953,-0.06212592124938965
1773047934418009600,34.102009521484376,0.009068012237548828,0.06775236129760742,-0.022457361221313477
1773047934427826000,34.11182592773437,-0.13148117065429688,0.047827720642089844,0.07299864292144775
1773047934438006000,34.12200610351562,-0.11960506439208984,0.014437198638916016,0.13038432598114014
1773047934448039200,34.1320390625,-0.019525527954101562,-0.017676830291748047,0.10834336280822754
1773047934457919200,34.14191918945313,0.08299922943115234,-0.011239051818847656,0.12544703483581543
1773047934467735300,34.1517353515625,0.028873920440673828,-0.03390312194824219,0.04451417922973633
1773047934477915100,34.1619150390625,-0.07537126541137695,-0.08075094223022461,-0.07189428806304932
1773047934487948300,34.1719482421875,-0.12592315673828125,-0.056204795837402344,-0.13047170639038086
1773047934497913600,34.18191357421875,-0.08668088912963867,0.011404037475585938,-0.11498475074768066
1773047934507900000,34.19189990234375,-0.03024578094482422,0.07460546493530273,-0.06367611885070801
1773047934517867300,34.2018671875,0.07174301147460938,0.0007462501525878906,-0.01761317253112793
1773047934527851800,34.211851806640624,0.14397239685058594,-0.07708311080932617,0.02886044979095459
1773047934537821200,34.2218212890625,0.1778421401977539,-0.036561012268066406,-0.00027489662170410156
1773047934547804000,34.23180395507813,0.16021156311035156,-0.0021796226501464844,-0.048339009284973145
1773047934557684000,34.24168408203125,0.09662818908691406,0.007292270660400391,-0.05357635021209717
1773047934567500800,34.251500732421874,-0.04061269760131836,0.02064800262451172,-0.01157689094543457
1773047934577680600,34.2616806640625,-0.08655261993408203,0.01059103012084961,0.030202507972717285
1773047934587714300,34.27171435546875,-0.03858470916748047,0.0016312599182128906,0.08131444454193115
1773047934597682400,34.28168237304688,0.05042123794555664,-0.01634073257446289,0.13752961158752441
1773047934607666400,34.29166650390625,0.034722328186035156,-0.02069091796875,0.0861811637878418
1773047934617636000,34.30163598632812,-0.050710201263427734,-0.054083824157714844,0.07886254787445068
1773047934627618800,34.311618896484376,-0.12994003295898438,0.002529144287109375,0.014927864074707031
1773047934637589800,34.32158984375,-0.13748455047607422,0.07766246795654297,-0.09173023700714111
1773047934647571200,34.3315712890625,-0.09390115737915039,0.06334733963012695,-0.09006369113922119
1773047934657451300,34.341451171875,-0.014267921447753906,0.03606224060058594,-0.03654837608337402
1773047934667268400,34.35126831054688,0.08737039566040039,-0.033046722412109375,-0.0258028507232666
1773047934677448400,34.36144848632812,0.13126850128173828,-0.030875682830810547,-0.12344348430633545
1773047934687482400,34.371482421875,0.10024881362915039,0.012828350067138672,-0.11749029159545898
1773047934697362200,34.38136206054688,0.023776531219482422,0.01737499237060547,-0.11801791191101074
1773047934707178500,34.39117846679687,-0.10737848281860352,0.05467700958251953,-0.12974977493286133
1773047934717171700,34.40117163085937,-0.1522216796875,0.04041862487792969,-0.0008028745651245117
1773047934727135500,34.411135498046875,-0.033072471618652344,-0.009751319885253906,0.1029360294342041
1773047934737125400,34.42112548828125,0.1347804069519043,-0.04413890838623047,0.19221162796020508
1773047934747091700,34.431091796875,0.1917724609375,-0.017660140991210938,0.20735955238342285
1773047934757271800,34.44127172851562,0.15019464492797852,0.0015816688537597656,0.15465176105499268
1773047934767304000,34.451303955078124,0.03988790512084961,-0.033026695251464844,0.03874385356903076
1773047934777266000,34.461265869140625,-0.07297515869140625,0.012891292572021484,-0.08557283878326416
1773047934787254800,34.4712548828125,-0.07637548446655273,0.05452537536621094,-0.09654319286346436
1773047934797219600,34.48121948242188,-0.019138336181640625,0.011607170104980469,-0.06588280200958252
1773047934807206100,34.4912060546875,0.08403730392456055,-0.030450820922851562,-0.007243156433105469
1773047934817173500,34.501173583984375,0.1342611312866211,-0.02069568634033203,0.04136550426483154
1773047934827158000,34.51115795898438,0.09049224853515625,0.02086019515991211,0.008817076683044434
1773047934837127200,34.52112719726563,-0.055086612701416016,0.05611276626586914,-0.05225825309753418
1773047934847110100,34.531110107421874,-0.1652240753173828,0.06256341934204102,-0.05148041248321533
1773047934857080800,34.54108081054687,-0.20862436294555664,0.05592632293701172,-0.05100226402282715
1773047934867062800,34.55106274414062,-0.12089967727661133,0.018054962158203125,-0.02740323543548584
1773047934876942800,34.56094287109375,0.0211944580078125,-0.046683311462402344,0.033281683921813965
1773047934886759700,34.570759765625,0.034021854400634766,-0.07782316207885742,0.060785770416259766
1773047934896939800,34.58093969726563,-0.013983726501464844,-0.052947998046875,0.03287303447723389
1773047934906973400,34.59097338867188,-0.07962942123413086,-0.043365478515625,-0.026176810264587402
1773047934916942000,34.600942138671876,-0.13992929458618164,0.04213714599609375,-0.0994187593460083
1773047934926925600,34.610925537109374,-0.0355677604675293,0.03855085372924805,-0.08908307552337646
1773047934936895700,34.62089575195313,0.10901308059692383,-0.011356353759765625,0.03773021697998047
1773047934946878200,34.63087817382812,0.21859169006347656,-0.06097555160522461,0.08773207664489746
1773047934956849700,34.640849609375,0.27068424224853516,-0.06843805313110352,0.06220901012420654
1773047934966830600,34.65083056640625,0.18224477767944336,0.0589289665222168,0.09897208213806152
1773047934976803300,34.66080322265625,0.06328296661376953,0.04635477066040039,0.09376060962677002
1773047934986783500,34.67078344726563,-0.020418167114257812,0.04767465591430664,0.08906590938568115
1773047934996757000,34.68075708007812,-0.1308002471923828,0.020197391510009766,0.04815030097961426
1773047935006736600,34.69073657226563,-0.07086372375488281,0.008191108703613281,0.027565956115722656
1773047935016711000,34.7007109375,-0.017770767211914062,-0.01676464080810547,0.03177011013031006
1773047935026689800,34.71068969726562,0.04357719421386719,-0.012904644012451172,-0.0011712312698364258
1773047935036664600,34.72066455078125,0.019769668579101562,-0.010028362274169922,-0.051299095153808594
1773047935046643200,34.730643310546874,-0.05940055847167969,-0.036296844482421875,-0.029671669006347656
1773047935056618200,34.7406181640625,-0.1512913703918457,-0.010159492492675781,-0.07537257671356201
1773047935066596600,34.7505966796875,-0.13425683975219727,0.031117916107177734,-0.13177037239074707
1773047935076572000,34.76057202148438,-0.03383064270019531,0.030936717987060547,-0.09029901027679443
1773047935086550000,34.77055004882813,0.08323001861572266,0.026685714721679688,0.02076590061187744
1773047935096525800,34.78052587890625,0.11842775344848633,-0.03925037384033203,0.03748428821563721
1773047935106503400,34.79050341796875,0.14437007904052734,-0.04401063919067383,-0.0011219978332519531
1773047935116479500,34.8004794921875,0.053165435791015625,-0.0025815963745117188,-0.025257587432861328
1773047935126457000,34.81045703125,-0.12502479553222656,0.06094503402709961,-0.0735708475112915
1773047935136433200,34.82043310546875,-0.2673797607421875,0.04364776611328125,-0.03706657886505127
1773047935146410500,34.830410400390626,-0.2769746780395508,-0.023769378662109375,0.018250346183776855
1773047935156386800,34.84038671875,-0.12808561325073242,-0.09305763244628906,0.03556835651397705
1773047935166364200,34.8503642578125,0.05485677719116211,-0.06592035293579102,0.0200197696685791
1773047935176340700,34.8603408203125,0.14108991622924805,-0.020882129669189453,0.0327681303024292
1773047935186317800,34.87031787109375,0.09090089797973633,0.0028486251831054688,0.06919670104980469
1773047935196294400,34.88029443359375,-0.0796656608581543,-0.022231578826904297,-0.03597545623779297
1773047935206271500,34.890271484375,-0.13455963134765625,0.014819145202636719,-0.09364092350006104
1773047935216248000,34.900248046875,-0.09096193313598633,0.09076833724975586,-0.11000311374664307
1773047935226225200,34.91022509765625,0.0591435432434082,0.07745742797851562,-0.03813350200653076
1773047935236201700,34.92020166015625,0.21146488189697266,0.050145626068115234,0.0752946138381958
1773047935246178800,34.9301787109375,0.25408458709716797,0.021583080291748047,0.10898411273956299
1773047935256059000,34.940058837890625,0.1937265396118164,0.024564743041992188,0.054798007011413574
1773047935265876700,34.94987670898438,0.07868480682373047,0.07362079620361328,-0.012147307395935059
1773047935276056800,34.96005688476563,-0.048178672790527344,0.0510869026184082,-0.08850276470184326
1773047935286091300,34.97009130859375,-0.1543574333190918,-0.03173398971557617,-0.0658559799194336
1773047935296062700,34.980062744140625,-0.15105628967285156,-0.06074380874633789,0.0034172534942626953
1773047935306044000,34.9900439453125,-0.05917501449584961,-0.0980224609375,0.04417276382446289
1773047935316016600,35.0000166015625,0.035559654235839844,-0.063812255859375,0.023480534553527832
1773047935325996800,35.00999682617187,0.05860185623168945,-0.016588687896728516,-0.02510511875152588
1773047935335970300,35.01997021484375,-0.07311010360717773,0.005394935607910156,-0.045285701751708984
1773047935345949700,35.02994970703125,-0.25384044647216797,0.0030517578125,-0.06124281883239746
1773047935355924000,35.03992407226563,-0.33370447158813477,0.011527061462402344,-0.07818305492401123
1773047935365903000,35.04990307617187,-0.2164020538330078,0.026999950408935547,-0.07311153411865234
1773047935375877600,35.05987768554687,0.015298843383789062,0.04407072067260742,-0.06058967113494873
1773047935385856300,35.06985620117187,0.20546436309814453,0.06106281280517578,0.012075185775756836
1773047935395831300,35.079831298828125,0.25241899490356445,0.0009279251098632812,0.13164067268371582
1773047935405809700,35.0898095703125,0.14455127716064453,0.015226364135742188,0.10070693492889404
1773047935415785200,35.09978515625,-0.007868289947509766,0.061156272888183594,0.0104522705078125
1773047935425763000,35.10976318359375,-0.10608816146850586,0.021845340728759766,-0.031806230545043945
1773047935435739000,35.11973876953125,-0.12320518493652344,-0.025161266326904297,-0.05651223659515381
1773047935445716500,35.12971655273437,-0.11709451675415039,-0.06570863723754883,-0.02105402946472168
1773047935455596500,35.13959643554688,-0.017607688903808594,-0.08140230178833008,0.06601822376251221
1773047935465414400,35.14941430664062,0.0797719955444336,-0.044875144958496094,0.12942755222320557
1773047935475594500,35.15959448242187,0.11495637893676758,0.013530731201171875,0.07101929187774658
1773047935485628700,35.169628662109375,0.032904624938964844,0.027298927307128906,0.009597420692443848
1773047935495599900,35.179599853515626,-0.15056705474853516,0.0070095062255859375,-0.05068778991699219
1773047935505581300,35.189581298828124,-0.23737525939941406,-0.012072086334228516,-0.13940441608428955
1773047935515461400,35.19946142578125,-0.11728811264038086,-0.0191192626953125,-0.09688174724578857
1773047935525278500,35.20927856445312,0.1688985824584961,0.02274036407470703,0.038143038749694824
1773047935535458300,35.21945825195313,0.3939394950866699,0.025869369506835938,0.09659647941589355
1773047935545492200,35.2294921875,0.41966962814331055,-0.011487483978271484,0.0995093584060669
1773047935555460900,35.2394609375,0.2590188980102539,-0.022948741912841797,0.043122291564941406
1773047935565444000,35.249444091796875,0.02240896224975586,0.02071666717529297,-0.054347872734069824
1773047935575324200,35.25932421875,-0.18219423294067383,0.07358455657958984,-0.10444176197052002
1773047935585140700,35.269140625,-0.2906527519226074,0.014399051666259766,-0.07502806186676025
1773047935595320800,35.27932080078125,-0.20139074325561523,-0.07469320297241211,-0.013674736022949219
1773047935605354500,35.2893544921875,0.0027971267700195312,-0.09996652603149414,0.06184196472167969
1773047935615321900,35.29932177734375,0.1518402099609375,-0.05932760238647461,0.048250555992126465
1773047935625306000,35.30930615234375,0.1443920135498047,-0.02098226547241211,-0.05855739116668701
1773047935635275500,35.319275634765624,-0.07301950454711914,0.01967620849609375,-0.14063286781311035
1773047935645258500,35.32925854492188,-0.31933021545410156,0.017194747924804688,-0.16173970699310303
1773047935655229400,35.3392294921875,-0.3885684013366699,0.016644001007080078,-0.13318490982055664
1773047935665211000,35.3492109375,-0.18576431274414062,0.06140613555908203,0.028826594352722168
1773047935675091000,35.359091064453125,0.1487441062927246,0.06941604614257812,0.14524567127227783
1773047935684908000,35.36890795898437,0.3883633613586426,0.024958133697509766,0.22374200820922852
1773047935695087900,35.379087890625,0.43262195587158203,0.01646566390991211,0.22377490997314453
1773047935705121800,35.38912182617187,0.2902050018310547,0.02378082275390625,0.16059601306915283
1773047935715090400,35.39909033203125,0.06226396560668945,0.057173728942871094,0.03426551818847656
1773047935725074000,35.40907397460938,-0.17561626434326172,0.051958560943603516,-0.12300634384155273
1773047935735044400,35.41904443359375,-0.2973146438598633,0.0009198188781738281,-0.10018384456634521
1773047935745026300,35.4290263671875,-0.24921035766601562,-0.04265546798706055,-0.0451207160949707
1773047935754906400,35.43890625,-0.09514570236206055,-0.08860015869140625,-0.047481536865234375
1773047935764723200,35.44872314453125,0.022650718688964844,-0.04806661605834961,-0.02232670783996582
1773047935774903300,35.4589033203125,0.08707666397094727,0.00099945068359375,-0.012565255165100098
1773047935784937000,35.46893701171875,0.0010704994201660156,-0.0038590431213378906,0.034398436546325684
1773047935794905300,35.4789052734375,-0.157958984375,0.01403951644897461,0.04266321659088135
1773047935804889000,35.48888916015625,-0.19723176956176758,-0.000591278076171875,-0.015517354011535645
1773047935814859000,35.49885888671875,-0.10581445693969727,-0.03166532516479492,-0.03614628314971924
1773047935824841200,35.50884130859375,0.11453008651733398,-0.008784294128417969,0.032251954078674316
1773047935834812700,35.518812744140625,0.29840660095214844,0.022704601287841797,0.11474859714508057
1773047935844793900,35.5287939453125,0.3161501884460449,0.00884103775024414,0.11381196975708008
1773047935854766300,35.53876635742188,0.1752028465270996,0.016369342803955078,0.02597808837890625
1773047935864746800,35.54874682617187,-0.065948486328125,0.04621171951293945,-0.055620431900024414
1773047935874720000,35.55871997070312,-0.21842432022094727,0.06195259094238281,-0.13292765617370605
1773047935884699600,35.56869970703125,-0.2610912322998047,0.027245521545410156,-0.12174510955810547
1773047935894579700,35.57857983398438,-0.19150447845458984,-0.019189834594726562,-0.03191328048706055
1773047935904397300,35.58839721679688,-0.010908126831054688,-0.054593563079833984,0.04717087745666504
1773047935914577200,35.5985771484375,0.11482715606689453,-0.0377497673034668,0.05045211315155029
1773047935924611000,35.60861108398438,0.15461397171020508,0.015275955200195312,0.03595328330993652
1773047935934581000,35.6185810546875,0.020884990692138672,0.03753042221069336,-0.005690097808837891
1773047935944563500,35.6285634765625,-0.17142534255981445,0.01660013198852539,-0.10778987407684326
1773047935954573600,35.63857348632813,-0.2673792839050293,0.020974159240722656,-0.0919339656829834
1773047935964558800,35.648558837890626,-0.10471391677856445,-0.005230903625488281,-0.0027425289154052734
1773047935974449700,35.65844970703125,0.13873958587646484,0.03640270233154297,0.06543803215026855
1773047935984425500,35.66842553710938,0.3219728469848633,0.024960994720458984,0.12877845764160156
1773047935994442200,35.678442138671876,0.33930492401123047,-0.026556968688964844,0.1698521375656128
1773047936004422100,35.688422119140625,0.10407829284667969,-0.02342081069946289,0.07629454135894775
1773047936014396000,35.69839599609375,-0.15927553176879883,0.011499404907226562,-0.02442038059234619
1773047936024375300,35.708375244140626,-0.2776522636413574,0.05629158020019531,-0.12015259265899658
1773047936034349800,35.718349853515626,-0.28728628158569336,-0.0010328292846679688,-0.19337594509124756
1773047936044328400,35.72832836914063,-0.17135190963745117,-0.06452226638793945,-0.06971001625061035
1773047936054303500,35.73830346679687,0.02642965316772461,-0.09288740158081055,0.028016328811645508
1773047936064281900,35.74828173828125,0.14118289947509766,-0.08835124969482422,0.04494976997375488
1773047936074258700,35.7582587890625,0.18451690673828125,-0.024131298065185547,-0.017273426055908203
1773047936084234000,35.76823388671875,0.11575651168823242,0.018409252166748047,-0.02173435688018799
1773047936094212000,35.778212158203125,-0.0683894157409668,0.021412372589111328,-0.04062831401824951
1773047936104187600,35.78818774414062,-0.17911148071289062,0.029502391815185547,-0.0739285945892334
1773047936114165500,35.79816552734375,-0.12467527389526367,0.0063381195068359375,-0.0513385534286499
1773047936124141300,35.808141357421874,0.044974327087402344,0.004462718963623047,-0.0025388002395629883
1773047936134119000,35.81811889648438,0.24468469619750977,0.02171802520751953,0.08232808113098145
1773047936143999000,35.8279990234375,0.3011512756347656,0.02750539779663086,0.10135793685913086
1773047936153816800,35.83781689453125,0.18890953063964844,0.04009532928466797,0.09470999240875244
1773047936163996700,35.84799658203125,-0.005026340484619141,0.06004667282104492,0.02946949005126953
1773047936174031000,35.858031005859374,-0.17731142044067383,0.09414005279541016,-0.048410773277282715
1773047936184002300,35.868002197265625,-0.21599817276000977,0.05380105972290039,-0.09329652786254883
1773047936193983500,35.8779833984375,-0.18465518951416016,-0.012465476989746094,-0.054136037826538086
1773047936203956000,35.8879560546875,-0.05587053298950195,-0.02944183349609375,0.021464109420776367
1773047936213936400,35.89793627929687,0.07990837097167969,-0.022335529327392578,0.05829060077667236
1773047936223909600,35.90790966796875,0.15295696258544922,0.007273674011230469,0.03858470916748047
1773047936233889300,35.91788916015625,0.10857486724853516,0.049002647399902344,-0.04230833053588867
1773047936243769300,35.92776928710938,-0.09387397766113281,0.037090301513671875,-0.07093250751495361
1773047936253586700,35.93758666992188,-0.25539398193359375,-0.030767440795898438,-0.03417503833770752
1773047936263766800,35.94776684570313,-0.2507772445678711,-0.04417991638183594,0.06750893592834473
1773047936273800700,35.95780078125,-0.03153085708618164,-0.04132986068725586,0.054822325706481934
1773047936283770600,35.9677705078125,0.13145780563354492,-0.06122112274169922,-0.023548603057861328
1773047936293753000,35.97775317382813,0.2735629081726074,0.0033884048461914062,0.06370007991790771
1773047936303763200,35.98776318359375,0.2547168731689453,0.02260446548461914,0.12271571159362793
1773047936313748500,35.99774853515625,0.1389913558959961,0.010882854461669922,0.08904683589935303
1773047936323678000,36.00767797851562,-0.040196895599365234,0.021950721740722656,-0.00832831859588623
1773047936333657600,36.01765771484375,-0.10374307632446289,0.03339672088623047,-0.10959279537200928
1773047936343632000,36.0276318359375,-0.08710002899169922,0.046118736267089844,-0.10298824310302734
1773047936353611000,36.03761108398437,-0.019542217254638672,0.007672786712646484,-0.02202141284942627
1773047936363490800,36.04749072265625,0.041758060455322266,-0.02049541473388672,0.030304789543151855
1773047936373308400,36.05730834960937,0.07374238967895508,-0.010972023010253906,0.022638797760009766
1773047936383488500,36.06748852539062,0.06804180145263672,0.04003143310546875,-0.04528403282165527
1773047936393522400,36.0775224609375,0.011299610137939453,0.0473170280456543,-0.10351622104644775
1773047936403492600,36.08749267578125,-0.12403678894042969,0.016559123992919922,-0.09604752063751221
1773047936413474800,36.09747485351563,-0.19649219512939453,-0.05063199996948242,-0.06560707092285156
1773047936423446500,36.107446533203124,-0.17492914199829102,-0.04447221755981445,-0.07407128810882568
1773047936433427500,36.11742749023438,0.00044918060302734375,-0.036853790283203125,-0.060090065002441406
1773047936443400200,36.127400146484376,0.16342687606811523,0.004030704498291016,-0.019666671752929688
1773047936453380400,36.13738037109375,0.22612476348876953,0.033463478088378906,0.06702923774719238
1773047936463353900,36.14735375976562,0.13409709930419922,0.05080223083496094,0.12099599838256836
1773047936473333200,36.157333251953126,-0.04500627517700195,0.009786128997802734,0.10155844688415527
1773047936483307500,36.1673076171875,-0.1555347442626953,0.02143096923828125,-0.02514052391052246
1773047936493286700,36.17728662109375,-0.18516302108764648,0.006150245666503906,-0.07643485069274902
1773047936503261200,36.18726123046875,-0.10212373733520508,-0.007454395294189453,-0.002070188522338867
1773047936513239800,36.19723974609375,0.0028924942016601562,-0.029936790466308594,0.1035010814666748
1773047936523214800,36.20721484375,0.08705377578735352,-0.028731822967529297,0.16242599487304688
1773047936533193200,36.21719311523437,0.11342000961303711,0.014181137084960938,0.11904168128967285
1773047936543168500,36.22716845703125,0.06007862091064453,0.03655815124511719,-0.0029485225677490234
1773047936553146400,36.237146484375,-0.043370723724365234,0.029677867889404297,-0.05786454677581787
1773047936563122400,36.24712231445312,-0.17312049865722656,-0.005215167999267578,-0.07573807239532471
1773047936573100000,36.25710009765625,-0.2591080665588379,-0.06687450408935547,-0.041884779930114746
1773047936583075800,36.267075927734375,-0.23218584060668945,-0.07876205444335938,-0.02293527126312256
1773047936603029800,36.28702978515625,0.19107866287231445,0.06118583679199219,-0.006421327590942383
1773047936613007000,36.297007080078124,0.303957462310791,0.08098793029785156,0.06796658039093018
1773047936622983400,36.3069833984375,0.23295879364013672,0.06048297882080078,0.08708775043487549
1773047936632960800,36.31696069335938,0.07473421096801758,0.029299259185791016,-0.037975192070007324
1773047936642937000,36.32693701171875,-0.03367137908935547,0.026993751525878906,-0.13829100131988525
1773047936652914200,36.3369140625,-0.07460784912109375,0.03030681610107422,-0.1264878511428833
1773047936662890800,36.34689086914062,-0.05882406234741211,0.010991573333740234,-0.04630434513092041
1773047936672867800,36.356867919921875,-0.0155181884765625,-0.07353591918945312,0.0847846269607544
1773047936682844400,36.366844482421875,0.0501704216003418,-0.10034036636352539,0.08934056758880615
1773047936692821500,36.37682153320313,0.0627908706665039,-0.061188697814941406,-0.026040315628051758
1773047936702798000,36.38679809570313,0.037840843200683594,-0.018374919891357422,-0.15331649780273438
1773047936712775200,36.39677514648437,-0.01453542709350586,0.00012445449829101562,-0.17647171020507812
1773047936722751700,36.40675170898437,-0.07052898406982422,0.004229068756103516,-0.05443215370178223
1773047936732728600,36.416728515625,-0.04596376419067383,-0.0006761550903320312,0.013638019561767578
1773047936742705400,36.426705322265626,0.062076568603515625,0.009488582611083984,0.11376690864562988
1773047936752682200,36.43668212890625,0.21030521392822266,0.06699800491333008,0.1556469202041626
1773047936762562300,36.44656225585938,0.257997989654541,0.07549238204956055,0.15493392944335938
1773047936772380200,36.45638012695313,0.1746964454650879,0.029994487762451172,0.12739109992980957
1773047936782560300,36.46656030273437,-0.01869821548461914,0.011516571044921875,0.0784308910369873
1773047936792594700,36.4765947265625,-0.2696571350097656,-0.030732154846191406,-0.016383767127990723
1773047936802566100,36.486566162109376,-0.39456796646118164,-0.04773998260498047,-0.16314983367919922
1773047936812547300,36.49654736328125,-0.3867487907409668,-0.024753570556640625,-0.183768630027771
1773047936822519800,36.50651977539062,-0.23481321334838867,0.00021648406982421875,-0.04641163349151611
1773047936832500200,36.51650024414062,-0.08190202713012695,-0.007049083709716797,0.09388720989227295
1773047936842473700,36.5264736328125,0.06299018859863281,-0.018705368041992188,0.13560330867767334
1773047936852453000,36.536453125,0.1818251609802246,0.0211639404296875,0.07081735134124756
1773047936862427400,36.54642749023437,0.20991754531860352,0.07826948165893555,-0.0438075065612793
1773047936872406300,36.55640625,0.18717479705810547,0.05307960510253906,-0.05851709842681885
1773047936882381000,36.566381103515624,0.0811161994934082,0.02263927459716797,-0.026561379432678223
1773047936892359400,36.576359375,-0.022859573364257812,0.001811981201171875,-0.0328831672668457
1773047936902334700,36.58633471679688,-0.0644369125366211,0.019561290740966797,-0.010782361030578613
1773047936912312800,36.596312744140626,0.002205371856689453,0.023913860321044922,-0.04649960994720459
1773047936922288400,36.60628833007812,0.04891347885131836,-0.032732486724853516,-0.06881272792816162
1773047936932266200,36.61626635742188,0.04325151443481445,-0.03684091567993164,-0.0295945405960083
1773047936942242000,36.626241943359375,-0.013730525970458984,-0.02269601821899414,0.052460432052612305
1773047936952219600,36.6362197265625,-0.07417535781860352,-0.03759336471557617,0.06360328197479248
1773047936962195700,36.64619580078125,-0.09588766098022461,-0.03341245651245117,-0.010434746742248535
1773047936972173300,36.65617333984375,-0.06563615798950195,-0.00988626480102539,-0.07550811767578125
1773047936982149400,36.6661494140625,-0.05019998550415039,-0.0002923011779785156,-0.01881563663482666
1773047936992126700,36.67612670898438,-0.06835746765136719,-0.004656314849853516,0.056069016456604004
1773047937002103000,36.68610302734375,-0.04422807693481445,-0.013602733612060547,0.09835004806518555
1773047937012080400,36.69608032226562,0.026059627532958984,-0.0032286643981933594,0.03258240222930908
1773047937022056700,36.706056640625,0.09059381484985352,0.03524017333984375,-0.03745913505554199
1773047937032033800,36.71603369140625,0.09859132766723633,0.05348348617553711,-0.027824997901916504
1773047937042010400,36.72601025390625,-0.000942230224609375,0.037633419036865234,0.05175626277923584
1773047937051987500,36.73598754882813,-0.11296653747558594,0.00302886962890625,0.07444441318511963
1773047937061964000,36.74596411132813,-0.1065359115600586,-0.030058860778808594,0.027213096618652344
1773047937071941000,36.75594116210937,0.002265453338623047,-0.009571075439453125,-0.05247652530670166
1773047937081878800,36.76587866210937,0.12328481674194336,0.025090694427490234,-0.08974993228912354
1773047937091852000,36.77585205078125,0.1347041130065918,0.049103736877441406,-0.02324056625366211
1773047937101871400,36.785871337890626,0.04802894592285156,0.033742427825927734,0.0810767412185669
1773047937111849200,36.79584912109375,-0.06491708755493164,0.012942790985107422,0.05369710922241211
1773047937121825000,36.80582495117188,-0.11506509780883789,0.0020928382873535156,-0.07624936103820801
1773047937131802600,36.815802734375,-0.09897947311401367,0.02996969223022461,-0.11603140830993652
1773047937141778700,36.82577880859375,-0.026931285858154297,0.03936958312988281,-0.04925704002380371
1773047937151756000,36.83575610351563,-0.03637981414794922,-0.007579326629638672,0.06327199935913086
1773047937161732400,36.845732421875,0.0011873245239257812,-0.04920530319213867,0.04391181468963623
1773047937171709700,36.85570971679687,0.019136905670166016,-0.0384211540222168,-0.049372076988220215
1773047937181686000,36.86568603515625,-0.005291938781738281,-0.013807296752929688,-0.16081559658050537
1773047937191663000,36.8756630859375,-0.05201148986816406,-0.01346445083618164,-0.18349766731262207
1773047937201639700,36.8856396484375,-0.13981246948242188,-0.04140186309814453,-0.07158851623535156
1773047937211616800,36.89561669921875,-0.20783710479736328,-0.06820821762084961,0.009688019752502441
1773047937221593300,36.90559326171875,-0.13964557647705078,-0.05074453353881836,0.04296231269836426
1773047937231570400,36.9155703125,0.05801105499267578,0.005368232727050781,0.03816497325897217
1773047937241547000,36.925547119140624,0.2286691665649414,0.046575069427490234,0.02882993221282959
1773047937251524000,36.93552416992188,0.29865598678588867,0.06231498718261719,0.09558069705963135
1773047937261500700,36.94550073242188,0.20407533645629883,0.03352975845336914,0.1583322286605835
1773047937271477500,36.9554775390625,0.050734519958496094,0.008482933044433594,0.1281890869140625
1773047937281357600,36.96535766601563,-0.029416561126708984,-0.011701583862304688,0.024346590042114258
1773047937291218200,36.97521826171875,-0.02404642105102539,0.006869316101074219,-0.05017209053039551
1773047937301407700,36.98540771484375,0.013805389404296875,0.011724472045898438,-0.01180732250213623
1773047937311389000,36.99538891601563,0.04632854461669922,0.007002353668212891,0.08742868900299072
1773047937321361700,37.00536157226563,0.0642390251159668,-0.05471611022949219,0.07897710800170898
1773047937331341800,37.015341796875,0.039531707763671875,-0.059294700622558594,-0.02675306797027588
1773047937341315300,37.0253154296875,0.016021728515625,0.015737533569335938,-0.15565407276153564
1773047937351295000,37.035294921875,-0.0672454833984375,0.03724813461303711,-0.162825345993042
1773047937361269000,37.04526904296875,-0.24258804321289062,0.0017299652099609375,-0.09709906578063965
1773047937371247900,37.05524780273438,-0.3213791847229004,-0.0324244499206543,-0.005096435546875
1773047937381128000,37.0651279296875,-0.3393878936767578,-0.07356882095336914,0.005224347114562988
1773047937391008000,37.07500805664063,-0.18007469177246094,-0.0035619735717773438,0.0005292892456054688
1773047937401176300,37.08517626953125,0.03676557540893555,0.04781293869018555,-0.00533139705657959
1773047937411155000,37.095155029296876,0.21726655960083008,0.09335803985595703,0.06906688213348389
1773047937421130000,37.1051298828125,0.21674728393554688,0.09431028366088867,0.14911985397338867
1773047937431108000,37.11510815429688,0.16988658905029297,0.08892536163330078,0.1749821901321411
1773047937441083600,37.12508374023437,0.11942863464355469,0.05913734436035156,0.12769019603729248
1773047937451061500,37.1350615234375,0.0837697982788086,0.05804157257080078,0.030399322509765625
1773047937461037300,37.145037353515626,0.09562492370605469,0.02433300018310547,-0.000008225440979003906
1773047937471015200,37.15501513671875,0.10287094116210938,-0.01383352279663086,0.05484294891357422
1773047937480895200,37.16489526367187,0.011652946472167969,-0.0709528923034668,0.006018996238708496
1773047937490775000,37.17477514648437,-0.10130882263183594,-0.09450054168701172,-0.15478861331939697
1773047937500944600,37.184944580078124,-0.1555795669555664,-0.06092023849487305,-0.2917940616607666
1773047937510922200,37.19492211914063,-0.20368623733520508,-0.036910057067871094,-0.33197832107543945
1773047937520898300,37.20489819335938,-0.2602090835571289,-0.03616046905517578,-0.20591974258422852
1773047937530875600,37.21487573242187,-0.2787199020385742,-0.057950496673583984,-0.05066871643066406
1773047937540852000,37.22485205078125,-0.19481468200683594,-0.044832706451416016,0.03601431846618652
1773047937550829300,37.234829345703126,-0.024457931518554688,-0.006731986999511719,0.05085444450378418
1773047937560766700,37.2447666015625,0.16566181182861328,0.022176742553710938,0.09433388710021973
1773047937580620300,37.26462036132813,0.30781030654907227,0.061078548431396484,0.3032867908477783
1773047937590500000,37.2745,0.2731003761291504,0.06069660186767578,0.29680347442626953
1773047937600680200,37.28468017578125,0.2583017349243164,0.07293701171875,0.16747963428497314
1773047937610689000,37.29468896484375,0.23960399627685547,0.10311269760131836,-0.025163769721984863
1773047937620627700,37.304627685546876,0.16589069366455078,0.08009195327758789,-0.11245179176330566
1773047937630600200,37.31460009765625,0.023891448974609375,0.02358865737915039,-0.08642590045928955
1773047937640620300,37.32462036132812,-0.16713571548461914,-0.02765035629272461,-0.11275148391723633
1773047937650597400,37.334597412109375,-0.3175935745239258,-0.08692312240600586,-0.18198800086975098
1773047937660535300,37.344535400390626,-0.3769688606262207,-0.0635981559753418,-0.23866045475006104
1773047937670508300,37.35450830078125,-0.3138394355773926,-0.029470443725585938,-0.23203635215759277
1773047937680489000,37.36448901367187,-0.2619514465332031,-0.02280282974243164,-0.11020851135253906
1773047937700481300,37.38448120117187,0.04254722595214844,-0.0955657958984375,0.12832105159759521
1773047937710459600,37.394459716796874,0.23632574081420898,-0.07609128952026367,0.1295928955078125
1773047937720357400,37.404357421875,0.40343570709228516,-0.019494056701660156,0.07485246658325195
1773047937730327800,37.414327880859375,0.4652419090270996,-0.045114994049072266,0.11563420295715332
1773047937740388600,37.424388671875,0.39606285095214844,0.07799625396728516,0.11496376991271973
1773047937750368300,37.4343681640625,0.17893600463867188,0.08835697174072266,0.17867767810821533
1773047937760303600,37.4443037109375,0.02689504623413086,-0.001438140869140625,0.14607250690460205
1773047937770278700,37.454278564453126,-0.07606077194213867,0.004709720611572266,-0.007085204124450684
1773047937780218400,37.46421826171875,-0.11669921875,0.06824159622192383,-0.1355668306350708
1773047937790189800,37.47418994140625,-0.0911703109741211,0.07506656646728516,-0.09881389141082764
1773047937800070000,37.48406982421875,-0.06630802154541016,0.016213417053222656,-0.05366933345794678
1773047937809931800,37.49393188476562,-0.07953262329101562,0.0006327629089355469,-0.022977590560913086
1773047937819970600,37.50397045898438,-0.10145759582519531,-0.0009865760803222656,-0.054428696632385254
1773047937829932300,37.51393237304688,-0.13662004470825195,-0.007511138916015625,-0.11506521701812744
1773047937839962600,37.52396264648438,-0.2651357650756836,-0.023037433624267578,-0.12067091464996338
1773047937849931500,37.533931640625,-0.3494224548339844,-0.04215431213378906,-0.04864037036895752
1773047937859877600,37.543877685546875,-0.35777807235717773,-0.0458064079284668,0.03086709976196289
1773047937869844200,37.55384423828125,-0.29672813415527344,-0.07140302658081055,0.019137263298034668
1773047937879792600,37.56379272460938,-0.08775043487548828,-0.009691715240478516,-0.04084646701812744
1773047937889757200,37.573757080078124,0.10292530059814453,0.009559154510498047,-0.0018862485885620117
1773047937899668700,37.583668701171874,0.22512340545654297,0.037221431732177734,0.01775681972503662
1773047937909628200,37.59362817382812,0.21007394790649414,0.07676553726196289,0.038744449615478516
1773047937919583500,37.60358349609375,0.1068582534790039,0.015138626098632812,0.06643843650817871
1773047937929542400,37.61354248046875,0.028996944427490234,-0.012874603271484375,-0.032222867012023926
1773047937939498200,37.62349829101562,0.031945228576660156,0.030936717987060547,-0.03108346462249756
1773047937949457000,37.633456787109374,0.09541893005371094,0.04643821716308594,0.04539597034454346
1773047937959413000,37.6434130859375,0.16704893112182617,0.004998683929443359,0.11295449733734131
1773047937969371600,37.65337158203125,0.1951446533203125,-0.017768383026123047,0.13596117496490479
1773047937979328000,37.66332788085938,0.18559598922729492,-0.022471904754638672,0.10492610931396484
1773047937989286100,37.6732861328125,0.14440202713012695,0.004552364349365234,-0.047598958015441895
1773047937999204000,37.6832041015625,-0.017225265502929688,0.02105426788330078,-0.14905691146850586
1773047938009158400,37.693158447265624,-0.23651981353759766,-0.005128383636474609,-0.12093675136566162
1773047938019080400,37.70308056640625,-0.37188243865966797,-0.07746171951293945,-0.09197354316711426
1773047938029031400,37.71303149414062,-0.4021730422973633,-0.11403131484985352,-0.11412465572357178
1773047938038995200,37.7229951171875,-0.34856605529785156,-0.08178377151489258,-0.08792924880981445
1773047938048947500,37.73294750976562,-0.19800138473510742,-0.020013809204101562,-0.07477617263793945
1773047938058948400,37.7429482421875,-0.050568580627441406,-0.024158000946044922,-0.011629581451416016
1773047938068905500,37.75290551757813,0.023722171783447266,-0.0520167350769043,0.1319749355316162
1773047938079085600,37.76308544921875,0.04987478256225586,0.0517120361328125,0.16730272769927979
1773047938089265400,37.77326538085938,0.023702621459960938,0.04007434844970703,0.13940012454986572
1773047938099445500,37.78344555664062,0.04930448532104492,0.014483451843261719,0.07653653621673584
1773047938109551400,37.79355126953125,0.08845329284667969,0.041257381439208984,0.010118722915649414
1773047938119508500,37.803508544921876,0.11753463745117188,0.08654022216796875,0.033760786056518555
1773047938129501200,37.813501220703124,0.13198375701904297,0.07437324523925781,0.08621442317962646
1773047938139462100,37.82346215820313,0.17907285690307617,0.06665706634521484,0.07894420623779297
1773047938149451800,37.83345166015625,0.2018880844116211,0.06324338912963867,0.007928967475891113
1773047938159416000,37.843416015625,0.22974777221679688,0.08715009689331055,-0.03269088268280029
1773047938169403100,37.85340307617187,0.2064685821533203,0.08103609085083008,-0.07189202308654785
1773047938179408600,37.86340869140625,0.09513425827026367,0.0172271728515625,-0.03422832489013672
1773047938189397500,37.8733974609375,0.00957489013671875,-0.013207435607910156,-0.029076695442199707
1773047938199323600,37.88332373046875,-0.04636335372924805,-0.02424478530883789,-0.13698124885559082
1773047938209306400,37.89330639648438,-0.05427360534667969,-0.0016765594482421875,-0.27337348461151123
1773047938219186200,37.903186279296875,-0.08981084823608398,0.01613330841064453,-0.27466392517089844
1773047938229003000,37.9130029296875,-0.20912742614746094,0.000881195068359375,-0.14674091339111328
1773047938239183000,37.92318310546875,-0.2607545852661133,-0.06542110443115234,0.01090383529663086
1773047938249216800,37.933216796875,-0.25104522705078125,-0.05434989929199219,0.038174986839294434
1773047938259184600,37.9431845703125,-0.18143081665039062,-0.009110450744628906,0.08311724662780762
1773047938269168600,37.953168701171876,-0.07172870635986328,0.013116836547851562,0.08934056758880615
1773047938279138600,37.963138671875,0.05903959274291992,0.035605430603027344,0.08163082599639893
1773047938289121000,37.97312109375,0.1825575828552246,0.0343317985534668,0.1315842866897583
1773047938299092200,37.98309228515625,0.252321720123291,-0.023936748504638672,0.201308012008667
1773047938309073700,37.99307373046875,0.26018667221069336,-0.06345272064208984,0.1921529769897461
1773047938319046000,38.0030458984375,0.17915678024291992,-0.06121635437011719,0.0959467887878418
1773047938329026600,38.01302661132812,0.07674217224121094,-0.0318913459777832,0.021272897720336914
1773047938338999800,38.022999755859374,-0.05598592758178711,-0.07008600234985352,0.004772186279296875
1773047938348979500,38.0329794921875,-0.1861858367919922,-0.09835052490234375,-0.06415808200836182
1773047938358953500,38.042953369140626,-0.24434137344360352,-0.08241462707519531,-0.0965583324432373
1773047938368932600,38.0529326171875,-0.25081777572631836,-0.06959915161132812,-0.08424937725067139
1773047938378907100,38.0629072265625,-0.18761157989501953,-0.027092933654785156,-0.07432746887207031
1773047938388886000,38.072885986328124,-0.14455556869506836,-0.008324146270751953,-0.027852654457092285
1773047938398860800,38.08286083984375,-0.13037347793579102,-0.013553142547607422,0.003926634788513184
1773047938408839200,38.092839111328125,-0.12130212783813477,0.0050220489501953125,0.00227200984954834
1773047938418719200,38.10271923828125,-0.06108379364013672,0.01432943344116211,-0.022547006607055664
1773047938428537000,38.112537109375,-0.0020666122436523438,0.042621612548828125,-0.009626388549804688
1773047938438717000,38.122717041015626,0.0599827766418457,0.04786396026611328,-0.07309842109680176
1773047938448751000,38.13275122070313,0.14925003051757812,0.05765533447265625,-0.0456998348236084
1773047938458631200,38.142631103515626,0.21391820907592773,0.05244588851928711,-0.0035837888717651367
1773047938468448000,38.152447998046874,0.2733745574951172,0.06537628173828125,-0.04152882099151611
1773047938478627800,38.1626279296875,0.20581912994384766,-0.0031042098999023438,-0.08374917507171631
1773047938488661500,38.17266162109375,0.11234569549560547,0.003719329833984375,-0.05987715721130371
1773047938498629400,38.18262939453125,-0.021061420440673828,0.0000820159912109375,-0.03181421756744385
1773047938508613600,38.19261352539063,-0.13321542739868164,-0.06029653549194336,0.0008554458618164062
1773047938518583000,38.2025830078125,-0.1499776840209961,-0.07667160034179688,-0.023156404495239258
1773047938528565800,38.212565673828124,-0.05932807922363281,-0.016005516052246094,-0.023850440979003906
1773047938538445800,38.22244580078125,0.029098033905029297,0.002155780792236328,0.017444729804992676
1773047938548262700,38.2322626953125,0.08781576156616211,-0.008481025695800781,0.05426526069641113
1773047938558258000,38.2422578125,0.07069730758666992,-0.005772590637207031,0.0969163179397583
1773047938568220000,38.25221997070312,0.040152549743652344,0.005428791046142578,0.09816765785217285
1773047938578400000,38.26239990234375,0.05729961395263672,0.006762981414794922,0.04822540283203125
1773047938588433000,38.27243286132813,0.07890510559082031,0.022255420684814453,0.008172154426574707
1773047938598398000,38.28239794921875,0.0770106315612793,0.027704715728759766,0.07209193706512451
1773047938608384300,38.29238427734375,0.12681102752685547,0.02329540252685547,0.13216745853424072
1773047938618264300,38.30226440429688,0.22750568389892578,-0.0003371238708496094,0.11329364776611328
1773047938628080400,38.31208032226562,0.1953563690185547,0.008283138275146484,0.0302276611328125
1773047938638072600,38.322072509765626,0.10802316665649414,0.03443336486816406,-0.036139845848083496
1773047938648037000,38.332037109375,0.004155158996582031,0.04057025909423828,-0.031459927558898926
1773047938658026200,38.34202612304688,-0.1116323471069336,0.01341390609741211,-0.04210174083709717
1773047938667993000,38.3519931640625,-0.18830537796020508,-0.04573249816894531,-0.07604646682739258
1773047938678173200,38.36217309570313,-0.19892263412475586,-0.055577754974365234,-0.05283820629119873
1773047938688205300,38.37220532226563,-0.14477920532226562,-0.016614913940429688,-0.06807053089141846
1773047938698166500,38.38216650390625,-0.035610198974609375,0.008458137512207031,-0.06994163990020752
1773047938708156000,38.39215600585938,-0.008310794830322266,0.037912845611572266,-0.04857790470123291
1773047938718120400,38.40212036132812,-0.014062881469726562,0.02857065200805664,-0.03602886199951172
1773047938728107300,38.41210717773438,-0.0383143424987793,0.009507179260253906,-0.03701448440551758
1773047938737987300,38.4219873046875,-0.02461862564086914,-0.013685226440429688,-0.06672728061676025
1773047938747803100,38.43180322265625,0.045072078704833984,0.0017933845520019531,-0.10188877582550049
1773047938757983200,38.44198315429688,0.12316131591796875,0.04066276550292969,-0.05275523662567139
1773047938768016400,38.452016357421876,0.17688989639282227,0.02177715301513672,0.019405841827392578
1773047938777981700,38.461981689453125,0.1549062728881836,0.011742115020751953,0.006862282752990723
1773047938787968000,38.47196801757813,0.07242250442504883,-0.012922286987304688,-0.02783215045928955
1773047938797935400,38.48193530273438,-0.02714252471923828,-0.00932168960571289,-0.08555233478546143
1773047938807919900,38.491919921875,-0.1434016227722168,0.027002334594726562,-0.11546456813812256
1773047938817799700,38.50179956054688,-0.26242780685424805,-0.0028676986694335938,-0.09443449974060059
1773047938827616300,38.5116162109375,-0.3329334259033203,-0.03149271011352539,-0.046096205711364746
1773047938837796400,38.52179638671875,-0.2291698455810547,-0.015924930572509766,-0.01314091682434082
1773047938847829800,38.531829833984375,-0.06693458557128906,-0.004045963287353516,-0.014406323432922363
1773047938857709800,38.54170971679687,0.02617645263671875,0.05539989471435547,0.0026557445526123047
1773047938867525600,38.551525634765625,0.0945124626159668,0.07106733322143555,0.04322957992553711
1773047938877705700,38.561705810546876,0.06355047225952148,0.03357696533203125,0.02789163589477539
1773047938887739000,38.57173876953125,-0.008479118347167969,0.014517784118652344,0.004040241241455078
1773047938897618700,38.58161865234375,-0.05552339553833008,0.019313812255859375,-0.01574885845184326
1773047938907434500,38.5914345703125,-0.036202430725097656,0.010674476623535156,-0.01327216625213623
1773047938917614300,38.6016142578125,0.05771589279174805,0.012183666229248047,0.040438175201416016
1773047938927647200,38.611647216796875,0.09825468063354492,-0.005544185638427734,0.0713202953338623
1773047938937527300,38.62152734375,0.15700006484985352,-0.018926620483398438,0.08999359607696533
1773047938947342600,38.63134252929687,0.15386486053466797,0.00015401840209960938,0.06279730796813965
1773047938957332500,38.64133251953125,0.1185002326965332,0.003984928131103516,0.00805521011352539
1773047938967298800,38.651298828125,-0.009555816650390625,0.0023450851440429688,-0.04217958450317383
1773047938977479000,38.66147900390625,-0.14903879165649414,0.0004277229309082031,-0.09283220767974854
1773047938987511300,38.67151123046875,-0.23984336853027344,-0.03812265396118164,-0.1010749340057373
1773047938997473000,38.68147314453125,-0.1944260597229004,-0.045536041259765625,-0.02534627914428711
1773047939007462100,38.69146215820312,0.04656696319580078,-0.013361930847167969,0.04348266124725342
1773047939017342000,38.70134204101562,0.23170900344848633,0.03249406814575195,0.0827333927154541
1773047939027157500,38.71115747070313,0.2408294677734375,0.028951644897460938,0.0936657190322876
1773047939037337300,38.72133740234375,0.13823652267456055,0.01882314682006836,0.08698785305023193
1773047939047370200,38.731370361328125,-0.022931575775146484,-0.0065670013427734375,0.04861092567443848
1773047939057250300,38.74125024414062,-0.12984132766723633,-0.017154693603515625,-0.03624999523162842
1773047939067065600,38.75106567382812,-0.13666868209838867,-0.017217636108398438,-0.08320343494415283
1773047939077245700,38.76124560546875,-0.09239435195922852,0.02163219451904297,-0.041345834732055664
1773047939087278300,38.7712783203125,0.002407073974609375,-0.0009770393371582031,0.005244255065917969
1773047939097158100,38.781158203125,0.10494089126586914,-0.03307056427001953,0.015621542930603027
1773047939106973400,38.79097338867187,0.10263919830322266,-0.0277557373046875,-0.0248105525970459
1773047939117153300,38.8011533203125,0.049103736877441406,-0.013612747192382812,-0.10252547264099121
1773047939127186200,38.81118627929688,-0.04515886306762695,-0.00008440017700195312,-0.11013317108154297
1773047939137149200,38.821149169921874,-0.14210271835327148,-0.02456045150756836,-0.08151066303253174
1773047939147137300,38.83113720703125,-0.20472478866577148,-0.020019054412841797,-0.06309318542480469
1773047939157103000,38.84110302734375,-0.14982366561889648,-0.037784576416015625,-0.05423164367675781
1773047939167089000,38.8510888671875,0.006601810455322266,-0.0021276473999023438,-0.017550349235534668
1773047939177056800,38.861056884765624,0.19334983825683594,0.05194377899169922,0.013253450393676758
1773047939187040800,38.871040771484374,0.22266244888305664,0.042627811431884766,0.043990492820739746
1773047939197010700,38.8810107421875,0.08802175521850586,0.03636026382446289,0.05677807331085205
1773047939206993200,38.8909931640625,-0.08157873153686523,0.015254974365234375,0.032909274101257324
1773047939216964400,38.90096435546875,-0.1264963150024414,0.014055252075195312,-0.028620481491088867
1773047939226945800,38.91094580078125,-0.11029243469238281,-0.004669666290283203,-0.024675726890563965
1773047939236918300,38.920918212890626,0.018014907836914062,-0.0032949447631835938,0.015841245651245117
1773047939246899000,38.93089892578125,0.10641241073608398,0.01690959930419922,0.04193770885467529
1773047939256778800,38.94077880859375,0.1794877052307129,-0.0016083717346191406,0.06924331188201904
1773047939266638600,38.950638671875,0.18577957153320312,0.0030035972595214844,0.03620147705078125
1773047939276631800,38.9606318359375,0.1737833023071289,0.030400753021240234,-0.03409421443939209
1773047939286595600,38.970595703125,0.03576231002807617,0.033083438873291016,-0.024289488792419434
1773047939296779300,38.980779296875,-0.12747669219970703,-0.002536296844482422,-0.020212888717651367
1773047939306765300,38.99076538085937,-0.22725343704223633,-0.03241157531738281,-0.020610928535461426
1773047939316733200,39.000733154296874,-0.23270750045776367,-0.046138763427734375,-0.006342291831970215
1773047939326717400,39.010717529296876,-0.05144357681274414,-0.029546737670898438,-0.010982632637023926
1773047939336687000,39.02068701171875,0.14041423797607422,0.0015802383422851562,0.007504820823669434
1773047939346669800,39.030669921875,0.21712923049926758,0.031098365783691406,0.025395870208740234
1773047939356549600,39.04054956054687,0.12449216842651367,0.020683765411376953,0.029644489288330078
1773047939366409200,39.0504091796875,-0.05504894256591797,-0.009699821472167969,0.025177001953125
1773047939376594400,39.06059448242188,-0.19407224655151367,0.0031080245971679688,0.006061196327209473
1773047939386579500,39.07057934570312,-0.18584823608398438,0.007796764373779297,0.009319067001342773
1773047939396548400,39.08054833984375,-0.0796504020690918,-0.019449710845947266,0.044453978538513184
1773047939406531600,39.09053149414063,-0.01325225830078125,-0.013072013854980469,0.0703282356262207
1773047939416502000,39.100501953125,0.042326927185058594,-0.011765003204345703,0.07922780513763428
1773047939426484200,39.110484130859376,0.07334709167480469,-0.01551675796508789,0.07083582878112793
1773047939436456000,39.1204560546875,0.0851888656616211,-0.014699935913085938,0.020259499549865723
1773047939446436900,39.130436767578125,0.031824588775634766,-0.0003376007080078125,-0.021771788597106934
1773047939456317000,39.14031689453125,-0.1044321060180664,-0.015101909637451172,-0.06951844692230225
1773047939466176500,39.15017651367187,-0.20093584060668945,-0.03393888473510742,-0.04657447338104248
1773047939476363300,39.16036328125,-0.17935562133789062,-0.027593135833740234,-0.023875713348388672
1773047939486347000,39.17034692382813,0.010015010833740234,0.008392810821533203,-0.03452467918395996
1773047939496317200,39.180317138671874,0.19132137298583984,-0.007556438446044922,-0.012977361679077148
1773047939506299400,39.19029931640625,0.23851680755615234,0.008875846862792969,0.008301973342895508
1773047939516270800,39.20027075195313,0.22464942932128906,0.07059669494628906,0.0453033447265625
1773047939526252300,39.210252197265625,0.0942845344543457,0.04959726333618164,0.017972826957702637
1773047939536224800,39.220224853515624,-0.010247230529785156,-0.00441741943359375,-0.054901123046875
1773047939546205200,39.230205078125,-0.042676448822021484,0.018425464630126953,-0.0901639461517334
1773047939556178400,39.24017846679688,-0.00418853759765625,0.036978721618652344,-0.10806608200073242
1773047939566158000,39.250157958984374,0.057407379150390625,0.04581642150878906,-0.0795295238494873
1773047939576038100,39.2600380859375,0.042719364166259766,0.011813640594482422,-0.027022242546081543
1773047939585898200,39.269898193359374,0.04710674285888672,-0.021987438201904297,-0.035138845443725586
1773047939596086000,39.2800859375,0.02342700958251953,-0.022594928741455078,-0.05706369876861572
1773047939606069000,39.29006909179687,-0.03704023361206055,-0.009296417236328125,-0.05628645420074463
1773047939616039700,39.30003979492187,-0.14313936233520508,-0.010517597198486328,-0.05678117275238037
1773047939626021400,39.310021484375,-0.2052783966064453,-0.04441213607788086,-0.024548053741455078
1773047939635993600,39.31999365234375,-0.18743371963500977,-0.03885078430175781,0.007081747055053711
1773047939645974300,39.32997436523438,-0.04879903793334961,-0.008306503295898438,0.03792262077331543
1773047939655947300,39.339947265625,0.12014389038085938,0.050425052642822266,0.07739460468292236
1773047939665927200,39.34992724609375,0.19292068481445312,0.08362483978271484,0.07897591590881348
1773047939675904300,39.359904296875,0.1525869369506836,0.03934192657470703,0.06316804885864258
1773047939685878000,39.3698779296875,-0.023113250732421875,0.004298686981201172,0.08197975158691406
1773047939695857400,39.379857421875,-0.11601018905639648,0.021697521209716797,0.03505122661590576
1773047939705831700,39.38983178710937,-0.09030914306640625,0.006824970245361328,-0.04032576084136963
1773047939715810600,39.399810546875,-0.03268766403198242,0.031044960021972656,-0.04580211639404297
1773047939725785600,39.40978564453125,0.06148862838745117,0.031612396240234375,0.004816770553588867
1773047939735764000,39.419763916015626,0.12575244903564453,0.012983322143554688,0.08462858200073242
1773047939745739300,39.4297392578125,0.1516132354736328,-0.0015006065368652344,0.11800920963287354
1773047939755717400,39.43971728515625,0.15402984619140625,0.011708259582519531,0.05281031131744385
1773047939765693000,39.44969287109375,0.06306028366088867,-0.013776302337646484,-0.03053271770477295
1773047939775670800,39.4596708984375,-0.0915365219116211,-0.02525472640991211,-0.0666118860244751
1773047939785646800,39.46964672851563,-0.21537113189697266,-0.06921720504760742,-0.051130056381225586
1773047939795624400,39.47962451171875,-0.23958206176757812,-0.09216547012329102,-0.03119063377380371
1773047939805504500,39.48950439453125,-0.09090805053710938,-0.09854316711425781,-0.012210249900817871
1773047939815364900,39.49936474609375,0.16277742385864258,-0.08957147598266602,0.04321622848510742
1773047939825360400,39.5093603515625,0.31882476806640625,-0.0533294677734375,0.09771454334259033
1773047939835322400,39.519322265625,0.27630615234375,-0.04830741882324219,0.11517775058746338
1773047939845507800,39.5295078125,0.06184053421020508,-0.04552412033081055,0.09639978408813477
1773047939855492600,39.53949267578125,-0.12049531936645508,-0.04785299301147461,0.026238322257995605
1773047939865461800,39.549461669921875,-0.2153635025024414,-0.011871814727783203,-0.029582738876342773
1773047939875444700,39.55944482421875,-0.20575809478759766,0.06695079803466797,-0.047974467277526855
1773047939885415400,39.56941552734375,-0.12659454345703125,0.12192487716674805,-0.04726088047027588
1773047939895397400,39.5793974609375,-0.011838912963867188,0.11075067520141602,-0.031874775886535645
1773047939905369300,39.589369384765625,0.04890108108520508,0.10484027862548828,0.006673216819763184
1773047939915350000,39.59935009765625,0.05731630325317383,0.11283063888549805,0.0013942718505859375
1773047939925230000,39.60922998046875,0.010215282440185547,0.10557985305786133,-0.018918156623840332
1773047939935090000,39.61908984375,-0.1293201446533203,0.06468057632446289,-0.016263246536254883
1773047939945276700,39.62927661132812,-0.27138471603393555,0.048193931579589844,-0.013756632804870605
1773047939955260400,39.63926049804687,-0.26198816299438477,0.02884817123413086,0.031699180603027344
1773047939965230600,39.64923071289063,-0.09937524795532227,0.01177835464477539,0.044389963150024414
1773047939975212800,39.659212890625,0.13433218002319336,0.029405593872070312,0.038915276527404785
1773047939985184300,39.66918432617187,0.2887740135192871,0.013464927673339844,-0.00745236873626709
1773047939995165400,39.67916552734375,0.29579973220825195,-0.04168224334716797,-0.0225217342376709
1773047940005045500,39.68904541015625,0.14867115020751953,-0.12618732452392578,-0.07281935214996338
1773047940025091800,39.709091796875,-0.06595039367675781,-0.1708664894104004,-0.3157033920288086
1773047940035075600,39.71907568359375,-0.15379571914672852,-0.1408987045288086,-0.39294230937957764
1773047940045045500,39.72904541015625,-0.18352317810058594,-0.10611104965209961,-0.4625929594039917
1773047940055028000,39.73902807617188,-0.2080674171447754,-0.05216836929321289,-0.4263252019882202
1773047940064999400,39.74899951171875,-0.18055105209350586,0.006758689880371094,-0.32414090633392334
1773047940074980600,39.758980712890626,-0.10645675659179688,0.07055807113647461,-0.20918619632720947
1773047940084953000,39.768953125,-0.047365665435791016,0.11507368087768555,-0.029436469078063965
1773047940094933500,39.77893359375,-0.06403112411499023,0.10709857940673828,0.12132704257965088
1773047940104907000,39.78890698242188,-0.08516359329223633,0.09960079193115234,0.17447972297668457
1773047940114886700,39.79888671875,-0.012629985809326172,0.18266916275024414,0.2833869457244873
1773047940124766700,39.8087666015625,0.09540653228759766,0.17038202285766602,0.4504746198654175
1773047940134584000,39.818583984375,0.2248096466064453,0.13846397399902344,0.5543521642684937
1773047940144764200,39.82876416015625,0.3053121566772461,0.10048151016235352,0.5115355253219604
1773047940154798000,39.838798095703126,0.2816433906555176,0.07484006881713867,0.4941263198852539
1773047940164768000,39.84876806640625,0.1691904067993164,0.033946990966796875,0.36854803562164307
1773047940174750500,39.85875048828125,0.05815935134887695,-0.05365180969238281,0.20091354846954346
1773047940184722000,39.868721923828126,0.009579658508300781,-0.10174083709716797,0.07012617588043213
1773047940194703000,39.878703125,0.06494855880737305,-0.12480735778808594,-0.012035846710205078
1773047940204675600,39.88867553710938,0.12417173385620117,-0.1378641128540039,-0.04675424098968506
1773047940214656000,39.89865600585937,0.08387947082519531,-0.16027307510375977,-0.0770263671875
1773047940224590600,39.908590576171875,0.04019784927368164,-0.16855478286743164,-0.10804331302642822
1773047940234566400,39.91856640625,-0.10077571868896484,-0.15828943252563477,-0.14048516750335693
1773047940244583200,39.92858325195313,-0.2668609619140625,-0.0965280532836914,-0.14221584796905518
1773047940254563000,39.93856298828125,-0.39267778396606445,-0.06325244903564453,-0.132085919380188
1773047940264536800,39.948536865234374,-0.3862471580505371,-0.028148651123046875,-0.09585154056549072
1773047940274516200,39.95851611328125,-0.17020606994628906,0.06579399108886719,-0.029282331466674805
1773047940284490800,39.96849072265625,0.15381717681884766,0.10817337036132812,0.07300353050231934
1773047940294469600,39.9784697265625,0.37402772903442383,0.09727287292480469,0.11811482906341553
1773047940304444400,39.9884443359375,0.3945426940917969,0.10280656814575195,0.08496177196502686
1773047940314423000,39.998423095703124,0.22827529907226562,0.053658485412597656,0.03611552715301514
1773047940324302800,40.008302734375,0.0703420639038086,0.008481979370117188,-0.009638190269470215
1773047940334120700,40.01812060546875,-0.05208873748779297,-0.00333404541015625,-0.05294489860534668
1773047940344300800,40.02830078125,-0.07909965515136719,-0.009767532348632812,-0.14112043380737305
1773047940354335000,40.0383349609375,-0.017009735107421875,-0.0014095306396484375,-0.18886780738830566
1773047940364305700,40.0483056640625,0.05305910110473633,0.01638507843017578,-0.2111595869064331
1773047940374287400,40.058287353515624,0.07528877258300781,0.019339561462402344,-0.2567216157913208
1773047940384259300,40.06825927734375,0.003967761993408203,0.0073261260986328125,-0.3120352029800415
1773047940394240300,40.078240234375,-0.15440607070922852,-0.00054168701171875,-0.3356667757034302
1773047940404120300,40.08812036132812,-0.3330345153808594,-0.02239704132080078,-0.36165928840637207
1773047940413937400,40.0979375,-0.4478440284729004,-0.023896217346191406,-0.3006589412689209
1773047940424117500,40.10811743164062,-0.4020423889160156,0.014628887176513672,-0.22023499011993408
1773047940434151400,40.1181513671875,-0.18907737731933594,0.045449256896972656,-0.12942910194396973
1773047940444120600,40.12812060546875,0.005631446838378906,0.09566736221313477,0.00527036190032959
1773047940454103600,40.138103515625,0.15522289276123047,0.1069941520690918,0.14184093475341797
1773047940464074500,40.14807446289063,0.18095159530639648,0.09330606460571289,0.25785064697265625
1773047940474056200,40.15805615234375,0.15998268127441406,0.07883024215698242,0.3018137216567993
1773047940484028200,40.16802807617187,0.13944196701049805,0.0737605094909668,0.29864823818206787
1773047940494009000,40.178009033203125,0.20811891555786133,0.08315229415893555,0.30647552013397217
1773047940503981800,40.18798193359375,0.29381418228149414,0.09257841110229492,0.3444894552230835
1773047940513962000,40.1979619140625,0.33580970764160156,-0.03516721725463867,0.30784714221954346
1773047940523935700,40.20793579101562,0.33990049362182617,-0.17603588104248047,0.29763591289520264
1773047940533915100,40.2179150390625,0.2501826286315918,-0.15595102310180664,0.3054382801055908
1773047940543889400,40.227889404296874,0.017094135284423828,-0.13361644744873047,0.25053656101226807
1773047940553868300,40.23786840820313,-0.2255401611328125,-0.19762802124023438,0.08052778244018555
1773047940563843300,40.24784326171875,-0.36581850051879883,-0.1703486442565918,-0.10594093799591064
1773047940573821700,40.25782177734375,-0.33133697509765625,-0.08902263641357422,-0.1742628812789917
1773047940583797000,40.267796875,-0.1672663688659668,0.0078277587890625,-0.18361496925354004
1773047940593775000,40.27777514648437,0.0074901580810546875,0.03374195098876953,-0.12416434288024902
1773047940603750700,40.28775073242188,0.10937166213989258,0.025621891021728516,-0.04249608516693115
1773047940613728500,40.297728515625,0.06009197235107422,-0.0025496482849121094,-0.00449061393737793
1773047940623704600,40.30770458984375,-0.07663488388061523,0.01092672348022461,-0.014634966850280762
1773047940633682200,40.31768212890625,-0.25276994705200195,0.0095672607421875,-0.08213186264038086
1773047940643658200,40.327658203125,-0.3084273338317871,0.01809978485107422,-0.12593555450439453
1773047940653635800,40.3376357421875,-0.2559847831726074,0.037293434143066406,-0.07068765163421631
1773047940663612000,40.34761181640625,-0.13038253784179688,0.07649850845336914,-0.007188320159912109
1773047940673589500,40.357589599609376,0.048758506774902344,0.08752965927124023,0.08905792236328125
1773047940683565800,40.36756591796875,0.11667299270629883,0.0788717269897461,0.1624290943145752
1773047940693543000,40.37754296875,0.06167793273925781,0.06876993179321289,0.11541807651519775
1773047940703519500,40.38751953125,-0.058017730712890625,0.043703556060791016,-0.017765402793884277
1773047940713496600,40.39749658203125,-0.08691740036010742,0.033786773681640625,-0.12471342086791992
1773047940723473200,40.40747314453125,0.029523849487304688,0.044483184814453125,-0.20308911800384521
1773047940733450200,40.4174501953125,0.2564268112182617,0.04661369323730469,-0.19675540924072266
1773047940743330300,40.427330322265625,0.38176727294921875,0.009931564331054688,-0.15321671962738037
1773047940753148400,40.4371484375,0.32364988327026367,-0.009850502014160156,-0.14316236972808838
1773047940763147800,40.44714770507812,0.12263631820678711,-0.012741565704345703,-0.17580687999725342
1773047940773106400,40.4571064453125,-0.13056039810180664,-0.006755352020263672,-0.23797380924224854
1773047940783286500,40.46728662109375,-0.28124570846557617,0.005136966705322266,-0.21680951118469238
1773047940793320000,40.47731982421875,-0.2477564811706543,-0.022932052612304688,-0.18828201293945312
1773047940803287800,40.48728784179688,-0.019376277923583984,-0.07603931427001953,-0.13275456428527832
1773047940813272000,40.49727197265625,0.24662113189697266,-0.0891885757446289,0.0005602836608886719
1773047940823151900,40.50715185546875,0.35868310928344727,-0.09375333786010742,0.20611965656280518
1773047940832968700,40.51696875,0.22630739212036133,-0.06337738037109375,0.3011035919189453
1773047940843148500,40.5271484375,0.013123035430908203,-0.07844114303588867,0.19915246963500977
1773047940853182000,40.53718188476562,-0.14928722381591797,-0.013662338256835938,0.02000725269317627
1773047940863149000,40.54714916992187,-0.15956401824951172,0.04198884963989258,-0.052523255348205566
1773047940873133800,40.5571337890625,0.026403427124023438,0.06590747833251953,0.02101922035217285
1773047940883103000,40.56710302734375,0.2600393295288086,0.015398502349853516,0.15389752388000488
1773047940893086000,40.5770859375,0.3679008483886719,-0.06341838836669922,0.26214325428009033
1773047940903056600,40.587056640625,0.2403116226196289,-0.08215188980102539,0.2432389259338379
1773047940913038600,40.59703857421875,-0.057181358337402344,-0.0753326416015625,0.1138385534286499
1773047940922918700,40.60691870117188,-0.3767733573913574,-0.0373539924621582,-0.0732342004776001
1773047940932798500,40.61679858398438,-0.6259341239929199,0.03876638412475586,-0.15432631969451904
1773047940942964000,40.6269638671875,-0.5813961029052734,0.05558633804321289,-0.1466376781463623
1773047940952950300,40.6369501953125,-0.3469429016113281,0.07544803619384766,-0.07102620601654053
1773047940962918000,40.64691796875,-0.08933401107788086,0.11565876007080078,0.04368293285369873
1773047940972902100,40.656902099609376,0.07011127471923828,0.09859180450439453,0.16978716850280762
1773047940982871600,40.66687158203125,0.05404090881347656,0.0801243782043457,0.176813006401062
1773047940992854500,40.6768544921875,-0.05965280532836914,0.1455063819885254,0.1371164321899414
1773047941002825500,40.68682543945312,-0.12452411651611328,0.12048482894897461,0.05580604076385498
1773047941012807200,40.69680712890625,-0.057788848876953125,0.1067047119140625,-0.00517427921295166
1773047941022779100,40.706779052734376,0.11481761932373047,0.0755925178527832,0.024953842163085938
1773047941032759800,40.716759765625,0.2747654914855957,0.026019573211669922,0.06128358840942383
1773047941042732800,40.72673291015625,0.3808116912841797,-0.009952068328857422,0.08557772636413574
1773047941052712700,40.73671264648438,0.326479434967041,-0.04744434356689453,0.035921573638916016
1773047941062686700,40.746686767578126,0.13775157928466797,-0.043755531311035156,-0.044228434562683105
1773047941072665900,40.75666577148438,-0.038225650787353516,-0.07365083694458008,-0.14526796340942383
1773047941082640400,40.76664038085938,-0.056919097900390625,-0.10662317276000977,-0.2069021463394165
1773047941092619300,40.776619384765624,0.12563419342041016,-0.0946950912475586,-0.2120140790939331
1773047941102594000,40.786593994140624,0.26223278045654297,-0.09137153625488281,-0.17148494720458984
1773047941112572700,40.79657275390625,0.28017187118530273,-0.15508079528808594,-0.1708219051361084
1773047941122548000,40.8065478515625,0.15448713302612305,-0.19661712646484375,-0.22378098964691162
1773047941132526000,40.81652612304688,-0.13152790069580078,-0.17781829833984375,-0.33161425590515137
1773047941142501600,40.826501708984374,-0.40680885314941406,-0.0742640495300293,-0.32629096508026123
1773047941152479500,40.8364794921875,-0.5506148338317871,0.020212650299072266,-0.21936547756195068
1773047941162455300,40.846455322265626,-0.5287637710571289,0.04525041580200195,0.013844966888427734
1773047941172433200,40.85643310546875,-0.32643985748291016,0.03534555435180664,0.20551562309265137
1773047941182409000,40.86640893554687,0.002319812774658203,0.10237455368041992,0.3783149719238281
1773047941192386600,40.876386474609376,0.22639894485473633,0.0636138916015625,0.2992870807647705
1773047941202363000,40.88636279296875,0.22178983688354492,0.03729534149169922,0.17869627475738525
1773047941212340200,40.89634033203125,0.13759136199951172,0.04727506637573242,0.15919899940490723
1773047941222316500,40.90631665039062,0.06325531005859375,0.07562017440795898,0.12125992774963379
1773047941232294000,40.9162939453125,0.20932674407958984,0.11891889572143555,0.13004851341247559
1773047941242270200,40.926270263671874,0.478668212890625,0.11970853805541992,0.21283483505249023
1773047941252247600,40.93624755859375,0.5983505249023438,0.09027624130249023,0.20394647121429443
1773047941262224100,40.94622412109375,0.4881453514099121,0.07151651382446289,0.12285935878753662
1773047941272201200,40.956201171875,0.19009065628051758,0.08219480514526367,-0.031702280044555664
1773047941282177800,40.966177734375,-0.1854104995727539,0.0955805778503418,-0.19099879264831543
1773047941292155000,40.97615478515625,-0.45532798767089844,0.08602523803710938,-0.36169350147247314
1773047941302131500,40.98613134765625,-0.6275534629821777,0.03217315673828125,-0.44568347930908203
1773047941312108500,40.99610864257812,-0.6099371910095215,-0.06481695175170898,-0.4350665807723999
1773047941322085000,41.00608520507812,-0.5136294364929199,-0.11957979202270508,-0.3041093349456787
1773047941332062200,41.016062255859374,-0.4430880546569824,-0.1145315170288086,-0.14399945735931396
1773047941342039000,41.0260390625,-0.3835935592651367,-0.11739253997802734,0.03779911994934082
1773047941352016000,41.03601586914063,-0.2980155944824219,-0.10939931869506836,0.21642112731933594
1773047941361992700,41.04599267578125,-0.08423328399658203,-0.062164306640625,0.34780049324035645
1773047941371969500,41.05596948242187,0.2881908416748047,-0.02820730209350586,0.4250156879425049
1773047941381946400,41.0659462890625,0.6574921607971191,-0.0417943000793457,0.5070295333862305
1773047941391923200,41.075923095703125,0.8705177307128906,-0.06719064712524414,0.5147666931152344
1773047941401900000,41.08590014648438,0.8895235061645508,-0.05449628829956055,0.3546433448791504
1773047941411877000,41.09587719726562,0.6711750030517578,0.014757156372070312,0.12534630298614502
1773047941421853700,41.10585375976562,0.3740706443786621,0.07550048828125,-0.10470211505889893
1773047941431830800,41.115830810546875,0.05967378616333008,0.0870356559753418,-0.21899795532226562
1773047941441807600,41.1258076171875,-0.15010786056518555,0.0746755599975586,-0.27616190910339355
1773047941451784400,41.13578442382813,-0.2858772277832031,0.016012191772460938,-0.3244715929031372
1773047941461761300,41.14576123046875,-0.4196343421936035,-0.031021595001220703,-0.3659430742263794
1773047941471738000,41.15573803710937,-0.5086731910705566,-0.03364419937133789,-0.36930394172668457
1773047941481715000,41.16571484375,-0.6479063034057617,-0.03514671325683594,-0.28281664848327637
1773047941491691800,41.17569189453125,-0.7621598243713379,-0.0019497871398925781,-0.20044934749603271
1773047941501668600,41.18566870117188,-0.6463851928710938,0.04337644577026367,-0.09735941886901855
1773047941511645400,41.1956455078125,-0.3195075988769531,0.05878925323486328,-0.023780107498168945
1773047941521622500,41.20562255859375,0.08437108993530273,0.024158000946044922,0.09763038158416748
1773047941531599400,41.215599365234375,0.4154019355773926,0.0037145614624023438,0.19148385524749756
1773047941541576200,41.225576171875,0.5826225280761719,0.05638694763183594,0.15406250953674316
1773047941551553000,41.23555297851563,0.6036100387573242,0.11485862731933594,0.11711442470550537
1773047941561529900,41.24552978515625,0.5227041244506836,0.14655447006225586,0.11841845512390137
1773047941571506700,41.25550659179687,0.35517263412475586,0.09081411361694336,0.14500832557678223
1773047941581483500,41.2654833984375,0.219482421875,0.02951669692993164,0.09428179264068604
1773047941591460400,41.27546044921875,0.08621883392333984,-0.026712894439697266,-0.01980280876159668
1773047941601437200,41.28543725585938,-0.0681915283203125,-0.07254791259765625,-0.1139674186706543
1773047941611414000,41.2954140625,-0.23367691040039062,-0.0939788818359375,-0.1381627321243286
1773047941621391000,41.30539111328125,-0.4340934753417969,-0.08619213104248047,-0.16874706745147705
1773047941631368000,41.315367919921876,-0.5243024826049805,-0.05753040313720703,-0.1538395881652832
1773047941641344800,41.3253447265625,-0.45530128479003906,-0.059256553649902344,-0.055902957916259766
1773047941651321600,41.33532153320313,-0.21994543075561523,-0.08231592178344727,0.04053676128387451
1773047941661298400,41.34529833984375,-0.04122114181518555,-0.09949302673339844,0.037302613258361816
1773047941671275300,41.355275146484374,0.0875086784362793,-0.09283876419067383,-0.02734363079071045
1773047941681252000,41.365252197265626,0.21007728576660156,-0.006358146667480469,-0.04614591598510742
1773047941691229000,41.37522900390625,0.2747488021850586,0.07392358779907227,0.008357405662536621
1773047941701205800,41.38520581054688,0.31050682067871094,0.09113502502441406,0.10458207130432129
1773047941711182600,41.3951826171875,0.31799793243408203,0.0735940933227539,0.18342816829681396
1773047941721159700,41.40515966796875,0.3165011405944824,0.03584766387939453,0.14692652225494385
1773047941731136500,41.415136474609376,0.23117446899414062,0.02060556411743164,0.0803983211517334
1773047941741113300,41.42511328125,0.01651287078857422,0.032503604888916016,-0.017438650131225586
1773047941751090200,41.43509008789062,-0.18932008743286133,0.03440666198730469,-0.14268481731414795
1773047941761067000,41.44506689453125,-0.37348031997680664,0.028301715850830078,-0.09906864166259766
1773047941771043800,41.4550439453125,-0.49493885040283203,0.02472066879272461,-0.011415958404541016
1773047941781020700,41.465020751953126,-0.43766021728515625,-0.0043544769287109375,-0.07670331001281738
1773047941790997500,41.47499755859375,-0.12928390502929688,-0.0028057098388671875,-0.02116215229034424
1773047941800974300,41.48497436523437,0.06058359146118164,-0.039571285247802734,-0.0006009340286254883
1773047941810951200,41.494951171875,0.1303873062133789,-0.07731199264526367,-0.10040605068206787
1773047941820928300,41.50492822265625,0.22887516021728516,0.08716011047363281,-0.12162089347839355
1773047941830905000,41.51490502929688,0.17224693298339844,0.16817045211791992,-0.029887795448303223
1773047941840882000,41.5248818359375,0.17882871627807617,0.011629104614257812,0.030649781227111816
1773047941850858800,41.53485864257812,0.12031078338623047,-0.058513641357421875,0.08992528915405273
1773047941860835600,41.544835693359374,-0.035547733306884766,-0.03884315490722656,0.021747231483459473
1773047941870812400,41.5548125,-0.1749897003173828,-0.005261898040771484,-0.03035116195678711
1773047941880789200,41.56478930664063,-0.21852922439575195,-0.018491268157958984,0.0073119401931762695
1773047941890766000,41.57476611328125,-0.19132614135742188,-0.04487037658691406,0.015871763229370117
1773047941900743000,41.58474291992187,-0.09495782852172852,0.0008015632629394531,0.10957467555999756
1773047941910719700,41.5947197265625,0.06913089752197266,0.0515751838684082,0.2027825117111206
1773047941920658000,41.604657958984376,0.22962141036987305,0.05479717254638672,0.23995602130889893
1773047941930631000,41.614630859375,0.32631397247314453,-0.018288612365722656,0.18513035774230957
1773047941940650500,41.624650390625,0.33295440673828125,-0.04510211944580078,0.05417025089263916
1773047941950628000,41.634628173828126,0.1623373031616211,-0.03591299057006836,-0.17781531810760498
1773047941960604200,41.644604248046875,0.005039691925048828,0.034137725830078125,-0.2586376667022705
1773047941970581500,41.65458154296875,-0.06467294692993164,0.042699337005615234,-0.17243635654449463
1773047941980461600,41.66446166992188,-0.09590625762939453,-0.03294849395751953,-0.07454276084899902
1773047941990341600,41.674341552734376,-0.12717866897583008,-0.07401561737060547,-0.03385663032531738
1773047942000472600,41.68447265625,-0.1301259994506836,-0.024533748626708984,-0.01703786849975586
1773047942010448000,41.69444775390625,-0.11414718627929688,-0.008666515350341797,-0.057736992835998535
1773047942020465200,41.704465087890625,-0.14020299911499023,-0.012256145477294922,-0.028232574462890625
1773047942030444800,41.71444482421875,-0.16108322143554688,0.035981178283691406,0.03842437267303467
1773047942040418800,41.72441870117188,-0.12553834915161133,0.06484270095825195,0.1000058650970459
1773047942050398000,41.73439794921875,-0.044246673583984375,0.0652151107788086,0.14845263957977295
1773047942060333800,41.744333740234374,0.006829738616943359,0.037354469299316406,0.12768113613128662
1773047942070308400,41.754308349609374,0.033394813537597656,-0.03758430480957031,0.09981679916381836
1773047942080287500,41.76428759765625,0.021962642669677734,-0.022121906280517578,-0.021139979362487793
1773047942090262500,41.77426245117187,0.024852275848388672,0.012357234954833984,-0.10390210151672363
1773047942100163600,41.78416357421875,0.0745081901550293,0.03771162033081055,-0.10712087154388428
1773047942110131200,41.794131103515625,0.1511540412902832,0.03505992889404297,-0.07792305946350098
1773047942120078300,41.804078369140626,0.1744694709777832,-0.010080337524414062,-0.02886331081390381
1773047942130044000,41.8140439453125,0.22564172744750977,-0.0643773078918457,0.006946444511413574
1773047942139993000,41.8239931640625,0.26253652572631836,-0.08103513717651367,-0.04211115837097168
1773047942149957000,41.83395703125,0.22967290878295898,-0.04737091064453125,-0.1466161012649536
1773047942159908000,41.843908203125,0.043404579162597656,-0.029972076416015625,-0.2118520736694336
1773047942169870800,41.85387084960937,-0.07322883605957031,-0.003959178924560547,-0.2483440637588501
1773047942179822800,41.86382275390625,-0.08494853973388672,-0.01034402847290039,-0.19575786590576172
1773047942189784600,41.87378466796875,-0.026878833770751953,-0.024840354919433594,-0.09234213829040527
1773047942199699200,41.88369921875,0.02066946029663086,-0.10030412673950195,-0.164345383644104
1773047942209656000,41.89365600585938,0.03520822525024414,-0.11385107040405273,-0.19846701622009277
1773047942219575300,41.9035751953125,-0.020478248596191406,-0.04710054397583008,-0.1592860221862793
1773047942229528300,41.9135283203125,-0.05103492736816406,0.00940704345703125,-0.13843035697937012
1773047942239567400,41.9235673828125,-0.07635641098022461,0.04206275939941406,-0.06364047527313232
1773047942249529000,41.93352905273437,0.006268024444580078,0.02777862548828125,0.1329876184463501
1773047942259482000,41.943482177734374,0.07296466827392578,0.013507366180419922,0.2722649574279785
1773047942269443000,41.95344311523438,0.10101318359375,0.008014202117919922,0.29870009422302246
1773047942279358500,41.9633583984375,0.03504180908203125,0.02980518341064453,0.21291017532348633
1773047942289314600,41.973314453125,-0.08074092864990234,0.055002689361572266,0.13776874542236328
1773047942299273200,41.98327319335937,-0.24127721786499023,0.07482624053955078,0.10085797309875488
1773047942309229800,41.993229736328125,-0.34327173233032227,0.09052610397338867,0.10629427433013916
1773047942319149300,42.0031494140625,-0.31309032440185547,0.08411550521850586,0.18175184726715088
1773047942329102000,42.01310205078125,-0.2378520965576172,0.09358406066894531,0.18556582927703857
1773047942339025700,42.023025634765624,-0.16951704025268555,0.042562007904052734,0.18991780281066895
1773047942348975400,42.03297534179688,-0.16850566864013672,-0.02141714096069336,0.095253586769104
1773047942358978800,42.042978759765624,-0.2428603172302246,0.02009296417236328,-0.019380927085876465
1773047942368934100,42.05293408203125,-0.21777725219726562,0.053632259368896484,0.08469080924987793
1773047942378932000,42.062931884765625,-0.0530848503112793,0.03663492202758789,0.26572465896606445
1773047942388891600,42.0728916015625,0.11733341217041016,0.005713939666748047,0.4052090644836426
1773047942399071700,42.08307177734375,0.3221416473388672,-0.007349491119384766,0.4358694553375244
1773047942409251600,42.09325146484375,0.41105127334594727,-0.06032609939575195,0.264919638633728
1773047942419431700,42.103431640625,0.3587675094604492,-0.08184623718261719,0.061236023902893066
1773047942429537300,42.113537353515625,0.20076322555541992,-0.07655620574951172,-0.10179102420806885
1773047942439492400,42.12349243164063,-0.014855384826660156,-0.10984134674072266,-0.21117424964904785
1773047942449486600,42.133486572265625,-0.11891984939575195,-0.1184701919555664,-0.24393439292907715
1773047942459446300,42.1434462890625,-0.08146810531616211,-0.09215021133422852,-0.2531251907348633
1773047942469437000,42.15343701171875,0.06252384185791016,-0.11190652847290039,-0.2485274076461792
1773047942479400000,42.16339990234375,0.1526503562927246,-0.13161611557006836,-0.2442765235900879
1773047942489388000,42.17338793945312,0.16254329681396484,-0.11934518814086914,-0.3348734378814697
1773047942499353600,42.183353515625,0.0983734130859375,-0.0470123291015625,-0.4074364900588989
1773047942509339400,42.19333935546875,0.012461662292480469,0.061930179595947266,-0.3643606901168823
1773047942519307500,42.2033076171875,-0.0014858245849609375,0.10381460189819336,-0.2862452268600464
1773047942529291500,42.21329150390625,0.040923118591308594,0.09361505508422852,-0.1763918399810791
1773047942539261200,42.22326123046875,0.11568832397460938,0.07841873168945312,-0.11430871486663818
1773047942549243600,42.23324365234375,0.16130447387695312,0.10996866226196289,-0.07143986225128174
1773047942559214800,42.24321484375,0.09894800186157227,0.11163187026977539,-0.06268227100372314
1773047942569196300,42.2531962890625,-0.036550045013427734,0.09789419174194336,-0.07314479351043701
1773047942579168800,42.26316870117188,-0.15047502517700195,0.05556201934814453,-0.03154003620147705
1773047942589149200,42.27314916992187,-0.21134471893310547,0.08520936965942383,-0.01859462261199951
1773047942599122400,42.283122314453124,-0.13608169555664062,0.05938720703125,0.02743816375732422
1773047942609102000,42.29310205078125,-0.006538867950439453,-0.012042045593261719,0.05875670909881592
1773047942619076000,42.303076171875,0.017751693725585938,-0.08294868469238281,0.07107257843017578
1773047942629055200,42.31305517578125,-0.09846878051757812,-0.11165189743041992,0.012718558311462402
1773047942639029800,42.32302978515625,-0.2639741897583008,-0.1070871353149414,-0.05097520351409912
1773047942649008400,42.33300830078125,-0.38940858840942383,-0.0683746337890625,-0.027014613151550293
1773047942658888400,42.34288842773437,-0.37786388397216797,-0.03721952438354492,0.018033742904663086
1773047942668706000,42.3527060546875,-0.21765613555908203,-0.037432193756103516,0.11399185657501221
1773047942678886100,42.36288623046875,-0.014431476593017578,-0.04567098617553711,0.21846437454223633
1773047942688920300,42.37292041015625,0.12871694564819336,0.021689414978027344,0.26032721996307373
1773047942698800000,42.38280004882812,0.13821697235107422,0.040119171142578125,0.21700501441955566
1773047942708617000,42.39261694335938,0.06810522079467773,0.043279170989990234,0.13259947299957275
1773047942718796800,42.402796875,0.03210878372192383,0.027416229248046875,0.2007913589477539
1773047942728830200,42.41283032226563,0.17954778671264648,0.04997825622558594,0.27864372730255127
1773047942738798000,42.42279809570312,0.41797542572021484,0.025331497192382812,0.3194032907485962
1773047942748782300,42.4327822265625,0.5636897087097168,-0.010185718536376953,0.329861044883728
1773047942758751700,42.442751708984375,0.5159449577331543,-0.044046878814697266,0.2502249479293823
1773047942768734500,42.452734375,0.30184268951416016,-0.08091402053833008,0.03815317153930664
1773047942778614500,42.46261450195313,-0.03444051742553711,-0.0573878288269043,-0.1378699541091919
1773047942788431400,42.472431396484374,-0.24758243560791016,-0.005001544952392578,-0.20517206192016602
1773047942798611200,42.482611083984374,-0.27953577041625977,0.0014486312866210938,-0.20245623588562012
1773047942808644900,42.49264477539062,-0.19496488571166992,-0.009021282196044922,-0.1528545618057251
1773047942818612700,42.50261279296875,-0.07978010177612305,-0.028014659881591797,-0.1170428991317749
1773047942828596700,42.5125966796875,0.005267620086669922,-0.0043849945068359375,-0.10524916648864746
1773047942838566400,42.52256640625,-0.027681827545166016,0.01788187026977539,-0.12767505645751953
1773047942848549000,42.532549072265624,-0.16719722747802734,0.05775308609008789,-0.1654578447341919
1773047942858520300,42.542520263671875,-0.3320612907409668,0.06862068176269531,-0.15269386768341064
1773047942868501500,42.55250146484375,-0.3769402503967285,0.11796903610229492,-0.15104389190673828
1773047942878474000,42.56247387695313,-0.2766084671020508,0.14972639083862305,-0.014051675796508789
1773047942888454400,42.57245434570312,-0.1134195327758789,0.13541316986083984,0.09252595901489258
1773047942898466600,42.582466552734374,0.03745222091674805,0.0975651741027832,0.12343430519104004
1773047942908450000,42.59244995117187,0.06860589981079102,0.059279441833496094,0.07539427280426025
1773047942918381300,42.60238134765625,0.03851509094238281,0.09162139892578125,0.014320015907287598
1773047942928360000,42.61235986328125,0.022868633270263672,0.09090185165405273,-0.004121065139770508
1773047942938335000,42.6223349609375,0.058702945709228516,0.034299373626708984,0.010856986045837402
1773047942948313000,42.63231298828125,0.14079618453979492,-0.016862869262695312,0.041280508041381836
1773047942958193200,42.64219311523438,0.17457008361816406,-0.10090017318725586,0.035578012466430664
1773047942968011000,42.65201098632812,0.19398212432861328,-0.13722467422485352,-0.05343341827392578
1773047942978190800,42.66219091796875,0.11013555526733398,-0.14542245864868164,-0.14569854736328125
1773047942988225000,42.67222509765625,-0.01402902603149414,-0.18667268753051758,-0.20049548149108887
1773047942998196000,42.682196044921874,-0.11704730987548828,-0.19376611709594727,-0.21463561058044434
1773047943008177700,42.692177734375,-0.07774209976196289,-0.15219783782958984,-0.19798028469085693
1773047943018057700,42.7020576171875,0.09635543823242188,-0.12359380722045898,-0.1271073818206787
1773047943027874600,42.71187451171875,0.28608083724975586,-0.09479713439941406,-0.030231833457946777
1773047943038054700,42.7220546875,0.3843107223510742,-0.09604835510253906,0.05571103096008301
1773047943048088300,42.73208837890625,0.3038759231567383,-0.06207752227783203,0.056452393531799316
1773047943057968400,42.741968505859376,0.09424734115600586,0.007546424865722656,-0.013601303100585938
1773047943067784400,42.75178442382813,-0.05052661895751953,0.0810394287109375,0.005345821380615234
1773047943077964500,42.76196459960938,-0.04278707504272461,0.1118321418762207,0.07969081401824951
1773047943087998000,42.771998046875,0.0204315185546875,0.1143341064453125,0.15935087203979492
1773047943097964300,42.78196435546875,0.0727386474609375,0.09740161895751953,0.22236740589141846
1773047943107949600,42.79194946289063,0.08666276931762695,0.08892822265625,0.19367146492004395
1773047943117918200,42.80191821289063,-0.016500473022460938,0.08390331268310547,0.08209407329559326
1773047943127901700,42.811901611328125,-0.24896764755249023,0.06384706497192383,-0.032124876976013184
1773047943137872000,42.82187182617187,-0.4398164749145508,0.0912179946899414,-0.11175394058227539
1773047943147854000,42.83185400390625,-0.4969210624694824,0.0868525505065918,-0.13427448272705078
1773047943157825500,42.841825439453125,-0.3995842933654785,0.06632566452026367,-0.10140931606292725
1773047943167806700,42.851806640625,-0.23937034606933594,0.04806661605834961,-0.02777242660522461
1773047943177779200,42.861779296875,-0.09125614166259766,0.01613616943359375,0.006511688232421875
1773047943187759600,42.87175952148438,-0.09982585906982422,-0.016407012939453125,-0.021589279174804688
1773047943197639400,42.88163940429688,-0.18744754791259766,0.026468276977539062,-0.08858144283294678
1773047943207456800,42.89145678710938,-0.24089765548706055,0.07919073104858398,-0.1149756908416748
1773047943217636600,42.90163671875,-0.15816640853881836,0.0953826904296875,0.003062725067138672
1773047943227670500,42.91167041015625,0.020746231079101562,0.05592012405395508,0.1251218318939209
1773047943237640200,42.92164013671875,0.20538759231567383,-0.01589488983154297,0.15854859352111816
1773047943247623000,42.931622802734374,0.3212552070617676,-0.030919551849365234,0.13240838050842285
1773047943257503000,42.9415029296875,0.327728271484375,-0.032738685607910156,0.06978952884674072
1773047943267319800,42.95131982421875,0.21760940551757812,-0.05953407287597656,0.0508040189743042
1773047943277499600,42.96149975585938,0.06778812408447266,-0.08219480514526367,-0.019446492195129395
1773047943287533300,42.971533203125,0.03309774398803711,-0.0805501937866211,-0.08368241786956787
1773047943297413000,42.9814130859375,0.16745376586914062,-0.06350040435791016,-0.08602571487426758
1773047943307229400,42.9912294921875,0.35112714767456055,-0.08854866027832031,-0.06574928760528564
1773047943317409300,43.0014091796875,0.37288427352905273,-0.11914587020874023,-0.08870327472686768
1773047943327442400,43.0114423828125,0.21725177764892578,-0.1607952117919922,-0.11608219146728516
1773047943337322500,43.021322509765625,-0.0005717277526855469,-0.08499908447265625,-0.13471245765686035
1773047943347138300,43.03113818359375,-0.10662508010864258,0.004397392272949219,-0.07483112812042236
1773047943357129200,43.041129150390624,-0.1315903663635254,0.013426780700683594,0.001774907112121582
1773047943367094500,43.051094482421874,-0.020659923553466797,0.004294395446777344,0.07844126224517822
1773047943377274600,43.061274658203125,0.09715795516967773,0.014254570007324219,0.09485042095184326
1773047943387307000,43.07130712890625,0.10996007919311523,0.03247213363647461,0.10752952098846436
1773047943397269500,43.08126953125,0.0014567375183105469,0.020681381225585938,0.0632638931274414
1773047943407257900,43.0912578125,-0.16067886352539062,0.05047893524169922,0.0189816951751709
1773047943417223400,43.101223388671876,-0.3058490753173828,0.07024955749511719,0.012976288795471191
1773047943427209500,43.11120947265625,-0.3837752342224121,0.10024785995483398,-0.020799756050109863
1773047943437177000,43.12117700195312,-0.2787132263183594,0.10371208190917969,-0.006926298141479492
1773047943447161300,43.13116137695312,-0.06827592849731445,0.0849752426147461,0.04887127876281738
1773047943457041200,43.14104125976562,0.011620521545410156,0.04735612869262695,0.10455715656280518
1773047943466857700,43.150857666015625,-0.06896686553955078,0.01837635040283203,0.047414422035217285
1773047943477037800,43.161037841796876,-0.16640949249267578,0.04086923599243164,-0.06030404567718506
1773047943487071000,43.171071044921874,-0.22968530654907227,0.08742284774780273,-0.10168337821960449
1773047943497038000,43.1810380859375,-0.1517801284790039,0.06901884078979492,-0.05440187454223633
1773047943507022800,43.19102294921875,-0.014994621276855469,0.052033424377441406,0.006421685218811035
1773047943516991700,43.20099169921875,0.14744949340820312,0.011688709259033203,0.0018216371536254883
1773047943526975000,43.21097509765625,0.24665164947509766,-0.033659934997558594,-0.016170144081115723
1773047943536945700,43.22094555664062,0.1947188377380371,-0.041654109954833984,-0.025394558906555176
1773047943546927600,43.230927734375,0.10243892669677734,-0.06465435028076172,-0.04962778091430664
1773047943556899300,43.2408994140625,-0.01134490966796875,-0.083099365234375,-0.04060971736907959
1773047943566880300,43.25088037109375,-0.03903913497924805,-0.06309175491333008,-0.017074942588806152
1773047943576853000,43.26085302734375,0.05482149124145508,-0.05624580383300781,0.03033316135406494
1773047943586833200,43.27083325195313,0.1793217658996582,-0.09117937088012695,0.02095174789428711
1773047943596806700,43.280806640625,0.24104070663452148,-0.1309804916381836,0.007560610771179199
1773047943606786300,43.29078637695312,0.1805877685546875,-0.1385493278503418,-0.019970178604125977
1773047943616760600,43.30076049804688,0.03310203552246094,-0.0906524658203125,-0.06270194053649902
1773047943626739500,43.31073950195312,-0.06923484802246094,-0.010279655456542969,-0.059845566749572754
1773047943636714200,43.32071435546875,-0.13318395614624023,0.05107307434082031,0.07473039627075195
1773047943646692600,43.33069262695312,0.04720354080200195,0.04176473617553711,0.0496368408203125
1773047943656668000,43.34066796875,0.11591672897338867,0.004436016082763672,0.059064507484436035
1773047943666646000,43.35064599609375,0.1415548324584961,-0.00014829635620117188,0.09294664859771729
1773047943676526000,43.360526123046874,0.08800268173217773,0.0362701416015625,0.022617459297180176
1773047943686344000,43.370343994140626,-0.07152938842773438,0.05185508728027344,-0.019069671630859375
1773047943696342500,43.380342529296875,-0.24212121963500977,0.05259990692138672,-0.05538153648376465
1773047943706301700,43.3903017578125,-0.31676530838012695,0.08748817443847656,-0.08157992362976074
1773047943716481800,43.40048168945312,-0.1895914077758789,0.11471700668334961,-0.06083381175994873
1773047943726515200,43.41051513671875,-0.009227275848388672,0.07702875137329102,0.03929734230041504
1773047943736482600,43.42048266601562,0.09297609329223633,0.030118465423583984,0.08199656009674072
1773047943746467000,43.430467041015625,0.07232427597045898,0.029354095458984375,0.03541886806488037
1773047943756436200,43.440436279296875,-0.07383203506469727,0.027320384979248047,-0.043943166732788086
1773047943766419200,43.45041918945312,-0.21725988388061523,0.04901409149169922,-0.0717850923538208
1773047943776390100,43.46039013671875,-0.2226409912109375,0.06242513656616211,-0.05365467071533203
1773047943786371800,43.47037182617188,-0.1400003433227539,0.034821510314941406,0.02590501308441162
1773047943796343800,43.48034375,0.020265579223632812,-0.04345417022705078,0.049374938011169434
1773047943806324500,43.49032446289063,0.13092517852783203,-0.05963134765625,0.054437994956970215
1773047943816297500,43.50029736328125,0.14664745330810547,-0.07172822952270508,0.020655155181884766
1773047943826277600,43.51027758789063,0.06451892852783203,-0.04704427719116211,0.0050046443939208984
1773047943836251400,43.52025146484375,-0.06725311279296875,-0.05176877975463867,-0.020286202430725098
1773047943846230500,43.53023046875,-0.14087295532226562,-0.04644489288330078,-0.011957883834838867
1773047943856205000,43.540205078125,-0.06403350830078125,-0.030261516571044922,0.03428077697753906
1773047943866184000,43.55018383789063,0.16103029251098633,-0.05561399459838867,0.09932398796081543
1773047943876158700,43.56015869140625,0.26958751678466797,-0.07181644439697266,0.12694621086120605
1773047943886137000,43.57013720703125,0.22234058380126953,-0.0709080696105957,0.018892288208007812
1773047943896017200,43.58001708984375,0.05498170852661133,-0.0340123176574707,-0.1299877166748047
1773047943905835000,43.5898349609375,-0.11887645721435547,0.04511737823486328,-0.1512911319732666
1773047943916014800,43.60001489257812,-0.12123537063598633,0.06333017349243164,-0.11291837692260742
1773047943926049000,43.610049072265625,-0.007027149200439453,0.058928489685058594,-0.0041468143463134766
1773047943936019700,43.620019775390624,0.13753843307495117,0.01244354248046875,0.052928805351257324
1773047943946001700,43.63000170898437,0.2234196662902832,0.013110637664794922,0.039902329444885254
1773047943955973600,43.6399736328125,0.17261505126953125,0.04530954360961914,0.026882171630859375
1773047943965954300,43.64995434570312,0.044200897216796875,0.028254032135009766,-0.028917312622070312
1773047943975927300,43.65992724609375,-0.15192127227783203,0.043637752532958984,-0.07936513423919678
1773047943985907500,43.66990747070312,-0.26990699768066406,0.06410360336303711,-0.08218038082122803
1773047943995787300,43.67978735351563,-0.17548561096191406,0.07651996612548828,0.02316439151763916
1773047944005604900,43.68960498046875,0.00074005126953125,0.0618739128112793,0.03315889835357666
1773047944015784700,43.69978466796875,0.09409141540527344,-0.013965606689453125,0.024489402770996094
1773047944025818600,43.70981860351562,0.03164958953857422,-0.06633138656616211,0.0019259452819824219
1773047944035788300,43.719788330078124,-0.1037893295288086,-0.05784893035888672,-0.006952404975891113
1773047944045771000,43.72977099609375,-0.19927167892456055,-0.02556610107421875,0.011132597923278809
1773047944055651000,43.739651123046876,-0.19065380096435547,-0.0018410682678222656,0.009535431861877441
1773047944065468000,43.749468017578124,-0.0847625732421875,-0.04290580749511719,0.055516839027404785
1773047944075463000,43.759462890625,0.05157136917114258,-0.068756103515625,0.09752941131591797
1773047944085425200,43.769425048828126,0.11992263793945312,-0.08066701889038086,0.05533862113952637
1773047944095416600,43.77941650390625,0.12193918228149414,-0.09792661666870117,0.009186983108520508
1773047944105381600,43.789381591796875,-0.016559600830078125,-0.06379270553588867,-0.06509745121002197
1773047944115561700,43.799561767578126,-0.16182422637939453,-0.016307830810546875,-0.05400359630584717
1773047944125594000,43.80959399414063,-0.18292760848999023,-0.015828609466552734,-0.0857769250869751
1773047944135556900,43.819556884765625,-0.0542597770690918,-0.009183406829833984,-0.08887612819671631
1773047944145545200,43.82954516601563,0.13253068923950195,0.03613853454589844,-0.04967975616455078
1773047944155425300,43.83942529296875,0.25998926162719727,0.014344215393066406,-0.015449881553649902
1773047944165240800,43.84924072265625,0.2595682144165039,0.014675617218017578,-0.014060139656066895
1773047944175420700,43.859420654296876,0.14327144622802734,0.008227825164794922,-0.050466299057006836
1773047944185453600,43.86945361328125,-0.012667655944824219,0.08612775802612305,-0.07345747947692871
1773047944195418000,43.87941821289063,-0.08159780502319336,0.1304912567138672,-0.11599111557006836
1773047944205405000,43.889405029296874,-0.023283958435058594,0.1281423568725586,-0.06339883804321289
1773047944215372000,43.8993720703125,0.07072639465332031,0.11245203018188477,0.0414355993270874
1773047944225356800,43.909356689453126,0.1724400520324707,0.0638113021850586,0.06116986274719238
1773047944235325700,43.91932568359375,0.17910051345825195,0.03385782241821289,-0.008794665336608887
1773047944245309000,43.92930883789062,0.05499744415283203,0.04570770263671875,0.001502394676208496
1773047944255189000,43.93918896484375,-0.12254858016967773,0.014071464538574219,0.02501976490020752
1773047944265005800,43.949005859375,-0.26886510848999023,-0.007625579833984375,0.015139460563659668
1773047944275185700,43.959185546875,-0.3245840072631836,-0.01815938949584961,0.02460646629333496
1773047944285219300,43.96921923828125,-0.19281816482543945,-0.00766754150390625,0.05752909183502197
1773047944295099400,43.979099365234376,-0.05453348159790039,-0.08610868453979492,0.09963405132293701
1773047944304915500,43.98891552734375,-0.06400394439697266,-0.09330081939697266,0.04719829559326172
1773047944315095600,43.99909545898438,-0.15275096893310547,-0.0772700309753418,-0.047594547271728516
1773047944325128700,44.009128662109376,-0.2164449691772461,-0.032527923583984375,-0.06330704689025879
1773047944334978000,44.01897802734375,-0.15767383575439453,0.008571624755859375,0.01796102523803711
1773047944344952000,44.0289521484375,-0.0018744468688964844,0.04067802429199219,0.10222136974334717
1773047944355048200,44.03904809570312,0.1793375015258789,-0.0033850669860839844,0.1822887659072876
1773047944365034800,44.04903466796875,0.2733597755432129,-0.033908843994140625,0.1878572702407837
1773047944375002000,44.05900219726563,0.23499393463134766,0.01921701431274414,0.12418830394744873
1773047944384986600,44.06898657226562,0.10406160354614258,0.013803482055664062,0.06173372268676758
1773047944394866400,44.07886645507813,-0.03847980499267578,-0.006234645843505859,0.06691956520080566
1773047944404683000,44.08868310546875,-0.10397672653198242,-0.021007537841796875,0.031430721282958984
1773047944414863000,44.098863037109375,0.018639087677001953,-0.025174617767333984,-0.03924560546875
1773047944424896500,44.108896484375,0.15242338180541992,0.004610538482666016,-0.06594216823577881
1773047944434863400,44.11886328125,0.23234939575195312,-0.022832393646240234,-0.09674620628356934
1773047944444848000,44.12884814453125,0.1993699073791504,-0.06552696228027344,-0.11778795719146729
1773047944454817000,44.138817138671875,0.05099201202392578,-0.07159614562988281,-0.15819835662841797
1773047944464800500,44.14880053710937,-0.13169431686401367,0.0019655227661132812,-0.2325589656829834
1773047944474771000,44.15877099609375,-0.23178815841674805,0.033313751220703125,-0.25192368030548096
1773047944484753000,44.1687529296875,-0.18560123443603516,0.05685091018676758,-0.15520310401916504
1773047944494633000,44.17863305664063,-0.11784744262695312,0.029769420623779297,-0.08897876739501953
1773047944504450000,44.188449951171876,-0.019802093505859375,0.01015329360961914,0.06848359107971191
1773047944514630000,44.1986298828125,0.19685745239257812,0.16256141662597656,0.4174286127090454
1773047944524663600,44.20866357421875,0.7866044044494629,0.15390253067016602,-0.04820096492767334
1773047944534632200,44.21863208007812,0.9142837524414062,0.15363836288452148,-0.5742411613464355
1773047944544615700,44.22861572265625,0.23436546325683594,-0.03842973709106445,-0.28701698780059814
1773047944554585900,44.2385859375,-0.76116943359375,-0.3961062431335449,0.20594441890716553
1773047944564568300,44.248568359375,-1.13285493850708,-0.0336155891418457,0.14096736907958984
1773047944574539800,44.25853979492187,-0.4639773368835449,0.5293292999267578,-0.3615666627883911
1773047944584521000,44.26852099609375,0.5641379356384277,0.3824009895324707,-0.405841588973999
1773047944594493700,44.27849365234375,0.7538332939147949,-0.09340524673461914,0.1956470012664795
1773047944604473900,44.28847387695313,0.13372087478637695,-0.23680353164672852,0.5778946876525879
1773047944614447400,44.298447265625,-0.43500328063964844,-0.09517192840576172,0.4760211706161499
1773047944624427000,44.30842700195313,-0.5355362892150879,0.014218330383300781,0.3619266748428345
1773047944634401300,44.3184013671875,-0.36135196685791016,-0.12258148193359375,0.34474802017211914
1773047944644380200,44.32838012695313,-0.20752716064453125,-0.20268726348876953,0.36479318141937256
1773047944654260200,44.33826025390625,-0.22693443298339844,-0.19227313995361328,0.48410797119140625
1773047944664140300,44.34814038085938,-0.171844482421875,-0.09738731384277344,0.4038560390472412
1773047944674308600,44.35830859375,0.05905628204345703,0.04440498352050781,0.22047555446624756
1773047944684292900,44.36829296875,0.2942337989807129,0.01985788345336914,0.042555809020996094
1773047944694173000,44.3781728515625,0.3615550994873047,-0.057250022888183594,-0.11265158653259277
1773047944703989500,44.38798950195312,0.26507091522216797,-0.04569435119628906,-0.20027267932891846
1773047944714169300,44.39816943359375,0.21396255493164062,0.006916046142578125,-0.19837284088134766
1773047944724203000,44.408203125,0.17829084396362305,0.0537409782409668,-0.10329020023345947
1773047944734169900,44.418169921875,0.10120105743408203,-0.004451274871826172,-0.09352827072143555
1773047944744154600,44.42815454101562,-0.0494232177734375,-0.057648658752441406,-0.13990890979766846
1773047944754123800,44.43812377929687,-0.2305307388305664,-0.015337944030761719,-0.23862457275390625
1773047944764107000,44.44810693359375,-0.24044179916381836,0.09911346435546875,-0.33805978298187256
1773047944774077400,44.458077392578126,-0.17659854888916016,0.1250753402709961,-0.4954657554626465
1773047944784059600,44.4680595703125,-0.10126638412475586,0.059186458587646484,-0.30055928230285645
1773047944793939500,44.477939453125,0.00037860870361328125,0.02362346649169922,0.07884514331817627
1773047944803756500,44.487756591796874,0.10978317260742188,0.08218002319335938,0.17656171321868896
1773047944813936600,44.4979365234375,0.18053102493286133,0.1381683349609375,-0.0073288679122924805
1773047944823970300,44.50797021484375,0.12955379486083984,0.11579370498657227,-0.061240434646606445
1773047944833939000,44.51793896484375,0.03346872329711914,0.05007362365722656,-0.11873352527618408
1773047944843922400,44.52792236328125,-0.07970571517944336,-0.005524158477783203,-0.12716352939605713
1773047944863874800,44.547874755859375,-0.007882118225097656,-0.022284507751464844,-0.16106200218200684
1773047944873755000,44.5577548828125,0.028851985931396484,-0.008965015411376953,-0.11689388751983643
1773047944883572000,44.567572021484374,-0.014040470123291016,-0.06276512145996094,-0.154305100440979
1773047944893567500,44.5775673828125,-0.11150312423706055,-0.07454395294189453,-0.19168555736541748
1773047944903529200,44.587529296875,-0.18777942657470703,-0.011329174041748047,-0.2296442985534668
1773047944913709000,44.597708984375,-0.23044919967651367,0.061158180236816406,-0.24878382682800293
1773047944923742200,44.6077421875,-0.14186334609985352,0.06824398040771484,-0.1412585973739624
1773047944933707500,44.61770751953125,0.03299236297607422,0.011456966400146484,-0.01724398136138916
1773047944943693800,44.62769384765625,0.18992376327514648,0.04161787033081055,0.06154298782348633
1773047944953661400,44.637661376953126,0.30661582946777344,0.07142877578735352,0.0911487340927124
1773047944963646000,44.64764599609375,0.3567776679992676,0.02870321273803711,0.11963498592376709
1773047944973615400,44.65761547851562,0.3136763572692871,0.13064956665039062,0.1851259469985962
1773047944983598000,44.66759814453125,0.38486623764038086,0.05578756332397461,0.20345056056976318
1773047944993569000,44.677569091796876,0.43225526809692383,-0.014166831970214844,0.1741846799850464
1773047945003550700,44.68755078125,0.34841299057006836,-0.06577730178833008,0.19249427318572998
1773047945013523000,44.69752294921875,0.18666791915893555,-0.1601581573486328,0.3251495361328125
1773047945023503600,44.707503662109374,0.01891946792602539,-0.2402052879333496,0.22245895862579346
1773047945033476900,44.717476806640626,-0.2254495620727539,-0.2444133758544922,0.07011139392852783
1773047945043456800,44.727456787109375,-0.41831350326538086,-0.2154703140258789,-0.06319105625152588
1773047945053430500,44.73743041992188,-0.5564494132995605,-0.15310335159301758,-0.06514096260070801
1773047945063410000,44.747409912109376,-0.5849409103393555,-0.1278519630432129,-0.05968904495239258
1773047945073423400,44.75742333984375,-0.5624833106994629,-0.13399744033813477,-0.037377119064331055
1773047945083406000,44.76740600585938,-0.4942159652709961,-0.04905843734741211,0.015482425689697266
1773047945093286000,44.77728588867188,-0.41365528106689453,0.07344770431518555,0.07463729381561279
1773047945103166000,44.787166015625,-0.3349590301513672,0.19498157501220703,0.14960193634033203
1773047945113291800,44.797291748046874,-0.1499476432800293,0.2399921417236328,0.21843552589416504
1773047945123274500,44.8072744140625,0.06906890869140625,0.27510929107666016,0.2079845666885376
1773047945133245700,44.81724560546875,0.23224592208862305,0.2295846939086914,0.15752100944519043
1773047945143227100,44.82722705078125,0.3131251335144043,0.1885204315185547,0.13820409774780273
1773047945153199600,44.83719970703125,0.2525606155395508,0.14626646041870117,0.1308504343032837
1773047945163180300,44.84718017578125,0.16591882705688477,0.07934999465942383,0.05496227741241455
1773047945173153300,44.8571533203125,0.06742429733276367,0.04996776580810547,-0.056125760078430176
1773047945183133200,44.86713330078125,-0.015027999877929688,0.09135580062866211,-0.17463982105255127
1773047945193107200,44.87710717773437,-0.03082418441772461,0.10455465316772461,-0.26752185821533203
1773047945203086300,44.88708642578125,0.02788686752319336,0.0009918212890625,-0.2592778205871582
1773047945213060900,44.897060791015626,0.06582021713256836,-0.08565378189086914,-0.21770262718200684
1773047945223039700,44.90703979492187,0.12559890747070312,-0.0849447250366211,-0.19025683403015137
1773047945233014800,44.91701489257812,0.2073836326599121,-0.08387517929077148,-0.19005024433135986
1773047945242993200,44.9269931640625,0.21711015701293945,-0.06410789489746094,-0.23108184337615967
1773047945252968400,44.936968505859376,0.24604463577270508,-0.049958229064941406,-0.2668280601501465
1773047945262946600,44.946946533203125,0.2802767753601074,-0.06990337371826172,-0.2990221381187439
1773047945272922400,44.95692236328125,0.18363428115844727,-0.13306236267089844,-0.25862574577331543
1773047945282900200,44.96690014648438,0.085052490234375,-0.15349388122558594,-0.17996907234191895
1773047945292780000,44.976780029296876,-0.05833625793457031,-0.18802452087402344,0.022227764129638672
1773047945302598100,44.98659814453125,-0.18982505798339844,-0.1558818817138672,0.09717357158660889
1773047945312778000,44.99677807617188,-0.2816777229309082,-0.18017101287841797,0.16448307037353516
1773047945322812400,45.0068125,-0.34500551223754883,-0.1363372802734375,0.20107638835906982
1773047945332783600,45.01678369140625,-0.30179548263549805,0.01836109161376953,0.1717836856842041
1773047945342765000,45.02676513671875,-0.17319202423095703,0.08011102676391602,0.12085330486297607
1773047945352737500,45.03673754882813,-0.06257200241088867,-0.04996919631958008,0.15016114711761475
1773047945362718000,45.04671801757812,0.30141401290893555,0.024999141693115234,0.11975133419036865
1773047945372691200,45.056691162109374,0.3808255195617676,0.14228487014770508,0.15873098373413086
1773047945382671000,45.06667114257812,0.28062963485717773,0.10080289840698242,0.10577046871185303
1773047945392644900,45.076644775390626,0.22487640380859375,0.06307029724121094,0.172013521194458
1773047945402624300,45.086624267578124,-0.03307485580444336,-0.021892070770263672,0.11731481552124023
1773047945412598800,45.096598876953124,-0.3801546096801758,-0.012244224548339844,-0.006496787071228027
1773047945422577700,45.10657763671875,-0.5026988983154297,0.005116939544677734,-0.005738019943237305
1773047945432552400,45.116552490234376,-0.41942834854125977,-0.035173892974853516,0.15195715427398682
1773047945442531000,45.12653100585938,-0.3262820243835449,-0.07679271697998047,0.2776414155960083
1773047945452506400,45.13650634765625,-0.2929391860961914,-0.05041980743408203,0.18799960613250732
1773047945462484500,45.146484375,-0.23853540420532227,0.03881216049194336,0.09629189968109131
1773047945472460000,45.1564599609375,-0.12145614624023438,0.12005996704101562,0.07172524929046631
1773047945482438000,45.16643798828125,0.014918804168701172,0.1506795883178711,0.10532104969024658
1773047945492414000,45.1764140625,0.057641029357910156,0.0787057876586914,0.18443846702575684
1773047945502391600,45.1863916015625,0.2960238456726074,0.008745670318603516,0.20969831943511963
1773047945512367900,45.196367919921876,0.39832496643066406,0.02909994125366211,0.19515705108642578
1773047945522345200,45.20634521484375,0.4294133186340332,0.103485107421875,0.1560899019241333
1773047945532321500,45.21632153320313,0.4054126739501953,0.14081859588623047,0.08222675323486328
1773047945542299000,45.226298828125,0.3695549964904785,0.11359882354736328,-0.05906558036804199
1773047945552275500,45.236275390625,0.3125615119934082,0.04670000076293945,-0.14971935749053955
1773047945562252500,45.24625244140625,0.2479538917541504,-0.02007913589477539,-0.14001333713531494
1773047945572229000,45.25622900390625,0.13771963119506836,-0.05311775207519531,-0.06966280937194824
1773047945582206200,45.26620629882812,-0.036434173583984375,-0.16130924224853516,-0.013625741004943848
1773047945592183000,45.27618310546875,-0.16094160079956055,-0.15439128875732422,-0.06598615646362305
1773047945602160000,45.28616015625,-0.24131488800048828,-0.13760042190551758,-0.05211341381072998
1773047945612136700,45.29613671875,-0.3068361282348633,-0.1199331283569336,-0.08249962329864502
1773047945622113800,45.30611376953125,-0.36290502548217773,-0.05848407745361328,-0.16111528873443604
1773047945632090400,45.31609033203125,-0.36278867721557617,-0.019802570343017578,-0.1687551736831665
1773047945642067500,45.3260673828125,-0.2884206771850586,-0.07448768615722656,-0.17654025554656982
1773047945652044300,45.336044189453126,-0.17325878143310547,-0.09910917282104492,-0.16753160953521729
1773047945662021400,45.346021484375,-0.06406164169311523,-0.019817352294921875,-0.1764373779296875
1773047945672036900,45.35603686523437,0.030801773071289062,0.0850830078125,-0.16987299919128418
1773047945682017800,45.366017822265626,0.0977177619934082,0.09686279296875,-0.0857158899307251
1773047945691951900,45.375951904296876,0.16042709350585938,0.07370185852050781,-0.060761213302612305
1773047945701928200,45.38592822265625,0.23743820190429688,0.08723020553588867,-0.03241121768951416
1773047945711905500,45.39590551757812,0.2198190689086914,0.09959602355957031,-0.009770750999450684
1773047945721882000,45.40588208007812,0.2032322883605957,0.0684041976928711,0.05509340763092041
1773047945731859500,45.415859375,0.14062976837158203,0.03650951385498047,0.1435699462890625
1773047945741835800,45.425835693359375,0.06537961959838867,0.03266477584838867,0.10441124439239502
1773047945751813000,45.43581323242187,0.014876842498779297,0.09479904174804688,0.085105299949646
1773047945761789700,45.44578979492187,-0.016478538513183594,0.12339448928833008,0.04837656021118164
1773047945771767000,45.45576708984375,-0.010473251342773438,0.09569597244262695,0.018844008445739746
1773047945781743600,45.46574365234375,-0.04288625717163086,0.00298309326171875,0.001175999641418457
1773047945791720700,45.475720703125,-0.037377357482910156,-0.05961132049560547,0.06879746913909912
1773047945801697500,45.48569750976562,-0.05550241470336914,-0.045792579650878906,0.07864272594451904
1773047945811674600,45.495674560546874,-0.13910531997680664,-0.01352071762084961,0.02701437473297119
1773047945821651200,45.505651123046874,-0.18348264694213867,-0.028987407684326172,-0.01478719711303711
1773047945831628300,45.51562817382813,-0.2836923599243164,-0.06276464462280273,-0.05211377143859863
1773047945841605000,45.52560522460937,-0.3218059539794922,-0.1324777603149414,-0.07567083835601807
1773047945851582200,45.535582275390624,-0.2994365692138672,-0.09095573425292969,-0.028559565544128418
1773047945861558800,45.545558837890624,-0.21294021606445312,-0.09546184539794922,0.06973624229431152
1773047945871419400,45.55541943359375,-0.1381211280822754,-0.07534122467041016,0.05350220203399658
1773047945891489500,45.57548950195312,0.011295795440673828,-0.07142162322998047,-0.054528117179870605
1773047945901469000,45.585468994140626,0.17004871368408203,0.00273895263671875,-0.09419095516204834
1773047945911443500,45.595443359375,0.2645435333251953,0.09493875503540039,-0.11861670017242432
1773047945921422000,45.60542211914063,0.3430752754211426,0.07265710830688477,-0.07041037082672119
1773047945931397000,45.61539721679687,0.41548585891723633,-0.03890228271484375,0.007126569747924805
1773047945941375500,45.62537548828125,0.45865488052368164,-0.05014228820800781,0.00429081916809082
1773047945951350800,45.635350830078124,0.38886404037475586,-0.019773006439208984,0.08630216121673584
1773047945961329200,45.6453291015625,0.2307753562927246,0.019246578216552734,0.10730183124542236
1773047945971209000,45.655208984375,0.13097620010375977,0.04413652420043945,-0.010674118995666504
1773047945981026800,45.66502685546875,0.1494913101196289,0.017676830291748047,-0.0011504888534545898
1773047945991207000,45.67520703125,0.1862659454345703,-0.07405376434326172,-0.018944144248962402
1773047946001241000,45.685240966796876,0.2625389099121094,-0.07301902770996094,-0.11742359399795532
1773047946011212000,45.6952119140625,0.18130779266357422,-0.006250858306884766,-0.06870895624160767
1773047946021193700,45.70519384765625,0.5815191268920898,-0.20512866973876953,-0.4178592562675476
1773047946031166000,45.715166015625,0.32668113708496094,-0.33795881271362305,0.06872028112411499
1773047946041146600,45.725146728515625,-0.35541391372680664,-0.06617116928100586,0.03309422731399536
1773047946051119600,45.73511962890625,-0.6511049270629883,0.1704859733581543,-0.2612721920013428
1773047946061099800,45.745099853515626,-0.7496662139892578,0.1838698387145996,-0.2648922801017761
1773047946070979600,45.7549794921875,-0.633089542388916,0.11204767227172852,-0.11777991056442261
1773047946080859600,45.76485961914062,-0.47299766540527344,0.06797552108764648,0.06161278486251831
1773047946091027200,45.775027099609375,-0.21071147918701172,0.09026193618774414,0.09622937440872192
1773047946101006600,45.78500659179687,0.02867889404296875,0.11231184005737305,-0.037831902503967285
1773047946110981000,45.79498120117187,0.1064295768737793,0.12232685089111328,-0.12311196327209473
1773047946120959700,45.80495971679687,0.06296777725219727,0.09210681915283203,-0.0940905213356018
1773047946130934800,45.814934814453125,0.00738525390625,0.06117725372314453,0.002570509910583496
1773047946140913200,45.8249130859375,-0.028707504272460938,0.07818365097045898,0.0977436900138855
1773047946150888700,45.834888671875,0.0004949569702148438,0.08658504486083984,0.2554163336753845
1773047946160866800,45.84486669921875,0.009768009185791016,0.04772663116455078,0.37777990102767944
1773047946170746600,45.85474658203125,-0.047023773193359375,-0.0005478858947753906,0.3372126817703247
1773047946180626700,45.864626708984375,-0.0651254653930664,-0.048290252685546875,0.1948258876800537
1773047946190796000,45.87479614257813,-0.06891250610351562,-0.0431523323059082,0.10098385810852051
1773047946200774100,45.884774169921876,-0.07280492782592773,-0.03767824172973633,0.03567242622375488
1773047946210750000,45.89475,-0.053429603576660156,-0.036509037017822266,-0.07605141401290894
1773047946220727600,45.9047275390625,-0.034956932067871094,-0.09595727920532227,-0.09572505950927734
1773047946230665000,45.9146650390625,0.020061492919921875,-0.13469409942626953,-0.09064191579818726
1773047946240638500,45.92463842773437,0.05957365036010742,-0.08733940124511719,-0.13808077573776245
1773047946250618600,45.93461865234375,0.09384965896606445,-0.017066001892089844,-0.1679287552833557
1773047946260593000,45.94459301757813,0.08093643188476562,-0.023502826690673828,-0.18086951971054077
1773047946270611200,45.954611083984375,0.14374828338623047,-0.04386425018310547,-0.15316295623779297
1773047946280589800,45.96458984375,0.266751766204834,-0.04024171829223633,-0.03727656602859497
1773047946290526200,45.97452612304688,0.3407001495361328,0.005407810211181641,0.09201139211654663
1773047946300500500,45.98450048828125,0.3717665672302246,0.044219970703125,0.16543185710906982
1773047946310480000,45.99447998046875,0.2910275459289551,0.05137014389038086,0.1894565224647522
1773047946320454700,46.00445458984375,0.10088729858398438,0.0032148361206054688,0.10806024074554443
1773047946330472400,46.01447241210938,-0.14557313919067383,-0.032473087310791016,0.020420849323272705
1773047946340451800,46.024451904296875,-0.3495450019836426,-0.0025763511657714844,-0.027724027633666992
1773047946350426400,46.03442626953125,-0.44249820709228516,0.04642820358276367,-0.08372330665588379
1773047946360405000,46.044405029296875,-0.4370608329772949,0.0781717300415039,-0.10917693376541138
1773047946370380000,46.05438012695313,-0.359158992767334,0.0845632553100586,-0.15712124109268188
1773047946380358400,46.0643583984375,-0.1676492691040039,0.11342287063598633,-0.13492339849472046
1773047946390295000,46.074294921875,0.061617374420166016,0.1156620979309082,-0.12453734874725342
1773047946400269000,46.08426904296875,0.18398666381835938,0.0987696647644043,-0.19688838720321655
1773047946410209800,46.094209716796875,0.28729915618896484,0.033283233642578125,-0.2289866805076599
1773047946420180700,46.1041806640625,0.2779994010925293,-0.03336286544799805,-0.19274258613586426
1773047946430008600,46.11400854492187,0.23282146453857422,-0.09595537185668945,-0.06967443227767944
1773047946439965200,46.123965087890625,0.11909675598144531,-0.05079317092895508,0.050748348236083984
1773047946450001000,46.1340009765625,-0.0009288787841796875,-0.06464147567749023,0.13303983211517334
1773047946459965400,46.14396533203125,-0.1842188835144043,-0.08414411544799805,0.11757850646972656
1773047946469954600,46.15395458984375,-0.37446117401123047,-0.07920980453491211,0.01887613534927368
1773047946479921400,46.16392138671875,-0.4034423828125,-0.024658679962158203,-0.06944221258163452
1773047946489869300,46.173869384765624,-0.23209667205810547,0.05594158172607422,-0.07714086771011353
1773047946499834400,46.18383447265625,-0.0045185089111328125,0.06253242492675781,-0.01891857385635376
1773047946509745700,46.19374560546875,0.20408916473388672,0.027781009674072266,0.01598304510116577
1773047946519705300,46.20370532226563,0.35750293731689453,0.007517814636230469,0.04177749156951904
1773047946529699300,46.21369921875,0.35457944869995117,0.06099748611450195,0.057222604751586914
1773047946539662300,46.22366235351563,0.23673582077026367,0.11507081985473633,0.014362156391143799
1773047946549575400,46.233575439453126,-0.008249282836914062,0.08968925476074219,0.003687262535095215
1773047946559533600,46.24353344726563,-0.2099776268005371,0.044219970703125,-0.06469768285751343
1773047946569490400,46.25349047851562,-0.2909989356994629,0.05660867691040039,-0.10452181100845337
1773047946579448300,46.2634482421875,-0.3156561851501465,0.15076589584350586,-0.0828857421875
1773047946589405200,46.2734052734375,-0.365323543548584,0.25049495697021484,0.02253592014312744
1773047946599363000,46.283363037109375,-0.3072948455810547,0.1949748992919922,0.22498399019241333
1773047946609281500,46.29328149414062,-0.23211288452148438,0.13631772994995117,0.20443254709243774
1773047946619235300,46.3032353515625,-0.13926124572753906,0.1771702766418457,0.08227396011352539
1773047946629235000,46.31323486328125,-0.11807489395141602,0.21178865432739258,0.010676562786102295
1773047946639193300,46.323193359375,-0.15312433242797852,0.14114904403686523,0.003702223300933838
1773047946649072600,46.33307275390625,-0.18291616439819336,0.010145187377929688,-0.00999438762664795
1773047946659023400,46.3430234375,-0.17543840408325195,-0.00007009506225585938,-0.026634931564331055
1773047946668987400,46.3529873046875,-0.1033945083618164,0.08097982406616211,-0.0672692060470581
1773047946678939400,46.362939453125,-0.004258632659912109,0.2645883560180664,-0.07213377952575684
1773047946688940800,46.37294091796875,0.014521598815917969,0.2508401870727539,-0.12219005823135376
1773047946698897700,46.38289770507812,-0.08333635330200195,0.1512737274169922,-0.21205830574035645
1773047946709077500,46.39307739257813,-0.10415220260620117,0.1384577751159668,-0.2798880338668823
1773047946719257600,46.40325756835937,0.016118526458740234,0.17391443252563477,-0.14174944162368774
1773047946729437700,46.41343774414062,0.11098861694335938,0.21806716918945312,0.11149698495864868
1773047946739543600,46.42354345703125,0.11122846603393555,0.1183481216430664,0.2934180498123169
1773047946749501000,46.4335009765625,-0.06627321243286133,-0.0007562637329101562,0.1573578119277954
1773047946759493600,46.44349365234375,-0.31104421615600586,0.03195619583129883,-0.021062076091766357
1773047946769454800,46.453454833984374,-0.41579675674438477,0.1732926368713379,-0.126675546169281
1773047946779444200,46.4634443359375,-0.43969249725341797,0.18657302856445312,-0.1477057933807373
1773047946789408500,46.473408447265626,-0.39848995208740234,0.09288740158081055,-0.09817498922348022
1773047946799395600,46.4833955078125,-0.2893352508544922,0.03600502014160156,-0.15205484628677368
1773047946809362400,46.493362548828124,-0.07585430145263672,0.1430063247680664,-0.2018798589706421
1773047946819347500,46.50334741210938,0.12868452072143555,0.21663856506347656,-0.0946391224861145
1773047946829316000,46.513316162109376,0.2795143127441406,0.19803714752197266,0.0607030987739563
1773047946839299600,46.523299560546874,0.20466327667236328,0.11966276168823242,0.03532642126083374
1773047946849270000,46.53327001953125,0.024566650390625,0.044898033142089844,-0.058821022510528564
1773047946859252200,46.54325219726562,-0.12901830673217773,0.027862071990966797,-0.08503466844558716
1773047946869223700,46.5532236328125,-0.14449167251586914,0.11587905883789062,-0.054044246673583984
1773047946879204600,46.56320458984375,-0.11327505111694336,0.17949819564819336,0.07187491655349731
1773047946889177600,46.57317749023437,-0.1251382827758789,0.07238292694091797,0.07121282815933228
1773047946899157800,46.58315771484375,-0.15567588806152344,0.028112411499023438,-0.08346050977706909
1773047946909131300,46.59313134765625,-0.12971782684326172,0.11264419555664062,-0.2329367995262146
1773047946919111000,46.60311083984375,-0.06237649917602539,0.2489027976989746,-0.21965205669403076
1773047946929123800,46.61312377929688,0.008404731750488281,0.2234334945678711,-0.12496531009674072
1773047946939106800,46.62310693359375,0.03587675094604492,0.061466217041015625,-0.0030649304389953613
1773047946948987000,46.63298681640625,0.034589290618896484,-0.003860950469970703,0.048206984996795654
1773047946958867000,46.64286694335937,0.019007205963134766,0.08748197555541992,0.014127612113952637
1773047946968992500,46.65299243164063,0.037279605865478516,0.20986461639404297,0.04408770799636841
1773047946978975200,46.66297534179687,-0.05142545700073242,0.2767190933227539,0.10472804307937622
1773047946988946200,46.6729462890625,-0.25963926315307617,0.15698575973510742,0.06151306629180908
1773047946998928000,46.68292797851562,-0.40785694122314453,-0.026939868927001953,-0.0169832706451416
1773047947008899800,46.69289990234375,-0.4234499931335449,-0.026792526245117188,-0.0566982626914978
1773047947018880800,46.702880859375,-0.29501819610595703,0.13640594482421875,-0.10704338550567627
1773047947028853800,46.71285375976562,-0.1700148582458496,0.25165462493896484,-0.1112966537475586
1773047947038833700,46.72283374023438,-0.11259889602661133,0.17613935470581055,-0.021229863166809082
1773047947048713700,46.73271362304688,-0.11628198623657227,0.02490091323852539,0.10258758068084717
1773047947058531000,46.74253100585938,-0.1567363739013672,-0.07790279388427734,0.13125097751617432
1773047947068528400,46.7525283203125,-0.1400761604309082,0.042572021484375,-0.034662604331970215
1773047947078488600,46.76248852539062,-0.0020904541015625,0.23766422271728516,-0.11479419469833374
1773047947088668700,46.772668701171874,0.14791107177734375,0.25511693954467773,-0.010228872299194336
1773047947098702000,46.7827021484375,0.19745826721191406,0.09644174575805664,0.14274561405181885
1773047947108668400,46.79266845703125,0.1246938705444336,-0.05649232864379883,0.2301417589187622
1773047947118653700,46.80265380859375,0.01590585708618164,0.00908660888671875,0.12369930744171143
1773047947128661200,46.8126611328125,-0.04403352737426758,0.2952694892883301,-0.011128664016723633
1773047947138648600,46.82264868164062,-0.10737085342407227,0.43531322479248047,-0.003948807716369629
1773047947148528600,46.83252856445313,-0.2354884147644043,0.27121591567993164,-0.05598914623260498
1773047947158408700,46.84240869140625,-0.30116987228393555,-0.03561115264892578,0.046962857246398926
1773047947168529700,46.85252978515625,-0.2219400405883789,-0.09979581832885742,0.14156794548034668
1773047947178515500,46.86251538085938,0.032564640045166016,0.1739969253540039,0.023888349533081055
1773047947188483300,46.8724833984375,0.24970388412475586,0.5140557289123535,-0.10595697164535522
1773047947198467600,46.882467529296875,0.1737041473388672,0.4639148712158203,-0.07687938213348389
1773047947208347400,46.89234741210937,-0.11887598037719727,0.14154624938964844,-0.08759123086929321
1773047947218206500,46.90220654296875,-0.4565134048461914,-0.08825349807739258,-0.13077634572982788
1773047947228391000,46.91239086914062,-0.596306324005127,0.07372140884399414,-0.27700966596603394
1773047947238376400,46.92237646484375,-0.44390249252319336,0.44408130645751953,-0.31632375717163086
1773047947248256500,46.93225659179687,-0.21999025344848633,0.5659103393554688,-0.15343767404556274
1773047947258072800,46.94207275390625,-0.0888667106628418,0.3459949493408203,0.11636614799499512
1773047947268252700,46.952252685546874,-0.12391185760498047,0.038506507873535156,0.26404869556427
1773047947278286000,46.9622861328125,-0.1586017608642578,0.009008407592773438,0.2333214282989502
1773047947288252200,46.972252197265625,-0.09450054168701172,0.30115175247192383,0.1409132480621338
1773047947298237700,46.98223779296875,-0.02676868438720703,0.45690155029296875,0.10953259468078613
1773047947308117500,46.99211743164062,-0.0489964485168457,0.3263554573059082,0.12828350067138672
1773047947317933800,47.001933837890626,-0.1270909309387207,0.11220312118530273,0.15079092979431152
1773047947327926800,47.0119267578125,-0.12488603591918945,0.14746713638305664,0.16015756130218506
1773047947337890600,47.021890625,0.007898807525634766,0.315610408782959,0.1824575662612915
1773047947347880200,47.031880126953126,0.12464189529418945,0.3724360466003418,0.13770318031311035
1773047947357846800,47.0418466796875,0.02933025360107422,0.27062177658081055,0.08077919483184814
1773047947367833900,47.05183374023437,-0.1564502716064453,0.09246587753295898,-0.05872774124145508
1773047947377802500,47.06180249023438,-0.35240602493286133,0.12814760208129883,-0.1533946394920349
1773047947387982300,47.071982421875,-0.5176172256469727,0.24429893493652344,-0.22350448369979858
1773047947398014500,47.08201440429688,-0.6065635681152344,0.2051863670349121,-0.25894874334335327
1773047947407974400,47.09197436523438,-0.5782370567321777,0.022735595703125,-0.2309693694114685
1773047947417964800,47.10196484375,-0.5427250862121582,-0.032166481018066406,-0.21304041147232056
1773047947427928000,47.111927978515624,-0.4855046272277832,0.12756013870239258,-0.2541380524635315
1773047947437916000,47.121916015625,-0.3685646057128906,0.2434229850769043,-0.25072914361953735
1773047947447796000,47.1317958984375,-0.2063755989074707,0.2209153175354004,-0.16406410932540894
1773047947457611500,47.141611572265624,0.005019664764404297,0.10440254211425781,-0.10193437337875366
1773047947467791600,47.15179150390625,0.18387222290039062,0.18834352493286133,-0.18120354413986206
1773047947477824500,47.16182446289063,0.39223766326904297,0.3561134338378906,-0.206875741481781
1773047947487789300,47.171789306640626,0.5043015480041504,0.3546743392944336,-0.11411219835281372
1773047947497775900,47.18177587890625,0.36810302734375,0.14671039581298828,-0.03471243381500244
1773047947507743000,47.19174291992187,0.07288599014282227,-0.0622105598449707,-0.09129899740219116
1773047947517727700,47.201727783203125,-0.1541581153869629,-0.0013928413391113281,-0.22849076986312866
1773047947527697000,47.21169677734375,-0.26436901092529297,0.21442174911499023,-0.2450370192527771
1773047947537680000,47.22167993164062,-0.30298757553100586,0.3009610176086426,-0.15560191869735718
1773047947547560000,47.23155981445313,-0.3089756965637207,0.17519664764404297,-0.005725860595703125
1773047947557419300,47.241419189453126,-0.2876930236816406,0.0666189193725586,0.0492936372756958
1773047947567410200,47.25141015625,-0.2445693016052246,0.14029455184936523,0.08954882621765137
1773047947577375700,47.261375732421875,-0.19830560684204102,0.22800922393798828,0.12817823886871338
1773047947587558000,47.27155786132813,-0.18088483810424805,0.13037967681884766,0.15228509902954102
1773047947597545200,47.281545166015626,-0.21013355255126953,-0.05138254165649414,0.10179877281188965
1773047947607511600,47.29151147460937,-0.2530326843261719,0.0005631446838378906,0.07604551315307617
1773047947617496800,47.30149682617188,-0.2070622444152832,0.1709742546081543,0.10658299922943115
1773047947627465500,47.31146557617188,-0.13437700271606445,0.1605358123779297,0.24473536014556885
1773047947637449000,47.321448974609375,-0.09089899063110352,0.031993865966796875,0.37277841567993164
1773047947647329000,47.3313291015625,-0.10860347747802734,0.022140979766845703,0.2744525671005249
1773047947657188000,47.34118798828125,-0.08300209045410156,0.20966434478759766,0.0024679899215698242
1773047947667178800,47.3511787109375,-0.03432273864746094,0.38988256454467773,-0.05597269535064697
1773047947677144600,47.36114453125,-0.0007715225219726562,0.3272581100463867,0.13093268871307373
1773047947687326500,47.37132641601563,0.05525779724121094,0.18105173110961914,0.19028055667877197
1773047947697314000,47.38131396484375,0.1139984130859375,0.15568208694458008,0.18118882179260254
1773047947707280400,47.3912802734375,0.22271394729614258,0.2444477081298828,0.1455479860305786
1773047947717266000,47.40126586914062,0.2738518714904785,0.19424867630004883,0.12517321109771729
1773047947727234000,47.41123413085938,0.1611943244934082,0.05780458450317383,0.0780564546585083
1773047947737217800,47.4212177734375,-0.061237335205078125,0.044403076171875,-0.06181931495666504
1773047947747097900,47.431097900390625,-0.2331218719482422,0.16823863983154297,-0.15331274271011353
1773047947756957000,47.44095703125,-0.21967554092407227,0.15985488891601562,0.004236459732055664
1773047947767141400,47.451141357421875,-0.17456960678100586,-0.011838912963867188,0.09725081920623779
1773047947777127000,47.461126953125,-0.11167001724243164,-0.1426558494567871,0.11799347400665283
1773047947787095300,47.47109521484375,0.02108907699584961,-0.0548095703125,0.07119500637054443
1773047947797079000,47.4810791015625,0.06289386749267578,0.05951499938964844,0.04553627967834473
1773047947807049000,47.491049072265625,-0.012613296508789062,-0.04096078872680664,0.11763870716094971
1773047947817031400,47.501031494140626,-0.10022830963134766,-0.18790102005004883,0.18966853618621826
1773047947827002600,47.51100268554688,-0.1914825439453125,-0.13918542861938477,0.11161339282989502
1773047947836984000,47.520984130859375,-0.16916322708129883,0.013301372528076172,0.054296016693115234
1773047947846956500,47.53095654296875,-0.1246180534362793,0.027913570404052734,0.04420959949493408
1773047947856937000,47.54093701171875,-0.09542560577392578,-0.004217624664306641,0.04351603984832764
1773047947866816800,47.55081665039062,-0.006175518035888672,0.14393186569213867,-0.009286046028137207
1773047947876676600,47.56067651367187,0.1417684555053711,0.34281301498413086,0.003348827362060547
1773047947886864000,47.57086376953125,0.30494165420532227,0.3419933319091797,0.14250588417053223
1773047947896847000,47.58084716796875,0.4609255790710449,0.12383317947387695,0.24462890625
1773047947906817500,47.590817626953125,0.5443520545959473,0.011434078216552734,0.25981295108795166
1773047947916799700,47.6007998046875,0.5709648132324219,0.07347679138183594,0.16894316673278809
1773047947926771200,47.61077124023438,0.4856390953063965,0.06196022033691406,0.1370757818222046
1773047947936752400,47.62075244140625,0.3229556083679199,-0.14873552322387695,0.2197270393371582
1773047947946725000,47.63072509765625,0.11179065704345703,-0.31453514099121094,0.30760061740875244
1773047947956705300,47.640705322265624,-0.006815910339355469,-0.38303422927856445,0.2818465232849121
1773047947966678800,47.6506787109375,-0.09186124801635742,-0.4204220771789551,0.22754883766174316
1773047947976658200,47.660658203125,-0.05933427810668945,-0.4880862236022949,0.1537848711013794
1773047947986632400,47.67063256835937,0.10319900512695312,-0.6091675758361816,0.16317927837371826
1773047947996611600,47.680611572265626,0.22963809967041016,-0.6001887321472168,0.21224594116210938
1773047948006586000,47.690586181640626,0.3066854476928711,-0.6099591255187988,0.20875489711761475
1773047948016564700,47.70056469726563,0.34865236282348633,-0.6473937034606934,0.24659430980682373
1773047948026540000,47.7105400390625,0.32759523391723633,-0.7403173446655273,0.15794920921325684
1773047948036518100,47.72051806640625,0.3901700973510742,-0.7977442741394043,-0.046462059020996094
1773047948046493700,47.73049365234375,0.4977555274963379,-0.7731304168701172,-0.05724304914474487
1773047948056471600,47.74047143554687,0.6878213882446289,-0.6023993492126465,-0.02456951141357422
1773047948066351600,47.7503515625,0.8799681663513184,-0.5434575080871582,-0.09043240547180176
1773047948076212000,47.7602119140625,0.9387216567993164,-0.5814323425292969,-0.16524076461791992
1773047948086401000,47.770401123046874,0.7825555801391602,-0.5416827201843262,-0.32926076650619507
1773047948096382700,47.7803828125,0.47667598724365234,-0.4917292594909668,-0.3519965708255768
1773047948106354700,47.790354736328126,0.3522000312805176,-0.47290563583374023,-0.40584850311279297
1773047948116335400,47.80033544921875,0.1937122344970703,-0.3995022773742676,-0.5032645463943481
1773047948126308400,47.81030834960937,0.005840778350830078,-0.3376593589782715,-0.5580833554267883
1773047948136288500,47.82028857421875,0.004889965057373047,-0.3805656433105469,-0.45671775937080383
1773047948146168300,47.83016821289063,0.08418655395507812,-0.3663787841796875,-0.3481362462043762
1773047948156028200,47.840028076171876,0.07338428497314453,-0.24978399276733398,-0.21655204892158508
1773047948176199000,47.860198974609375,0.28483057022094727,-0.08642387390136719,-0.3126160502433777
1773047948186169600,47.870169677734374,0.3679838180541992,0.04570722579956055,-0.1657356321811676
1773047948196151300,47.8801513671875,0.5108914375305176,0.015381813049316406,0.06625580787658691
1773047948206123300,47.89012329101563,0.5990200042724609,-0.08506059646606445,0.250196635723114
1773047948216104200,47.90010424804687,0.6051764488220215,-0.17009973526000977,0.3898202180862427
1773047948226077000,47.91007690429687,0.6395306587219238,-0.2169342041015625,0.292838454246521
1773047948236057000,47.92005712890625,0.5659599304199219,-0.24097013473510742,0.15815281867980957
1773047948245937000,47.92993701171875,0.32595157623291016,-0.25272560119628906,0.08781120181083679
1773047948255796700,47.93979663085938,0.06388473510742188,-0.3043389320373535,-0.029099494218826294
1773047948265790200,47.94979028320312,-0.1875147819519043,-0.34232091903686523,-0.26987504959106445
1773047948275753700,47.95975366210938,-0.38701629638671875,-0.2664971351623535,-0.34182870388031006
1773047948285743900,47.969743896484374,-0.6825704574584961,-0.1716303825378418,-0.3209010064601898
1773047948295710000,47.9797099609375,-0.7625613212585449,-0.14681291580200195,-0.3918105363845825
1773047948305891600,47.9898916015625,-0.8644323348999023,-0.27941322326660156,-0.37144631147384644
1773047948315879400,47.99987939453125,-0.8302698135375977,-0.36989307403564453,-0.2644636631011963
1773047948325845200,48.00984521484375,-0.693995475769043,-0.49959468841552734,-0.2238854318857193
1773047948335831000,48.0198310546875,-0.5509438514709473,-0.5352873802185059,-0.290701299905777
1773047948345711000,48.02971118164062,-0.44823741912841797,-0.49708032608032227,-0.3331991136074066
1773047948355569700,48.03956958007812,-0.4330596923828125,-0.3666415214538574,-0.27526193857192993
1773047948365752600,48.04975268554688,-0.4194364547729492,-0.23473596572875977,-0.18611279129981995
1773047948375739400,48.059739501953125,-0.2836618423461914,-0.13902711868286133,-0.06976726651191711
1773047948385706500,48.06970654296875,-0.07880687713623047,-0.007511138916015625,-0.031208431348204613
1773047948395691300,48.07969116210938,0.1523590087890625,0.12584209442138672,-0.0702231228351593
1773047948405660200,48.08966015625,0.3953380584716797,0.14653253555297852,-0.11100362986326218
1773047948415643400,48.099643310546874,0.6885604858398438,0.07845067977905273,-0.02435898967087269
1773047948425613800,48.10961376953125,1.0426993370056152,-0.08442449569702148,0.20832103490829468
1773047948435595800,48.119595703125,1.3355488777160645,-0.19631624221801758,0.33892008662223816
1773047948445475800,48.12947583007813,1.3543190956115723,-0.25014638900756836,0.16801020503044128
1773047948455335200,48.139335205078126,1.1149559020996094,-0.29012537002563477,-0.1412208080291748
1773047948465521200,48.14952124023438,0.7371654510498047,-0.315885066986084,-0.3172161877155304
1773047948475505700,48.15950561523437,0.3257255554199219,-0.34108829498291016,-0.2985309660434723
1773047948485474800,48.169474853515624,-0.006207942962646484,-0.3400425910949707,-0.22943058609962463
1773047948495457800,48.17945776367188,-0.2702145576477051,-0.39664125442504883,-0.23866377770900726
1773047948505428700,48.1894287109375,-0.41080617904663086,-0.39417219161987305,-0.2838157117366791
1773047948515410200,48.19941015625,-0.4578742980957031,-0.26960039138793945,-0.17350207269191742
1773047948525382400,48.20938232421875,-0.43550825119018555,-0.21427059173583984,-0.05838336795568466
1773047948535363000,48.219363037109375,-0.3342928886413574,-0.2375645637512207,0.025547372177243233
1773047948545243100,48.2292431640625,-0.18263864517211914,-0.2060408592224121,0.08495596796274185
1773047948555102700,48.23910278320312,0.015170097351074219,-0.15398836135864258,0.17431555688381195
1773047948565095700,48.249095703125,0.17378664016723633,-0.14921188354492188,0.37501657009124756
1773047948575059500,48.2590595703125,0.2557539939880371,-0.14461231231689453,0.48586907982826233
1773047948585243100,48.2692431640625,0.3378028869628906,-0.10212469100952148,0.43559426069259644
1773047948595229400,48.2792294921875,0.47252988815307617,-0.07924461364746094,0.4553176760673523
1773047948605197000,48.28919702148438,0.5882863998413086,-0.15251731872558594,0.536312460899353
1773047948615181300,48.29918139648437,0.6043763160705566,-0.27927160263061523,0.40698131918907166
1773047948625150700,48.30915063476562,0.5213279724121094,-0.3641700744628906,0.15231682360172272
1773047948635133400,48.319133544921876,0.36784982681274414,-0.34497594833374023,0.01425451971590519
1773047948645013500,48.329013427734374,0.23472261428833008,-0.37461376190185547,-0.01312333531677723
1773047948654872800,48.33887280273437,0.08328771591186523,-0.3760662078857422,-0.0064977966248989105
1773047948665058000,48.34905810546875,-0.04429912567138672,-0.40567588806152344,-0.013841427862644196
1773047948675042800,48.359042724609374,-0.09625244140625,-0.44344091415405273,-0.07399744540452957
1773047948685011700,48.36901171875,-0.17276430130004883,-0.4753727912902832,-0.16818682849407196
1773047948694995000,48.37899487304688,-0.18786954879760742,-0.42975854873657227,-0.28372785449028015
1773047948704965400,48.38896533203125,-0.18464136123657227,-0.34031200408935547,-0.3361015021800995
1773047948714947600,48.39894750976563,-0.1887974739074707,-0.3128085136413574,-0.26332607865333557
1773047948724880400,48.40888037109375,-0.17927265167236328,-0.30869340896606445,-0.16453209519386292
1773047948734857500,48.418857421875,-0.11891603469848633,-0.33193302154541016,-0.10545163601636887
1773047948744679000,48.42867895507813,-0.017576217651367188,-0.2789726257324219,-0.13190226256847382
1773047948754640400,48.438640380859376,0.0675663948059082,-0.16521310806274414,-0.22382085025310516
1773047948764748800,48.44874877929688,0.19864940643310547,-0.0866246223449707,-0.22474966943264008
1773047948774725000,48.45872509765625,0.304659366607666,-0.028956890106201172,-0.1643419861793518
1773047948784780300,48.4687802734375,0.40456724166870117,0.008476734161376953,-0.07699592411518097
1773047948794764500,48.4787646484375,0.48001813888549805,-0.02153158187866211,-0.04239474609494209
1773047948804734000,48.48873388671875,0.522374153137207,-0.061808109283447266,-0.025775838643312454
1773047948814716700,48.49871655273437,0.48516130447387695,-0.07459259033203125,-0.09296669065952301
1773047948824687600,48.5086875,0.40730857849121094,-0.05084991455078125,-0.15376195311546326
1773047948834669300,48.51866943359375,0.34109020233154297,-0.05216407775878906,-0.13650529086589813
1773047948844641300,48.528641357421876,0.27643346786499023,-0.11993408203125,-0.055214185267686844
1773047948854622000,48.5386220703125,0.1755204200744629,-0.21993494033813477,-0.005551300477236509
1773047948864595000,48.54859497070313,0.09505987167358398,-0.2710995674133301,-0.10708105564117432
1773047948874574800,48.55857495117188,0.02542400360107422,-0.22731971740722656,-0.16226209700107574
1773047948884548600,48.568548583984374,-0.09007978439331055,-0.21730756759643555,-0.1681818962097168
1773047948894528000,48.57852807617188,-0.1852259635925293,-0.26819944381713867,-0.13516464829444885
1773047948904502500,48.58850244140625,-0.20444250106811523,-0.3076300621032715,-0.05875987932085991
1773047948914481200,48.59848120117187,-0.16344070434570312,-0.283599853515625,0.06549415737390518
1773047948924456200,48.60845629882812,-0.1332530975341797,-0.29676055908203125,0.1622488647699356
1773047948934434600,48.6184345703125,-0.12729120254516602,-0.26708030700683594,0.1193007081747055
1773047948944409900,48.628409912109376,-0.10753917694091797,-0.17165088653564453,0.07047078013420105
1773047948954388000,48.638387939453125,-0.0650029182434082,-0.05369997024536133,0.19531410932540894
1773047948964267800,48.64826782226562,0.032909393310546875,0.02986764907836914,0.4415878653526306
1773047948974128000,48.658128173828125,0.10513448715209961,0.04674863815307617,0.5555512309074402
1773047948984317000,48.66831689453125,0.21802949905395508,0.06864404678344727,0.4267750382423401
1773047948994299000,48.678298828125,0.33333635330200195,0.16598272323608398,0.2655947506427765
1773047949004270800,48.68827075195313,0.46082448959350586,0.2758188247680664,0.23191149532794952
1773047949014251500,48.69825146484375,0.5163640975952148,0.2603583335876465,0.2539411187171936
1773047949024224500,48.708224609375,0.5483732223510742,0.10268115997314453,0.22281767427921295
1773047949034204700,48.71820458984375,0.5053825378417969,-0.06762838363647461,0.15381021797657013
1773047949044178200,48.72817822265625,0.370086669921875,-0.18476438522338867,0.033130377531051636
1773047949054157600,48.73815747070312,0.1820540428161621,-0.2547159194946289,-0.15914323925971985
1773047949064037600,48.74803759765625,-0.0015873908996582031,-0.32027387619018555,-0.3172461986541748
1773047949073897500,48.7578974609375,-0.14865398406982422,-0.3147149085998535,-0.37342414259910583
1773047949084085500,48.76808544921875,-0.31229448318481445,-0.31838417053222656,-0.3006603419780731
1773047949094068200,48.778068115234376,-0.46449947357177734,-0.410555362701416,-0.20875704288482666
1773047949104039200,48.7880390625,-0.6722302436828613,-0.37212705612182617,-0.20157714188098907
1773047949114020600,48.7980205078125,-0.893282413482666,-0.2557182312011719,-0.2271638810634613
1773047949123992800,48.80799291992187,-0.8325190544128418,-0.1923236846923828,-0.2788649797439575
1773047949133973500,48.817973388671874,-0.7493805885314941,-0.09565210342407227,-0.27253109216690063
1773047949143946500,48.827946533203125,-0.8557353019714355,0.1039724349975586,-0.35637491941452026
1773047949153926400,48.837926513671874,-0.989464282989502,0.2555875778198242,-0.4251399636268616
1773047949163900200,48.84790014648438,-0.6097450256347656,-0.2223501205444336,-0.042267486453056335
1773047949173879600,48.857879638671875,-0.22806882858276367,-0.25117921829223633,-0.07122518122196198
1773047949183854000,48.86785400390625,0.006663799285888672,-0.0005407333374023438,0.04535171389579773
1773047949193832700,48.877832763671876,0.04030466079711914,0.15324974060058594,0.11788688600063324
1773047949203807700,48.88780786132813,0.011920452117919922,0.3356904983520508,0.03629034757614136
1773047949213786000,48.8977861328125,0.015653133392333984,0.5342197418212891,-0.17797397077083588
1773047949223761400,48.90776147460937,0.3375535011291504,0.45826196670532227,-0.0399935245513916
1773047949233739300,48.9177392578125,0.8323354721069336,0.3329033851623535,0.6333199739456177
1773047949243619300,48.92761938476563,0.5194425582885742,-0.017330169677734375,1.3013641834259033
1773047949253479700,48.93747973632812,1.316859245300293,-0.07945919036865234,1.738619089126587
1773047949263668700,48.94766870117188,2.007139205932617,0.11266469955444336,2.0396924018859863
1773047949273650400,48.957650390625,2.1812028884887695,0.9180688858032227,2.621696949005127
1773047949283622100,48.9676220703125,2.0185699462890625,2.093879222869873,3.2917568683624268
1773047949293603000,48.97760302734375,1.2617578506469727,1.8679990768432617,3.0671775341033936
1773047949303576000,48.987576171875,0.6812400817871094,1.0373220443725586,2.660248279571533
1773047949313556000,48.997555908203125,0.8875579833984375,1.016153335571289,2.1471738815307617
1773047949323529700,49.00752978515625,0.7575902938842773,1.0220389366149902,1.776593565940857
1773047949333509000,49.017509033203126,0.6542329788208008,1.2577896118164062,1.4415369033813477
1773047949343483400,49.0274833984375,0.6685714721679688,2.1156721115112305,0.7266135215759277
1773047949353462300,49.03746215820313,1.0011882781982422,3.2759008407592773,-0.21787060797214508
1773047949363437000,49.04743701171875,1.9046239852905273,3.4576592445373535,0.09552950412034988
1773047949373415700,49.05741577148437,3.199294090270996,2.812772750854492,1.133101224899292
1773047949383390700,49.067390625,4.702943801879883,2.5201034545898438,0.9975274801254272
1773047949393368800,49.07736889648437,5.748581886291504,2.767796039581299,-0.38280507922172546
1773047949403344400,49.08734448242188,5.798169136047363,3.0024404525756836,-1.2205584049224854
1773047949413322200,49.097322265625,5.198036193847656,3.1256470680236816,-1.3544427156448364
1773047949423298300,49.10729833984375,4.500347137451172,3.2199530601501465,-1.0634099245071411
1773047949433276000,49.11727587890625,3.8826446533203125,3.2380337715148926,-0.6037730574607849
1773047949443251700,49.127251708984375,3.010491371154785,3.059666156768799,0.13308998942375183
1773047949453229300,49.13722924804687,2.178457260131836,2.893578052520752,0.8533872961997986
1773047949463205600,49.14720556640625,1.7547168731689453,2.8756790161132812,1.173637866973877
1773047949473183000,49.157182861328124,1.6724281311035156,2.859732151031494,1.3325824737548828
1773047949483159300,49.1671591796875,1.3946895599365234,2.8440356254577637,1.5181134939193726
1773047949493136400,49.17713647460938,1.0710811614990234,2.836996555328369,1.7268195152282715
1773047949503113000,49.18711303710938,0.9163436889648438,2.5482850074768066,1.8744839429855347
1773047949513090000,49.19709008789062,0.7821035385131836,1.926072597503662,1.4098868370056152
1773047949523066600,49.20706665039062,0.5975618362426758,1.5194501876831055,1.0276094675064087
1773047949533043700,49.217043701171875,0.10604095458984375,1.5177035331726074,0.7033903002738953
1773047949543020300,49.227020263671875,-0.5145869255065918,1.6671462059020996,0.21154895424842834
1773047949552997400,49.23699731445313,-1.1166787147521973,1.6310977935791016,-0.18343445658683777
1773047949562974000,49.24697387695313,-1.7304315567016602,1.361009120941162,-0.2713361382484436
1773047949572951000,49.25695092773437,-2.251504898071289,1.021888256072998,-0.31507056951522827
1773047949582928000,49.266927978515625,-2.5844955444335938,0.6852211952209473,-0.36607813835144043
1773047949612858000,49.29685815429688,-4.501509666442871,0.6910901069641113,-0.7977348566055298
1773047949622835200,49.30683520507812,-4.9999237060546875,0.6419849395751953,-0.8643302917480469
1773047949632811800,49.31681176757812,-5.1244306564331055,0.5896954536437988,-0.9564942121505737
1773047949642788900,49.326788818359375,-5.198661804199219,0.2948331832885742,-0.9678987264633179
1773047949652765400,49.336765380859376,-5.071847915649414,-0.2227640151977539,-1.2891112565994263
1773047949662742500,49.34674243164063,-4.6775054931640625,-0.48679685592651367,-0.564423680305481
1773047949672719400,49.35671923828125,-4.27500057220459,-1.393310546875,0.19878864288330078
1773047949682696200,49.3666962890625,-3.759321689605713,-1.8108978271484375,0.6174259781837463
1773047949692673000,49.376673095703126,-3.2807869911193848,-1.773359775543213,0.9616170525550842
1773047949702649900,49.38664990234375,-2.903822898864746,-1.5799684524536133,0.8975242376327515
1773047949722603500,49.406603515625,-3.0793447494506836,-1.6050405502319336,0.5476531982421875
1773047949732580400,49.416580322265624,-2.996835708618164,-1.5816116333007812,0.152976393699646
1773047949742557200,49.42655712890625,-2.7276315689086914,-1.4799270629882812,-0.3922222852706909
1773047949752534000,49.436533935546876,-2.5700864791870117,-1.3249173164367676,-0.8372910022735596
1773047949762510800,49.4465107421875,-2.764972686767578,-1.2863593101501465,-0.8808081150054932
1773047949772487700,49.45648779296875,-3.0217409133911133,-1.393613338470459,-0.6737223863601685
1773047949782464500,49.466464599609374,-3.216573715209961,-1.5613114833831787,-0.3257479667663574
1773047949792441300,49.47644140625,-3.3794374465942383,-1.7590649127960205,0.061386942863464355
1773047949802418200,49.48641821289063,-3.285520553588867,-2.0177671909332275,0.6494741439819336
1773047949812395000,49.49639501953125,-3.0300416946411133,-2.287351131439209,1.1813606023788452
1773047949822371800,49.50637182617187,-2.699824333190918,-2.416628360748291,1.413686752319336
1773047949832348700,49.5163486328125,-2.1808390617370605,-2.326995372772217,1.192333459854126
1773047949842364400,49.526364501953125,-1.64052152633667,-2.047471284866333,0.7518706917762756
1773047949852345300,49.53634545898438,-1.2254176139831543,-1.8984215259552002,0.445731520652771
1773047949862279400,49.54627954101562,-0.9429903030395508,-1.860384464263916,0.31404364109039307
1773047949872255500,49.55625537109375,-0.7430143356323242,-1.8035478591918945,0.3751925230026245
1773047949882233000,49.566233154296874,-0.7711734771728516,-1.719754934310913,0.7934287786483765
1773047949892209400,49.57620947265625,-1.0701675415039062,-1.6435415744781494,1.600050926208496
1773047949902186800,49.58618676757813,-1.4075446128845215,-1.4109363555908203,2.443354845046997
1773047949912163000,49.5961630859375,-1.432539463043213,-1.2191581726074219,2.880739688873291
1773047949922140400,49.60614038085937,-1.4060168266296387,-1.0529615879058838,2.9971065521240234
1773047949932117000,49.61611694335937,-1.338205337524414,-0.9517827033996582,2.7363812923431396
1773047949942094000,49.626093994140625,-1.1567811965942383,-1.043492317199707,2.4417636394500732
1773047949952070700,49.636070556640625,-1.2434463500976562,-1.284432053565979,2.195044755935669
1773047949962048000,49.64604809570312,-1.47283935546875,-1.5340933799743652,1.8770358562469482
1773047949972024600,49.65602465820312,-1.7536320686340332,-1.7524539232254028,1.5381261110305786
1773047949982001700,49.666001708984375,-2.358598232269287,-2.1153903007507324,1.3947898149490356
1773047949991978200,49.675978271484375,-3.007748603820801,-3.709141969680786,2.1271467208862305
1773047950001955300,49.68595532226563,0.2906627655029297,-4.5117597579956055,1.1558632850646973
1773047950011932000,49.69593188476563,4.1949872970581055,-4.547750473022461,0.18521788716316223
1773047950021909000,49.70590893554687,6.966150283813477,-5.791247844696045,2.0258867740631104
1773047950031885600,49.71588549804687,5.107110023498535,-6.8619914054870605,3.299492597579956
1773047950041862700,49.725862548828125,2.085202217102051,-6.3224029541015625,3.50795841217041
1773047950061816300,49.74581640625,3.003434181213379,-2.146512269973755,-0.23454901576042175
1773047950071793200,49.75579321289062,3.161855697631836,-0.22591567039489746,-1.0328105688095093
1773047950081770200,49.765770263671875,2.1491641998291016,0.9258793592453003,-1.275559902191162
1773047950091746800,49.775746826171876,1.460886001586914,2.1384081840515137,-1.1196597814559937
1773047950101724000,49.78572387695313,1.0022878646850586,3.1187384128570557,0.42005643248558044
1773047950111700700,49.79570068359375,0.5576181411743164,3.747802734375,1.6188652515411377
1773047950121677600,49.80567749023437,-0.14392948150634766,3.435830593109131,2.8737823963165283
1773047950131654400,49.815654296875,-0.9597883224487305,2.7734200954437256,3.589660167694092
1773047950141670100,49.82567016601563,-1.2153453826904297,1.7034529447555542,3.8741397857666016
1773047950151650800,49.83565087890625,-1.486940860748291,0.4154679775238037,3.7925820350646973
1773047950161585200,49.84558520507812,-1.5641694068908691,-0.3911595344543457,2.9212703704833984
1773047950171561200,49.85556127929687,-1.309300422668457,-0.8093068599700928,1.733272910118103
1773047950181538800,49.865538818359376,-2.026498317718506,-0.9596319198608398,1.070322871208191
1773047950191515000,49.875514892578124,-0.8175382614135742,-0.5631494522094727,1.3298280239105225
1773047950201492500,49.88549243164063,-0.32598304748535156,-0.8239054679870605,1.5300536155700684
1773047950211468800,49.89546875,0.36365222930908203,-2.3154993057250977,3.17850399017334
1773047950221446100,49.905446044921874,0.689906120300293,-3.3599300384521484,3.969693660736084
1773047950231422700,49.915422607421874,-0.6204671859741211,-4.670449256896973,3.779947280883789
1773047950241399800,49.92539990234375,-1.4597883224487305,-5.255519390106201,3.0917372703552246
1773047950251376400,49.93537646484375,0.7146444320678711,-3.912776470184326,1.1914268732070923
1773047950261353700,49.945353759765624,0.7556400299072266,-3.120182514190674,-0.9981061816215515
1773047950271330000,49.955330078125,1.183741569519043,-2.0957984924316406,-1.703356146812439
1773047950281307400,49.965307373046876,2.609419822692871,-1.0052896738052368,-1.7270352840423584
1773047950291284000,49.97528393554688,2.45876407623291,-0.5939794778823853,-1.6100564002990723
1773047950301261000,49.98526098632812,1.4711685180664062,-0.7275614738464355,-0.9760646224021912
1773047950311238000,49.99523779296875,0.7715692520141602,-0.7232623100280762,-0.6809695959091187
1773047950321214700,50.005214599609374,0.4464244842529297,-0.21091985702514648,-0.7877853512763977
1773047950331191600,50.015191650390626,0.38715362548828125,-0.20510494709014893,-0.045659393072128296
1773047950341168600,50.02516870117187,0.45465087890625,-1.1177390813827515,1.0967082977294922
1773047950351145200,50.03514526367187,0.43701648712158203,-2.2472949028015137,1.5517911911010742
1773047950361122300,50.045122314453124,-0.13329219818115234,-2.7854559421539307,1.095521330833435
1773047950371099100,50.05509912109375,-1.3734111785888672,-2.8857736587524414,0.4381312131881714
1773047950381076000,50.06507592773438,-2.808619976043701,-2.6186490058898926,-0.19024235010147095
1773047950391052800,50.075052734375,-3.3905725479125977,-1.8307867050170898,-1.273013710975647
1773047950401029600,50.08502954101562,-3.127025604248047,-1.211338996887207,-2.4698071479797363
1773047950411006500,50.09500634765625,-2.7660861015319824,-1.2608202695846558,-3.1644296646118164
1773047950420983600,50.10498364257813,-2.665360927581787,-1.5380127429962158,-3.538236618041992
1773047950430960400,50.11496044921875,-2.6212239265441895,-1.3121167421340942,-3.6605212688446045
1773047950440937200,50.12493725585937,-3.399111747741699,-0.3720615804195404,-3.5455515384674072
1773047950450914000,50.1349140625,-3.981755256652832,0.959420382976532,-2.0580198764801025
1773047950460891000,50.144890869140625,-4.618602752685547,1.3817884922027588,0.2355712652206421
1773047950470867700,50.15486767578125,-4.659615993499756,1.0703644752502441,2.2938849925994873
1773047950480844800,50.1648447265625,20.845870971679688,-0.6501054763793945,11.769564628601074
1773047950490821600,50.17482153320312,7.458826065063477,1.5027484893798828,3.244493007659912
1773047950500798500,50.184798583984374,-5.42158842086792,1.8634893894195557,-1.0230052471160889
1773047950510775300,50.194775390625,-2.195075511932373,-0.7467838525772095,3.0080771446228027
1773047950520752000,50.20475219726563,6.893321990966797,-1.0977742671966553,4.964582443237305
1773047950530729000,50.21472900390625,-0.2678089141845703,0.49583855271339417,1.2186481952667236
1773047950540667100,50.22466723632812,-5.653797626495361,-0.17984962463378906,0.6965665817260742
1773047950550640000,50.23464013671875,-2.465427875518799,-0.9851430654525757,2.6719610691070557
1773047950560620800,50.244620849609376,3.107921600341797,-0.7009987831115723,2.309176445007324
1773047950570594600,50.25459448242187,-1.6575322151184082,0.22155699133872986,0.3685128688812256
1773047950580613400,50.26461328125,0.8115882873535156,1.4243117570877075,0.7108044624328613
1773047950590591700,50.274591796875,-1.2693309783935547,2.114260196685791,-1.2180097103118896
1773047950600528400,50.2845283203125,0.26915645599365234,0.5148010849952698,0.264784574508667
1773047950610502400,50.29450244140625,1.0678129196166992,-0.10734830796718597,0.15581154823303223
1773047950620482000,50.30448193359375,1.5798320770263672,-0.42637237906455994,-0.14328503608703613
1773047950630456800,50.31445678710938,0.9132118225097656,-0.567651093006134,0.4962284564971924
1773047950640435700,50.324435791015624,-0.680485725402832,-0.529352068901062,0.49247193336486816
1773047950650411000,50.334410888671876,-1.5159592628479004,-0.9178637266159058,0.33062219619750977
1773047950660389600,50.3443896484375,0.09683513641357422,-1.6593704223632812,0.9157774448394775
1773047950670365000,50.35436499023437,0.3730792999267578,-0.54977947473526,0.1526169776916504
1773047950680382200,50.36438232421875,0.1770009994506836,1.1315685510635376,-0.9727649688720703
1773047950690361900,50.37436181640625,-0.5352067947387695,2.0035831928253174,-0.2475907802581787
1773047950700258300,50.38425830078125,-1.8024640083312988,1.3965591192245483,0.14050507545471191
1773047950710229500,50.3942294921875,-0.5878162384033203,-0.5905724763870239,0.5589754581451416
1773047950720212000,50.4042119140625,1.0987873077392578,-0.5011487603187561,0.614433765411377
1773047950730184400,50.41418432617188,0.9972600936889648,0.16755029559135437,-0.016234397888183594
1773047950740088000,50.424088134765626,1.3996992111206055,0.34574416279792786,-0.41253161430358887
1773047950750053600,50.4340537109375,1.512364387512207,0.048914432525634766,-0.09438323974609375
1773047950760003000,50.44400317382812,-2.3004584312438965,-0.2618878185749054,-0.5732169151306152
1773047950769966800,50.453966796875,-4.700588703155518,-0.2843005657196045,-0.8730454444885254
1773047950779956700,50.463956787109375,-2.4832334518432617,-0.1561010479927063,0.6367242336273193
1773047950789923300,50.47392333984375,0.06343364715576172,-0.05710417032241821,1.7365639209747314
1773047950799871700,50.48387182617188,1.0358152389526367,-0.7097355723381042,0.5871036052703857
1773047950809836300,50.493836181640624,0.842106819152832,-0.4745062589645386,0.8300745487213135
1773047950819747800,50.503747802734374,-0.4773378372192383,0.1312272846698761,0.7130076885223389
1773047950829707300,50.51370727539062,-1.109048843383789,0.23372584581375122,0.04172873497009277
1773047950839624200,50.52362426757813,0.2713747024536133,-0.11759188771247864,-0.15036273002624512
1773047950849579300,50.533579345703124,1.4259138107299805,-0.2876669764518738,-0.4906492233276367
1773047950859459000,50.543458984375,1.2034101486206055,-0.1720375269651413,-0.20314908027648926
1773047950869339100,50.55333911132813,0.07532882690429688,0.07949775457382202,0.14599251747131348
1773047950879491800,50.563491943359374,-1.092569351196289,0.4098212420940399,0.2156813144683838
1773047950889458000,50.5734580078125,-0.5698862075805664,0.37896743416786194,-0.30313992500305176
1773047950899406800,50.58340673828125,1.339289665222168,-0.09229102730751038,0.32474756240844727
1773047950909371400,50.59337133789062,1.6036691665649414,-0.6281017661094666,0.467343807220459
1773047950919283200,50.603283203125,0.6646699905395508,-1.0402500629425049,0.41245365142822266
1773047950929242400,50.61324243164062,-1.0572853088378906,-1.0391825437545776,1.09348726272583
1773047950939159800,50.62315991210937,-2.644746780395508,-0.7037836313247681,1.3563199043273926
1773047950949114600,50.63311450195312,-3.3447227478027344,-0.20952580869197845,0.7582588195800781
1773047950958994700,50.64299462890625,-2.0564475059509277,0.05245572328567505,0.33428001403808594
1773047950968874500,50.65287451171875,-0.6100559234619141,0.19308918714523315,0.09661316871643066
1773047950978988800,50.66298876953125,0.1956930160522461,0.040866076946258545,-0.637412428855896
1773047950988950800,50.67295068359375,0.7250871658325195,0.01450607180595398,-0.7281229496002197
1773047950998980900,50.68298095703125,1.1492204666137695,0.14128750562667847,-0.45865094661712646
1773047951008949500,50.692949462890624,0.809229850769043,0.2546923756599426,-0.27074384689331055
1773047951019129600,50.703129638671875,0.9265069961547852,0.45335105061531067,-0.3140655755996704
1773047951029309700,50.713309814453126,1.4170217514038086,0.4055444598197937,0.00348663330078125
1773047951039489500,50.723489501953125,1.0046577453613281,0.4889701306819916,-0.28150618076324463
1773047951049553400,50.73355346679688,0.2686491012573242,0.2479463815689087,-0.20954406261444092
1773047951059503000,50.743503173828124,-0.20684528350830078,0.256060391664505,-0.36554741859436035
1773047951069502000,50.753501953125,0.016180038452148438,0.03696295619010925,-0.3071634769439697
1773047951079457000,50.76345703125,-0.41587257385253906,-0.38805195689201355,0.04174470901489258
1773047951089451300,50.773451171875,-0.7438840866088867,-0.38672640919685364,0.6719458103179932
1773047951099411000,50.783410888671874,0.0014066696166992188,-0.20983372628688812,0.710381269454956
1773047951109401900,50.79340185546875,-0.0873708724975586,-0.24709171056747437,0.39213085174560547
1773047951119364900,50.80336474609375,-0.14206409454345703,-0.2720835208892822,-0.19465422630310059
1773047951129353000,50.81335302734375,-0.9188222885131836,-0.508926272392273,0.17549729347229004
1773047951139318800,50.82331884765625,-1.1960668563842773,-0.571882963180542,0.4615870714187622
1773047951149304600,50.8333046875,-1.1559562683105469,-0.6045309901237488,1.0736706256866455
1773047951159272400,50.8432724609375,-3.42020320892334,-0.6956832408905029,1.4376749992370605
1773047951179226400,50.863226318359374,-8.858896255493164,-0.4391323924064636,0.1990501880645752
1773047951189208800,50.873208740234375,6.347233772277832,0.6320933103561401,2.3822200298309326
1773047951199180300,50.88318017578125,21.878219604492188,1.357900619506836,-0.0947137176990509
1773047951209161700,50.89316162109375,-4.318902015686035,-1.0496447086334229,-0.5634796619415283
1773047951219134000,50.90313403320312,-13.284427642822266,-0.7736591696739197,0.6122069358825684
1773047951229114400,50.9131142578125,17.55254364013672,1.5325719118118286,-7.040069580078125
1773047951239087900,50.923087890625,-5.288154125213623,0.6290363073348999,-2.6740829944610596
1773047951249067500,50.933067626953125,-3.562455177307129,0.4907803535461426,2.1472840309143066
1773047951259041500,50.94304150390625,-0.25914478302001953,-0.5377622246742249,1.0727699995040894
1773047951269021000,50.95302099609375,0.6842451095581055,0.07001352310180664,-0.607567548751831
1773047951278995500,50.962995361328126,1.9101171493530273,1.1093688011169434,-1.8707644939422607
1773047951288974000,50.97297412109375,-1.2636547088623047,-0.6290689706802368,-0.10762390494346619
1773047951298949000,50.98294921875,1.1854572296142578,0.7303341627120972,-1.5548521280288696
1773047951308927500,50.99292749023437,0.9212465286254883,-0.1638098657131195,-0.38970962166786194
1773047951318903000,51.002903076171876,-3.214305877685547,0.45839083194732666,0.5651277899742126
1773047951328881200,51.012881103515625,0.9455299377441406,0.13287317752838135,0.05451521277427673
1773047951338856700,51.02285668945313,-0.3294839859008789,-0.00453418493270874,-0.681667685508728
1773047951348834600,51.03283447265625,1.248518943786621,-0.29843324422836304,-0.8027654886245728
1773047951358810600,51.042810546875,-0.4042997360229492,-0.2919437289237976,-0.24300718307495117
1773047951368788200,51.05278833007812,0.15399837493896484,0.05252927541732788,0.18545392155647278
1773047951378764300,51.06276440429688,-1.4038619995117188,0.5189095735549927,0.7065460085868835
1773047951388742000,51.072741943359375,0.3727989196777344,0.38297128677368164,0.050261348485946655
1773047951398718200,51.08271826171875,0.014849662780761719,-0.19693848490715027,-0.3235189616680145
1773047951408695600,51.09269555664063,0.33064937591552734,-0.48945337533950806,-0.48081886768341064
1773047951418671900,51.102671875,0.4681873321533203,-0.3073596954345703,-0.4936271011829376
1773047951428649200,51.11264916992187,-0.33148765563964844,-0.0948026180267334,-0.06834855675697327
1773047951438625800,51.122625732421874,0.30347728729248047,0.20828092098236084,0.2083112895488739
1773047951448603000,51.132602783203126,-1.0114812850952148,0.12404042482376099,0.2270854264497757
1773047951458579500,51.142579345703126,-0.14377593994140625,-0.002621173858642578,-0.2761116027832031
1773047951468556500,51.152556640625,0.044205665588378906,0.14486491680145264,-0.5445163249969482
1773047951478533400,51.16253344726562,0.36986255645751953,0.0428767204284668,-0.24780774116516113
1773047951488510500,51.172510498046876,0.13958168029785156,-0.3919965326786041,-0.3448854684829712
1773047951498487000,51.182487060546876,-0.12444591522216797,-0.4319678544998169,-0.27073314785957336
1773047951508464000,51.19246411132813,0.2186441421508789,-0.16180041432380676,-0.2893066108226776
1773047951518441000,51.20244091796875,-0.46554088592529297,0.375916063785553,-0.01313549280166626
1773047951528417800,51.212417724609374,-0.5069818496704102,0.5001974701881409,0.376600444316864
1773047951538394600,51.22239453125,0.29256439208984375,0.12453001737594604,-0.09053263068199158
1773047951548371700,51.23237182617188,-0.26643943786621094,-0.38009437918663025,-0.5935636758804321
1773047951558348300,51.24234838867188,0.33657264709472656,-0.4342730641365051,-0.6385782361030579
1773047951568325400,51.252325439453124,-0.2801542282104492,-0.0555456280708313,-0.27666857838630676
1773047951578302200,51.26230224609375,0.13567161560058594,0.05848073959350586,-0.029053926467895508
1773047951588279300,51.272279296875,0.038956642150878906,0.03203350305557251,-0.24434208869934082
1773047951598255900,51.282255859375,-0.27713775634765625,-0.0035880208015441895,-0.04209190607070923
1773047951608233000,51.29223291015625,-0.028344154357910156,-0.008374333381652832,-0.29783958196640015
1773047951618209800,51.302209716796874,-0.3571128845214844,0.18957126140594482,-0.40329012274742126
1773047951628186600,51.3121865234375,0.17488670349121094,0.11581689119338989,0.29864501953125
1773047951638163500,51.32216357421875,-0.07834434509277344,-0.28412216901779175,-0.2742052376270294
1773047951648140500,51.332140625,0.06508159637451172,-0.47405701875686646,-0.5037058591842651
1773047951658020400,51.34202026367188,0.19835948944091797,-0.28742897510528564,-0.5011137127876282
1773047951667881000,51.351880859375,-0.17983245849609375,0.3759627342224121,-0.4385780692100525
1773047951677877000,51.361876953125,-0.2417163848876953,0.541562557220459,0.028632909059524536
1773047951687838500,51.37183837890625,0.12636756896972656,0.12486737966537476,0.035558611154556274
1773047951698024700,51.38202465820312,-0.7529592514038086,-0.11956325173377991,0.3748527467250824
1773047951708009000,51.392009033203124,0.03355979919433594,-0.7114417552947998,0.13061028718948364
1773047951717978400,51.401978271484374,0.5753297805786133,-0.817253589630127,-2.4379029273986816
1773047951727961000,51.41196118164063,-0.5963897705078125,-0.904218316078186,-1.2416033744812012
1773047951737932300,51.42193237304687,0.5858526229858398,-0.6432325839996338,-0.15263962745666504
1773047951747914000,51.4319140625,-0.067901611328125,-0.4904155135154724,0.15213486552238464
1773047951757794000,51.4417939453125,1.4122142791748047,-0.23379302024841309,0.3412041664123535
1773047951767653600,51.451653564453125,0.5303096771240234,0.3577736020088196,0.725656270980835
1773047951777839900,51.46183984375,-0.7361021041870117,0.7721808552742004,0.5947753190994263
1773047951787823900,51.47182397460937,-2.1453795433044434,-0.0629701018333435,0.451325386762619
1773047951797793500,51.48179345703125,-1.1639795303344727,0.32685184478759766,0.6316142082214355
1773047951807776300,51.4917763671875,1.0105648040771484,0.7265491485595703,-0.4901126027107239
1773047951817747500,51.50174755859375,1.6202583312988281,0.15506374835968018,-1.8923215866088867
1773047951827729000,51.51172900390625,-0.2715024948120117,-0.026223421096801758,-1.7390754222869873
1773047951837609000,51.52160888671875,0.205474853515625,0.7428560853004456,0.031813859939575195
1773047951847468500,51.53146850585937,-0.8129453659057617,0.583003580570221,0.6527780294418335
1773047951857461000,51.5414609375,-0.6578302383422852,0.09707820415496826,0.059481531381607056
1773047951867425300,51.55142529296875,0.14716148376464844,-0.8117469549179077,-0.20426994562149048
1773047951877608700,51.56160864257812,0.6062660217285156,-0.958021342754364,-1.2557121515274048
1773047951887595300,51.57159521484375,0.2793731689453125,-0.18389374017715454,-0.48977455496788025
1773047951897562400,51.581562255859374,0.3534879684448242,0.7335054278373718,0.0004531443119049072
1773047951907547100,51.59154711914063,-1.3441858291625977,0.7188076376914978,-0.0027338266372680664
1773047951917516300,51.60151635742187,-1.082606315612793,0.36673134565353394,0.1585356742143631
1773047951927499300,51.611499267578125,0.9857597351074219,-0.3952730894088745,-0.6243577003479004
1773047951937470000,51.621469970703124,-0.44266414642333984,-0.3780742287635803,0.10656824707984924
1773047951947452000,51.631451904296874,1.269322395324707,-0.31766900420188904,0.5997471809387207
1773047951957423900,51.641423828125,-0.6639890670776367,-0.5567508339881897,0.196294903755188
1773047951967404800,51.65140478515625,-0.10984039306640625,-0.09845873713493347,-0.006407111883163452
1773047951977377800,51.661377685546874,0.9642705917358398,0.14296364784240723,-0.6970736980438232
1773047951987357700,51.67135766601562,-1.006143569946289,0.10522574186325073,-2.2886199951171875
1773047951997331500,51.68133154296875,0.10367965698242188,0.7446454167366028,-1.2708590030670166
1773047952007310800,51.691310791015624,0.1416034698486328,0.3432604670524597,0.7255751490592957
1773047952017285400,51.701285400390624,-0.28867435455322266,-0.15414121747016907,1.993476390838623
1773047952027264300,51.71126416015625,1.459061622619629,0.2755342721939087,1.9730868339538574
1773047952037239000,51.72123901367188,1.3501510620117188,0.7042896747589111,1.7191420793533325
1773047952047217700,51.7312177734375,1.334242820739746,0.914648711681366,1.2333627939224243
1773047952057097500,51.741097412109376,0.08193492889404297,0.5352973341941833,1.766355037689209
1773047952066957800,51.75095776367188,0.8435134887695312,0.1888473629951477,1.2245123386383057
1773047952076952600,51.76095263671875,1.5083656311035156,-0.5724841356277466,0.4039379060268402
1773047952086915000,51.7709150390625,0.16051387786865234,-3.615288496017456,3.4942610263824463
1773047952097100300,51.78110034179687,1.3715686798095703,-2.435826301574707,3.070586681365967
1773047952107085300,51.791085205078126,-0.2543153762817383,0.08905035257339478,2.020686149597168
1773047952117054000,51.801053955078125,0.5249099731445312,0.3410765528678894,0.22813761234283447
1773047952127037400,51.81103735351562,-0.41259765625,0.25679755210876465,-1.7066702842712402
1773047952136917500,51.82091748046875,-1.3907299041748047,-0.19734573364257812,-3.2366225719451904
1773047952146776600,51.830776611328126,-1.7316646575927734,-0.7697182893753052,-3.976069927215576
1773047952156961500,51.84096142578125,-1.8577351570129395,-1.2748558521270752,-3.5814692974090576
1773047952166946800,51.85094677734375,-0.3938560485839844,-1.111863136291504,-3.7172868251800537
1773047952176915500,51.86091552734375,-0.4193849563598633,-0.6892538070678711,-2.3604230880737305
1773047952186899000,51.87089892578125,-1.1757230758666992,-0.2464967966079712,-2.6056976318359375
1773047952196869000,51.880869140625,0.2249317169189453,0.3245459794998169,-1.0434961318969727
1773047952206851300,51.890851318359374,0.6454944610595703,1.039698600769043,-0.6159235835075378
1773047952216823000,51.90082299804688,1.135319709777832,0.7442545890808105,-0.3647131323814392
1773047952226804200,51.91080419921875,1.2856788635253906,-0.17438173294067383,-0.18970036506652832
1773047952236684000,51.92068408203125,1.257192611694336,-1.0106514692306519,0.6859849095344543
1773047952246544000,51.9305439453125,0.9795246124267578,-1.1902978420257568,0.9977471232414246
1773047952256536300,51.940536376953126,0.6608543395996094,-0.9357277154922485,-0.0755312442779541
1773047952266500600,51.95050048828125,0.46262168884277344,-0.25212305784225464,-2.048522710800171
1773047952276684000,51.96068408203125,-1.7970852851867676,0.3647097945213318,-2.5340611934661865
1773047952286670600,51.970670654296875,-3.2980804443359375,0.6438340544700623,-1.3809127807617188
1773047952296638000,51.980637939453125,2.554682731628418,0.2764967679977417,-2.5896410942077637
1773047952306622500,51.99062255859375,2.170201301574707,-0.36146238446235657,-0.7818374633789062
1773047952316591600,52.00059155273438,-0.579218864440918,0.013658612966537476,-0.21582460403442383
1773047952326574600,52.01057470703125,-1.1215863227844238,0.8739168643951416,-0.09572982788085938
1773047952336545500,52.020545654296875,-1.5993103981018066,0.6230348348617554,-0.3612489700317383
1773047952346527200,52.03052734375,-1.655019760131836,-0.4348127245903015,0.2640562057495117
1773047952356499500,52.04049951171875,-1.8935441970825195,-1.8309829235076904,1.1527538299560547
1773047952366480100,52.05048022460937,0.6816468238830566,-2.876652956008911,0.6457557678222656
1773047952376453000,52.060453125,-0.537043571472168,-3.132596731185913,2.6427316665649414
1773047952386433000,52.07043310546875,-0.42526769638061523,-2.901214599609375,3.086935043334961
1773047952396406800,52.08040673828125,1.4514684677124023,-3.024548292160034,1.8797607421875
1773047952406386200,52.09038623046875,1.2712593078613281,-3.2847976684570312,2.5412721633911133
1773047952416360700,52.10036059570312,2.3284173011779785,-2.5846681594848633,2.6387648582458496
1773047952426339600,52.110339599609375,3.8387904167175293,-1.5916601419448853,2.8603954315185547
1773047952436219600,52.1202197265625,5.0701518058776855,-0.9319329261779785,4.150644302368164
1773047952476220000,52.160219970703125,4.631678104400635,-1.7713608741760254,1.6010093688964844
1773047952486100000,52.17009985351562,3.3757214546203613,-2.344552993774414,-0.5612268447875977
1773047952495960800,52.1799609375,2.4129843711853027,-1.8658950328826904,-2.0757956504821777
1773047952506152700,52.19015258789062,1.9322896003723145,-1.0606184005737305,-2.5075783729553223
1773047952516132400,52.20013232421875,0.9997463226318359,-0.7896721363067627,-1.6538376808166504
1773047952526106400,52.2101064453125,0.29613494873046875,-0.6542365550994873,-0.32897424697875977
1773047952536085500,52.22008544921875,0.26444482803344727,-0.6411902904510498,0.7590913772583008
1773047952546060300,52.23006030273437,0.48778724670410156,-0.61384117603302,1.2085871696472168
1773047952556039000,52.24003881835937,0.7035260200500488,-0.48502659797668457,1.622178077697754
1773047952566014000,52.250013916015625,0.6541619300842285,-0.6479088068008423,2.677903175354004
1773047952575992300,52.259992431640626,0.17180538177490234,-0.8615745902061462,3.8422131538391113
1773047952585967600,52.26996752929688,-0.18044519424438477,-0.7722136974334717,4.672757148742676
1773047952595945700,52.27994580078125,-0.35488414764404297,-0.41188567876815796,4.9885759353637695
1773047952605921500,52.289921630859375,-0.5205011367797852,0.08387868106365204,4.628190994262695
1773047952615899100,52.29989916992187,-0.993321418762207,0.5066518783569336,3.503833532333374
1773047952625875200,52.30987524414063,-1.6691169738769531,1.0354045629501343,1.6455082893371582
1773047952635852800,52.319852783203125,-2.489722728729248,1.6425697803497314,-0.6196432113647461
1773047952645829000,52.3298291015625,-3.4244329929351807,2.128668785095215,-2.7071471214294434
1773047952655806500,52.33980639648438,-4.177573204040527,2.577822685241699,-4.353186130523682
1773047952665782800,52.34978271484375,-4.546965599060059,2.6946871280670166,-5.206599235534668
1773047952675760000,52.35976000976562,-4.626468658447266,2.3469619750976562,-5.178791522979736
1773047952685736400,52.369736328125,-4.7050395011901855,1.6244198083877563,-4.385007858276367
1773047952695713800,52.3797138671875,-4.931321144104004,0.992782711982727,-3.042039394378662
1773047952705690600,52.38969067382813,-5.040655136108398,0.6994730234146118,-1.566622257232666
1773047952725644000,52.40964404296875,-4.9163618087768555,0.07076573371887207,-0.37110424041748047
1773047952735621000,52.41962109375,-4.788229942321777,0.6137707233428955,0.7892327308654785
1773047952745598000,52.429597900390625,-4.3692402839660645,0.9511904716491699,1.698603630065918
1773047952755575000,52.43957495117188,-3.6698431968688965,0.9642996788024902,2.087185859680176
1773047952765551600,52.44955151367188,-3.126332998275757,1.0996918678283691,2.362499713897705
1773047952775528700,52.45952880859375,-2.6936116218566895,1.1914708614349365,1.94122314453125
1773047952785505300,52.46950537109375,-2.155179023742676,1.0848145484924316,0.5917654037475586
1773047952795482400,52.479482421875,-1.4891676902770996,0.6834444999694824,-0.7734127044677734
1773047952805459200,52.48945922851563,-0.7626209259033203,0.13299131393432617,-1.7214550971984863
1773047952815436000,52.49943603515625,-0.20009374618530273,-0.2548213005065918,-1.9260892868041992
1773047952825412900,52.50941284179687,0.046843528747558594,-0.5080956220626831,-1.6499862670898438
1773047952835389700,52.5193896484375,0.33628225326538086,-0.5216395854949951,-1.1118364334106445
1773047952845366500,52.529366455078126,0.8330211639404297,-0.1503087282180786,-0.42088794708251953
1773047952855343600,52.53934350585938,1.4166178703308105,0.1941695213317871,0.180511474609375
1773047952865320400,52.54932055664062,2.0826921463012695,0.3583545684814453,0.5349583625793457
1773047952875297300,52.55929736328125,2.653751850128174,0.5366950035095215,0.6635603904724121
1773047952885274000,52.569274169921876,2.699885368347168,0.7432781457901001,0.5731053352355957
1773047952895251000,52.5792509765625,2.275768280029297,0.9231042861938477,0.14992427825927734
1773047952905227800,52.58922778320313,1.7575550079345703,1.0275967121124268,-0.524989128112793
1773047952915204600,52.59920458984375,1.1838135719299316,1.022663950920105,-1.0586881637573242
1773047952925181400,52.609181396484374,0.5317754745483398,0.9789576530456543,-1.3121366500854492
1773047952935158500,52.619158447265626,-0.13463354110717773,0.9164575338363647,-1.5316624641418457
1773047952945135400,52.62913525390625,-0.4761667251586914,0.8615988492965698,-1.791581630706787
1773047952955112200,52.6391123046875,-0.5165085792541504,0.7925851345062256,-1.7897844314575195
1773047952965089000,52.649089111328124,-0.4712843894958496,0.551055908203125,-1.3841190338134766
1773047952975065900,52.65906591796875,-0.47688913345336914,0.23085510730743408,-0.6545748710632324
1773047952985042700,52.669042724609376,-0.5746669769287109,-0.043401241302490234,0.15653181076049805
1773047952995019800,52.67901977539063,-0.8103280067443848,-0.1637808084487915,0.6465954780578613
1773047953004996600,52.68899658203125,-1.0610909461975098,-0.145088791847229,0.8065891265869141
1773047953014973400,52.698973388671874,-1.261918067932129,0.11959505081176758,0.68402099609375
1773047953024853500,52.708853515625,-1.4698467254638672,0.5779799222946167,0.24730634689331055
1773047953034713900,52.7187138671875,-1.490260124206543,0.9695217609405518,-0.33654069900512695
1773047953044904000,52.72890405273437,-1.290581226348877,1.2864927053451538,-0.7628092765808105
1773047953054885000,52.738885009765625,-0.9342360496520996,1.5012820959091187,-1.072291374206543
1773047953064857600,52.748857666015624,-0.6362862586975098,1.4875884056091309,-1.1335382461547852
1773047953074838000,52.758838134765625,-0.43019676208496094,1.3539109230041504,-1.1491408348083496
1773047953084717800,52.7687177734375,-0.291440486907959,1.3957253694534302,-1.243635654449463
1773047953094577700,52.77857763671875,-0.18912744522094727,1.5097795724868774,-1.1285009384155273
1773047953104765000,52.78876489257812,-0.08581113815307617,1.3270426988601685,-0.8774223327636719
1773047953114748400,52.79874853515625,-0.03328275680541992,0.9313774108886719,-0.7664446830749512
1773047953124718800,52.80871875,-0.0530242919921875,0.4917604923248291,-0.6501140594482422
1773047953134700800,52.81870068359375,-0.19655704498291016,0.031201839447021484,-0.2218341827392578
1773047953144672500,52.82867260742187,-0.3617849349975586,-0.14702105522155762,0.43471670150756836
1773047953154653400,52.8386533203125,-0.504727840423584,-0.08635210990905762,1.1077685356140137
1773047953164630500,52.84863061523438,-0.6727256774902344,0.12030744552612305,1.2185249328613281
1773047953174510300,52.85851025390625,-1.1628241539001465,0.49913787841796875,0.6026320457458496
1773047953184370200,52.8683701171875,-1.6924481391906738,0.6189937591552734,-0.5745501518249512
1773047953194556700,52.878556640625,-1.8046073913574219,0.49979710578918457,-1.9476513862609863
1773047953204540700,52.88854077148437,-1.8037528991699219,0.801546573638916,-2.7875261306762695
1773047953214510600,52.898510498046875,-1.5968947410583496,0.8634037971496582,-2.904715061187744
1773047953224493000,52.9084931640625,-1.3982477188110352,0.702765703201294,-2.4245781898498535
1773047953234464500,52.91846459960937,-1.052182674407959,0.3804163932800293,-1.7881836891174316
1773047953244445700,52.92844580078125,-0.37360715866088867,0.06212496757507324,-1.1725482940673828
1773047953254325800,52.93832568359375,0.35490942001342773,0.09572601318359375,-0.5444655418395996
1773047953264185300,52.94818530273437,0.9638557434082031,0.3870091438293457,-0.06887149810791016
1773047953274371800,52.95837182617188,1.4377360343933105,0.5680699348449707,0.2763957977294922
1773047953284355600,52.96835546875,1.6789321899414062,0.6386525630950928,0.2873668670654297
1773047953294325500,52.97832543945312,1.2328829765319824,0.8414409160614014,0.16187238693237305
1773047953304308000,52.988307861328124,0.35908985137939453,0.7605681419372559,0.2873387336730957
1773047953314279400,52.99827954101563,-0.26263856887817383,0.45566844940185547,0.09925222396850586
1773047953324260900,53.0082607421875,-0.8012757301330566,0.21092486381530762,-0.3972163200378418
1773047953334233000,53.01823315429687,-1.1183900833129883,-0.09972929954528809,-0.566195011138916
1773047953344213500,53.028213623046874,-1.1183195114135742,-0.06519031524658203,-0.6115388870239258
1773047953354186800,53.038186767578125,-0.9063854217529297,0.15142393112182617,-0.5519967079162598
1773047953364166700,53.048166748046874,-0.7758388519287109,0.3298947811126709,-0.5092687606811523
1773047953374143500,53.0581435546875,-0.5827946662902832,0.4960489273071289,-0.7786164283752441
1773047953384117500,53.06811743164062,-0.168701171875,0.5841662883758545,-1.1204805374145508
1773047953394096600,53.0780966796875,0.3787679672241211,0.6600852012634277,-1.270829677581787
1773047953404071200,53.0880712890625,0.7722868919372559,0.7636048793792725,-1.0996274948120117
1773047953414049800,53.0980498046875,1.169163703918457,0.9149386882781982,-0.5047798156738281
1773047953434003200,53.11800317382812,0.3443312644958496,-0.08642435073852539,0.5297703742980957
1773047953443978800,53.127978759765625,0.015011787414550781,-0.48390722274780273,0.7544174194335938
1773047953453956600,53.13795654296875,-0.20334434509277344,-0.633836030960083,0.8014378547668457
1773047953463932400,53.14793237304688,-0.4912872314453125,-0.5996308326721191,0.8164539337158203
1773047953473910300,53.15791015625,-0.7140626907348633,-0.23791122436523438,0.32505083084106445
1773047953483886000,53.16788598632812,-0.8382463455200195,0.2076864242553711,-0.39415550231933594
