time,seconds_elapsed,z,y,x
1773047900526373600,0.21037353515625,-32.38125228881836,2.0812501907348633,21.075000762939453
1773047900536373800,0.220373779296875,-32.88750076293945,1.5750000476837158,20.381250381469727
1773047900556373800,0.240373779296875,-32.962501525878906,1.725000023841858,20.943750381469727
1773047900596373800,0.280373779296875,-33.07500076293945,0.8250000476837158,21.037500381469727
1773047900616373800,0.300373779296875,-32.83125305175781,0.11250000447034836,21.506250381469727
1773047900626373600,0.31037353515625,-32.79375076293945,-0.15000000596046448,21.48750114440918
1773047900636373800,0.320373779296875,-32.71875,-0.5062500238418579,21.543750762939453
1773047900646373600,0.33037353515625,-32.28750228881836,-0.9000000357627869,21.637500762939453
1773047900656373800,0.340373779296875,-32.212501525878906,-1.068750023841858,21.825000762939453
1773047900666373600,0.35037353515625,-31.80000114440918,-1.3312500715255737,22.087501525878906
1773047900676373800,0.360373779296875,-31.743751525878906,-1.3312500715255737,22.200000762939453
1773047900686373600,0.37037353515625,-31.875001907348633,-1.2750000953674316,22.23750114440918
1773047900696373800,0.380373779296875,-31.725000381469727,-1.256250023841858,22.23750114440918
1773047900706373600,0.39037353515625,-31.856250762939453,-1.5562500953674316,22.23750114440918
1773047900716373800,0.400373779296875,-31.725000381469727,-1.6875001192092896,22.443750381469727
1773047900726373600,0.41037353515625,-31.837501525878906,-1.631250023841858,22.368751525878906
1773047900736373800,0.420373779296875,-32.19375228881836,-1.725000023841858,22.350000381469727
1773047900746373600,0.43037353515625,-32.53125,-1.6687500476837158,22.21875
1773047900756373800,0.440373779296875,-32.51250076293945,-1.7812501192092896,22.05000114440918
1773047900766373600,0.45037353515625,-32.45625305175781,-1.8750001192092896,22.03125
1773047900776373800,0.460373779296875,-32.60625076293945,-1.631250023841858,21.881250381469727
1773047900786373600,0.47037353515625,-32.38125228881836,-1.5937501192092896,21.881250381469727
1773047900796373800,0.480373779296875,-32.19375228881836,-1.537500023841858,21.75
1773047900806373600,0.49037353515625,-32.00625228881836,-1.631250023841858,21.84375
1773047900816373800,0.500373779296875,-31.500001907348633,-1.537500023841858,21.67500114440918
1773047900826373600,0.51037353515625,-31.012500762939453,-1.4625000953674316,22.162500381469727
1773047900836373800,0.520373779296875,-30.58125114440918,-1.5562500953674316,22.33125114440918
1773047900846373600,0.53037353515625,-30.318750381469727,-1.9312500953674316,22.40625
1773047900856373800,0.540373779296875,-30.168750762939453,-2.25,22.743751525878906
1773047900866373600,0.55037353515625,-29.775001525878906,-2.512500047683716,22.912500381469727
1773047900876373800,0.560373779296875,-29.437501907348633,-2.700000047683716,23.17500114440918
1773047900886373600,0.57037353515625,-29.212501525878906,-3,23.025001525878906
1773047900896373800,0.580373779296875,-29.17500114440918,-3.187500238418579,23.17500114440918
1773047900906373600,0.59037353515625,-28.98750114440918,-3.5062501430511475,22.931251525878906
1773047900916373800,0.600373779296875,-28.725000381469727,-3.825000047683716,22.89375114440918
1773047900926373600,0.61037353515625,-28.33125114440918,-3.843750238418579,22.912500381469727
1773047900936373800,0.620373779296875,-27.750001907348633,-4.200000286102295,22.98750114440918
1773047900946373600,0.63037353515625,-27.637500762939453,-4.125,23.100000381469727
1773047900956373800,0.640373779296875,-27.693750381469727,-4.03125,23.193750381469727
1773047900966373600,0.65037353515625,-27.562501907348633,-4.162500381469727,23.475000381469727
1773047900976373800,0.660373779296875,-27.356250762939453,-4.3125,23.64375114440918
1773047900986373600,0.67037353515625,-27.39375114440918,-4.256250381469727,23.587501525878906
1773047900996373800,0.680373779296875,-27.58125114440918,-3.6187500953674316,23.775001525878906
1773047901006373600,0.69037353515625,-27.86250114440918,-3.1500000953674316,23.73750114440918
1773047901016373800,0.700373779296875,-28.200000762939453,-2.9437501430511475,23.34375
1773047901026373600,0.71037353515625,-28.312501907348633,-2.887500047683716,23.08125114440918
1773047901036373800,0.720373779296875,-28.42500114440918,-2.6625001430511475,22.725000381469727
1773047901046373600,0.73037353515625,-28.556251525878906,-2.15625,22.481250762939453
1773047901056373800,0.740373779296875,-28.51875114440918,-1.9500000476837158,22.293750762939453
1773047901066373600,0.75037353515625,-28.556251525878906,-1.7062500715255737,22.200000762939453
1773047901076373800,0.760373779296875,-28.818750381469727,-1.725000023841858,21.975000381469727
1773047901086373600,0.77037353515625,-28.650001525878906,-1.537500023841858,21.75
1773047901096373800,0.780373779296875,-28.500001907348633,-1.6687500476837158,21.58125114440918
1773047901106373600,0.79037353515625,-28.181251525878906,-1.8375000953674316,21.67500114440918
1773047901116373800,0.800373779296875,-27.825000762939453,-2.1187500953674316,21.712501525878906
1773047901126373600,0.81037353515625,-27.787500381469727,-2.5500001907348633,22.012500762939453
1773047901136373800,0.820373779296875,-27.562501907348633,-2.6437501907348633,22.3125
1773047901146373600,0.83037353515625,-27.431251525878906,-3.075000047683716,22.59375
1773047901156373800,0.840373779296875,-26.943750381469727,-3.4312500953674316,22.650001525878906
1773047901166373600,0.85037353515625,-26.812501907348633,-4.125,22.931251525878906
1773047901176373800,0.860373779296875,-26.568750381469727,-4.256250381469727,23.512500762939453
1773047901186373600,0.87037353515625,-26.625001907348633,-4.40625,23.71875
1773047901196373800,0.880373779296875,-26.64375114440918,-4.425000190734863,24.037500381469727
1773047901206373600,0.89037353515625,-26.325000762939453,-4.518750190734863,24.20625114440918
1773047901216373800,0.900373779296875,-26.137500762939453,-4.875,24.356250762939453
1773047901226373600,0.91037353515625,-25.912500381469727,-4.96875,24.431251525878906
1773047901236373800,0.920373779296875,-25.725000381469727,-5.118750095367432,24.731250762939453
1773047901246373600,0.93037353515625,-25.575000762939453,-5.287500381469727,25.162500381469727
1773047901256373800,0.940373779296875,-25.312501907348633,-5.568750381469727,25.312501907348633
1773047901266373600,0.95037353515625,-25.350000381469727,-5.793750286102295,25.51875114440918
1773047901276373800,0.960373779296875,-25.068750381469727,-6.187500476837158,25.556251525878906
1773047901286373600,0.97037353515625,-24.95625114440918,-6.487500190734863,25.42500114440918
1773047901296373800,0.980373779296875,-24.937501907348633,-6.412500381469727,25.668750762939453
1773047901306373600,0.99037353515625,-24.750001907348633,-6.506250381469727,25.687501907348633
1773047901316373800,1.000373779296875,-24.731250762939453,-6.525000095367432,25.968751907348633
1773047901326373600,1.01037353515625,-24.58125114440918,-6.412500381469727,25.98750114440918
1773047901336373800,1.020373779296875,-24.48750114440918,-6.543750286102295,25.98750114440918
1773047901346373600,1.03037353515625,-24.20625114440918,-6.206250190734863,25.856250762939453
1773047901356373800,1.040373779296875,-24.150001525878906,-6.112500190734863,26.118751525878906
1773047901366373600,1.05037353515625,-24.356250762939453,-5.756250381469727,26.306251525878906
1773047901376373800,1.060373779296875,-24.58125114440918,-5.550000190734863,26.231250762939453
1773047901386373600,1.07037353515625,-24.918750762939453,-5.193750381469727,26.325000762939453
1773047901396373800,1.080373779296875,-25.05000114440918,-5.100000381469727,26.156251907348633
1773047901406373600,1.09037353515625,-25.218751907348633,-5.15625,26.250001907348633
1773047901416373800,1.100373779296875,-25.293750762939453,-4.800000190734863,26.381250381469727
1773047901426373600,1.11037353515625,-25.42500114440918,-4.96875,26.45625114440918
1773047901436373800,1.120373779296875,-25.462501525878906,-4.987500190734863,26.212501525878906
1773047901446373600,1.13037353515625,-25.368751525878906,-5.043750286102295,26.137500762939453
1773047901456373800,1.140373779296875,-25.162500381469727,-5.287500381469727,26.006250381469727
1773047901466373600,1.15037353515625,-24.843751907348633,-5.681250095367432,25.912500381469727
1773047901476373800,1.160373779296875,-24.58125114440918,-5.981250286102295,26.025001525878906
1773047901486373600,1.17037353515625,-24.131250381469727,-6.131250381469727,26.118751525878906
1773047901496373800,1.180373779296875,-23.981250762939453,-6.187500476837158,26.043750762939453
1773047901506373600,1.19037353515625,-23.868751525878906,-6.225000381469727,26.212501525878906
1773047901516373800,1.200373779296875,-23.4375,-6.093750476837158,26.587501525878906
1773047901526373600,1.21037353515625,-23.0625,-6.187500476837158,26.73750114440918
1773047901536373800,1.220373779296875,-22.98750114440918,-6.300000190734863,26.793750762939453
1773047901546373600,1.23037353515625,-23.212501525878906,-6,26.943750381469727
1773047901556373800,1.240373779296875,-23.26875114440918,-6.018750190734863,26.92500114440918
1773047901566373600,1.25037353515625,-23.493751525878906,-5.981250286102295,26.775001525878906
1773047901576373800,1.260373779296875,-23.53125,-6.056250095367432,26.83125114440918
1773047901586373600,1.27037353515625,-23.53125,-5.868750095367432,26.962501525878906
1773047901596373800,1.280373779296875,-24.150001525878906,-5.962500095367432,26.568750381469727
1773047901606373600,1.29037353515625,-24.450000762939453,-5.887500286102295,26.287500381469727
1773047901616373800,1.300373779296875,-24.712501525878906,-5.662500381469727,26.437501907348633
1773047901626373600,1.31037353515625,-24.712501525878906,-5.625,26.475000381469727
1773047901636373800,1.320373779296875,-24.825000762939453,-5.400000095367432,26.26875114440918
1773047901646373600,1.33037353515625,-25.162500381469727,-5.025000095367432,26.193750381469727
1773047901656373800,1.340373779296875,-25.575000762939453,-4.78125,26.025001525878906
1773047901666373600,1.35037353515625,-25.968751907348633,-4.78125,25.70625114440918
1773047901676373800,1.360373779296875,-25.950000762939453,-4.6875,25.668750762939453
1773047901706373600,1.39037353515625,-25.218751907348633,-4.987500190734863,25.61250114440918
1773047901716373800,1.400373779296875,-25.14375114440918,-5.137500286102295,25.89375114440918
1773047901726373600,1.41037353515625,-24.918750762939453,-5.53125,25.668750762939453
1773047901736373800,1.420373779296875,-24.431251525878906,-5.587500095367432,26.006250381469727
1773047901746373600,1.43037353515625,-23.53125,-5.756250381469727,26.17500114440918
1773047901756373800,1.440373779296875,-23.118751525878906,-6.018750190734863,26.475000381469727
1773047901766373600,1.45037353515625,-22.856250762939453,-6.243750095367432,26.793750762939453
1773047901776373800,1.460373779296875,-22.875,-6.168750286102295,26.92500114440918
1773047901786373600,1.47037353515625,-22.5,-6.487500190734863,26.981250762939453
1773047901796373800,1.480373779296875,-21.975000381469727,-6.675000190734863,27.093751907348633
1773047901806373600,1.49037353515625,-21.881250381469727,-6.731250286102295,27.67500114440918
1773047901816373800,1.500373779296875,-21.712501525878906,-6.862500190734863,27.712501525878906
1773047901826373600,1.51037353515625,-21.9375,-6.862500190734863,27.843751907348633
1773047901836373800,1.520373779296875,-21.86250114440918,-6.806250095367432,27.881250381469727
1773047901846373600,1.53037353515625,-21.806251525878906,-7.106250286102295,27.712501525878906
1773047901856373800,1.540373779296875,-21.618751525878906,-7.425000190734863,27.76875114440918
1773047901866373600,1.55037353515625,-21.67500114440918,-7.593750476837158,27.843751907348633
1773047901876373800,1.560373779296875,-21.712501525878906,-7.612500190734863,27.825000762939453
1773047901886373600,1.57037353515625,-21.412500381469727,-7.912500381469727,27.637500762939453
1773047901896373800,1.580373779296875,-21.150001525878906,-8.193750381469727,27.656251907348633
1773047901906373600,1.59037353515625,-20.850000381469727,-8.550000190734863,27.843751907348633
1773047901916373800,1.600373779296875,-20.625,-8.887500762939453,27.975000381469727
1773047901926373600,1.61037353515625,-20.36250114440918,-8.77500057220459,28.068750381469727
1773047901936373800,1.620373779296875,-20.34375,-8.68125057220459,28.181251525878906
1773047901946373600,1.63037353515625,-20.118751525878906,-8.662500381469727,28.256250381469727
1773047901956373800,1.640373779296875,-20.118751525878906,-8.86875057220459,28.443750381469727
1773047901966373600,1.65037353515625,-20.100000381469727,-8.700000762939453,28.556251525878906
1773047901976373800,1.660373779296875,-20.0625,-8.90625,28.575000762939453
1773047901986373600,1.67037353515625,-20.043750762939453,-9.112500190734863,28.631250381469727
1773047901996373800,1.680373779296875,-19.931251525878906,-9.05625057220459,28.51875114440918
1773047902006373600,1.69037353515625,-19.80000114440918,-9.300000190734863,28.89375114440918
1773047902016373800,1.700373779296875,-19.575000762939453,-9.693750381469727,28.80000114440918
1773047902026373600,1.71037353515625,-19.668750762939453,-9.825000762939453,28.856250762939453
1773047902036373800,1.720373779296875,-19.631250381469727,-9.787500381469727,28.650001525878906
1773047902046373600,1.73037353515625,-19.40625,-10.03125,28.668750762939453
1773047902056373800,1.740373779296875,-19.59375,-10.125,28.537500381469727
1773047902066373600,1.75037353515625,-19.875,-9.99375057220459,28.162500381469727
1773047902076373800,1.760373779296875,-19.931251525878906,-10.200000762939453,28.312501907348633
1773047902086373600,1.77037353515625,-19.875,-10.068750381469727,27.918750762939453
1773047902096373800,1.780373779296875,-19.98750114440918,-9.600000381469727,28.14375114440918
1773047902106373600,1.79037353515625,-19.98750114440918,-9.71250057220459,27.993751525878906
1773047902116373800,1.800373779296875,-20.08125114440918,-9.84375,28.125001907348633
1773047902126373600,1.81037353515625,-20.25,-9.787500381469727,27.975000381469727
1773047902136373800,1.820373779296875,-20.231250762939453,-9.71250057220459,28.05000114440918
1773047902146373600,1.83037353515625,-20.043750762939453,-10.03125,28.181251525878906
1773047902156373800,1.840373779296875,-19.950000762939453,-9.975000381469727,28.23750114440918
1773047902166373600,1.85037353515625,-20.25,-10.3125,28.350000381469727
1773047902176373800,1.860373779296875,-20.118751525878906,-10.875,28.162500381469727
1773047902186373600,1.87037353515625,-19.98750114440918,-10.893750190734863,27.95625114440918
1773047902196373800,1.880373779296875,-19.80000114440918,-10.96875,27.881250381469727
1773047902206373600,1.89037353515625,-19.537500381469727,-11.137500762939453,28.162500381469727
1773047902216373800,1.900373779296875,-19.23750114440918,-11.606250762939453,27.975000381469727
1773047902226373600,1.91037353515625,-18.975000381469727,-11.475000381469727,27.881250381469727
1773047902236373800,1.920373779296875,-18.993751525878906,-11.700000762939453,27.693750381469727
1773047902246373600,1.93037353515625,-18.712501525878906,-11.96250057220459,27.543750762939453
1773047902256373800,1.940373779296875,-18.5625,-11.943750381469727,27.525001525878906
1773047902266373600,1.95037353515625,-18.243751525878906,-12.281250953674316,27.712501525878906
1773047902276373800,1.960373779296875,-18.01875114440918,-12.300000190734863,27.937501907348633
1773047902286373600,1.97037353515625,-18,-12.768750190734863,27.693750381469727
1773047902296373800,1.980373779296875,-18.01875114440918,-12.600000381469727,27.731250762939453
1773047902306373600,1.99037353515625,-18.09375,-12.600000381469727,27.843751907348633
1773047902316373800,2.000373779296875,-17.793750762939453,-12.693750381469727,28.068750381469727
1773047902326373600,2.01037353515625,-17.625,-12.600000381469727,28.087501525878906
1773047902336373800,2.020373779296875,-17.34375,-12.881250381469727,27.918750762939453
1773047902346373600,2.03037353515625,-17.306251525878906,-12.918750762939453,27.975000381469727
1773047902356373800,2.040373779296875,-16.98750114440918,-13.312500953674316,28.031251907348633
1773047902366373600,2.05037353515625,-16.856250762939453,-12.881250381469727,28.256250381469727
1773047902376373800,2.060373779296875,-16.5,-13.012500762939453,28.33125114440918
1773047902386373600,2.07037353515625,-16.162500381469727,-13.331250190734863,28.312501907348633
1773047902396373800,2.080373779296875,-16.21875,-13.46250057220459,28.181251525878906
1773047902406373600,2.09037353515625,-16.350000381469727,-13.46250057220459,28.200000762939453
1773047902416373800,2.100373779296875,-16.23750114440918,-13.575000762939453,28.312501907348633
1773047902426373600,2.11037353515625,-15.843750953674316,-13.74375057220459,28.218751907348633
1773047902436373800,2.120373779296875,-15.825000762939453,-13.500000953674316,28.031251907348633
1773047902446373600,2.13037353515625,-15.43125057220459,-13.856250762939453,27.918750762939453
1773047902456373800,2.140373779296875,-15.187500953674316,-14.156250953674316,28.031251907348633
1773047902466373600,2.15037353515625,-15.018750190734863,-14.40000057220459,28.05000114440918
1773047902476373800,2.160373779296875,-14.568750381469727,-14.287500381469727,28.14375114440918
1773047902486373600,2.17037353515625,-14.006250381469727,-14.812500953674316,28.031251907348633
1773047902496373800,2.180373779296875,-13.818750381469727,-14.737500190734863,28.275001525878906
1773047902506373600,2.19037353515625,-13.93125057220459,-14.625000953674316,28.556251525878906
1773047902516373800,2.200373779296875,-13.800000190734863,-14.887500762939453,28.631250381469727
1773047902526373600,2.21037353515625,-14.081250190734863,-14.981250762939453,28.556251525878906
1773047902536373800,2.220373779296875,-14.231250762939453,-14.96250057220459,28.350000381469727
1773047902546373600,2.23037353515625,-14.21250057220459,-14.86875057220459,28.275001525878906
1773047902556373800,2.240373779296875,-14.137500762939453,-15.300000190734863,28.031251907348633
1773047902566373600,2.25037353515625,-13.968750953674316,-15.225000381469727,28.218751907348633
1773047902576373800,2.260373779296875,-13.950000762939453,-15.506250381469727,28.031251907348633
1773047902586373600,2.27037353515625,-13.762500762939453,-15.731250762939453,27.750001907348633
1773047902596373800,2.280373779296875,-13.518750190734863,-15.843750953674316,27.525001525878906
1773047902606373600,2.29037353515625,-13.08750057220459,-15.656250953674316,27.618751525878906
1773047902616373800,2.300373779296875,-12.956250190734863,-15.675000190734863,27.825000762939453
1773047902626373600,2.31037353515625,-12.80625057220459,-15.750000953674316,27.787500381469727
1773047902636373800,2.320373779296875,-12.843750953674316,-15.825000762939453,27.918750762939453
1773047902646373600,2.33037353515625,-12.750000953674316,-15.862500190734863,27.86250114440918
1773047902656373800,2.340373779296875,-12.61875057220459,-15.71250057220459,27.918750762939453
1773047902666373600,2.35037353515625,-12.637500762939453,-15.731250762939453,28.162500381469727
1773047902676373800,2.360373779296875,-12.881250381469727,-15.768750190734863,28.23750114440918
1773047902686373600,2.37037353515625,-12.787500381469727,-16.14375114440918,28.106250762939453
1773047902696373800,2.380373779296875,-12.750000953674316,-16.106250762939453,27.937501907348633
1773047902706373600,2.39037353515625,-12.731250762939453,-16.162500381469727,28.031251907348633
1773047902716373800,2.400373779296875,-12.731250762939453,-15.937500953674316,27.993751525878906
1773047902726373600,2.41037353515625,-12.562500953674316,-15.975000381469727,28.181251525878906
1773047902736373800,2.420373779296875,-12.787500381469727,-16.05000114440918,27.95625114440918
1773047902746373600,2.43037353515625,-12.99375057220459,-15.975000381469727,27.693750381469727
1773047902756373800,2.440373779296875,-12.825000762939453,-16.200000762939453,27.67500114440918
1773047902766373600,2.45037353515625,-12.918750762939453,-16.21875,27.562501907348633
1773047902776373800,2.460373779296875,-12.675000190734863,-16.462501525878906,27.58125114440918
1773047902786373600,2.47037353515625,-12.450000762939453,-16.70625114440918,27.67500114440918
1773047902796373800,2.480373779296875,-12.375000953674316,-17.306251525878906,27.48750114440918
1773047902806373600,2.49037353515625,-12.506250381469727,-17.418750762939453,27.243751525878906
1773047902816373800,2.500373779296875,-12.225000381469727,-17.55000114440918,27.431251525878906
1773047902826373600,2.51037353515625,-11.77500057220459,-17.700000762939453,27.58125114440918
1773047902836373800,2.520373779296875,-11.606250762939453,-17.8125,27.543750762939453
1773047902846373600,2.53037353515625,-11.606250762939453,-18.056251525878906,27.67500114440918
1773047902856373800,2.540373779296875,-11.606250762939453,-17.868751525878906,27.637500762939453
1773047902866373600,2.55037353515625,-11.58750057220459,-17.981250762939453,27.562501907348633
1773047902876373800,2.560373779296875,-11.268750190734863,-18,27.750001907348633
1773047902886373600,2.57037353515625,-11.043750762939453,-18.075000762939453,27.843751907348633
1773047902896373800,2.580373779296875,-10.875,-18.243751525878906,27.918750762939453
1773047902906373600,2.59037353515625,-10.893750190734863,-18.39375114440918,28.087501525878906
1773047902916373800,2.600373779296875,-10.74375057220459,-18.431251525878906,28.218751907348633
1773047902926373600,2.61037353515625,-10.331250190734863,-18.46875,28.443750381469727
1773047902936373800,2.620373779296875,-9.9375,-18.95625114440918,28.275001525878906
1773047902946373600,2.63037353515625,-9.881250381469727,-18.900001525878906,28.181251525878906
1773047902956373800,2.640373779296875,-9.731250762939453,-18.806251525878906,28.162500381469727
1773047902966373600,2.65037353515625,-9.65625,-19.012500762939453,27.900001525878906
1773047902976373800,2.660373779296875,-9.450000762939453,-19.256250381469727,27.506250381469727
1773047902986373600,2.67037353515625,-9.487500190734863,-19.6875,26.962501525878906
1773047902996373800,2.680373779296875,-9.487500190734863,-19.96875,26.587501525878906
1773047903006373600,2.69037353515625,-9.487500190734863,-20.193750381469727,26.043750762939453
1773047903016373800,2.700373779296875,-9.412500381469727,-20.287500381469727,26.118751525878906
1773047903026373600,2.71037353515625,-9.450000762939453,-20.55000114440918,25.856250762939453
1773047903036373800,2.720373779296875,-9.600000381469727,-20.793750762939453,25.51875114440918
1773047903046373600,2.73037353515625,-9.637500762939453,-21,25.575000762939453
1773047903056373800,2.740373779296875,-9.975000381469727,-20.850000381469727,25.500001907348633
1773047903066373600,2.75037353515625,-9.80625057220459,-20.793750762939453,25.593751907348633
1773047903076373800,2.760373779296875,-9.84375,-20.45625114440918,25.668750762939453
1773047903086373600,2.77037353515625,-9.71250057220459,-20.418750762939453,25.481250762939453
1773047903096373800,2.780373779296875,-9.881250381469727,-20.568750381469727,25.162500381469727
1773047903106373600,2.79037353515625,-9.825000762939453,-20.568750381469727,25.162500381469727
1773047903116373800,2.800373779296875,-9.787500381469727,-20.662500381469727,25.200000762939453
1773047903126373600,2.81037353515625,-9.65625,-20.700000762939453,24.937501907348633
1773047903136373800,2.820373779296875,-9.300000190734863,-21.037500381469727,24.843751907348633
1773047903146373600,2.83037353515625,-9.412500381469727,-21.01875114440918,24.600000381469727
1773047903156373800,2.840373779296875,-9.375,-21.30000114440918,24.375001907348633
1773047903166373600,2.85037353515625,-9.225000381469727,-21.67500114440918,24.412500381469727
1773047903176373800,2.860373779296875,-9.450000762939453,-21.65625,25.350000381469727
1773047903186373600,2.87037353515625,-9.131250381469727,-21.65625,25.42500114440918
1773047903196373800,2.880373779296875,-9.05625057220459,-21.76875114440918,25.068750381469727
1773047903206373600,2.89037353515625,-9.168750762939453,-21.787500381469727,25.087501525878906
1773047903216373800,2.900373779296875,-9.018750190734863,-21.881250381469727,24.918750762939453
1773047903226373600,2.91037353515625,-8.77500057220459,-22.125,24.67500114440918
1773047903236373800,2.920373779296875,-8.606250762939453,-22.443750381469727,24.431251525878906
1773047903246373600,2.93037353515625,-8.8125,-22.5,24.225000381469727
1773047903256373800,2.940373779296875,-8.40000057220459,-22.650001525878906,24.281251907348633
1773047903266373600,2.95037353515625,-8.325000762939453,-23.100000381469727,23.962501525878906
1773047903276373800,2.960373779296875,-8.21250057220459,-23.212501525878906,24
1773047903286373600,2.97037353515625,-8.081250190734863,-23.306251525878906,23.83125114440918
1773047903296373800,2.980373779296875,-8.231250762939453,-23.34375,23.90625
1773047903306373600,2.99037353515625,-8.193750381469727,-23.34375,24.131250381469727
1773047903316373800,3.000373779296875,-8.175000190734863,-23.25,24.337501525878906
1773047903326373600,3.01037353515625,-7.856250286102295,-23.043750762939453,24.468751907348633
1773047903336373800,3.020373779296875,-7.968750476837158,-22.912500381469727,24.187501907348633
1773047903346373600,3.03037353515625,-7.781250476837158,-22.762500762939453,24.150001525878906
1773047903356373800,3.040373779296875,-7.631250381469727,-22.80000114440918,24.075000762939453
1773047903366373600,3.05037353515625,-7.687500476837158,-22.96875,24.01875114440918
1773047903376373800,3.060373779296875,-7.406250476837158,-23.193750381469727,23.83125114440918
1773047903386373600,3.07037353515625,-7.237500190734863,-23.587501525878906,23.512500762939453
1773047903396373800,3.080373779296875,-7.237500190734863,-23.90625,23.137500762939453
1773047903406373600,3.09037353515625,-7.087500095367432,-24.20625114440918,23.15625
1773047903416373800,3.100373779296875,-6.900000095367432,-24.450000762939453,23.25
1773047903426373600,3.11037353515625,-7.256250381469727,-24.731250762939453,23.100000381469727
1773047903436373800,3.120373779296875,-7.368750095367432,-24.67500114440918,23.100000381469727
1773047903446373600,3.13037353515625,-7.106250286102295,-24.806251525878906,23.08125114440918
1773047903456373800,3.140373779296875,-6.993750095367432,-24.975000381469727,22.875
1773047903466373600,3.15037353515625,-6.900000095367432,-24.937501907348633,22.70625114440918
1773047903476373800,3.160373779296875,-6.656250476837158,-25.012500762939453,22.556251525878906
1773047903486373600,3.17037353515625,-6.675000190734863,-25.087501525878906,22.443750381469727
1773047903496373800,3.180373779296875,-6.787500381469727,-24.95625114440918,22.462501525878906
1773047903506373600,3.19037353515625,-6.581250190734863,-24.86250114440918,22.462501525878906
1773047903516373800,3.200373779296875,-6.300000190734863,-25.14375114440918,22.23750114440918
1773047903526373600,3.21037353515625,-6.375000476837158,-25.275001525878906,21.95625114440918
1773047903536373800,3.220373779296875,-6.506250381469727,-25.256250381469727,21.9375
1773047903546373600,3.23037353515625,-6.562500476837158,-25.593751907348633,21.825000762939453
1773047903556373800,3.240373779296875,-6.506250381469727,-25.89375114440918,21.993751525878906
1773047903566373600,3.25037353515625,-6.825000286102295,-25.875001907348633,21.825000762939453
1773047903576373800,3.260373779296875,-6.768750190734863,-26.043750762939453,21.65625
1773047903586373600,3.27037353515625,-6.750000476837158,-26.306251525878906,21.58125114440918
1773047903596373800,3.280373779296875,-6.937500476837158,-26.493751525878906,21.46875
1773047903606373600,3.29037353515625,-6.900000095367432,-26.437501907348633,21.693750381469727
1773047903616373800,3.300373779296875,-6.787500381469727,-26.718751907348633,21.46875
1773047903626373600,3.31037353515625,-6.881250381469727,-26.418750762939453,21.731250762939453
1773047903636373800,3.320373779296875,-7.162500381469727,-26.212501525878906,21.412500381469727
1773047903646373600,3.33037353515625,-6.937500476837158,-26.606250762939453,21.225000381469727
1773047903656373800,3.340373779296875,-6.825000286102295,-26.812501907348633,20.887500762939453
1773047903666373600,3.35037353515625,-6.825000286102295,-27.01875114440918,20.71875
1773047903676373800,3.360373779296875,-6.918750286102295,-26.812501907348633,20.53125
1773047903686373600,3.37037353515625,-6.806250095367432,-26.887500762939453,20.231250762939453
1773047903696373800,3.380373779296875,-6.975000381469727,-26.756250381469727,20.100000381469727
1773047903706373600,3.39037353515625,-6.825000286102295,-27.150001525878906,19.856250762939453
1773047903716373800,3.400373779296875,-6.412500381469727,-27.30000114440918,19.837501525878906
1773047903726373600,3.41037353515625,-6.618750095367432,-27.150001525878906,19.912500381469727
1773047903736373800,3.420373779296875,-6.675000190734863,-27.262500762939453,20.08125114440918
1773047903746373600,3.43037353515625,-6.600000381469727,-27.262500762939453,19.98750114440918
1773047903756373800,3.440373779296875,-6.337500095367432,-27.618751525878906,20.025001525878906
1773047903766373600,3.45037353515625,-6.093750476837158,-27.712501525878906,20.17500114440918
1773047903776373800,3.460373779296875,-5.625,-27.937501907348633,20.287500381469727
1773047903786373600,3.47037353515625,-5.475000381469727,-28.087501525878906,20.34375
1773047903796373800,3.480373779296875,-5.362500190734863,-28.200000762939453,20.45625114440918
1773047903806373600,3.49037353515625,-4.875,-28.387500762939453,20.25
1773047903816373800,3.500373779296875,-4.931250095367432,-28.14375114440918,22.556251525878906
1773047903826373600,3.51037353515625,-4.78125,-28.293750762939453,22.631250381469727
1773047903836373800,3.520373779296875,-4.556250095367432,-28.33125114440918,22.556251525878906
1773047903846373600,3.53037353515625,-4.631250381469727,-28.200000762939453,22.387500762939453
1773047903856373800,3.540373779296875,-4.931250095367432,-27.900001525878906,22.537500381469727
1773047903866373600,3.55037353515625,-4.912500381469727,-27.750001907348633,22.462501525878906
1773047903876373800,3.560373779296875,-4.950000286102295,-27.656251907348633,22.350000381469727
1773047903886373600,3.57037353515625,-5.400000095367432,-27.562501907348633,22.5
1773047903896373800,3.580373779296875,-5.456250190734863,-27.58125114440918,22.181251525878906
1773047903906373600,3.59037353515625,-5.625,-27.506250381469727,22.068750381469727
1773047903916373800,3.600373779296875,-5.568750381469727,-27.450000762939453,22.162500381469727
1773047903926373600,3.61037353515625,-5.34375,-27.731250762939453,22.106250762939453
1773047903936373800,3.620373779296875,-5.025000095367432,-27.76875114440918,21.95625114440918
1773047903946373600,3.63037353515625,-5.0625,-27.900001525878906,21.787500381469727
1773047903956373800,3.640373779296875,-4.762500286102295,-27.881250381469727,21.84375
1773047903966373600,3.65037353515625,-4.387500286102295,-28.087501525878906,21.806251525878906
1773047903976373800,3.660373779296875,-4.181250095367432,-28.068750381469727,21.731250762939453
1773047903986373600,3.67037353515625,-3.825000047683716,-27.993751525878906,21.806251525878906
1773047903996373800,3.680373779296875,-3.9000000953674316,-28.181251525878906,21.825000762939453
1773047904006373600,3.69037353515625,-3.8625001907348633,-28.125001907348633,21.95625114440918
1773047904016373800,3.700373779296875,-3.6937501430511475,-28.443750381469727,22.162500381469727
1773047904026373600,3.71037353515625,-3.4875001907348633,-28.275001525878906,22.33125114440918
1773047904036373800,3.720373779296875,-3.843750238418579,-28.162500381469727,22.3125
1773047904046373600,3.73037353515625,-3.9937500953674316,-27.918750762939453,22.256250381469727
1773047904056373800,3.740373779296875,-4.068750381469727,-27.843751907348633,22.650001525878906
1773047904066373600,3.75037353515625,-4.125,-27.918750762939453,22.856250762939453
1773047904076373800,3.760373779296875,-3.750000238418579,-27.76875114440918,23.287500381469727
1773047904086372400,3.770372314453125,-3.918750047683716,-27.58125114440918,23.418750762939453
1773047904096372200,3.780372314453125,-3.8062500953674316,-27.637500762939453,23.55000114440918
1773047904106372400,3.790372314453125,-3.918750047683716,-27.525001525878906,23.625
1773047904116372200,3.800372314453125,-3.468750238418579,-27.731250762939453,23.662500381469727
1773047904126372400,3.810372314453125,-3.262500047683716,-27.431251525878906,23.981250762939453
1773047904136372200,3.820372314453125,-3.5812501907348633,-27.318750381469727,23.92500114440918
1773047904146372400,3.830372314453125,-3.543750047683716,-27.243751525878906,23.90625
1773047904156372200,3.840372314453125,-3.6750001907348633,-27.356250762939453,23.587501525878906
1773047904166372400,3.850372314453125,-3.6000001430511475,-27.656251907348633,23.587501525878906
1773047904176372200,3.860372314453125,-3.9000000953674316,-27.30000114440918,23.493751525878906
1773047904186372400,3.870372314453125,-3.8062500953674316,-27.431251525878906,23.606250762939453
1773047904196372200,3.880372314453125,-4.068750381469727,-27.337501525878906,23.587501525878906
1773047904206372400,3.890372314453125,-4.237500190734863,-27.731250762939453,23.26875114440918
1773047904216372200,3.900372314453125,-3.9562501907348633,-27.656251907348633,23.36250114440918
1773047904226372400,3.910372314453125,-4.162500381469727,-27.600000381469727,23.17500114440918
1773047904236372200,3.920372314453125,-4.425000190734863,-27.543750762939453,23.15625
1773047904246372400,3.930372314453125,-4.3125,-27.468751907348633,22.950000762939453
1773047904256372200,3.940372314453125,-4.5,-27.618751525878906,22.856250762939453
1773047904266372400,3.950372314453125,-4.743750095367432,-27.600000381469727,22.6875
1773047904276372200,3.960372314453125,-4.800000190734863,-27.67500114440918,22.6875
1773047904286372400,3.970372314453125,-4.631250381469727,-27.618751525878906,22.762500762939453
1773047904296372200,3.980372314453125,-4.612500190734863,-27.937501907348633,22.6875
1773047904306372400,3.990372314453125,-4.725000381469727,-28.012500762939453,22.61250114440918
1773047904316372200,4.000372314453125,-4.950000286102295,-27.881250381469727,22.5
1773047904326372400,4.010372314453125,-5.212500095367432,-28.012500762939453,22.33125114440918
1773047904336372200,4.020372314453125,-5.0625,-28.181251525878906,22.537500381469727
1773047904346372400,4.030372314453125,-4.856250286102295,-28.181251525878906,22.42500114440918
1773047904356372200,4.040372314453125,-4.631250381469727,-28.181251525878906,22.42500114440918
1773047904366372400,4.050372314453125,-4.6875,-27.993751525878906,22.293750762939453
1773047904376372200,4.060372314453125,-4.612500190734863,-28.14375114440918,22.087501525878906
1773047904386372400,4.070372314453125,-4.200000286102295,-28.293750762939453,21.9375
1773047904396372200,4.080372314453125,-3.7687501907348633,-28.087501525878906,22.012500762939453
1773047904406372400,4.090372314453125,-3.562500238418579,-27.918750762939453,22.200000762939453
1773047904416372200,4.100372314453125,-3.843750238418579,-28.106250762939453,22.23750114440918
1773047904426372400,4.110372314453125,-3.8625001907348633,-28.068750381469727,22.350000381469727
1773047904436372200,4.120372314453125,-4.068750381469727,-28.106250762939453,22.21875
1773047904446372400,4.130372314453125,-4.050000190734863,-28.500001907348633,22.068750381469727
1773047904456372200,4.140372314453125,-4.143750190734863,-28.293750762939453,22.23750114440918
1773047904466372400,4.150372314453125,-4.40625,-28.256250381469727,22.181251525878906
1773047904476372200,4.160372314453125,-4.518750190734863,-28.387500762939453,22.23750114440918
1773047904486372400,4.170372314453125,-4.537500381469727,-28.500001907348633,22.162500381469727
1773047904496372200,4.180372314453125,-4.237500190734863,-28.14375114440918,22.42500114440918
1773047904506372400,4.190372314453125,-4.3125,-27.937501907348633,22.33125114440918
1773047904516372200,4.200372314453125,-4.743750095367432,-27.825000762939453,22.23750114440918
1773047904526372400,4.210372314453125,-4.96875,-27.450000762939453,22.387500762939453
1773047904536372200,4.220372314453125,-5.493750095367432,-27.262500762939453,21.975000381469727
1773047904546372400,4.230372314453125,-5.775000095367432,-27.093751907348633,22.087501525878906
1773047904556372200,4.240372314453125,-6.131250381469727,-27.01875114440918,21.637500762939453
1773047904566372400,4.250372314453125,-6.356250286102295,-26.850000381469727,21.693750381469727
1773047904576372200,4.260372314453125,-6.506250381469727,-26.812501907348633,21.58125114440918
1773047904586372400,4.270372314453125,-6.581250190734863,-27.01875114440918,21.600000381469727
1773047904596372200,4.280372314453125,-6.243750095367432,-26.943750381469727,21.731250762939453
1773047904606372400,4.290372314453125,-6.150000095367432,-27.131250381469727,21.712501525878906
1773047904616372200,4.300372314453125,-6.075000286102295,-26.92500114440918,21.693750381469727
1773047904626372400,4.310372314453125,-6.093750476837158,-26.887500762939453,21.618751525878906
1773047904636372200,4.320372314453125,-6.318750381469727,-26.625001907348633,21.84375
1773047904646372400,4.330372314453125,-6.431250095367432,-26.756250381469727,21.67500114440918
1773047904656372200,4.340372314453125,-6.731250286102295,-26.475000381469727,21.600000381469727
1773047904666372400,4.350372314453125,-6.731250286102295,-26.26875114440918,21.48750114440918
1773047904676372200,4.360372314453125,-6.637500286102295,-26.512500762939453,21.262500762939453
1773047904686372400,4.370372314453125,-6.806250095367432,-26.437501907348633,21.262500762939453
1773047904696372200,4.380372314453125,-6.862500190734863,-26.756250381469727,21.543750762939453
1773047904706372400,4.390372314453125,-6.543750286102295,-26.662500381469727,21.75
1773047904716372200,4.400372314453125,-6.225000381469727,-27.225000381469727,21.731250762939453
1773047904726372400,4.410372314453125,-6.431250095367432,-27.225000381469727,21.95625114440918
1773047904736372200,4.420372314453125,-6.506250381469727,-27.450000762939453,22.068750381469727
1773047904746372400,4.430372314453125,-6.562500476837158,-27.525001525878906,22.162500381469727
1773047904756372200,4.440372314453125,-6.881250381469727,-27.375001907348633,22.575000762939453
1773047904766372400,4.450372314453125,-6.881250381469727,-27.375001907348633,22.61250114440918
1773047904776372200,4.460372314453125,-6.600000381469727,-27.356250762939453,22.650001525878906
1773047904786372400,4.470372314453125,-6.768750190734863,-27.39375114440918,22.575000762939453
1773047904796372200,4.480372314453125,-6.487500190734863,-27.225000381469727,22.725000381469727
1773047904806372400,4.490372314453125,-5.981250286102295,-27.412500381469727,22.59375
1773047904816372200,4.500372314453125,-5.71875,-27.543750762939453,22.668750762939453
1773047904826372400,4.510372314453125,-5.625,-27.881250381469727,22.59375
1773047904836372200,4.520372314453125,-5.587500095367432,-28.162500381469727,22.537500381469727
1773047904846372400,4.530372314453125,-5.212500095367432,-28.200000762939453,22.51875114440918
1773047904856372200,4.540372314453125,-4.818750381469727,-28.33125114440918,22.725000381469727
1773047904866372400,4.550372314453125,-4.443750381469727,-28.387500762939453,22.762500762939453
1773047904876372200,4.560372314453125,-4.425000190734863,-28.406251907348633,22.856250762939453
1773047904886372400,4.570372314453125,-4.537500381469727,-28.031251907348633,22.96875
1773047904896372200,4.580372314453125,-4.950000286102295,-28.05000114440918,22.668750762939453
1773047904906372400,4.590372314453125,-5.043750286102295,-27.656251907348633,22.98750114440918
1773047904926372400,4.610372314453125,-5.081250190734863,-27.243751525878906,23.381250381469727
1773047904936372200,4.620372314453125,-5.606250286102295,-26.850000381469727,23.100000381469727
1773047904946372400,4.630372314453125,-6.037500381469727,-26.943750381469727,22.912500381469727
1773047904956372200,4.640372314453125,-6.393750190734863,-26.83125114440918,22.856250762939453
1773047904966372400,4.650372314453125,-6.412500381469727,-26.887500762939453,22.98750114440918
1773047904976372200,4.660372314453125,-6.075000286102295,-26.943750381469727,23.212501525878906
1773047904986372400,4.670372314453125,-5.962500095367432,-27.318750381469727,23.137500762939453
1773047904996372200,4.680372314453125,-5.71875,-27.375001907348633,23.025001525878906
1773047905006372400,4.690372314453125,-5.71875,-27.506250381469727,22.950000762939453
1773047905016372200,4.700372314453125,-5.400000095367432,-27.543750762939453,23.0625
1773047905026372400,4.710372314453125,-5.025000095367432,-27.356250762939453,23.381250381469727
1773047905036372200,4.720372314453125,-4.893750190734863,-27.30000114440918,23.25
1773047905046372400,4.730372314453125,-4.743750095367432,-27.58125114440918,23.26875114440918
1773047905056372200,4.740372314453125,-4.518750190734863,-27.525001525878906,23.25
1773047905066372400,4.750372314453125,-4.650000095367432,-27.225000381469727,23.137500762939453
1773047905076372200,4.760372314453125,-4.818750381469727,-27.318750381469727,23.08125114440918
1773047905086372400,4.770372314453125,-4.706250190734863,-27.375001907348633,23.25
1773047905096372200,4.780372314453125,-4.612500190734863,-27.562501907348633,23.55000114440918
1773047905106372400,4.790372314453125,-4.743750095367432,-27.806251525878906,23.606250762939453
1773047905116372200,4.800372314453125,-4.481250286102295,-27.975000381469727,23.756250381469727
1773047905126372400,4.810372314453125,-4.556250095367432,-27.825000762939453,23.775001525878906
1773047905136372200,4.820372314453125,-4.462500095367432,-27.656251907348633,24.01875114440918
1773047905146372400,4.830372314453125,-4.368750095367432,-27.600000381469727,24.093751907348633
1773047905156372200,4.840372314453125,-4.350000381469727,-27.375001907348633,23.981250762939453
1773047905166372400,4.850372314453125,-4.481250286102295,-27.318750381469727,24.187501907348633
1773047905176372200,4.860372314453125,-4.5,-27.431251525878906,24.056251525878906
1773047905186372400,4.870372314453125,-4.331250190734863,-27.375001907348633,24.281251907348633
1773047905196372200,4.880372314453125,-4.40625,-27.318750381469727,24.30000114440918
1773047905206372400,4.890372314453125,-4.387500286102295,-27.243751525878906,24.412500381469727
1773047905216372200,4.900372314453125,-4.5,-27.150001525878906,24.243751525878906
1773047905226372400,4.910372314453125,-4.331250190734863,-27.243751525878906,24.281251907348633
1773047905236372200,4.920372314453125,-3.9750001430511475,-27.30000114440918,24.543750762939453
1773047905246372400,4.930372314453125,-3.918750047683716,-27.318750381469727,24.318750381469727
1773047905256372200,4.940372314453125,-4.237500190734863,-27.225000381469727,24.468751907348633
1773047905266372400,4.950372314453125,-4.3125,-27.318750381469727,24.412500381469727
1773047905276372200,4.960372314453125,-4.425000190734863,-27.093751907348633,24.86250114440918
1773047905286372400,4.970372314453125,-4.518750190734863,-26.92500114440918,24.918750762939453
1773047905296372200,4.980372314453125,-4.743750095367432,-26.962501525878906,25.387500762939453
1773047905306372400,4.990372314453125,-5.025000095367432,-26.83125114440918,25.481250762939453
1773047905316372200,5.000372314453125,-5.34375,-26.73750114440918,25.51875114440918
1773047905326372400,5.010372314453125,-5.34375,-26.793750762939453,25.631250381469727
1773047905336372200,5.020372314453125,-5.006250381469727,-26.606250762939453,25.912500381469727
1773047905346372400,5.030372314453125,-5.212500095367432,-26.343751907348633,26.062501907348633
1773047905356372200,5.040372314453125,-5.212500095367432,-26.343751907348633,26.100000381469727
1773047905366372400,5.050372314453125,-5.137500286102295,-26.287500381469727,26.17500114440918
1773047905376372200,5.060372314453125,-4.950000286102295,-26.156251907348633,26.306251525878906
1773047905386372400,5.070372314453125,-4.78125,-26.156251907348633,26.587501525878906
1773047905396372200,5.080372314453125,-4.6875,-26.043750762939453,26.83125114440918
1773047905406372400,5.090372314453125,-4.59375,-25.80000114440918,26.962501525878906
1773047905416372200,5.100372314453125,-4.706250190734863,-25.837501525878906,26.83125114440918
1773047905426372400,5.110372314453125,-4.59375,-25.912500381469727,26.868751525878906
1773047905436372200,5.120372314453125,-4.537500381469727,-26.08125114440918,26.850000381469727
1773047905446372400,5.130372314453125,-4.425000190734863,-26.418750762939453,27.000001907348633
1773047905456372200,5.140372314453125,-4.293750286102295,-26.568750381469727,26.850000381469727
1773047905466372400,5.150372314453125,-4.21875,-26.756250381469727,26.812501907348633
1773047905476372200,5.160372314453125,-4.387500286102295,-26.73750114440918,26.64375114440918
1773047905486372400,5.170372314453125,-4.3125,-26.868751525878906,26.73750114440918
1773047905496372200,5.180372314453125,-4.387500286102295,-26.73750114440918,26.83125114440918
1773047905506372400,5.190372314453125,-4.200000286102295,-26.868751525878906,26.625001907348633
1773047905516372200,5.200372314453125,-4.275000095367432,-26.681251525878906,26.681251525878906
1773047905526372400,5.210372314453125,-4.3125,-26.118751525878906,26.756250381469727
1773047905536372200,5.220372314453125,65.26875305175781,-7.031250476837158,-26.381250381469727
1773047905546372400,5.230372314453125,65.25,-7.106250286102295,-26.493751525878906
1773047905566372400,5.250372314453125,64.57500457763672,-6.637500286102295,-26.250001907348633
1773047905576372200,5.260372314453125,64.59375,-6.768750190734863,-26.306251525878906
1773047905586372400,5.270372314453125,64.40625,-6.637500286102295,-26.250001907348633
1773047905596372200,5.280372314453125,64.38750457763672,-6.843750476837158,-26.381250381469727
1773047905606372400,5.290372314453125,64.125,-7.237500190734863,-26.606250762939453
1773047905616372200,5.300372314453125,64.06875610351562,-7.387500286102295,-26.531251907348633
1773047905626372400,5.310372314453125,63.937503814697266,-7.068750381469727,-26.606250762939453
1773047905636372200,5.320372314453125,64.01250457763672,-7.462500095367432,-27.000001907348633
1773047905646372400,5.330372314453125,64.21875,-7.575000286102295,-26.812501907348633
1773047905656372200,5.340372314453125,64.01250457763672,-7.575000286102295,-26.906251907348633
1773047905666372400,5.350372314453125,63.806251525878906,-7.443750381469727,-26.850000381469727
1773047905676372200,5.360372314453125,63.63750076293945,-7.218750476837158,-27.01875114440918
1773047905686372400,5.370372314453125,63.67500305175781,-7.068750381469727,-27.075000762939453
1773047905696372200,5.380372314453125,63.69375228881836,-6.937500476837158,-26.962501525878906
1773047905706372400,5.390372314453125,63.76875305175781,-6.975000381469727,-26.73750114440918
1773047905716372200,5.400372314453125,63.69375228881836,-6.881250381469727,-26.812501907348633
1773047905726372400,5.410372314453125,63.82500076293945,-7.087500095367432,-27.037500381469727
1773047905736372200,5.420372314453125,63.82500076293945,-6.825000286102295,-26.962501525878906
1773047905746372400,5.430372314453125,64.10625457763672,-7.106250286102295,-26.962501525878906
1773047905756372200,5.440372314453125,64.14375305175781,-7.350000381469727,-26.906251907348633
1773047905766372400,5.450372314453125,64.10625457763672,-7.237500190734863,-26.73750114440918
1773047905776372200,5.460372314453125,64.10625457763672,-7.218750476837158,-26.662500381469727
1773047905786372400,5.470372314453125,63.88125228881836,-7.218750476837158,-26.625001907348633
1773047905796372200,5.480372314453125,63.656253814697266,-7.331250190734863,-26.587501525878906
1773047905806372400,5.490372314453125,63.468753814697266,-7.368750095367432,-26.64375114440918
1773047905816372200,5.500372314453125,63.48750305175781,-7.500000476837158,-26.493751525878906
1773047905826372400,5.510372314453125,63.26250076293945,-7.237500190734863,-26.512500762939453
1773047905836372200,5.520372314453125,63.281253814697266,-7.218750476837158,-26.381250381469727
1773047905846372400,5.530372314453125,63.187503814697266,-7.143750190734863,-26.287500381469727
1773047905856372200,5.540372314453125,63.20625305175781,-7.162500381469727,-26.17500114440918
1773047905866372400,5.550372314453125,63.337501525878906,-6.975000381469727,-26.17500114440918
1773047905876372200,5.560372314453125,63.525001525878906,-6.618750095367432,-25.931251525878906
1773047905886372400,5.570372314453125,63.67500305175781,-6.618750095367432,-25.61250114440918
1773047905896372200,5.580372314453125,63.73125076293945,-6.393750190734863,-25.575000762939453
1773047905906372400,5.590372314453125,63.91875076293945,-6.393750190734863,-25.51875114440918
1773047905916372200,5.600372314453125,63.88125228881836,-6.225000381469727,-25.575000762939453
1773047905926372400,5.610372314453125,64.14375305175781,-6.600000381469727,-25.70625114440918
1773047905936372200,5.620372314453125,64.20000457763672,-6.600000381469727,-25.80000114440918
1773047905946372400,5.630372314453125,64.21875,-6.562500476837158,-25.61250114440918
1773047905956372200,5.640372314453125,64.38750457763672,-6.768750190734863,-25.51875114440918
1773047905966372400,5.650372314453125,64.33125305175781,-6.712500095367432,-25.80000114440918
1773047905976372200,5.660372314453125,64.16250610351562,-6.975000381469727,-25.743751525878906
1773047905986372400,5.670372314453125,63.86250305175781,-7.050000190734863,-25.593751907348633
1773047905996372200,5.680372314453125,63.86250305175781,-7.050000190734863,-25.200000762939453
1773047906006372400,5.690372314453125,63.67500305175781,-6.543750286102295,-25.012500762939453
1773047906016372200,5.700372314453125,63.243751525878906,-6.487500190734863,-25.200000762939453
1773047906026372400,5.710372314453125,62.812503814697266,-6.450000286102295,-25.293750762939453
1773047906036372200,5.720372314453125,62.41875076293945,-6.131250381469727,-25.575000762939453
1773047906046372400,5.730372314453125,62.04375076293945,-5.868750095367432,-25.406251907348633
1773047906056372200,5.740372314453125,61.91250228881836,-5.53125,-25.350000381469727
1773047906066372400,5.750372314453125,61.72500228881836,-5.175000190734863,-25.275001525878906
1773047906076372200,5.760372314453125,61.406253814697266,-4.856250286102295,-25.218751907348633
1773047906086372400,5.770372314453125,61.23750305175781,-4.950000286102295,-25.05000114440918
1773047906096372200,5.780372314453125,61.53750228881836,-5.025000095367432,-24.731250762939453
1773047906106372400,5.790372314453125,61.53750228881836,-4.931250095367432,-24.656251907348633
1773047906116372200,5.800372314453125,61.556251525878906,-4.893750190734863,-24.431251525878906
1773047906126372400,5.810372314453125,61.743751525878906,-4.631250381469727,-24.225000381469727
1773047906136372200,5.820372314453125,61.875003814697266,-4.762500286102295,-24.187501907348633
1773047906146372400,5.830372314453125,62.025001525878906,-4.725000381469727,-24.168750762939453
1773047906156372200,5.840372314453125,62.156253814697266,-4.631250381469727,-24.431251525878906
1773047906166372400,5.850372314453125,61.98750305175781,-4.425000190734863,-24.356250762939453
1773047906176372200,5.860372314453125,61.95000076293945,-4.3125,-24.281251907348633
1773047906186372400,5.870372314453125,62.118751525878906,-4.518750190734863,-24.318750381469727
1773047906196372200,5.880372314453125,62.26875305175781,-4.650000095367432,-24.506250381469727
1773047906206372400,5.890372314453125,62.118751525878906,-4.78125,-24.468751907348633
1773047906216372200,5.900372314453125,62.08125305175781,-4.837500095367432,-24.731250762939453
1773047906226372400,5.910372314453125,62.10000228881836,-5.025000095367432,-25.05000114440918
1773047906236372200,5.920372314453125,61.931251525878906,-5.043750286102295,-24.993751525878906
1773047906246372400,5.930372314453125,61.76250076293945,-5.268750190734863,-25.256250381469727
1773047906256372200,5.940372314453125,61.66875076293945,-5.287500381469727,-25.443750381469727
1773047906266372400,5.950372314453125,61.556251525878906,-5.100000381469727,-25.668750762939453
1773047906276372200,5.960372314453125,61.23750305175781,-4.987500190734863,-25.537500381469727
1773047906286372400,5.970372314453125,61.42500305175781,-5.268750190734863,-25.70625114440918
1773047906296372200,5.980372314453125,61.48125076293945,-5.34375,-25.556251525878906
1773047906306372400,5.990372314453125,61.275001525878906,-5.137500286102295,-25.256250381469727
1773047906316372200,6.000372314453125,61.29375076293945,-5.456250190734863,-25.23750114440918
1773047906326372400,6.010372314453125,61.76250076293945,-5.625,-25.293750762939453
1773047906336372200,6.020372314453125,61.837501525878906,-5.550000190734863,-25.068750381469727
1773047906346372400,6.030372314453125,61.89375305175781,-5.643750190734863,-24.86250114440918
1773047906356372200,6.040372314453125,61.91250228881836,-5.681250095367432,-24.637500762939453
1773047906366372400,6.050372314453125,61.743751525878906,-5.493750095367432,-24.30000114440918
1773047906376372200,6.060372314453125,61.556251525878906,-5.4375,-24.431251525878906
1773047906386372400,6.070372314453125,61.80000305175781,-5.625,-24.58125114440918
1773047906396372200,6.080372314453125,61.85625076293945,-5.362500190734863,-24.431251525878906
1773047906406372400,6.090372314453125,61.931251525878906,-5.137500286102295,-24.187501907348633
1773047906416372200,6.100372314453125,61.837501525878906,-4.912500381469727,-24.39375114440918
1773047906426372400,6.110372314453125,62.00625228881836,-5.043750286102295,-24.375001907348633
1773047906436372200,6.120372314453125,62.025001525878906,-4.818750381469727,-24.58125114440918
1773047906446372400,6.130372314453125,62.025001525878906,-4.650000095367432,-24.67500114440918
1773047906456372200,6.140372314453125,62.04375076293945,-4.40625,-24.543750762939453
1773047906466372400,6.150372314453125,61.91250228881836,-4.293750286102295,-24.543750762939453
1773047906476372200,6.160372314453125,62.08125305175781,-4.5,-24.693750381469727
1773047906486372400,6.170372314453125,61.85625076293945,-4.443750381469727,-24.525001525878906
1773047906496372200,6.180372314453125,61.837501525878906,-4.518750190734863,-24.262500762939453
1773047906506372400,6.190372314453125,61.57500076293945,-4.087500095367432,-24.168750762939453
1773047906516372200,6.200372314453125,61.556251525878906,-4.106250286102295,-23.962501525878906
1773047906526372400,6.210372314453125,61.556251525878906,-4.181250095367432,-24
1773047906536372200,6.220372314453125,61.500003814697266,-4.162500381469727,-23.700000762939453
1773047906546372400,6.230372314453125,61.931251525878906,-4.050000190734863,-23.25
1773047906556372200,6.240372314453125,-8.081250190734863,-23.64375114440918,30.618751525878906
1773047906586372400,6.270372314453125,-7.837500095367432,-24.243751525878906,30.412500381469727
1773047906596372200,6.280372314453125,-8.15625,-24.20625114440918,30.187501907348633
1773047906606372400,6.290372314453125,-8.043750762939453,-24.056251525878906,30.431251525878906
1773047906616372200,6.300372314453125,-8.081250190734863,-24.075000762939453,30.225000381469727
1773047906626372400,6.310372314453125,-8.831250190734863,-24.11250114440918,29.962501525878906
1773047906636372200,6.320372314453125,-8.96250057220459,-23.71875,29.92500114440918
1773047906646372400,6.330372314453125,-9.1875,-23.34375,29.943750381469727
1773047906656372200,6.340372314453125,-9.24375057220459,-23.193750381469727,29.962501525878906
1773047906666372400,6.350372314453125,-9.52500057220459,-22.912500381469727,29.73750114440918
1773047906676372200,6.360372314453125,-9.262500762939453,-22.70625114440918,29.868751525878906
1773047906686372400,6.370372314453125,-9.543750762939453,-22.762500762939453,29.606250762939453
1773047906696372200,6.380372314453125,-9.412500381469727,-22.70625114440918,29.73750114440918
1773047906706372400,6.390372314453125,-9.1875,-22.59375,29.681251525878906
1773047906716372200,6.400372314453125,-9.33750057220459,-22.668750762939453,29.587501525878906
1773047906726372400,6.410372314453125,-9.131250381469727,-22.668750762939453,29.681251525878906
1773047906736372200,6.420372314453125,-9.28125,-22.556251525878906,29.64375114440918
1773047906746372400,6.430372314453125,-9.09375,-22.650001525878906,30.075000762939453
1773047906756372200,6.440372314453125,-9.05625057220459,-23.025001525878906,30.168750762939453
1773047906776372200,6.460372314453125,-8.8125,-22.96875,30.262500762939453
1773047906786372400,6.470372314453125,-8.662500381469727,-23.212501525878906,30.412500381469727
1773047906796372200,6.480372314453125,-8.550000190734863,-23.512500762939453,30.281251907348633
1773047906806372400,6.490372314453125,-8.8125,-23.681251525878906,30.131250381469727
1773047906816372200,6.500372314453125,-8.8125,-23.8125,29.906251907348633
1773047906826372400,6.510372314453125,-8.925000190734863,-23.793750762939453,29.418750762939453
1773047906836372200,6.520372314453125,-8.96250057220459,-23.475000381469727,29.231250762939453
1773047906846372400,6.530372314453125,-9.637500762939453,-23.34375,28.818750381469727
1773047906856372200,6.540372314453125,-9.61875057220459,-23.418750762939453,28.762500762939453
1773047906866372400,6.550372314453125,-9.768750190734863,-23.34375,28.556251525878906
1773047906876372200,6.560372314453125,-9.75,-23.26875114440918,28.631250381469727
1773047906886372400,6.570372314453125,-9.506250381469727,-23.36250114440918,28.61250114440918
1773047906896372200,6.580372314453125,-9.71250057220459,-23.118751525878906,28.837501525878906
1773047906906372400,6.590372314453125,-9.80625057220459,-23.193750381469727,28.725000381469727
1773047906916372200,6.600372314453125,-9.61875057220459,-23.400001525878906,28.818750381469727
1773047906926372400,6.610372314453125,-9.24375057220459,-23.45625114440918,28.912500381469727
1773047906936372200,6.620372314453125,-9.225000381469727,-23.36250114440918,28.875001907348633
1773047906946372400,6.630372314453125,-9.24375057220459,-23.0625,29.062501907348633
1773047906956372200,6.640372314453125,-9.46875,-22.912500381469727,28.968751907348633
1773047906966372400,6.650372314453125,-9.75,-22.650001525878906,28.98750114440918
1773047906976372200,6.660372314453125,-9.450000762939453,-23.17500114440918,28.818750381469727
1773047906986372400,6.670372314453125,-9.43125057220459,-23.306251525878906,28.875001907348633
1773047906996372200,6.680372314453125,-9.65625,-23.118751525878906,28.856250762939453
1773047907006372400,6.690372314453125,-9.9375,-22.950000762939453,28.931251525878906
1773047907016372200,6.700372314453125,-10.068750381469727,-22.950000762939453,29.118751525878906
1773047907026372400,6.710372314453125,-10.27500057220459,-23.0625,28.80000114440918
1773047907036372200,6.720372314453125,-10.443750381469727,-22.743751525878906,28.80000114440918
1773047907046372400,6.730372314453125,-10.668750762939453,-22.537500381469727,28.593751907348633
1773047907056372200,6.740372314453125,-10.818750381469727,-22.443750381469727,28.725000381469727
1773047907066372400,6.750372314453125,-10.725000381469727,-22.125,28.968751907348633
1773047907076372200,6.760372314453125,-10.65000057220459,-22.181251525878906,28.968751907348633
1773047907086372400,6.770372314453125,-10.331250190734863,-22.350000381469727,28.70625114440918
1773047907096372200,6.780372314453125,-10.200000762939453,-22.23750114440918,28.500001907348633
1773047907106372400,6.790372314453125,-9.975000381469727,-22.3125,28.575000762939453
1773047907116372200,6.800372314453125,-9.693750381469727,-22.40625,28.818750381469727
1773047907126372400,6.810372314453125,-9.225000381469727,-22.5,29.118751525878906
1773047907136372200,6.820372314453125,-9.412500381469727,-22.42500114440918,28.968751907348633
1773047907146372400,6.830372314453125,-9.131250381469727,-22.575000762939453,29.250001907348633
1773047907156372200,6.840372314453125,-8.96250057220459,-22.51875114440918,29.475000381469727
1773047907166372400,6.850372314453125,-9.09375,-22.350000381469727,29.83125114440918
1773047907176372200,6.860372314453125,-8.925000190734863,-22.5,30.30000114440918
1773047907186372400,6.870372314453125,-8.925000190734863,-22.350000381469727,30.825000762939453
1773047907196372200,6.880372314453125,-8.700000762939453,-22.42500114440918,31.031251907348633
1773047907206372400,6.890372314453125,-8.662500381469727,-22.33125114440918,31.200000762939453
1773047907216372200,6.900372314453125,-8.287500381469727,-22.631250381469727,31.443750381469727
1773047907226372400,6.910372314453125,-8.287500381469727,-22.42500114440918,31.293750762939453
1773047907236372200,6.920372314453125,-8.40000057220459,-22.200000762939453,31.368751525878906
1773047907246372400,6.930372314453125,-8.100000381469727,-22.162500381469727,31.837501525878906
1773047907256372200,6.940372314453125,-8.381250381469727,-21.881250381469727,31.781251907348633
1773047907266372400,6.950372314453125,-8.381250381469727,-21.787500381469727,31.51875114440918
1773047907276372200,6.960372314453125,-8.475000381469727,-21.525001525878906,31.593751907348633
1773047907286372400,6.970372314453125,-8.456250190734863,-21.506250381469727,31.650001525878906
1773047907296372200,6.980372314453125,-8.49375057220459,-21.131250381469727,31.818750381469727
1773047907306372400,6.990372314453125,-8.77500057220459,-21.168750762939453,31.837501525878906
1773047907316372200,7.000372314453125,-8.981250762939453,-21.356250762939453,31.762500762939453
1773047907326372400,7.010372314453125,-9.262500762939453,-21.431251525878906,31.312501907348633
1773047907336372200,7.020372314453125,-9.206250190734863,-21.450000762939453,31.162500381469727
1773047907346372400,7.030372314453125,-9.225000381469727,-21.506250381469727,31.162500381469727
1773047907356372200,7.040372314453125,-9.33750057220459,-21.431251525878906,30.937501907348633
1773047907366372400,7.050372314453125,-9.5625,-21.1875,30.806251525878906
1773047907376372200,7.060372314453125,-9.862500190734863,-20.887500762939453,30.67500114440918
1773047907386372400,7.070372314453125,-9.581250190734863,-20.793750762939453,30.750001907348633
1773047907396372200,7.080372314453125,-9.450000762939453,-20.868751525878906,30.731250762939453
1773047907406372400,7.090372314453125,-9.1875,-20.756250381469727,31.012500762939453
1773047907416372200,7.100372314453125,-9.28125,-20.887500762939453,31.200000762939453
1773047907426372400,7.110372314453125,-9.412500381469727,-20.71875,31.23750114440918
1773047907436372200,7.120372314453125,-9.487500190734863,-20.73750114440918,31.42500114440918
1773047907446372400,7.130372314453125,-9.506250381469727,-20.943750381469727,31.481250762939453
1773047907456372200,7.140372314453125,-9.450000762939453,-21.01875114440918,31.631250381469727
1773047907466372400,7.150372314453125,-9.506250381469727,-21,31.70625114440918
1773047907476372200,7.160372314453125,-9.5625,-20.962501525878906,31.650001525878906
1773047907486372400,7.170372314453125,-9.731250762939453,-21.056251525878906,31.443750381469727
1773047907496372200,7.180372314453125,-9.768750190734863,-21.262500762939453,31.350000381469727
1773047907506372400,7.190372314453125,-9.862500190734863,-21.262500762939453,31.312501907348633
1773047907516372200,7.200372314453125,-9.71250057220459,-21.243751525878906,31.368751525878906
1773047907526372400,7.210372314453125,-10.03125,-21.30000114440918,31.087501525878906
1773047907536372200,7.220372314453125,-10.46250057220459,-21.67500114440918,31.181251525878906
1773047907546372400,7.230372314453125,-10.875,-21.637500762939453,30.806251525878906
1773047907556372200,7.240372314453125,-11.11875057220459,-21.356250762939453,30.618751525878906
1773047907566372400,7.250372314453125,-11.268750190734863,-21.30000114440918,30.58125114440918
1773047907576372200,7.260372314453125,-11.25,-21.09375,30.412500381469727
1773047907586372400,7.270372314453125,-11.175000190734863,-21.30000114440918,30.450000762939453
1773047907596372200,7.280372314453125,-11.21250057220459,-21.525001525878906,30.11250114440918
1773047907606372400,7.290372314453125,-10.856250762939453,-21.5625,29.962501525878906
1773047907616372200,7.300372314453125,-10.631250381469727,-21.65625,30.187501907348633
1773047907626372400,7.310372314453125,-10.293750762939453,-21.86250114440918,30.225000381469727
1773047907636372200,7.320372314453125,-9.768750190734863,-22.14375114440918,30.48750114440918
1773047907646372400,7.330372314453125,-9.71250057220459,-22.05000114440918,30.506250381469727
1773047907656372200,7.340372314453125,-9.71250057220459,-21.918750762939453,30.468751907348633
1773047907666372400,7.350372314453125,-9.693750381469727,-21.95625114440918,30.225000381469727
1773047907676372200,7.360372314453125,-9.71250057220459,-22.087501525878906,30.450000762939453
1773047907686372400,7.370372314453125,-9.84375,-21.993751525878906,30.95625114440918
1773047907696372200,7.380372314453125,-9.918750762939453,-21.881250381469727,30.825000762939453
1773047907706372400,7.390372314453125,-9.84375,-21.75,30.993751525878906
1773047907716372200,7.400372314453125,-10.18125057220459,-21.84375,30.918750762939453
1773047907726372400,7.410372314453125,-10.125,-22.05000114440918,30.975000381469727
1773047907736372200,7.420372314453125,-10.03125,-22.03125,31.218751907348633
1773047907746372400,7.430372314453125,-10.068750381469727,-21.9375,31.312501907348633
1773047907756372200,7.440372314453125,-10.237500190734863,-22.012500762939453,31.23750114440918
1773047907766372400,7.450372314453125,-10.256250381469727,-21.84375,31.068750381469727
1773047907776372200,7.460372314453125,-10.331250190734863,-21.9375,31.218751907348633
1773047907786372400,7.470372314453125,-10.293750762939453,-22.181251525878906,31.200000762939453
1773047907796372200,7.480372314453125,-10.5,-22.068750381469727,31.031251907348633
1773047907806372400,7.490372314453125,-10.537500381469727,-22.068750381469727,31.14375114440918
1773047907816372200,7.500372314453125,-10.65000057220459,-22.293750762939453,31.068750381469727
1773047907826372400,7.510372314453125,-10.668750762939453,-22.275001525878906,31.05000114440918
1773047907836372200,7.520372314453125,-10.93125057220459,-22.162500381469727,30.900001525878906
1773047907846372400,7.530372314453125,-10.78125,-22.462501525878906,30.787500381469727
1773047907856372200,7.540372314453125,-10.6875,-22.012500762939453,30.86250114440918
1773047907866372400,7.550372314453125,-10.987500190734863,-21.75,30.787500381469727
1773047907876372200,7.560372314453125,-11.0625,-21.618751525878906,30.76875114440918
1773047907886372400,7.570372314453125,-10.950000762939453,-21.450000762939453,30.543750762939453
1773047907896372200,7.580372314453125,-11.02500057220459,-21.243751525878906,30.30000114440918
1773047907906372400,7.590372314453125,-11.02500057220459,-21.262500762939453,30.356250762939453
1773047907916372200,7.600372314453125,-10.59375,-21.131250381469727,30.412500381469727
1773047907926372400,7.610372314453125,-10.856250762939453,-21.131250381469727,30.543750762939453
1773047907936372200,7.620372314453125,-10.912500381469727,-21.318750381469727,30.431251525878906
1773047907946372400,7.630372314453125,-11.15625,-21.356250762939453,30.506250381469727
1773047907956372200,7.640372314453125,-10.893750190734863,-21.28125,30.712501525878906
1773047907966372400,7.650372314453125,-11.193750381469727,-21.056251525878906,30.993751525878906
1773047907976372200,7.660372314453125,-11.21250057220459,-21.075000762939453,31.031251907348633
1773047907986372400,7.670372314453125,-11.15625,-21.1875,30.843751907348633
1773047907996372200,7.680372314453125,-11.231250762939453,-21.150001525878906,30.825000762939453
1773047908006372400,7.690372314453125,-11.081250190734863,-21.131250381469727,30.712501525878906
1773047908016372200,7.700372314453125,-11.25,-21.131250381469727,30.543750762939453
1773047908026372400,7.710372314453125,-10.856250762939453,-21.1875,30.468751907348633
1773047908036372200,7.720372314453125,-10.96875,-21.150001525878906,30.337501525878906
1773047908046372400,7.730372314453125,-10.950000762939453,-21.318750381469727,30.150001525878906
1773047908056372200,7.740372314453125,-10.83750057220459,-21.168750762939453,30.468751907348633
1773047908066372400,7.750372314453125,-10.78125,-21.075000762939453,30.67500114440918
1773047908076372200,7.760372314453125,-10.987500190734863,-21.168750762939453,30.750001907348633
1773047908086372400,7.770372314453125,-11.100000381469727,-21.037500381469727,30.843751907348633
1773047908096372200,7.780372314453125,-10.706250190734863,-21.243751525878906,31.05000114440918
1773047908106372400,7.790372314453125,-11.02500057220459,-21.01875114440918,31.218751907348633
1773047908116372200,7.800372314453125,-10.74375057220459,-21.337501525878906,31.256250381469727
1773047908126372400,7.810372314453125,-10.725000381469727,-21.65625,31.275001525878906
1773047908136372200,7.820372314453125,-10.55625057220459,-21.787500381469727,30.937501907348633
1773047908146372400,7.830372314453125,-10.762500762939453,-21.618751525878906,31.031251907348633
1773047908156372200,7.840372314453125,-10.762500762939453,-21.618751525878906,30.918750762939453
1773047908166372400,7.850372314453125,-10.612500190734863,-21.918750762939453,31.012500762939453
1773047908176372200,7.860372314453125,-10.893750190734863,-22.03125,30.975000381469727
1773047908186372400,7.870372314453125,-10.706250190734863,-22.23750114440918,30.918750762939453
1773047908196372200,7.880372314453125,-11.02500057220459,-21.84375,30.918750762939453
1773047908206372400,7.890372314453125,-10.987500190734863,-21.506250381469727,31.106250762939453
1773047908216372200,7.900372314453125,-11.02500057220459,-21.58125114440918,31.556251525878906
1773047908226372400,7.910372314453125,-10.762500762939453,-21.58125114440918,31.575000762939453
1773047908236372200,7.920372314453125,-10.875,-21.525001525878906,31.70625114440918
1773047908246372400,7.930372314453125,-11.11875057220459,-20.981250762939453,31.575000762939453
1773047908256372200,7.940372314453125,-11.4375,-20.45625114440918,31.837501525878906
1773047908266372400,7.950372314453125,-11.643750190734863,-20.100000381469727,31.818750381469727
1773047908276372200,7.960372314453125,-11.737500190734863,-20.25,31.70625114440918
1773047908286372400,7.970372314453125,-12.187500953674316,-20.08125114440918,31.537500381469727
1773047908296372200,7.980372314453125,-12.356250762939453,-19.96875,31.33125114440918
1773047908306372400,7.990372314453125,-12.656250953674316,-19.70625114440918,31.256250381469727
1773047908316372200,8.000372314453125,-12.80625057220459,-19.5,31.275001525878906
1773047908326372400,8.010372314453125,-12.956250190734863,-19.6875,31.350000381469727
1773047908336372200,8.020372314453125,-12.393750190734863,-19.78125,31.068750381469727
1773047908346372400,8.030372314453125,-12.318750381469727,-20.137500762939453,31.087501525878906
1773047908356372200,8.040372314453125,-12.131250381469727,-20.025001525878906,31.443750381469727
1773047908366372400,8.050372314453124,-11.700000762939453,-20.306251525878906,31.42500114440918
1773047908376372200,8.060372314453126,-11.606250762939453,-20.306251525878906,31.256250381469727
1773047908386372400,8.070372314453126,-11.193750381469727,-20.568750381469727,31.668750762939453
1773047908396372200,8.080372314453125,-10.818750381469727,-20.662500381469727,31.61250114440918
1773047908406372400,8.090372314453125,-10.425000190734863,-20.662500381469727,31.537500381469727
1773047908416372200,8.100372314453125,-10.40625,-20.568750381469727,32.025001525878906
1773047908426372400,8.110372314453125,-10.162500381469727,-20.36250114440918,32.025001525878906
1773047908436372200,8.120372314453125,-10.162500381469727,-20.55000114440918,31.98750114440918
1773047908446372400,8.130372314453124,-10.08750057220459,-20.55000114440918,32.306251525878906
1773047908456372200,8.140372314453124,-10.162500381469727,-20.512500762939453,32.55000305175781
1773047908466372400,8.150372314453126,-10.40625,-20.681251525878906,32.306251525878906
1773047908476372200,8.160372314453125,-10.21875,-20.71875,32.38125228881836
1773047908486372400,8.170372314453125,-10.40625,-20.756250381469727,32.55000305175781
1773047908496372200,8.180372314453125,-10.631250381469727,-20.793750762939453,32.118751525878906
1773047908506372400,8.190372314453125,-10.856250762939453,-20.868751525878906,32.00625228881836
1773047908516372200,8.200372314453125,-10.96875,-20.943750381469727,31.875001907348633
1773047908526372400,8.210372314453124,-11.21250057220459,-20.756250381469727,31.387500762939453
1773047908536372200,8.220372314453124,-11.381250381469727,-20.775001525878906,31.05000114440918
1773047908546372400,8.230372314453126,-11.456250190734863,-20.55000114440918,30.731250762939453
1773047908556372200,8.240372314453126,-11.756250381469727,-20.681251525878906,30.637500762939453
1773047908566372400,8.250372314453125,-11.625,-20.73750114440918,30.562501907348633
1773047908576372200,8.260372314453125,-11.77500057220459,-21,30.356250762939453
1773047908586372400,8.270372314453125,-11.77500057220459,-20.943750381469727,30.262500762939453
1773047908596372200,8.280372314453125,-11.625,-21.037500381469727,30.056251525878906
1773047908606372400,8.290372314453125,-11.362500190734863,-21.131250381469727,30.11250114440918
1773047908616372200,8.300372314453124,-11.418750762939453,-21.20625114440918,30.281251907348633
1773047908626372400,8.310372314453126,-11.40000057220459,-21.431251525878906,30.093751907348633
1773047908636372200,8.320372314453126,-11.268750190734863,-21.30000114440918,29.943750381469727
1773047908646372400,8.330372314453125,-11.49375057220459,-21.1875,29.64375114440918
1773047908656372200,8.340372314453125,-11.30625057220459,-21.11250114440918,29.718751907348633
1773047908666372400,8.350372314453125,-11.30625057220459,-21.20625114440918,29.92500114440918
1773047908676372200,8.360372314453125,-11.362500190734863,-21.037500381469727,29.83125114440918
1773047908686372400,8.370372314453125,-11.568750381469727,-21.150001525878906,29.906251907348633
1773047908696372200,8.380372314453124,-11.30625057220459,-21.131250381469727,29.73750114440918
1773047908706372400,8.390372314453124,-11.268750190734863,-21.09375,29.887500762939453
1773047908716372200,8.400372314453126,-11.193750381469727,-21.600000381469727,29.962501525878906
1773047908726372400,8.410372314453125,-10.893750190734863,-21.825000762939453,30.20625114440918
1773047908736372200,8.420372314453125,-10.893750190734863,-21.825000762939453,30.48750114440918
1773047908746372400,8.430372314453125,-10.83750057220459,-21.731250762939453,30.30000114440918
1773047908756372200,8.440372314453125,-10.856250762939453,-21.67500114440918,30.48750114440918
1773047908766372400,8.450372314453125,-10.818750381469727,-21.58125114440918,30.506250381469727
1773047908776372200,8.460372314453124,-11.02500057220459,-21.637500762939453,30.450000762939453
1773047908786372400,8.470372314453124,-11.137500762939453,-21.412500381469727,30.656251907348633
1773047908796372200,8.480372314453126,-11.15625,-20.90625,30.787500381469727
1773047908806372400,8.490372314453126,-11.175000190734863,-20.83125114440918,30.693750381469727
1773047908816372200,8.500372314453125,-11.362500190734863,-20.71875,30.562501907348633
1773047908826372400,8.510372314453125,-11.325000762939453,-20.625,30.562501907348633
1773047908836372200,8.520372314453125,-11.287500381469727,-20.45625114440918,30.750001907348633
1773047908846372400,8.530372314453125,-11.137500762939453,-20.493751525878906,30.993751525878906
1773047908856372200,8.540372314453125,-10.96875,-20.55000114440918,31.368751525878906
1773047908866372400,8.550372314453124,-10.800000190734863,-20.793750762939453,31.42500114440918
1773047908876372200,8.560372314453126,-10.83750057220459,-20.700000762939453,31.556251525878906
1773047908886372400,8.570372314453126,-10.762500762939453,-20.55000114440918,31.931251525878906
1773047908896372200,8.580372314453125,-10.40625,-20.73750114440918,32.0625
1773047908906372400,8.590372314453125,-10.18125057220459,-20.92500114440918,32.51250076293945
1773047908916372200,8.600372314453125,-9.80625057220459,-21.11250114440918,32.51250076293945
1773047908926372400,8.610372314453125,-9.637500762939453,-21.056251525878906,32.53125
1773047908936372200,8.620372314453125,-9.675000190734863,-20.83125114440918,32.625
1773047908946372400,8.630372314453124,-9.637500762939453,-20.662500381469727,32.88750076293945
1773047908956372200,8.640372314453124,-9.581250190734863,-20.756250381469727,32.75625228881836
1773047908966372400,8.650372314453126,-9.71250057220459,-20.775001525878906,32.47500228881836
1773047908976372200,8.660372314453125,-9.693750381469727,-20.775001525878906,32.625
1773047908986372400,8.670372314453125,-9.862500190734863,-20.587501525878906,32.66250228881836
1773047908996372200,8.680372314453125,-10.481250762939453,-20.418750762939453,32.625
1773047909006372400,8.690372314453125,-10.762500762939453,-20.306251525878906,32.587501525878906
1773047909016372200,8.700372314453125,-10.612500190734863,-20.493751525878906,32.55000305175781
1773047909026372400,8.710372314453124,-10.762500762939453,-20.587501525878906,32.28750228881836
1773047909036372200,8.720372314453124,-10.762500762939453,-20.793750762939453,32.23125076293945
1773047909046372400,8.730372314453126,-10.706250190734863,-20.887500762939453,32.36250305175781
1773047909056372200,8.740372314453126,-10.875,-20.887500762939453,32.13750076293945
1773047909066372400,8.750372314453125,-11.006250381469727,-21.262500762939453,32.025001525878906
1773047909076372200,8.760372314453125,-10.762500762939453,-21.318750381469727,31.950000762939453
1773047909086372400,8.770372314453125,-10.74375057220459,-21.412500381469727,31.968751907348633
1773047909096372200,8.780372314453125,-10.78125,-21.1875,31.856250762939453
1773047909106372400,8.790372314453125,-10.706250190734863,-21.525001525878906,31.687501907348633
1773047909116372200,8.800372314453124,-10.78125,-21.412500381469727,31.725000381469727
1773047909126372400,8.810372314453126,-11.006250381469727,-21.318750381469727,31.61250114440918
1773047909136372200,8.820372314453126,-11.193750381469727,-21.056251525878906,31.575000762939453
1773047909146372400,8.830372314453125,-11.268750190734863,-20.793750762939453,31.293750762939453
1773047909156372200,8.840372314453125,-11.475000381469727,-20.868751525878906,31.162500381469727
1773047909166372400,8.850372314453125,-11.25,-21.28125,30.918750762939453
1773047909176372200,8.860372314453125,-11.49375057220459,-21.39375114440918,31.031251907348633
1773047909186372400,8.870372314453125,-11.68125057220459,-21.168750762939453,30.993751525878906
1773047909196372200,8.880372314453124,-11.606250762939453,-20.943750381469727,30.918750762939453
1773047909206372400,8.890372314453124,-11.381250381469727,-21.037500381469727,30.937501907348633
1773047909216372200,8.900372314453126,-11.15625,-21.037500381469727,31.087501525878906
1773047909226372400,8.910372314453125,-10.93125057220459,-21.01875114440918,31.162500381469727
1773047909236372200,8.920372314453125,-11.006250381469727,-20.943750381469727,31.181251525878906
1773047909246372400,8.930372314453125,-11.30625057220459,-20.493751525878906,31.293750762939453
1773047909256372200,8.940372314453125,-11.456250190734863,-20.45625114440918,31.218751907348633
1773047909266372400,8.950372314453125,-11.30625057220459,-20.26875114440918,31.70625114440918
1773047909276372200,8.960372314453124,-10.950000762939453,-20.493751525878906,31.912500381469727
1773047909286372400,8.970372314453124,-10.893750190734863,-20.493751525878906,31.968751907348633
1773047909296372200,8.980372314453126,-11.0625,-20.625,31.89375114440918
1773047909306372400,8.990372314453126,-11.287500381469727,-20.868751525878906,32.08125305175781
1773047909316372200,9.000372314453125,-11.175000190734863,-21.037500381469727,32.04375076293945
1773047909326372400,9.010372314453125,-11.193750381469727,-21.056251525878906,31.950000762939453
1773047909336372200,9.020372314453125,-10.856250762939453,-21.20625114440918,32.04375076293945
1773047909346372400,9.030372314453125,-10.800000190734863,-21.375,31.70625114440918
1773047909356372200,9.040372314453125,-11.11875057220459,-20.92500114440918,31.818750381469727
1773047909366372400,9.050372314453124,-11.287500381469727,-20.606250762939453,31.950000762939453
1773047909376372200,9.060372314453126,-11.21250057220459,-20.53125,32.118751525878906
1773047909386372400,9.070372314453126,-11.193750381469727,-20.193750381469727,32.15625
1773047909396372200,9.080372314453125,-11.175000190734863,-19.856250762939453,32.51250076293945
1773047909406372400,9.090372314453125,-11.02500057220459,-19.743751525878906,32.94375228881836
1773047909416372200,9.100372314453125,-11.081250190734863,-19.462501525878906,33.16875076293945
1773047909426372400,9.110372314453125,-11.15625,-19.3125,33.375
1773047909436372200,9.120372314453125,-11.231250762939453,-19.40625,33.54375076293945
1773047909446372400,9.130372314453124,-11.231250762939453,-19.40625,33.54375076293945
1773047909456372200,9.140372314453124,-11.006250381469727,-19.5,33.618751525878906
1773047909466372400,9.150372314453126,-10.6875,-19.668750762939453,33.75
1773047909476372200,9.160372314453125,-10.256250381469727,-20.100000381469727,33.60000228881836
1773047909486372400,9.170372314453125,-10.068750381469727,-20.34375,33.431251525878906
1773047909496372200,9.180372314453125,-9.9375,-20.493751525878906,33.22500228881836
1773047909506372400,9.190372314453125,-9.84375,-20.700000762939453,33.16875076293945
1773047909516372200,9.200372314453125,-9.5625,-21.056251525878906,33
1773047909526372400,9.210372314453124,-9.543750762939453,-21.150001525878906,33.09375
1773047909536372200,9.220372314453124,-9.768750190734863,-21.225000381469727,32.90625
1773047909546372400,9.230372314453126,-9.787500381469727,-21.168750762939453,32.70000076293945
1773047909556372200,9.240372314453126,-9.956250190734863,-21.037500381469727,32.66250228881836
1773047909566372400,9.250372314453125,-9.90000057220459,-21.037500381469727,32.70000076293945
1773047909576372200,9.260372314453125,-9.862500190734863,-21.1875,32.85000228881836
1773047909586372400,9.270372314453125,-9.768750190734863,-21.075000762939453,32.85000228881836
1773047909596372200,9.280372314453125,-10.050000190734863,-20.981250762939453,32.70000076293945
1773047909606372400,9.290372314453125,-9.84375,-21.150001525878906,32.51250076293945
1773047909616372200,9.300372314453124,-9.43125057220459,-21.11250114440918,32.53125
1773047909626372400,9.310372314453126,-9.75,-21.056251525878906,32.51250076293945
1773047909636372200,9.320372314453126,-9.543750762939453,-21.056251525878906,32.75625228881836
1773047909646372400,9.330372314453125,-9.33750057220459,-21.037500381469727,32.73750305175781
1773047909656372200,9.340372314453125,-9.318750381469727,-21.09375,32.45625305175781
1773047909666372400,9.350372314453125,-9.450000762939453,-21.168750762939453,32.36250305175781
1773047909676372200,9.360372314453125,-9.487500190734863,-21.131250381469727,32.25
1773047909686372400,9.370372314453125,-9.693750381469727,-21.318750381469727,32.26875305175781
1773047909696372200,9.380372314453124,-10.143750190734863,-21.600000381469727,32.15625
1773047909706372400,9.390372314453124,-9.881250381469727,-21.618751525878906,32.17500305175781
1773047909716372200,9.400372314453126,-10.3125,-21.65625,31.931251525878906
1773047909726372400,9.410372314453125,-10.762500762939453,-21.600000381469727,31.725000381469727
1773047909736372200,9.420372314453125,-11.287500381469727,-21.262500762939453,31.556251525878906
1773047909746372400,9.430372314453125,-11.231250762939453,-21.056251525878906,31.387500762939453
1773047909756372200,9.440372314453125,-11.34375,-21.150001525878906,31.256250381469727
1773047909766372400,9.450372314453125,-11.49375057220459,-20.887500762939453,31.275001525878906
1773047909776372200,9.460372314453124,-11.268750190734863,-20.400001525878906,31.406251907348633
1773047909786372400,9.470372314453124,-11.362500190734863,-20.55000114440918,31.350000381469727
1773047909796372200,9.480372314453126,-11.193750381469727,-20.53125,31.406251907348633
1773047909806372400,9.490372314453126,-11.11875057220459,-20.606250762939453,31.537500381469727
1773047909816372200,9.500372314453125,-10.856250762939453,-21.056251525878906,31.593751907348633
1773047909826372400,9.510372314453125,-10.762500762939453,-21.318750381469727,31.575000762939453
1773047909836372200,9.520372314453125,-10.762500762939453,-21.356250762939453,31.70625114440918
1773047909846372400,9.530372314453125,-10.575000762939453,-21.46875,31.762500762939453
1773047909856372200,9.540372314453125,-10.59375,-21.731250762939453,31.556251525878906
1773047909866372400,9.550372314453124,-10.6875,-21.693750381469727,31.593751907348633
1773047909876372200,9.560372314453126,-10.55625057220459,-21.58125114440918,31.575000762939453
1773047909886372400,9.570372314453126,-10.725000381469727,-21.600000381469727,31.556251525878906
1773047909896372200,9.580372314453125,-10.59375,-21.48750114440918,31.668750762939453
1773047909906372400,9.590372314453125,-10.46250057220459,-21.39375114440918,31.80000114440918
1773047909916372200,9.600372314453125,-10.27500057220459,-21.431251525878906,31.781251907348633
1773047909926372400,9.610372314453125,-10.237500190734863,-21.84375,31.575000762939453
1773047909936372200,9.620372314453125,-10.237500190734863,-22.106250762939453,31.42500114440918
1773047909946372400,9.630372314453124,-9.881250381469727,-22.256250381469727,31.312501907348633
1773047909956372200,9.640372314453124,-9.956250190734863,-22.5,30.993751525878906
1773047909966372400,9.650372314453126,-9.675000190734863,-22.650001525878906,30.843751907348633
1773047909976372200,9.660372314453125,-9.881250381469727,-22.556251525878906,30.637500762939453
1773047909986372400,9.670372314453125,-10.18125057220459,-22.61250114440918,30.656251907348633
1773047909996372200,9.680372314453125,-10.012500762939453,-22.912500381469727,30.693750381469727
1773047910006372400,9.690372314453125,-10.012500762939453,-22.725000381469727,30.48750114440918
1773047910016372200,9.700372314453125,-9.90000057220459,-22.78125,30.67500114440918
1773047910026372400,9.710372314453124,-10.050000190734863,-22.78125,30.600000381469727
1773047910036372200,9.720372314453124,-9.99375057220459,-22.631250381469727,30.750001907348633
1773047910046372400,9.730372314453126,-10.106250762939453,-22.51875114440918,30.86250114440918
1773047910056372200,9.740372314453126,-9.881250381469727,-22.537500381469727,30.95625114440918
1773047910066372400,9.750372314453125,-9.768750190734863,-22.631250381469727,30.787500381469727
1773047910076372200,9.760372314453125,-10.012500762939453,-22.42500114440918,30.712501525878906
1773047910086372400,9.770372314453125,-10.106250762939453,-22.14375114440918,30.86250114440918
1773047910096372200,9.780372314453125,-10.3125,-21.918750762939453,30.825000762939453
1773047910106372400,9.790372314453125,-10.425000190734863,-21.86250114440918,30.993751525878906
1773047910116372200,9.800372314453124,-10.425000190734863,-22.012500762939453,31.218751907348633
1773047910126372400,9.810372314453126,-10.5,-21.825000762939453,31.087501525878906
1773047910136372200,9.820372314453126,-10.518750190734863,-21.993751525878906,31.200000762939453
1773047910146372400,9.830372314453125,-10.818750381469727,-21.806251525878906,31.162500381469727
1773047910156372200,9.840372314453125,-10.762500762939453,-21.76875114440918,31.05000114440918
1773047910166372400,9.850372314453125,-10.83750057220459,-21.975000381469727,31.068750381469727
1773047910176372200,9.860372314453125,-10.96875,-21.881250381469727,30.806251525878906
1773047910186372400,9.870372314453125,-10.987500190734863,-22.106250762939453,30.30000114440918
1773047910196372200,9.880372314453124,-11.0625,-22.293750762939453,30.150001525878906
1773047910206372400,9.890372314453124,-11.15625,-22.51875114440918,29.962501525878906
1773047910216372200,9.900372314453126,-11.006250381469727,-22.443750381469727,29.681251525878906
1773047910226372400,9.910372314453125,-10.987500190734863,-22.575000762939453,29.606250762939453
1773047910236372200,9.920372314453125,-11.15625,-22.5,29.437501907348633
1773047910246372400,9.930372314453125,-11.268750190734863,-22.537500381469727,29.156251907348633
1773047910256372200,9.940372314453125,-11.30625057220459,-22.368751525878906,29.100000381469727
1773047910266372400,9.950372314453125,-11.268750190734863,-22.23750114440918,29.36250114440918
1773047910276372200,9.960372314453124,-11.49375057220459,-22.23750114440918,29.437501907348633
1773047910286372400,9.970372314453124,-11.418750762939453,-22.162500381469727,29.381250381469727
1773047910296372200,9.980372314453126,-11.625,-22.012500762939453,29.568750381469727
1773047910306372400,9.990372314453126,-11.68125057220459,-21.993751525878906,29.625001907348633
1773047910316372200,10.000372314453125,-11.11875057220459,-22.275001525878906,29.775001525878906
1773047910326372400,10.010372314453125,-10.818750381469727,-22.481250762939453,29.868751525878906
1773047910336372200,10.020372314453125,-10.65000057220459,-22.61250114440918,29.943750381469727
1773047910346372400,10.030372314453125,-10.74375057220459,-22.51875114440918,30.01875114440918
1773047910356372200,10.040372314453125,-10.78125,-22.256250381469727,30.056251525878906
1773047910366372400,10.050372314453124,-10.612500190734863,-22.350000381469727,30.150001525878906
1773047910376372200,10.060372314453126,-10.668750762939453,-22.481250762939453,30.056251525878906
1773047910386372400,10.070372314453126,-10.293750762939453,-22.42500114440918,30.168750762939453
1773047910396372200,10.080372314453125,-10.78125,-22.23750114440918,30.356250762939453
1773047910406372400,10.090372314453125,-11.15625,-22.068750381469727,30.243751525878906
1773047910416372200,10.100372314453125,-11.287500381469727,-22.068750381469727,30.243751525878906
1773047910426372400,10.110372314453125,-11.418750762939453,-22.012500762939453,30.20625114440918
1773047910436372200,10.120372314453125,-11.4375,-22.200000762939453,30.131250381469727
1773047910446372400,10.130372314453124,-11.512500762939453,-22.181251525878906,30.11250114440918
1773047910456372200,10.140372314453124,-11.475000381469727,-22.087501525878906,30.150001525878906
1773047910466372400,10.150372314453126,-11.68125057220459,-22.087501525878906,30.131250381469727
1773047910476372200,10.160372314453125,-11.568750381469727,-22.21875,30.075000762939453
1773047910486372400,10.170372314453125,-11.34375,-22.275001525878906,30.30000114440918
1773047910496372200,10.180372314453125,-11.21250057220459,-22.33125114440918,30.20625114440918
1773047910506372400,10.190372314453125,-11.21250057220459,-22.23750114440918,30.056251525878906
1773047910516372200,10.200372314453125,-10.96875,-22.368751525878906,30.075000762939453
1773047910526372400,10.210372314453124,-10.950000762939453,-22.162500381469727,30.20625114440918
1773047910536372200,10.220372314453124,-10.875,-22.275001525878906,30.093751907348633
1773047910546372400,10.230372314453126,-10.6875,-22.350000381469727,30.30000114440918
1773047910556372200,10.240372314453126,-10.93125057220459,-22.275001525878906,30.093751907348633
1773047910566372400,10.250372314453125,-10.93125057220459,-22.33125114440918,29.868751525878906
1773047910576372200,10.260372314453125,-11.006250381469727,-22.162500381469727,29.92500114440918
1773047910586372400,10.270372314453125,-10.950000762939453,-22.42500114440918,29.887500762939453
1773047910596372200,10.280372314453125,-10.893750190734863,-22.275001525878906,29.943750381469727
1773047910606372400,10.290372314453125,-10.96875,-22.51875114440918,29.718751907348633
1773047910616372200,10.300372314453124,-11.02500057220459,-22.200000762939453,30.01875114440918
1773047910626372400,10.310372314453126,-11.193750381469727,-22.068750381469727,29.756250381469727
1773047910636372200,10.320372314453126,-10.893750190734863,-21.918750762939453,30.01875114440918
1773047910646372400,10.330372314453125,-10.800000190734863,-21.618751525878906,30.281251907348633
1773047910656372200,10.340372314453125,-10.65000057220459,-21.975000381469727,30.375001907348633
1773047910666372400,10.350372314453125,-10.481250762939453,-21.900001525878906,30.600000381469727
1773047910676372200,10.360372314453125,-10.612500190734863,-21.95625114440918,30.76875114440918
1773047910686372400,10.370372314453125,-10.575000762939453,-21.76875114440918,31.106250762939453
1773047910696372200,10.380372314453124,-10.631250381469727,-22.03125,31.012500762939453
1773047910706372400,10.390372314453124,-10.518750190734863,-22.125,31.05000114440918
1773047910716372200,10.400372314453126,-10.65000057220459,-22.05000114440918,30.993751525878906
1773047910726372400,10.410372314453125,-10.631250381469727,-22.181251525878906,30.881250381469727
1773047910736372200,10.420372314453125,-10.631250381469727,-21.84375,30.993751525878906
1773047910746372400,10.430372314453125,-10.537500381469727,-22.162500381469727,30.731250762939453
1773047910756372200,10.440372314453125,-10.893750190734863,-22.3125,30.356250762939453
1773047910766372400,10.450372314453125,-11.02500057220459,-22.462501525878906,30.187501907348633
1773047910776372200,10.460372314453124,-11.043750762939453,-22.51875114440918,29.943750381469727
1773047910786372400,10.470372314453124,-10.893750190734863,-22.443750381469727,29.981250762939453
1773047910796372200,10.480372314453126,-10.668750762939453,-22.575000762939453,30.150001525878906
1773047910806372400,10.490372314453126,-11.006250381469727,-22.462501525878906,30.150001525878906
1773047910816372200,10.500372314453125,-11.006250381469727,-22.631250381469727,30.131250381469727
1773047910826372400,10.510372314453125,-11.193750381469727,-22.481250762939453,30.131250381469727
1773047910836372200,10.520372314453125,-10.875,-22.443750381469727,30.187501907348633
1773047910846372400,10.530372314453125,-10.706250190734863,-22.387500762939453,30.20625114440918
1773047910856372200,10.540372314453125,-10.5,-22.33125114440918,30.450000762939453
1773047910866372400,10.550372314453124,-10.875,-22.443750381469727,30.39375114440918
1773047910876372200,10.560372314453126,-11.231250762939453,-22.387500762939453,30.01875114440918
1773047910886372400,10.570372314453126,-10.950000762939453,-22.387500762939453,29.887500762939453
1773047910896372200,10.580372314453125,-11.081250190734863,-22.275001525878906,29.812501907348633
1773047910906372400,10.590372314453125,-11.231250762939453,-22.087501525878906,29.718751907348633
1773047910916372200,10.600372314453125,-11.456250190734863,-21.993751525878906,29.531251907348633
1773047910926372400,10.610372314453125,-11.700000762939453,-21.84375,29.45625114440918
1773047910936372200,10.620372314453125,-12.112500190734863,-21.95625114440918,29.100000381469727
1773047910946372400,10.630372314453124,-12.131250381469727,-22.03125,29.08125114440918
1773047910956372200,10.640372314453124,-12.018750190734863,-22.106250762939453,29.118751525878906
1773047910966372400,10.650372314453126,-11.86875057220459,-22.200000762939453,29.306251525878906
1773047910976372200,10.660372314453125,-11.925000190734863,-22.40625,29.343751907348633
1773047910986372400,10.670372314453125,-11.756250381469727,-22.650001525878906,29.437501907348633
1773047910996372200,10.680372314453125,-11.737500190734863,-22.61250114440918,29.73750114440918
1773047911006372400,10.690372314453125,-11.662500381469727,-22.70625114440918,29.718751907348633
1773047911016372200,10.700372314453125,-11.268750190734863,-22.856250762939453,29.943750381469727
1773047911026372400,10.710372314453124,-10.987500190734863,-22.725000381469727,29.943750381469727
1773047911036372200,10.720372314453124,-10.893750190734863,-22.80000114440918,30.150001525878906
1773047911046372400,10.730372314453126,-10.96875,-22.668750762939453,30.131250381469727
1773047911056372200,10.740372314453126,-10.83750057220459,-22.462501525878906,30.375001907348633
1773047911066372400,10.750372314453125,-10.950000762939453,-22.106250762939453,30.562501907348633
1773047911076372200,10.760372314453125,-10.818750381469727,-22.275001525878906,30.468751907348633
1773047911086372400,10.770372314453125,-10.875,-22.256250381469727,30.337501525878906
1773047911096372200,10.780372314453125,-11.137500762939453,-21.993751525878906,30.281251907348633
1773047911106372400,10.790372314453125,-11.193750381469727,-22.200000762939453,30.20625114440918
1773047911116372200,10.800372314453124,-10.950000762939453,-21.975000381469727,30.262500762939453
1773047911126372400,10.810372314453126,-10.93125057220459,-22.068750381469727,30.281251907348633
1773047911136372200,10.820372314453126,-11.02500057220459,-22.21875,30.150001525878906
1773047911146372400,10.830372314453125,-10.762500762939453,-22.162500381469727,30.39375114440918
1773047911156372200,10.840372314453125,-10.78125,-22.14375114440918,30.187501907348633
1773047911166372400,10.850372314453125,-10.668750762939453,-22.293750762939453,30.30000114440918
1773047911176372200,10.860372314453125,-10.387500762939453,-22.3125,30.506250381469727
1773047911186372400,10.870372314453125,-10.46250057220459,-22.068750381469727,30.525001525878906
1773047911196372200,10.880372314453124,-10.612500190734863,-22.3125,30.562501907348633
1773047911206372400,10.890372314453124,-10.725000381469727,-22.33125114440918,30.48750114440918
1773047911216372200,10.900372314453126,-10.481250762939453,-22.200000762939453,30.431251525878906
1773047911226372400,10.910372314453125,-10.762500762939453,-22.387500762939453,30.056251525878906
1773047911236372200,10.920372314453125,-10.725000381469727,-22.3125,30.187501907348633
1773047911246372400,10.930372314453125,-10.575000762939453,-22.125,30.30000114440918
1773047911256372200,10.940372314453125,-10.800000190734863,-22.125,30.281251907348633
1773047911266372400,10.950372314453125,-10.875,-22.012500762939453,30.318750381469727
1773047911276372200,10.960372314453124,-10.875,-22.14375114440918,30.20625114440918
1773047911286372400,10.970372314453124,-10.950000762939453,-21.9375,30.262500762939453
1773047911296372200,10.980372314453126,-11.0625,-22.14375114440918,30.075000762939453
1773047911306372400,10.990372314453126,-10.59375,-22.106250762939453,30.375001907348633
1773047911316372200,11.000372314453125,-10.6875,-22.068750381469727,30.562501907348633
1773047911326372400,11.010372314453125,-10.83750057220459,-22.350000381469727,30.431251525878906
1773047911336372200,11.020372314453125,-10.725000381469727,-22.350000381469727,30.318750381469727
1773047911346372400,11.030372314453125,-10.481250762939453,-22.668750762939453,30.20625114440918
1773047911356372200,11.040372314453125,-10.59375,-22.556251525878906,30.243751525878906
1773047911366372400,11.050372314453124,-10.518750190734863,-22.725000381469727,30.30000114440918
1773047911376372200,11.060372314453126,-10.631250381469727,-22.556251525878906,30.468751907348633
1773047911386372400,11.070372314453126,-10.912500381469727,-22.537500381469727,30.093751907348633
1773047911396372200,11.080372314453125,-10.55625057220459,-22.5,30.056251525878906
1773047911406372400,11.090372314453125,-10.40625,-22.40625,30.243751525878906
1773047911416372200,11.100372314453125,-10.331250190734863,-22.42500114440918,30.506250381469727
1773047911426372400,11.110372314453125,-10.612500190734863,-22.40625,30.750001907348633
1773047911436372200,11.120372314453125,-10.631250381469727,-22.40625,30.618751525878906
1773047911446372400,11.130372314453124,-10.612500190734863,-22.912500381469727,30.356250762939453
1773047911456372200,11.140372314453124,-10.5,-22.931251525878906,30.30000114440918
1773047911466372400,11.150372314453126,-10.537500381469727,-22.98750114440918,30.48750114440918
1773047911476372200,11.160372314453125,-10.6875,-23.118751525878906,30.412500381469727
1773047911486372400,11.170372314453125,-10.893750190734863,-23.043750762939453,30.450000762939453
1773047911496372200,11.180372314453125,-11.02500057220459,-23.08125114440918,30.01875114440918
1773047911506372400,11.190372314453125,-10.74375057220459,-23.287500381469727,30.000001907348633
1773047911516372200,11.200372314453125,-10.55625057220459,-23.512500762939453,30.075000762939453
1773047911526372400,11.210372314453124,-10.6875,-23.381250381469727,30.262500762939453
1773047911536372200,11.220372314453124,-10.481250762939453,-23.4375,30.281251907348633
1773047911546372400,11.230372314453126,-10.537500381469727,-23.55000114440918,30.187501907348633
1773047911556372200,11.240372314453126,-10.725000381469727,-23.493751525878906,30.281251907348633
1773047911566372400,11.250372314453125,-10.3125,-23.4375,30.30000114440918
1773047911576372200,11.260372314453125,-10.03125,-23.212501525878906,30.48750114440918
1773047911586372400,11.270372314453125,-10.08750057220459,-22.96875,30.30000114440918
1773047911596372200,11.280372314453125,-10.143750190734863,-22.556251525878906,30.356250762939453
1773047911606372400,11.290372314453125,-10.050000190734863,-22.387500762939453,30.337501525878906
1773047911616372200,11.300372314453124,-9.975000381469727,-22.3125,30.506250381469727
1773047911626372400,11.310372314453126,-9.80625057220459,-22.481250762939453,30.58125114440918
1773047911636372200,11.320372314453126,-9.65625,-22.70625114440918,30.375001907348633
1773047911646372400,11.330372314453125,-10.27500057220459,-22.818750381469727,30.11250114440918
1773047911656372200,11.340372314453125,-10.78125,-23.08125114440918,30.093751907348633
1773047911666372400,11.350372314453125,-11.043750762939453,-22.78125,30.337501525878906
1773047911676372200,11.360372314453125,-11.15625,-22.856250762939453,30.20625114440918
1773047911686372400,11.370372314453125,-11.15625,-22.89375114440918,30.11250114440918
1773047911696372200,11.380372314453124,-11.15625,-23.15625,30.056251525878906
1773047911706372400,11.390372314453124,-11.25,-23.137500762939453,29.850000381469727
1773047911716372200,11.400372314453126,-11.193750381469727,-22.950000762939453,30.01875114440918
1773047911726372400,11.410372314453125,-10.6875,-23.118751525878906,30.000001907348633
1773047911736372200,11.420372314453125,-10.518750190734863,-23.08125114440918,30.037500381469727
1773047911746372400,11.430372314453125,-10.18125057220459,-23.325000762939453,30.000001907348633
1773047911756372200,11.440372314453125,-9.975000381469727,-23.25,30.225000381469727
1773047911766372400,11.450372314453125,-9.956250190734863,-23.17500114440918,30.225000381469727
1773047911776372200,11.460372314453124,-10.237500190734863,-23.118751525878906,30.187501907348633
1773047911786372400,11.470372314453124,-10.125,-22.818750381469727,30.543750762939453
1773047911796372200,11.480372314453126,-10.256250381469727,-22.762500762939453,30.618751525878906
1773047911806372400,11.490372314453126,-10.518750190734863,-22.59375,30.712501525878906
1773047911816372200,11.500372314453125,-10.350000381469727,-22.575000762939453,30.750001907348633
1773047911826372400,11.510372314453125,-10.518750190734863,-22.61250114440918,30.787500381469727
1773047911836372200,11.520372314453125,-10.537500381469727,-22.6875,30.731250762939453
1773047911846372400,11.530372314453125,-10.706250190734863,-22.6875,30.618751525878906
1773047911856372200,11.540372314453125,-10.818750381469727,-22.575000762939453,30.712501525878906
1773047911866372400,11.550372314453124,-10.987500190734863,-22.725000381469727,30.618751525878906
1773047911876372200,11.560372314453126,-10.987500190734863,-22.725000381469727,30.525001525878906
1773047911886372400,11.570372314453126,-10.83750057220459,-22.668750762939453,30.67500114440918
1773047911896372200,11.580372314453125,-10.818750381469727,-22.61250114440918,30.375001907348633
1773047911906372400,11.590372314453125,-10.83750057220459,-22.556251525878906,30.375001907348633
1773047911916372200,11.600372314453125,-11.02500057220459,-22.443750381469727,30.375001907348633
1773047911926372400,11.610372314453125,-10.93125057220459,-22.6875,30.375001907348633
1773047911936372200,11.620372314453125,-10.950000762939453,-22.6875,30.262500762939453
1773047911946372400,11.630372314453124,-10.93125057220459,-22.70625114440918,30.243751525878906
1773047911956372200,11.640372314453124,-10.65000057220459,-22.575000762939453,30.375001907348633
1773047911966372400,11.650372314453126,-10.612500190734863,-22.78125,30.337501525878906
1773047911976372200,11.660372314453125,-10.6875,-23.025001525878906,30.543750762939453
1773047911986372400,11.670372314453125,-10.612500190734863,-22.98750114440918,30.356250762939453
1773047911996372200,11.680372314453125,-10.518750190734863,-23.231250762939453,30.225000381469727
1773047912006372400,11.690372314453125,-10.237500190734863,-22.856250762939453,30.693750381469727
1773047912016372200,11.700372314453125,-10.012500762939453,-22.98750114440918,30.95625114440918
1773047912026372400,11.710372314453124,-9.787500381469727,-22.96875,31.125001907348633
1773047912036372200,11.720372314453124,-9.90000057220459,-23.193750381469727,31.087501525878906
1773047912046372400,11.730372314453126,-10.068750381469727,-23.043750762939453,31.125001907348633
1773047912056372200,11.740372314453126,-10.106250762939453,-22.837501525878906,31.23750114440918
1773047912066372400,11.750372314453125,-10.350000381469727,-22.80000114440918,31.23750114440918
1773047912076372200,11.760372314453125,-10.27500057220459,-22.537500381469727,31.500001907348633
1773047912086372400,11.770372314453125,-10.200000762939453,-22.6875,31.218751907348633
1773047912096372200,11.780372314453125,-10.27500057220459,-22.537500381469727,31.218751907348633
1773047912106372400,11.790372314453125,-10.443750381469727,-22.387500762939453,31.031251907348633
1773047912116372200,11.800372314453124,-10.725000381469727,-22.106250762939453,31.181251525878906
1773047912126372400,11.810372314453126,-10.875,-22.087501525878906,31.068750381469727
1773047912136372200,11.820372314453126,-10.818750381469727,-22.162500381469727,30.900001525878906
1773047912146372400,11.830372314453125,-10.59375,-22.14375114440918,31.125001907348633
1773047912156372200,11.840372314453125,-10.612500190734863,-22.368751525878906,31.068750381469727
1773047912166372400,11.850372314453125,-10.818750381469727,-22.537500381469727,31.14375114440918
1773047912176372200,11.860372314453125,-10.65000057220459,-22.6875,30.95625114440918
1773047912186372400,11.870372314453125,-10.537500381469727,-22.78125,31.031251907348633
1773047912196372200,11.880372314453124,-10.293750762939453,-23.08125114440918,30.693750381469727
1773047912206372400,11.890372314453124,-9.75,-23.381250381469727,30.637500762939453
1773047912216372200,11.900372314453126,-9.581250190734863,-23.25,31.05000114440918
1773047912226372400,11.910372314453125,-9.450000762939453,-23.681251525878906,30.806251525878906
1773047912236372200,11.920372314453125,-9.487500190734863,-23.625,30.48750114440918
1773047912246372400,11.930372314453125,-9.393750190734863,-23.681251525878906,30.450000762939453
1773047912256372200,11.940372314453125,-9.61875057220459,-23.55000114440918,30.318750381469727
1773047912266372400,11.950372314453125,-9.768750190734863,-23.493751525878906,30.356250762939453
1773047912276372200,11.960372314453124,-9.90000057220459,-23.400001525878906,30.468751907348633
1773047912286372400,11.970372314453124,-10.162500381469727,-23.15625,30.58125114440918
1773047912296372200,11.980372314453126,-10.256250381469727,-23.418750762939453,30.20625114440918
1773047912306372400,11.990372314453126,-10.40625,-23.006250381469727,30.318750381469727
1773047912316372200,12.000372314453125,-10.350000381469727,-23.17500114440918,30.468751907348633
1773047912326372400,12.010372314453125,-10.481250762939453,-23.15625,30.356250762939453
1773047912336372200,12.020372314453125,-10.46250057220459,-23.15625,30.48750114440918
1773047912346372400,12.030372314453125,-10.387500762939453,-23.25,30.337501525878906
1773047912356372200,12.040372314453125,-10.3125,-23.287500381469727,30.431251525878906
1773047912366372400,12.050372314453124,-10.237500190734863,-23.34375,30.468751907348633
1773047912376372200,12.060372314453126,-10.27500057220459,-23.137500762939453,30.375001907348633
1773047912386372400,12.070372314453126,-10.237500190734863,-23.36250114440918,30.58125114440918
1773047912396372200,12.080372314453125,-10.443750381469727,-23.381250381469727,30.318750381469727
1773047912406372400,12.090372314453125,-10.537500381469727,-23.15625,30.468751907348633
1773047912416372200,12.100372314453125,-10.27500057220459,-23.15625,30.600000381469727
1773047912426372400,12.110372314453125,-10.5,-23.17500114440918,30.656251907348633
1773047912436372200,12.120372314453125,-10.387500762939453,-23.118751525878906,30.656251907348633
1773047912446372400,12.130372314453124,-10.668750762939453,-23.118751525878906,30.656251907348633
1773047912456372200,12.140372314453124,-10.575000762939453,-23.212501525878906,30.843751907348633
1773047912466372400,12.150372314453126,-10.706250190734863,-23.043750762939453,30.543750762939453
1773047912476372200,12.160372314453125,-10.55625057220459,-22.856250762939453,30.787500381469727
1773047912486372400,12.170372314453125,-10.537500381469727,-22.931251525878906,30.731250762939453
1773047912496372200,12.180372314453125,-10.912500381469727,-22.98750114440918,30.412500381469727
1773047912506372400,12.190372314453125,-10.912500381469727,-22.96875,30.356250762939453
1773047912516372200,12.200372314453125,-10.912500381469727,-23.043750762939453,30.468751907348633
1773047912526372400,12.210372314453124,-10.818750381469727,-23.043750762939453,30.431251525878906
1773047912536372200,12.220372314453124,-11.0625,-23.025001525878906,30.243751525878906
1773047912546372400,12.230372314453126,-11.02500057220459,-23.137500762939453,30.225000381469727
1773047912556372200,12.240372314453126,-11.081250190734863,-23.17500114440918,30.187501907348633
1773047912566372400,12.250372314453125,-11.081250190734863,-23.100000381469727,29.92500114440918
1773047912576372200,12.260372314453125,-10.83750057220459,-23.15625,29.906251907348633
1773047912586372400,12.270372314453125,-10.818750381469727,-23.118751525878906,29.756250381469727
1773047912596372200,12.280372314453125,-11.081250190734863,-22.856250762939453,29.493751525878906
1773047912606372400,12.290372314453125,-11.30625057220459,-22.725000381469727,29.26875114440918
1773047912616372200,12.300372314453124,-11.15625,-22.556251525878906,29.306251525878906
1773047912626372400,12.310372314453126,-10.950000762939453,-22.556251525878906,29.587501525878906
1773047912636372200,12.320372314453126,-11.100000381469727,-22.42500114440918,29.625001907348633
1773047912646372400,12.330372314453125,-11.15625,-22.33125114440918,29.793750762939453
1773047912656372200,12.340372314453125,-11.475000381469727,-21.9375,29.981250762939453
1773047912666372400,12.350372314453125,-11.512500762939453,-21.806251525878906,30.150001525878906
1773047912676372200,12.360372314453125,-11.30625057220459,-21.918750762939453,30.075000762939453
1773047912686372400,12.370372314453125,-11.081250190734863,-21.900001525878906,30.262500762939453
1773047912696372200,12.380372314453124,-11.287500381469727,-21.86250114440918,30.356250762939453
1773047912706372400,12.390372314453124,-11.606250762939453,-21.693750381469727,30.168750762939453
1773047912716372200,12.400372314453126,-11.475000381469727,-21.806251525878906,30.168750762939453
1773047912726372400,12.410372314453125,-11.25,-21.731250762939453,30.356250762939453
1773047912736372200,12.420372314453125,-10.83750057220459,-22.162500381469727,30.39375114440918
1773047912746372400,12.430372314453125,-10.59375,-22.443750381469727,30.431251525878906
1773047912756372200,12.440372314453125,-10.40625,-22.462501525878906,30.731250762939453
1773047912766372400,12.450372314453125,-10.237500190734863,-22.40625,30.918750762939453
1773047912776372200,12.460372314453124,-10.068750381469727,-22.443750381469727,31.031251907348633
1773047912786372400,12.470372314453124,-9.787500381469727,-22.631250381469727,31.23750114440918
1773047912796372200,12.480372314453126,-9.543750762939453,-22.51875114440918,31.481250762939453
1773047912806372400,12.490372314453126,-9.5625,-22.387500762939453,31.556251525878906
1773047912816372200,12.500372314453125,-9.693750381469727,-22.14375114440918,31.668750762939453
1773047912826372400,12.510372314453125,-9.65625,-21.975000381469727,31.762500762939453
1773047912836372200,12.520372314453125,-9.956250190734863,-21.58125114440918,31.912500381469727
1773047912846372400,12.530372314453125,-9.881250381469727,-21.412500381469727,31.875001907348633
1773047912856372200,12.540372314453125,-9.693750381469727,-21.48750114440918,32.08125305175781
1773047912866372400,12.550372314453124,-9.52500057220459,-21.168750762939453,32.19375228881836
1773047912876372200,12.560372314453126,-9.75,-21.09375,32.17500305175781
1773047912886372400,12.570372314453126,-9.75,-21.150001525878906,32.32500076293945
1773047912896372200,12.580372314453125,-9.65625,-21.09375,32.41875076293945
1773047912906372400,12.590372314453125,-9.9375,-21.01875114440918,32.32500076293945
1773047912916372200,12.600372314453125,-9.918750762939453,-21.20625114440918,32.19375228881836
1773047912926372400,12.610372314453125,-10.050000190734863,-21.412500381469727,31.98750114440918
1773047912936372200,12.620372314453125,-10.350000381469727,-21.20625114440918,31.781251907348633
1773047912946372400,12.630372314453124,-10.36875057220459,-21.412500381469727,31.443750381469727
1773047912956372200,12.640372314453124,-10.55625057220459,-21.46875,31.33125114440918
1773047912966372400,12.650372314453126,-10.74375057220459,-21.318750381469727,31.33125114440918
1773047912976372200,12.660372314453125,-11.11875057220459,-21.20625114440918,31.200000762939453
1773047912986372400,12.670372314453125,-11.175000190734863,-20.662500381469727,31.593751907348633
1773047912996372200,12.680372314453125,-14.981250762939453,-23.793750762939453,33.95625305175781
1773047913006372400,12.690372314453125,-15.393750190734863,-23.475000381469727,34.05000305175781
1773047913016372200,12.700372314453125,-15.43125057220459,-23.287500381469727,33.95625305175781
1773047913026372400,12.710372314453124,-15.862500190734863,-22.818750381469727,34.20000076293945
1773047913036372200,12.720372314453124,-15.731250762939453,-22.631250381469727,34.14375305175781
1773047913046372400,12.730372314453126,-15.80625057220459,-22.462501525878906,33.9375
1773047913056372200,12.740372314453126,-15.787500381469727,-22.3125,33.78750228881836
1773047913066372400,12.750372314453125,-15.99375057220459,-22.51875114440918,33.431251525878906
1773047913076372200,12.760372314453125,-15.881250381469727,-22.59375,33.54375076293945
1773047913086372400,12.770372314453125,-15.881250381469727,-22.70625114440918,33.39375305175781
1773047913096372200,12.780372314453125,-15.937500953674316,-22.51875114440918,33.35625076293945
1773047913106372400,12.790372314453125,-16.012500762939453,-22.875,33.26250076293945
1773047913116372200,12.800372314453124,-16.03125,-23.006250381469727,33.13125228881836
1773047913126372400,12.810372314453126,-16.181251525878906,-23.025001525878906,33.150001525878906
1773047913136372200,12.820372314453126,-15.956250190734863,-22.818750381469727,33.31875228881836
1773047913146372400,12.830372314453125,-15.675000190734863,-22.875,33.16875076293945
1773047913156372200,12.840372314453125,-15.956250190734863,-22.856250762939453,32.775001525878906
1773047913166372400,12.850372314453125,-15.675000190734863,-22.875,32.73750305175781
1773047913176372200,12.860372314453125,-15.843750953674316,-23.25,32.493751525878906
1773047913186372400,12.870372314453125,-16.012500762939453,-22.89375114440918,32.34375
1773047913196372200,12.880372314453124,-16.293750762939453,-22.70625114440918,32.400001525878906
1773047913206372400,12.890372314453124,-16.3125,-22.556251525878906,32.38125228881836
1773047913216372200,12.900372314453126,-16.650001525878906,-22.575000762939453,32.32500076293945
1773047913226372400,12.910372314453125,-16.78125,-22.256250381469727,32.51250076293945
1773047913236372200,12.920372314453125,-16.631250381469727,-22.125,32.775001525878906
1773047913246372400,12.930372314453125,-16.96875,-21.86250114440918,32.962501525878906
1773047913256372200,12.940372314453125,-16.856250762939453,-21.712501525878906,32.92500305175781
1773047913266372400,12.950372314453125,-16.818750381469727,-21.900001525878906,32.868751525878906
1773047913276372200,12.960372314453124,-16.631250381469727,-21.67500114440918,33.150001525878906
1773047913286372400,12.970372314453124,-16.575000762939453,-22.05000114440918,33.13125228881836
1773047913296372200,12.980372314453126,-16.33125114440918,-22.443750381469727,32.85000228881836
1773047913306372400,12.990372314453126,-16.21875,-22.61250114440918,32.79375076293945
1773047913316372200,13.000372314453125,-16.21875,-22.950000762939453,32.79375076293945
1773047913326372400,13.010372314453125,-16.05000114440918,-23.15625,32.775001525878906
1773047913336372200,13.020372314453125,-16.03125,-23.137500762939453,33.11250305175781
1773047913346372400,13.030372314453125,-15.90000057220459,-22.98750114440918,33.431251525878906
1773047913356372200,13.040372314453125,-16.106250762939453,-23.006250381469727,33.28125
1773047913366372400,13.050372314453124,-15.90000057220459,-22.856250762939453,33.22500228881836
1773047913376372200,13.060372314453126,-15.787500381469727,-22.668750762939453,33.375
1773047913386372400,13.070372314453126,-15.52500057220459,-22.856250762939453,33.525001525878906
1773047913396372200,13.080372314453125,-15.750000953674316,-22.61250114440918,33.63750076293945
1773047913406372400,13.090372314453125,-15.80625057220459,-22.537500381469727,33.67500305175781
1773047913416372200,13.100372314453125,-15.731250762939453,-22.631250381469727,33.5625
1773047913426372400,13.110372314453125,-15.43125057220459,-22.725000381469727,33.375
1773047913436372200,13.120372314453125,-15.300000190734863,-22.98750114440918,33.150001525878906
1773047913446372400,13.130372314453124,-15.43125057220459,-22.78125,33.13125228881836
1773047913456372200,13.140372314453124,-15.543750762939453,-22.931251525878906,33.13125228881836
1773047913466372400,13.150372314453126,-15.843750953674316,-22.61250114440918,33.13125228881836
1773047913476372200,13.160372314453125,-15.862500190734863,-22.70625114440918,32.90625
1773047913486372400,13.170372314453125,-15.487500190734863,-22.78125,32.962501525878906
1773047913496372200,13.180372314453125,-15.52500057220459,-22.818750381469727,33.07500076293945
1773047913506372400,13.190372314453125,-15.843750953674316,-22.837501525878906,33.09375
1773047913516372200,13.200372314453125,-15.787500381469727,-22.89375114440918,33.22500228881836
1773047913526372400,13.210372314453124,-15.787500381469727,-23.100000381469727,33.26250076293945
1773047913536372200,13.220372314453124,-15.825000762939453,-23.006250381469727,33.337501525878906
1773047913546372400,13.230372314453126,-15.843750953674316,-23.26875114440918,33.16875076293945
1773047913556372200,13.240372314453126,-15.656250953674316,-23.231250762939453,33.375
1773047913566372400,13.250372314453125,-15.975000381469727,-23.34375,33.22500228881836
1773047913576372200,13.260372314453125,-16.087501525878906,-23.137500762939453,33.16875076293945
1773047913586372400,13.270372314453125,-16.162500381469727,-23.100000381469727,33.03750228881836
1773047913596372200,13.280372314453125,-16.14375114440918,-22.912500381469727,33.03750228881836
1773047913606372400,13.290372314453125,-16.068750381469727,-22.89375114440918,32.88750076293945
1773047913616372200,13.300372314453124,-16.21875,-22.912500381469727,32.75625228881836
1773047913626372400,13.310372314453126,-16.293750762939453,-22.6875,32.85000228881836
1773047913636372200,13.320372314453126,-16.33125114440918,-22.650001525878906,32.70000076293945
1773047913646372400,13.330372314453125,-16.275001525878906,-22.59375,32.681251525878906
1773047913656372200,13.340372314453125,-16.14375114440918,-22.668750762939453,32.85000228881836
1773047913666372400,13.350372314453125,-15.90000057220459,-22.818750381469727,32.79375076293945
1773047913676372200,13.360372314453125,-15.956250190734863,-22.912500381469727,32.775001525878906
1773047913686372400,13.370372314453125,-16.087501525878906,-22.931251525878906,32.868751525878906
1773047913696372200,13.380372314453124,-16.012500762939453,-22.89375114440918,32.8125
1773047913706372400,13.390372314453124,-16.012500762939453,-22.837501525878906,32.60625076293945
1773047913716372200,13.400372314453126,-15.90000057220459,-22.931251525878906,32.38125228881836
1773047913726372400,13.410372314453125,-15.975000381469727,-22.668750762939453,32.4375
1773047913736372200,13.420372314453125,-15.918750762939453,-22.575000762939453,32.36250305175781
1773047913746372400,13.430372314453125,-15.731250762939453,-22.537500381469727,32.306251525878906
1773047913756372200,13.440372314453125,-15.787500381469727,-22.575000762939453,32.15625
1773047913766372400,13.450372314453125,-15.787500381469727,-22.743751525878906,31.931251525878906
1773047913776372200,13.460372314453124,-15.956250190734863,-22.6875,31.818750381469727
1773047913786372400,13.470372314453124,-15.956250190734863,-22.931251525878906,31.931251525878906
1773047913796372200,13.480372314453126,-16.200000762939453,-22.6875,31.98750114440918
1773047913806372400,13.490372314453126,-15.99375057220459,-22.931251525878906,31.968751907348633
1773047913816372200,13.500372314453125,-16.068750381469727,-23.025001525878906,31.837501525878906
1773047913826372400,13.510372314453125,-16.087501525878906,-23.006250381469727,32.118751525878906
1773047913836372200,13.520372314453125,-16.087501525878906,-23.043750762939453,32.19375228881836
1773047913846372400,13.530372314453125,-16.14375114440918,-22.931251525878906,32.28750228881836
1773047913856372200,13.540372314453125,-15.99375057220459,-23.025001525878906,32.53125
1773047913866372400,13.550372314453124,-15.862500190734863,-22.931251525878906,32.587501525878906
1773047913876372200,13.560372314453126,-15.506250381469727,-23.306251525878906,32.681251525878906
1773047913886372400,13.570372314453126,-15.656250953674316,-23.400001525878906,32.83125305175781
1773047913896372200,13.580372314453125,-15.656250953674316,-23.4375,32.681251525878906
1773047913906372400,13.590372314453125,-15.90000057220459,-23.287500381469727,32.79375076293945
1773047913916372200,13.600372314453125,-15.750000953674316,-23.325000762939453,32.79375076293945
1773047913926372400,13.610372314453125,-15.506250381469727,-23.306251525878906,32.8125
1773047913936372200,13.620372314453125,-15.468750953674316,-23.493751525878906,32.8125
1773047913946372400,13.630372314453124,-15.543750762939453,-23.45625114440918,32.868751525878906
1773047913956372200,13.640372314453124,-15.768750190734863,-23.36250114440918,32.8125
1773047913966372400,13.650372314453126,-15.750000953674316,-23.34375,32.625
1773047913976372200,13.660372314453125,-15.90000057220459,-23.4375,33
1773047913986372400,13.670372314453125,-15.750000953674316,-23.681251525878906,32.83125305175781
1773047913996372200,13.680372314453125,-15.862500190734863,-23.700000762939453,32.94375228881836
1773047914006372400,13.690372314453125,-16.05000114440918,-23.662500381469727,32.90625
1773047914016372200,13.700372314453125,-15.918750762939453,-23.475000381469727,32.775001525878906
1773047914026372400,13.710372314453124,-15.918750762939453,-23.587501525878906,32.79375076293945
1773047914036372200,13.720372314453124,-15.881250381469727,-23.625,32.90625
1773047914046372400,13.730372314453126,-15.80625057220459,-23.493751525878906,32.962501525878906
1773047914056372200,13.740372314453126,-15.881250381469727,-23.493751525878906,32.66250228881836
1773047914066372400,13.750372314453125,-16.106250762939453,-23.193750381469727,32.79375076293945
1773047914076372200,13.760372314453125,-15.918750762939453,-23.137500762939453,32.83125305175781
1773047914086372400,13.770372314453125,-15.862500190734863,-23.0625,32.90625
1773047914096372200,13.780372314453125,-16.05000114440918,-23.306251525878906,32.98125076293945
1773047914106372400,13.790372314453125,-16.03125,-23.193750381469727,32.8125
1773047914116372200,13.800372314453124,-16.33125114440918,-23.006250381469727,32.85000228881836
1773047914126372400,13.810372314453126,-16.33125114440918,-23.26875114440918,32.681251525878906
1773047914136372200,13.820372314453126,-15.956250190734863,-23.25,32.8125
1773047914146372400,13.830372314453125,-15.787500381469727,-23.400001525878906,32.66250228881836
1773047914156372200,13.840372314453125,-15.956250190734863,-23.306251525878906,32.56875228881836
1773047914166372400,13.850372314453125,-15.90000057220459,-23.287500381469727,32.71875
1773047914176372200,13.860372314453125,-15.787500381469727,-23.025001525878906,32.98125076293945
1773047914186372400,13.870372314453125,-15.71250057220459,-23.325000762939453,32.88750076293945
1773047914196372200,13.880372314453124,-15.24375057220459,-23.568750381469727,32.85000228881836
1773047914206372400,13.890372314453124,-15.468750953674316,-23.587501525878906,33
1773047914216372200,13.900372314453126,-15.543750762939453,-23.53125,33.07500076293945
1773047914226372400,13.910372314453125,-15.637500762939453,-23.662500381469727,33.16875076293945
1773047914236372200,13.920372314453125,-15.675000190734863,-23.662500381469727,33.243751525878906
1773047914246372400,13.930372314453125,-15.768750190734863,-23.8125,33.13125228881836
1773047914256372200,13.940372314453125,-15.975000381469727,-23.962501525878906,32.79375076293945
1773047914266372400,13.950372314453125,-16.087501525878906,-23.71875,33.1875
1773047914276372200,13.960372314453124,-16.350000381469727,-23.662500381469727,33.28125
1773047914286372400,13.970372314453124,-16.087501525878906,-23.587501525878906,33.46875
1773047914296372200,13.980372314453126,-15.881250381469727,-23.587501525878906,33.431251525878906
1773047914306372400,13.990372314453126,-15.750000953674316,-23.700000762939453,33.337501525878906
1773047914316372200,14.000372314453125,-15.562500953674316,-23.8125,33.46875
1773047914326372400,14.010372314453125,-15.412500381469727,-24.01875114440918,33.431251525878906
1773047914336372200,14.020372314453125,-15.075000762939453,-23.90625,33.67500305175781
1773047914346372400,14.030372314453125,-15.093750953674316,-23.981250762939453,33.60000228881836
1773047914356372200,14.040372314453125,-14.887500762939453,-24.093751907348633,33.50625228881836
1773047914366372400,14.050372314453124,-14.793750762939453,-24.281251907348633,33.01875305175781
1773047914376372200,14.060372314453126,-14.86875057220459,-24.375001907348633,32.962501525878906
1773047914386372400,14.070372314453126,-15.075000762939453,-24.131250381469727,32.90625
1773047914396372200,14.080372314453125,-14.850000381469727,-24,32.98125076293945
1773047914406372400,14.090372314453125,-14.96250057220459,-23.868751525878906,32.98125076293945
1773047914416372200,14.100372314453125,-14.906250953674316,-24.131250381469727,32.90625
1773047914426372400,14.110372314453125,-14.756250381469727,-24.243751525878906,32.962501525878906
1773047914436372200,14.120372314453125,-14.58750057220459,-24.131250381469727,33.20625305175781
1773047914446372400,14.130372314453124,-14.77500057220459,-24.075000762939453,33.48750305175781
1773047914456372200,14.140372314453124,-14.96250057220459,-24.131250381469727,33.54375076293945
1773047914466372400,14.150372314453126,-14.662500381469727,-24.318750381469727,33.45000076293945
1773047914476372200,14.160372314453125,-15.037500381469727,-24.39375114440918,33.28125
1773047914486372400,14.170372314453125,-15.206250190734863,-24.58125114440918,33.11250305175781
1773047914496372200,14.180372314453125,-15.206250190734863,-24.375001907348633,33.26250076293945
1773047914506372400,14.190372314453125,-15.131250381469727,-24.30000114440918,33.01875305175781
1773047914516372200,14.200372314453125,-15.487500190734863,-24.450000762939453,32.79375076293945
1773047914526372400,14.210372314453124,-15.393750190734863,-24.225000381469727,32.868751525878906
1773047914536372200,14.220372314453124,-15.24375057220459,-24.168750762939453,32.79375076293945
1773047914546372400,14.230372314453126,-15.52500057220459,-24.281251907348633,32.962501525878906
1773047914556372200,14.240372314453126,-15.356250762939453,-24.412500381469727,32.962501525878906
1773047914566372400,14.250372314453125,-15.018750190734863,-24.131250381469727,33.056251525878906
1773047914576372200,14.260372314453125,-15.131250381469727,-24.262500762939453,32.79375076293945
1773047914586372400,14.270372314453125,-15.281250953674316,-24.618751525878906,32.92500305175781
1773047914596372200,14.280372314453125,-15.356250762939453,-24.356250762939453,32.92500305175781
1773047914606372400,14.290372314453125,-15.543750762939453,-24.543750762939453,32.868751525878906
1773047914616372200,14.300372314453124,-15.693750381469727,-24.76875114440918,32.73750305175781
1773047914626372400,14.310372314453126,-15.487500190734863,-24.67500114440918,32.88750076293945
1773047914636372200,14.320372314453126,-15.71250057220459,-24.450000762939453,32.94375228881836
1773047914646372400,14.330372314453125,-15.825000762939453,-24.67500114440918,32.92500305175781
1773047914656372200,14.340372314453125,-15.918750762939453,-24.543750762939453,32.85000228881836
1773047914666372400,14.350372314453125,-16.012500762939453,-24.375001907348633,32.73750305175781
1773047914676372200,14.360372314453125,-16.03125,-24.30000114440918,32.775001525878906
1773047914686372400,14.370372314453125,-16.125,-24.187501907348633,32.53125
1773047914696372200,14.380372314453124,-16.293750762939453,-23.700000762939453,32.51250076293945
1773047914706372400,14.390372314453124,-16.40625,-23.45625114440918,32.41875076293945
1773047914716372200,14.400372314453126,-16.443750381469727,-23.15625,32.23125076293945
1773047914726372400,14.410372314453125,-16.5,-22.950000762939453,32.587501525878906
1773047914736372200,14.420372314453125,-16.443750381469727,-22.762500762939453,32.79375076293945
1773047914746372400,14.430372314453125,-16.200000762939453,-22.5,32.962501525878906
1773047914756372200,14.440372314453125,-15.80625057220459,-22.5,33.150001525878906
1773047914766372400,14.450372314453125,-15.52500057220459,-22.462501525878906,33.431251525878906
1773047914776372200,14.460372314453124,-15.262500762939453,-22.575000762939453,33.75
1773047914786372400,14.470372314453124,-15.112500190734863,-22.650001525878906,33.95625305175781
1773047914796372200,14.480372314453126,-15.131250381469727,-23.043750762939453,33.993751525878906
1773047914806372400,14.490372314453126,-15.168750762939453,-23.025001525878906,33.78750228881836
1773047914816372200,14.500372314453125,-15.112500190734863,-23.08125114440918,33.84375
1773047914826372400,14.510372314453125,-15.093750953674316,-23.212501525878906,33.525001525878906
1773047914836372200,14.520372314453125,-15.187500953674316,-23.53125,33.20625305175781
1773047914846372400,14.530372314453125,-15.300000190734863,-23.606250762939453,33.243751525878906
1773047914856372200,14.540372314453125,-15.262500762939453,-23.90625,33.03750228881836
1773047914866372400,14.550372314453124,-15.206250190734863,-24.30000114440918,32.83125305175781
1773047914876372200,14.560372314453126,-15.000000953674316,-24.337501525878906,32.79375076293945
1773047914886372400,14.570372314453126,-14.925000190734863,-24.543750762939453,32.92500305175781
1773047914896372200,14.580372314453125,-14.925000190734863,-24.637500762939453,32.868751525878906
1773047914906372400,14.590372314453125,-15.131250381469727,-24.618751525878906,33.09375
1773047914916372200,14.600372314453125,-15.05625057220459,-24.543750762939453,33.056251525878906
1773047914926372400,14.610372314453125,-15.468750953674316,-24.30000114440918,33.11250305175781
1773047914936372200,14.620372314453125,-15.693750381469727,-24.037500381469727,33.243751525878906
1773047914946372400,14.630372314453124,-15.731250762939453,-23.92500114440918,33.20625305175781
1773047914956372200,14.640372314453124,-15.675000190734863,-24.01875114440918,33.22500228881836
1773047914966372400,14.650372314453126,-15.450000762939453,-23.850000381469727,33.07500076293945
1773047914976372200,14.660372314453125,-15.33750057220459,-24.037500381469727,32.83125305175781
1773047914986372400,14.670372314453125,-15.33750057220459,-24.131250381469727,33
1773047914996372200,14.680372314453125,-15.450000762939453,-23.92500114440918,33.11250305175781
1773047915006372400,14.690372314453125,-15.112500190734863,-24.131250381469727,32.90625
1773047915016372200,14.700372314453125,-15.168750762939453,-24.356250762939453,32.85000228881836
1773047915026372400,14.710372314453124,-15.225000381469727,-24.187501907348633,32.8125
1773047915036372200,14.720372314453124,-15.24375057220459,-24.075000762939453,32.88750076293945
1773047915046372400,14.730372314453126,-15.487500190734863,-24.243751525878906,32.98125076293945
1773047915056372200,14.740372314453126,-15.562500953674316,-23.981250762939453,33.30000305175781
1773047915066372400,14.750372314453125,-15.43125057220459,-24.11250114440918,33.13125228881836
1773047915076372200,14.760372314453125,-15.393750190734863,-24.337501525878906,33.20625305175781
1773047915086372400,14.770372314453125,-15.15000057220459,-24.168750762939453,33.26250076293945
1773047915096372200,14.780372314453125,-15.000000953674316,-24.11250114440918,33.056251525878906
1773047915106372400,14.790372314453125,-14.831250190734863,-24.075000762939453,33.07500076293945
1773047915116372200,14.800372314453124,-14.850000381469727,-24.056251525878906,33.13125228881836
1773047915126372400,14.810372314453126,-14.981250762939453,-24.150001525878906,33.09375
1773047915136372200,14.820372314453126,-14.906250953674316,-24.525001525878906,32.92500305175781
1773047915146372400,14.830372314453125,-14.793750762939453,-24.168750762939453,33.07500076293945
1773047915156372200,14.840372314453125,-14.737500190734863,-23.8125,33.03750228881836
1773047915166372400,14.850372314453125,-14.700000762939453,-24.168750762939453,32.962501525878906
1773047915176372200,14.860372314453125,-14.718750953674316,-24.243751525878906,33.28125
1773047915186372400,14.870372314453125,-14.793750762939453,-24.356250762939453,33.35625076293945
1773047915196372200,14.880372314453124,-14.68125057220459,-24.30000114440918,33.337501525878906
1773047915206372400,14.890372314453124,-14.381250381469727,-24.11250114440918,33.22500228881836
1773047915216372200,14.900372314453126,-14.381250381469727,-23.943750381469727,33.150001525878906
1773047915226372400,14.910372314453125,-14.531250953674316,-24.225000381469727,33.16875076293945
1773047915236372200,14.920372314453125,-14.643750190734863,-24.450000762939453,33.13125228881836
1773047915246372400,14.930372314453125,-14.887500762939453,-24.131250381469727,33.150001525878906
1773047915256372200,14.940372314453125,-14.943750381469727,-23.92500114440918,33
1773047915266372400,14.950372314453125,-15.281250953674316,-23.83125114440918,32.868751525878906
1773047915276372200,14.960372314453124,-15.52500057220459,-23.943750381469727,32.73750305175781
1773047915286372400,14.970372314453124,-15.693750381469727,-23.756250381469727,32.73750305175781
1773047915296372200,14.980372314453126,-15.787500381469727,-23.625,32.70000076293945
1773047915306372400,14.990372314453126,-15.600000381469727,-23.700000762939453,32.47500228881836
1773047915316372200,15.000372314453125,-15.450000762939453,-23.681251525878906,32.60625076293945
1773047915326372400,15.010372314453125,-15.281250953674316,-23.8125,32.56875228881836
1773047915336372200,15.020372314453125,-15.206250190734863,-23.662500381469727,32.587501525878906
1773047915346372400,15.030372314453125,-14.812500953674316,-23.793750762939453,32.47500228881836
1773047915356372200,15.040372314453125,-14.531250953674316,-23.793750762939453,32.56875228881836
1773047915366372400,15.050372314453124,-14.550000190734863,-24.075000762939453,32.775001525878906
1773047915376372200,15.060372314453126,-14.58750057220459,-24.056251525878906,32.868751525878906
1773047915386372400,15.070372314453126,-14.831250190734863,-23.962501525878906,32.868751525878906
1773047915396372200,15.080372314453125,-14.906250953674316,-23.83125114440918,32.775001525878906
1773047915406372400,15.090372314453125,-15.000000953674316,-24,32.83125305175781
1773047915416372200,15.100372314453125,-14.925000190734863,-24.39375114440918,32.775001525878906
1773047915426372400,15.110372314453125,-15.018750190734863,-24.412500381469727,32.868751525878906
1773047915436372200,15.120372314453125,-14.831250190734863,-24.187501907348633,33.11250305175781
1773047915446372400,15.130372314453124,-14.475000381469727,-24.281251907348633,33.16875076293945
1773047915456372200,15.140372314453124,-14.475000381469727,-24.281251907348633,33.16875076293945
1773047915466372400,15.150372314453126,-14.531250953674316,-24.30000114440918,33.28125
1773047915476372200,15.160372314453125,-14.362500190734863,-24.58125114440918,33.150001525878906
1773047915486372400,15.170372314453125,-14.40000057220459,-24.30000114440918,33.243751525878906
1773047915496372200,15.180372314453125,-14.49375057220459,-24.056251525878906,33.337501525878906
1773047915506372400,15.190372314453125,-14.437500953674316,-24.056251525878906,33.30000305175781
1773047915516372200,15.200372314453125,-14.906250953674316,-24.281251907348633,32.8125
1773047915526372400,15.210372314453124,-15.375000953674316,-23.887500762939453,32.681251525878906
1773047915536372200,15.220372314453124,-15.375000953674316,-24.01875114440918,32.51250076293945
1773047915546372400,15.230372314453126,-15.33750057220459,-23.981250762939453,32.4375
1773047915556372200,15.240372314453126,-15.43125057220459,-23.793750762939453,32.60625076293945
1773047915566372400,15.250372314453125,-15.093750953674316,-23.943750381469727,32.55000305175781
1773047915576372200,15.260372314453125,-15.281250953674316,-23.943750381469727,32.70000076293945
1773047915586372400,15.270372314453125,-15.300000190734863,-24,32.625
1773047915596372200,15.280372314453125,-15.112500190734863,-23.8125,32.868751525878906
1773047915606372400,15.290372314453125,-15.018750190734863,-23.981250762939453,32.70000076293945
1773047915616372200,15.300372314453124,-14.96250057220459,-24.11250114440918,32.92500305175781
1773047915626372400,15.310372314453126,-14.925000190734863,-23.90625,33.13125228881836
1773047915636372200,15.320372314453126,-14.850000381469727,-23.981250762939453,32.90625
1773047915646372400,15.330372314453125,-15.206250190734863,-23.71875,32.94375228881836
1773047915656372200,15.340372314453125,-14.96250057220459,-23.756250381469727,32.51250076293945
1773047915666372400,15.350372314453125,-15.33750057220459,-23.55000114440918,32.493751525878906
1773047915676372200,15.360372314453125,-15.206250190734863,-23.606250762939453,32.60625076293945
1773047915686372400,15.370372314453125,-15.018750190734863,-23.662500381469727,32.51250076293945
1773047915696372200,15.380372314453124,-15.037500381469727,-23.64375114440918,32.36250305175781
1773047915706372400,15.390372314453124,-14.96250057220459,-23.850000381469727,32.04375076293945
1773047915716372200,15.400372314453126,-15.018750190734863,-24.01875114440918,32.025001525878906
1773047915726372400,15.410372314453125,-14.906250953674316,-24.243751525878906,32.0625
1773047915736372200,15.420372314453125,-14.887500762939453,-24.431251525878906,32.32500076293945
1773047915746372400,15.430372314453125,-14.718750953674316,-24.600000381469727,32.51250076293945
1773047915756372200,15.440372314453125,-14.86875057220459,-24.67500114440918,32.4375
1773047915766372400,15.450372314453125,-14.981250762939453,-24.731250762939453,32.51250076293945
1773047915776372200,15.460372314453124,-14.96250057220459,-24.825000762939453,32.75625228881836
1773047915786372400,15.470372314453124,-15.131250381469727,-24.806251525878906,32.90625
1773047915796372200,15.480372314453126,-15.281250953674316,-24.843751907348633,33.13125228881836
1773047915806372400,15.490372314453126,-15.33750057220459,-24.918750762939453,33.07500076293945
1773047915816372200,15.500372314453125,-15.375000953674316,-24.843751907348633,32.75625228881836
1773047915826372400,15.510372314453125,-15.487500190734863,-24.67500114440918,32.92500305175781
1773047915836372200,15.520372314453125,-15.356250762939453,-24.525001525878906,33.16875076293945
1773047915846372400,15.530372314453125,-15.487500190734863,-24.525001525878906,33.375
1773047915856372200,15.540372314453125,-15.61875057220459,-24.30000114440918,33.41250228881836
1773047915866372400,15.550372314453124,-15.506250381469727,-24.168750762939453,33.50625228881836
1773047915876372200,15.560372314453126,-15.543750762939453,-24,33.45000076293945
1773047915886372400,15.570372314453126,-15.506250381469727,-23.887500762939453,33.50625228881836
1773047915896372200,15.580372314453125,-15.52500057220459,-23.90625,33.76875305175781
1773047915906372400,15.590372314453125,-15.093750953674316,-24.01875114440918,33.54375076293945
1773047915916372200,15.600372314453125,-15.33750057220459,-24.131250381469727,33.13125228881836
1773047915926372400,15.610372314453125,-15.093750953674316,-23.92500114440918,33.150001525878906
1773047915936372200,15.620372314453125,-14.925000190734863,-24.187501907348633,32.94375228881836
1773047915946372400,15.630372314453124,-14.887500762939453,-24.037500381469727,32.85000228881836
1773047915956372200,15.640372314453124,-14.625000953674316,-23.943750381469727,32.92500305175781
1773047915966372400,15.650372314453126,-14.381250381469727,-24.093751907348633,32.85000228881836
1773047915976372200,15.660372314453125,-14.512500762939453,-23.981250762939453,32.88750076293945
1773047915986372400,15.670372314453125,-14.625000953674316,-24.150001525878906,32.85000228881836
1773047915996372200,15.680372314453125,-14.512500762939453,-24.075000762939453,33.1875
1773047916006372400,15.690372314453125,-14.625000953674316,-24.150001525878906,33.11250305175781
1773047916016372200,15.700372314453125,-14.925000190734863,-24.150001525878906,33.056251525878906
1773047916026372400,15.710372314453124,-15.037500381469727,-24.412500381469727,32.94375228881836
1773047916036372200,15.720372314453124,-15.281250953674316,-24.375001907348633,32.775001525878906
1773047916046372400,15.730372314453126,-15.52500057220459,-24.412500381469727,32.64375305175781
1773047916056372200,15.740372314453126,-15.450000762939453,-24.58125114440918,32.587501525878906
1773047916066372400,15.750372314453125,-15.543750762939453,-24.093751907348633,32.90625
1773047916076372200,15.760372314453125,-15.675000190734863,-24.187501907348633,32.775001525878906
1773047916086372400,15.770372314453125,-15.412500381469727,-24.225000381469727,32.64375305175781
1773047916096372200,15.780372314453125,-15.206250190734863,-23.90625,32.73750305175781
1773047916106372400,15.790372314453125,-15.168750762939453,-23.71875,33.056251525878906
1773047916116372200,15.800372314453124,-14.86875057220459,-23.83125114440918,33.150001525878906
1773047916126372400,15.810372314453126,-14.86875057220459,-23.83125114440918,33.1875
1773047916136372200,15.820372314453126,-14.700000762939453,-23.83125114440918,33.03750228881836
1773047916146372400,15.830372314453125,-14.793750762939453,-23.8125,33.01875305175781
1773047916156372200,15.840372314453125,-14.718750953674316,-23.8125,32.75625228881836
1773047916166372400,15.850372314453125,-15.018750190734863,-24.01875114440918,32.85000228881836
1773047916176372200,15.860372314453125,-14.906250953674316,-24.356250762939453,32.94375228881836
1773047916186372400,15.870372314453125,-14.77500057220459,-24.600000381469727,32.625
1773047916196372200,15.880372314453124,-14.925000190734863,-24.656251907348633,32.587501525878906
1773047916206372400,15.890372314453124,-14.718750953674316,-24.656251907348633,32.90625
1773047916216372200,15.900372314453126,-14.737500190734863,-24.412500381469727,33.03750228881836
1773047916226372400,15.910372314453125,-14.550000190734863,-24.67500114440918,32.868751525878906
1773047916236372200,15.920372314453125,-14.418750762939453,-24.656251907348633,33.22500228881836
1773047916246372400,15.930372314453125,-14.662500381469727,-24.48750114440918,33.07500076293945
1773047916256372200,15.940372314453125,-14.756250381469727,-24.11250114440918,33.20625305175781
1773047916266372400,15.950372314453125,-15.05625057220459,-23.887500762939453,33.35625076293945
1773047916276372200,15.960372314453124,-15.131250381469727,-24.037500381469727,33.09375
1773047916286372400,15.970372314453124,-15.112500190734863,-23.981250762939453,32.775001525878906
1773047916296372200,15.980372314453126,-15.05625057220459,-24.243751525878906,32.70000076293945
1773047916306372400,15.990372314453126,-15.075000762939453,-24.262500762939453,32.681251525878906
1773047916316372200,16.000372314453124,-15.05625057220459,-24.281251907348633,32.4375
1773047916326372400,16.010372314453125,-14.906250953674316,-24.262500762939453,32.45625305175781
1773047916336372200,16.020372314453127,-14.943750381469727,-24.618751525878906,32.10000228881836
1773047916346372400,16.030372314453125,-14.756250381469727,-24.731250762939453,32.15625
1773047916356372200,16.040372314453126,-14.531250953674316,-24.450000762939453,32.41875076293945
1773047916366372400,16.050372314453124,-14.625000953674316,-24.468751907348633,32.625
1773047916376372200,16.060372314453126,-14.643750190734863,-24.337501525878906,32.85000228881836
1773047916386372400,16.070372314453124,-14.625000953674316,-24.318750381469727,32.83125305175781
1773047916396372200,16.080372314453125,-14.512500762939453,-24.187501907348633,33.03750228881836
1773047916406372400,16.090372314453123,-14.268750190734863,-24.262500762939453,33.13125228881836
1773047916416372200,16.100372314453125,-14.175000190734863,-23.756250381469727,33.525001525878906
1773047916426372400,16.110372314453127,-14.02500057220459,-23.793750762939453,33.45000076293945
1773047916436372200,16.120372314453125,-14.156250953674316,-24.093751907348633,33.28125
1773047916446372400,16.130372314453126,-14.343750953674316,-24.056251525878906,33
1773047916456372200,16.140372314453124,-14.68125057220459,-24.037500381469727,32.681251525878906
1773047916466372400,16.150372314453126,-14.718750953674316,-23.981250762939453,32.94375228881836
1773047916476372200,16.160372314453124,-14.887500762939453,-24.262500762939453,32.962501525878906
1773047916486372400,16.170372314453125,-14.831250190734863,-24.225000381469727,33.1875
1773047916496372200,16.180372314453123,-14.981250762939453,-24.48750114440918,32.98125076293945
1773047916506372400,16.190372314453125,-15.05625057220459,-24.562501907348633,32.775001525878906
1773047916516372200,16.200372314453126,-15.15000057220459,-24.525001525878906,32.88750076293945
1773047916526372400,16.210372314453124,-15.000000953674316,-24.318750381469727,33.13125228881836
1773047916536372200,16.220372314453126,-14.58750057220459,-24.412500381469727,33.45000076293945
1773047916546372400,16.230372314453124,-14.643750190734863,-24.543750762939453,33.150001525878906
1773047916556372200,16.240372314453126,-14.550000190734863,-24.506250381469727,32.92500305175781
1773047916566372400,16.250372314453124,-14.831250190734863,-24.712501525878906,32.92500305175781
1773047916576372200,16.260372314453125,-14.718750953674316,-24.881250381469727,32.73750305175781
1773047916586372400,16.270372314453127,-15.000000953674316,-24.656251907348633,32.83125305175781
1773047916596372200,16.280372314453125,-14.756250381469727,-24.600000381469727,32.775001525878906
1773047916606372400,16.290372314453126,-14.831250190734863,-24.806251525878906,32.73750305175781
1773047916616372200,16.300372314453124,-15.093750953674316,-24.843751907348633,32.51250076293945
1773047916626372400,16.310372314453126,-15.225000381469727,-24.750001907348633,32.36250305175781
1773047916636372200,16.320372314453124,-15.15000057220459,-24.806251525878906,32.70000076293945
1773047916646372400,16.330372314453125,-15.037500381469727,-24.506250381469727,32.587501525878906
1773047916656372200,16.340372314453123,-15.05625057220459,-24.30000114440918,32.775001525878906
1773047916666372400,16.350372314453125,-14.793750762939453,-24.337501525878906,32.775001525878906
1773047916676372200,16.360372314453127,-14.756250381469727,-24.20625114440918,33
1773047916686372400,16.370372314453125,-14.475000381469727,-24.11250114440918,32.94375228881836
1773047916696372200,16.380372314453126,-14.49375057220459,-23.83125114440918,33.09375
1773047916706372400,16.390372314453124,-14.437500953674316,-23.681251525878906,33.30000305175781
1773047916716372200,16.400372314453126,-14.718750953674316,-23.64375114440918,32.98125076293945
1773047916726372400,16.410372314453124,-14.793750762939453,-24.075000762939453,32.79375076293945
1773047916736372200,16.420372314453125,-14.812500953674316,-24.075000762939453,32.587501525878906
1773047916746372400,16.430372314453123,-15.000000953674316,-24.01875114440918,32.681251525878906
1773047916756372200,16.440372314453125,-15.318750381469727,-24.150001525878906,32.53125
1773047916766372400,16.450372314453126,-15.80625057220459,-24.20625114440918,32.47500228881836
1773047916776372200,16.460372314453124,-15.843750953674316,-24.281251907348633,32.45625305175781
1773047916786372400,16.470372314453126,-15.881250381469727,-24.450000762939453,32.19375228881836
1773047916796372200,16.480372314453124,-15.750000953674316,-24.225000381469727,32.212501525878906
1773047916806372400,16.490372314453126,-15.637500762939453,-23.756250381469727,32.28750228881836
1773047916816372200,16.500372314453124,-15.656250953674316,-23.8125,32.34375
1773047916826372400,16.510372314453125,-15.656250953674316,-24.11250114440918,32.025001525878906
1773047916836372200,16.520372314453127,-15.731250762939453,-24.131250381469727,32.00625228881836
1773047916846372400,16.530372314453125,-15.468750953674316,-24.056251525878906,32.13750076293945
1773047916856372200,16.540372314453126,-15.468750953674316,-24.131250381469727,32.025001525878906
1773047916866372400,16.550372314453124,-15.206250190734863,-24.150001525878906,32.19375228881836
1773047916876372200,16.560372314453126,-15.131250381469727,-24.225000381469727,32.38125228881836
1773047916886372400,16.570372314453124,-15.187500953674316,-24.468751907348633,32.36250305175781
1773047916896372200,16.580372314453125,-15.112500190734863,-24.525001525878906,32.4375
1773047916906372400,16.590372314453123,-15.112500190734863,-24.318750381469727,32.775001525878906
1773047916916372200,16.600372314453125,-15.131250381469727,-24.150001525878906,32.92500305175781
1773047916926372400,16.610372314453127,-15.393750190734863,-24.30000114440918,32.85000228881836
1773047916936372200,16.620372314453125,-15.262500762939453,-24.318750381469727,33
1773047916946372400,16.630372314453126,-15.487500190734863,-24.243751525878906,33.07500076293945
1773047916956372200,16.640372314453124,-15.731250762939453,-24.318750381469727,33
1773047916966372400,16.650372314453126,-15.750000953674316,-24.11250114440918,33.30000305175781
1773047916976372200,16.660372314453124,-15.90000057220459,-24.037500381469727,33.20625305175781
1773047916986372400,16.670372314453125,-15.768750190734863,-24.375001907348633,33.13125228881836
1773047916996372200,16.680372314453123,-15.225000381469727,-24.431251525878906,32.962501525878906
1773047917006372400,16.690372314453125,-15.075000762939453,-24.243751525878906,33.39375305175781
1773047917016372200,16.700372314453126,-15.15000057220459,-24.58125114440918,33.20625305175781
1773047917026372400,16.710372314453124,-15.05625057220459,-24.750001907348633,33.243751525878906
1773047917036372200,16.720372314453126,-14.925000190734863,-24.712501525878906,33.09375
1773047917046372400,16.730372314453124,-14.96250057220459,-24.76875114440918,32.83125305175781
1773047917056372200,16.740372314453126,-14.812500953674316,-24.825000762939453,33.07500076293945
1773047917066372400,16.750372314453124,-14.831250190734863,-24.67500114440918,33.07500076293945
1773047917076372200,16.760372314453125,-15.300000190734863,-24.58125114440918,33.20625305175781
1773047917086372400,16.770372314453127,-15.33750057220459,-24.787500381469727,32.8125
1773047917096372200,16.780372314453125,-15.262500762939453,-24.67500114440918,32.681251525878906
1773047917106372400,16.790372314453126,-15.356250762939453,-24.67500114440918,32.75625228881836
1773047917116372200,16.800372314453124,-15.356250762939453,-24.750001907348633,33
1773047917126372400,16.810372314453126,-15.225000381469727,-24.900001525878906,32.962501525878906
1773047917136372200,16.820372314453124,-15.093750953674316,-25.068750381469727,32.868751525878906
1773047917146372400,16.830372314453125,-15.037500381469727,-25.012500762939453,32.98125076293945
1773047917156372200,16.840372314453123,-15.000000953674316,-24.993751525878906,32.8125
1773047917166372400,16.850372314453125,-15.093750953674316,-24.900001525878906,32.8125
1773047917176372200,16.860372314453127,-15.281250953674316,-24.693750381469727,33.07500076293945
1773047917186372400,16.870372314453125,-15.018750190734863,-24.637500762939453,32.79375076293945
1773047917196372200,16.880372314453126,-14.831250190734863,-24.750001907348633,32.66250228881836
1773047917206372400,16.890372314453124,-14.943750381469727,-24.468751907348633,32.75625228881836
1773047917216372200,16.900372314453126,-14.925000190734863,-24.412500381469727,32.71875
1773047917226372400,16.910372314453124,-14.96250057220459,-24.356250762939453,32.681251525878906
1773047917236372200,16.920372314453125,-14.793750762939453,-24.450000762939453,32.79375076293945
1773047917246372400,16.930372314453123,-14.793750762939453,-24.468751907348633,32.681251525878906
1773047917256372200,16.940372314453125,-14.86875057220459,-24.450000762939453,32.70000076293945
1773047917266372400,16.950372314453126,-15.187500953674316,-24.318750381469727,32.88750076293945
1773047917276372200,16.960372314453124,-15.506250381469727,-24.243751525878906,32.88750076293945
1773047917286372400,16.970372314453126,-15.24375057220459,-24.356250762939453,32.98125076293945
1773047917296372200,16.980372314453124,-15.412500381469727,-24.225000381469727,32.85000228881836
1773047917306372400,16.990372314453126,-15.300000190734863,-24.243751525878906,32.71875
1773047917316372200,17.000372314453124,-15.24375057220459,-24.543750762939453,32.60625076293945
1773047917326372400,17.010372314453125,-14.887500762939453,-24.637500762939453,32.681251525878906
1773047917336372200,17.020372314453127,-14.531250953674316,-24.712501525878906,32.70000076293945
1773047917346372400,17.030372314453125,-14.193750381469727,-24.750001907348633,32.868751525878906
1773047917356372200,17.040372314453126,-14.11875057220459,-24.693750381469727,32.85000228881836
1773047917366372400,17.050372314453124,-14.475000381469727,-24.562501907348633,32.73750305175781
1773047917376372200,17.060372314453126,-14.381250381469727,-24.48750114440918,32.98125076293945
1773047917386372400,17.070372314453124,-14.437500953674316,-24.318750381469727,32.962501525878906
1773047917396372200,17.080372314453125,-14.550000190734863,-24.187501907348633,33
1773047917406372400,17.090372314453123,-14.625000953674316,-24.150001525878906,33.07500076293945
1773047917416372200,17.100372314453125,-14.737500190734863,-24.093751907348633,33.056251525878906
1773047917426372400,17.110372314453127,-14.737500190734863,-23.793750762939453,32.90625
1773047917436372200,17.120372314453125,-14.68125057220459,-23.606250762939453,32.94375228881836
1773047917446372400,17.130372314453126,-14.550000190734863,-23.887500762939453,32.98125076293945
1773047917456372200,17.140372314453124,-14.512500762939453,-24.168750762939453,32.83125305175781
1773047917466372400,17.150372314453126,-14.58750057220459,-24.243751525878906,33.056251525878906
1773047917476372200,17.160372314453124,-14.77500057220459,-24.075000762939453,32.90625
1773047917486372400,17.170372314453125,-14.718750953674316,-24.056251525878906,32.88750076293945
1773047917496372200,17.180372314453123,-14.643750190734863,-24.187501907348633,33
1773047917506372400,17.190372314453125,-14.906250953674316,-24.337501525878906,33.03750228881836
1773047917516372200,17.200372314453126,-14.943750381469727,-24.618751525878906,33.11250305175781
1773047917526372400,17.210372314453124,-14.850000381469727,-24.450000762939453,33.26250076293945
1773047917536372200,17.220372314453126,-14.981250762939453,-24.075000762939453,33.31875228881836
1773047917546372400,17.230372314453124,-14.887500762939453,-24.093751907348633,33.16875076293945
1773047917556372200,17.240372314453126,-14.643750190734863,-24.225000381469727,33.35625076293945
1773047917566372400,17.250372314453124,-14.943750381469727,-24.225000381469727,33.48750305175781
1773047917576372200,17.260372314453125,-15.000000953674316,-24.056251525878906,33.41250228881836
1773047917586372400,17.270372314453127,-14.96250057220459,-24.243751525878906,33.41250228881836
1773047917596372200,17.280372314453125,-14.925000190734863,-24.20625114440918,33.31875228881836
1773047917606372400,17.290372314453126,-14.850000381469727,-24.243751525878906,33.13125228881836
1773047917616372200,17.300372314453124,-14.812500953674316,-24.356250762939453,33.11250305175781
1773047917626372400,17.310372314453126,-14.77500057220459,-24.506250381469727,33.01875305175781
1773047917636372200,17.320372314453124,-14.812500953674316,-24.412500381469727,33.150001525878906
1773047917646372400,17.330372314453125,-14.418750762939453,-24.450000762939453,33
1773047917656372200,17.340372314453123,-14.718750953674316,-24.600000381469727,32.73750305175781
1773047917666372400,17.350372314453125,-14.737500190734863,-24.58125114440918,32.587501525878906
1773047917676372200,17.360372314453127,-14.550000190734863,-24.431251525878906,32.681251525878906
1773047917686372400,17.370372314453125,-14.718750953674316,-24.412500381469727,32.60625076293945
1773047917696372200,17.380372314453126,-14.793750762939453,-24.318750381469727,32.75625228881836
1773047917706372400,17.390372314453124,-14.887500762939453,-24.431251525878906,32.79375076293945
1773047917716372200,17.400372314453126,-14.887500762939453,-24.450000762939453,32.868751525878906
1773047917726372400,17.410372314453124,-15.131250381469727,-24.39375114440918,32.79375076293945
1773047917736372200,17.420372314453125,-14.906250953674316,-24.187501907348633,33.1875
1773047917746372400,17.430372314453123,-15.206250190734863,-24.281251907348633,33.056251525878906
1773047917756372200,17.440372314453125,-15.768750190734863,-24.318750381469727,32.75625228881836
1773047917766372400,17.450372314453126,-15.956250190734863,-24.131250381469727,32.75625228881836
1773047917776372200,17.460372314453124,-15.937500953674316,-24.131250381469727,32.587501525878906
1773047917786372400,17.470372314453126,-16.256250381469727,-23.850000381469727,32.47500228881836
1773047917796372200,17.480372314453124,-16.70625114440918,-23.850000381469727,32.15625
1773047917806372400,17.490372314453126,-16.96875,-23.756250381469727,31.931251525878906
1773047917816372200,17.500372314453124,-17.26875114440918,-23.568750381469727,31.575000762939453
1773047917826372400,17.510372314453125,-17.08125114440918,-23.212501525878906,31.631250381469727
1773047917836372200,17.520372314453127,-17.15625,-23.118751525878906,31.462501525878906
1773047917846372400,17.530372314453125,-17.193750381469727,-23.287500381469727,31.200000762939453
1773047917856372200,17.540372314453126,-17.287500381469727,-23.100000381469727,31.012500762939453
1773047917866372400,17.550372314453124,-17.231250762939453,-23.118751525878906,31.087501525878906
1773047917876372200,17.560372314453126,-16.875,-22.912500381469727,31.200000762939453
1773047917886372400,17.570372314453124,-16.875,-22.837501525878906,31.631250381469727
1773047917896372200,17.580372314453125,-16.875,-22.931251525878906,31.762500762939453
1773047917906372400,17.590372314453123,-16.950000762939453,-23.287500381469727,31.668750762939453
1773047917916372200,17.600372314453125,-16.5,-23.34375,32.0625
1773047917926372400,17.610372314453127,-16.162500381469727,-23.34375,32.34375
1773047917936372200,17.620372314453125,-15.825000762939453,-23.681251525878906,32.55000305175781
1773047917946372400,17.630372314453126,-15.787500381469727,-23.8125,32.60625076293945
1773047917956372200,17.640372314453124,-15.71250057220459,-24.168750762939453,32.38125228881836
1773047917966372400,17.650372314453126,-15.356250762939453,-24.262500762939453,32.25
1773047917976372200,17.660372314453124,-15.093750953674316,-24.337501525878906,32.23125076293945
1773047917986372400,17.670372314453125,-14.831250190734863,-24.20625114440918,32.36250305175781
1773047917996372200,17.680372314453123,-14.981250762939453,-24.187501907348633,32.212501525878906
1773047918006372400,17.690372314453125,-15.05625057220459,-24.318750381469727,32.25
1773047918016372200,17.700372314453126,-15.15000057220459,-24.600000381469727,32.00625228881836
1773047918026372400,17.710372314453124,-14.887500762939453,-24.262500762939453,32.0625
1773047918036372200,17.720372314453126,-14.756250381469727,-24.20625114440918,32.15625
1773047918046372400,17.730372314453124,-14.700000762939453,-24.262500762939453,32.28750228881836
1773047918056372200,17.740372314453126,-14.58750057220459,-24.450000762939453,32.34375
1773047918066372400,17.750372314453124,-14.512500762939453,-24.262500762939453,32.55000305175781
1773047918076372200,17.760372314453125,-14.21250057220459,-24.525001525878906,32.681251525878906
1773047918086372400,17.770372314453127,-14.231250762939453,-24.618751525878906,32.625
1773047918096372200,17.780372314453125,-14.250000953674316,-24.337501525878906,32.8125
1773047918106372400,17.790372314453126,-14.21250057220459,-24.48750114440918,32.71875
1773047918116372200,17.800372314453124,-14.49375057220459,-24.39375114440918,32.60625076293945
1773047918126372400,17.810372314453126,-14.531250953674316,-24.525001525878906,32.34375
1773047918136372200,17.820372314453124,-14.40000057220459,-24.656251907348633,32.34375
1773047918146372400,17.830372314453125,-14.456250190734863,-24.900001525878906,32.26875305175781
1773047918156372200,17.840372314453123,-14.475000381469727,-24.712501525878906,32.34375
1773047918166372400,17.850372314453125,-14.643750190734863,-24.637500762939453,32.32500076293945
1773047918176372200,17.860372314453127,-14.737500190734863,-24.637500762939453,32.32500076293945
1773047918186372400,17.870372314453125,-14.793750762939453,-24.67500114440918,32.32500076293945
1773047918196372200,17.880372314453126,-14.362500190734863,-25.087501525878906,32.41875076293945
1773047918206372400,17.890372314453124,-14.21250057220459,-24.843751907348633,32.36250305175781
1773047918216372200,17.900372314453126,-14.325000762939453,-24.693750381469727,32.400001525878906
1773047918226372400,17.910372314453124,-14.437500953674316,-24.618751525878906,32.45625305175781
1773047918236372200,17.920372314453125,-14.86875057220459,-24.506250381469727,32.36250305175781
1773047918246372400,17.930372314453123,-14.643750190734863,-24.262500762939453,32.400001525878906
1773047918256372200,17.940372314453125,-14.643750190734863,-24.262500762939453,32.400001525878906
1773047918266372400,17.950372314453126,-14.456250190734863,-24.450000762939453,32.47500228881836
1773047918276372200,17.960372314453124,-14.96250057220459,-23.92500114440918,32.70000076293945
1773047918286372400,17.970372314453126,-15.262500762939453,-23.868751525878906,32.79375076293945
1773047918296372200,17.980372314453124,-15.15000057220459,-23.981250762939453,32.681251525878906
1773047918306372400,17.990372314453126,-15.15000057220459,-24.150001525878906,32.51250076293945
1773047918316372200,18.000372314453124,-14.49375057220459,-24.468751907348633,32.53125
1773047918326372400,18.010372314453125,-14.737500190734863,-24.600000381469727,32.45625305175781
1773047918336372200,18.020372314453127,-14.68125057220459,-24.843751907348633,32.41875076293945
1773047918346372400,18.030372314453125,-15.075000762939453,-24.543750762939453,32.32500076293945
1773047918356372200,18.040372314453126,-14.925000190734863,-24.67500114440918,32.23125076293945
1773047918366372400,18.050372314453124,-14.793750762939453,-24.86250114440918,32.28750228881836
1773047918376372200,18.060372314453126,-15.037500381469727,-24.806251525878906,32.400001525878906
1773047918386372400,18.070372314453124,-14.887500762939453,-24.712501525878906,32.38125228881836
1773047918396372200,18.080372314453125,-15.318750381469727,-24.356250762939453,32.025001525878906
1773047918406372400,18.090372314453123,-15.356250762939453,-24.337501525878906,31.856250762939453
1773047918416372200,18.100372314453125,-15.61875057220459,-23.92500114440918,31.743751525878906
1773047918426372400,18.110372314453127,-15.843750953674316,-24.056251525878906,31.462501525878906
1773047918436372200,18.120372314453125,-15.918750762939453,-24.056251525878906,31.462501525878906
1773047918446372400,18.130372314453126,-16.03125,-23.92500114440918,31.275001525878906
1773047918456372200,18.140372314453124,-15.80625057220459,-23.981250762939453,31.256250381469727
1773047918466372400,18.150372314453126,-15.71250057220459,-23.71875,31.368751525878906
1773047918476372200,18.160372314453124,-15.393750190734863,-23.887500762939453,31.42500114440918
1773047918486372400,18.170372314453125,-15.018750190734863,-23.981250762939453,31.70625114440918
1773047918496372200,18.180372314453123,-14.700000762939453,-24.187501907348633,31.80000114440918
1773047918506372400,18.190372314453125,-14.381250381469727,-24.243751525878906,32.0625
1773047918516372200,18.200372314453126,-14.30625057220459,-24.187501907348633,31.875001907348633
1773047918526372400,18.210372314453124,-14.343750953674316,-24.225000381469727,32.08125305175781
1773047918536372200,18.220372314453126,-14.475000381469727,-24.168750762939453,32.0625
1773047918546372400,18.230372314453124,-14.606250762939453,-24.375001907348633,31.98750114440918
1773047918556372200,18.240372314453126,-14.812500953674316,-24.450000762939453,31.98750114440918
1773047918566372400,18.250372314453124,-14.812500953674316,-24.375001907348633,31.931251525878906
1773047918576372200,18.260372314453125,-14.831250190734863,-24.431251525878906,31.912500381469727
1773047918586372400,18.270372314453127,-14.700000762939453,-24.562501907348633,31.725000381469727
1773047918596372200,18.280372314453125,-14.756250381469727,-24.806251525878906,31.668750762939453
1773047918606372400,18.290372314453126,-14.981250762939453,-25.087501525878906,31.51875114440918
1773047918616372200,18.300372314453124,-14.943750381469727,-25.05000114440918,31.537500381469727
1773047918626372400,18.310372314453126,-14.906250953674316,-25.218751907348633,31.556251525878906
1773047918636372200,18.320372314453124,-14.737500190734863,-25.33125114440918,31.781251907348633
1773047918646372400,18.330372314453125,-15.000000953674316,-25.462501525878906,31.631250381469727
1773047918656372200,18.340372314453123,-15.000000953674316,-25.668750762939453,31.725000381469727
1773047918666372400,18.350372314453125,-15.05625057220459,-25.406251907348633,31.950000762939453
1773047918676372200,18.360372314453127,-15.15000057220459,-25.23750114440918,31.968751907348633
1773047918686372400,18.370372314453125,-14.981250762939453,-25.068750381469727,31.762500762939453
1773047918696372200,18.380372314453126,-15.05625057220459,-24.918750762939453,31.743751525878906
1773047918706372400,18.390372314453124,-15.131250381469727,-24.637500762939453,31.837501525878906
1773047918716372200,18.400372314453126,-15.356250762939453,-24.39375114440918,31.912500381469727
1773047918726372400,18.410372314453124,-15.375000953674316,-24.225000381469727,32.04375076293945
1773047918736372200,18.420372314453125,-15.487500190734863,-23.8125,32.10000228881836
1773047918746372400,18.430372314453123,-15.281250953674316,-24.093751907348633,31.968751907348633
1773047918756372200,18.440372314453125,-14.96250057220459,-24.39375114440918,32.0625
1773047918766372400,18.450372314453126,-14.925000190734863,-24.131250381469727,32.41875076293945
1773047918776372200,18.460372314453124,-14.831250190734863,-24.075000762939453,32.45625305175781
1773047918786372400,18.470372314453126,-14.77500057220459,-24.337501525878906,32.400001525878906
1773047918796372200,18.480372314453124,-14.58750057220459,-24.562501907348633,32.118751525878906
1773047918806372400,18.490372314453126,-14.625000953674316,-24.375001907348633,32.08125305175781
1773047918816372200,18.500372314453124,-14.68125057220459,-24.412500381469727,31.875001907348633
1773047918826372400,18.510372314453125,-14.906250953674316,-24.48750114440918,31.631250381469727
1773047918836372200,18.520372314453127,-15.112500190734863,-24.11250114440918,31.61250114440918
1773047918846372400,18.530372314453125,-14.812500953674316,-24.225000381469727,31.575000762939453
1773047918856372200,18.540372314453126,-15.093750953674316,-24.468751907348633,31.162500381469727
1773047918866372400,18.550372314453124,-15.168750762939453,-24.48750114440918,30.67500114440918
1773047918876372200,18.560372314453126,-15.393750190734863,-24.225000381469727,30.712501525878906
1773047918886372400,18.570372314453124,-15.468750953674316,-24.506250381469727,30.506250381469727
1773047918896372200,18.580372314453125,-15.450000762939453,-24.712501525878906,30.431251525878906
1773047918906372400,18.590372314453123,-15.450000762939453,-24.39375114440918,30.76875114440918
1773047918916372200,18.600372314453125,-15.656250953674316,-24.243751525878906,30.693750381469727
1773047918926372400,18.610372314453127,-16.012500762939453,-24.075000762939453,30.375001907348633
1773047918936372200,18.620372314453125,-15.862500190734863,-23.83125114440918,30.750001907348633
1773047918946372400,18.630372314453126,-15.918750762939453,-23.700000762939453,31.256250381469727
1773047918956372200,18.640372314453124,-15.731250762939453,-23.700000762939453,31.14375114440918
1773047918966372400,18.650372314453126,-15.52500057220459,-23.793750762939453,31.181251525878906
1773047918976372200,18.660372314453124,-15.487500190734863,-23.73750114440918,31.275001525878906
1773047918986372400,18.670372314453125,-15.450000762939453,-23.775001525878906,31.23750114440918
1773047918996372200,18.680372314453123,-15.187500953674316,-24.01875114440918,31.350000381469727
1773047919006372400,18.690372314453125,-15.093750953674316,-24.39375114440918,31.593751907348633
1773047919016372200,18.700372314453126,-15.393750190734863,-24.356250762939453,31.462501525878906
1773047919026372400,18.710372314453124,-15.581250190734863,-24.168750762939453,31.537500381469727
1773047919036372200,18.720372314453126,-15.731250762939453,-24.056251525878906,31.500001907348633
1773047919046372400,18.730372314453124,-15.731250762939453,-24,31.668750762939453
1773047919056372200,18.740372314453126,-15.731250762939453,-24.037500381469727,31.481250762939453
1773047919066372400,18.750372314453124,-15.825000762939453,-23.92500114440918,31.575000762939453
1773047919076372200,18.760372314453125,-15.731250762939453,-23.73750114440918,31.481250762939453
1773047919086372400,18.770372314453127,-15.693750381469727,-23.83125114440918,31.275001525878906
1773047919096372200,18.780372314453125,-15.487500190734863,-24,31.33125114440918
1773047919106372400,18.790372314453126,-15.15000057220459,-24.412500381469727,30.900001525878906
1773047919116372200,18.800372314453124,-15.000000953674316,-24.525001525878906,31.312501907348633
1773047919126372400,18.810372314453126,-15.037500381469727,-24.450000762939453,31.275001525878906
1773047919136372200,18.820372314453124,-15.262500762939453,-24.337501525878906,31.350000381469727
1773047919146372400,18.830372314453125,-15.187500953674316,-24.468751907348633,31.181251525878906
1773047919156372200,18.840372314453123,-15.393750190734863,-24.48750114440918,31.106250762939453
1773047919166372400,18.850372314453125,-15.487500190734863,-24.093751907348633,31.350000381469727
1773047919176372200,18.860372314453127,-15.318750381469727,-23.981250762939453,31.181251525878906
1773047919186372400,18.870372314453125,-15.356250762939453,-23.71875,31.33125114440918
1773047919196372200,18.880372314453126,-15.637500762939453,-23.662500381469727,30.975000381469727
1773047919206372400,18.890372314453124,-15.843750953674316,-23.587501525878906,31.087501525878906
1773047919216372200,18.900372314453126,-15.581250190734863,-23.53125,31.106250762939453
1773047919226372400,18.910372314453124,-15.562500953674316,-23.381250381469727,31.068750381469727
1773047919236372200,18.920372314453125,-15.637500762939453,-23.400001525878906,31.031251907348633
1773047919246372400,18.930372314453123,-15.975000381469727,-23.418750762939453,30.86250114440918
1773047919256372200,18.940372314453125,-16.21875,-23.625,31.012500762939453
1773047919266372400,18.950372314453126,-16.40625,-23.73750114440918,30.900001525878906
1773047919276372200,18.960372314453124,-16.21875,-23.83125114440918,31.031251907348633
1773047919286372400,18.970372314453126,-16.106250762939453,-23.887500762939453,30.900001525878906
1773047919296372200,18.980372314453124,-16.33125114440918,-23.887500762939453,30.95625114440918
1773047919306372400,18.990372314453126,-16.387500762939453,-23.92500114440918,30.825000762939453
1773047919316372200,19.000372314453124,-16.200000762939453,-24,30.86250114440918
1773047919326372400,19.010372314453125,-15.937500953674316,-24.093751907348633,30.993751525878906
1773047919336372200,19.020372314453127,-15.600000381469727,-24,31.200000762939453
1773047919346372400,19.030372314453125,-15.24375057220459,-24.131250381469727,31.312501907348633
1773047919356372200,19.040372314453126,-15.356250762939453,-24.093751907348633,31.462501525878906
1773047919366372400,19.050372314453124,-15.412500381469727,-24.150001525878906,31.443750381469727
1773047919376372200,19.060372314453126,-15.393750190734863,-24.150001525878906,31.368751525878906
1773047919386372400,19.070372314453124,-15.468750953674316,-24.30000114440918,31.462501525878906
1773047919396372200,19.080372314453125,-15.468750953674316,-24.562501907348633,31.500001907348633
1773047919406372400,19.090372314453123,-15.450000762939453,-24.525001525878906,31.51875114440918
1773047919416372200,19.100372314453125,-15.562500953674316,-24.618751525878906,31.200000762939453
1773047919426372400,19.110372314453127,-15.637500762939453,-24.543750762939453,31.05000114440918
1773047919436372200,19.120372314453125,-15.412500381469727,-24.656251907348633,30.806251525878906
1773047919446372400,19.130372314453126,-15.506250381469727,-24.618751525878906,30.900001525878906
1773047919456372200,19.140372314453124,-15.581250190734863,-24.76875114440918,31.068750381469727
1773047919466372400,19.150372314453126,-15.281250953674316,-24.58125114440918,31.33125114440918
1773047919476372200,19.160372314453124,-15.412500381469727,-24.337501525878906,31.350000381469727
1773047919486372400,19.170372314453125,-15.562500953674316,-24.506250381469727,31.125001907348633
1773047919496372200,19.180372314453123,-15.61875057220459,-24.39375114440918,31.256250381469727
1773047919506372400,19.190372314453125,-15.71250057220459,-24.281251907348633,31.406251907348633
1773047919516372200,19.200372314453126,-15.71250057220459,-24.318750381469727,31.368751525878906
1773047919526372400,19.210372314453124,-15.393750190734863,-24.412500381469727,31.200000762939453
1773047919536372200,19.220372314453126,-15.33750057220459,-24.48750114440918,30.95625114440918
1773047919546372400,19.230372314453124,-15.543750762939453,-24.637500762939453,30.67500114440918
1773047919556372200,19.240372314453126,-15.450000762939453,-24.76875114440918,30.750001907348633
1773047919566372400,19.250372314453124,-15.412500381469727,-24.937501907348633,30.806251525878906
1773047919576372200,19.260372314453125,-15.412500381469727,-25.068750381469727,30.58125114440918
1773047919586372400,19.270372314453127,-15.52500057220459,-25.14375114440918,30.48750114440918
1773047919596372200,19.280372314453125,-15.975000381469727,-25.087501525878906,30.262500762939453
1773047919606372400,19.290372314453126,-16.125,-24.900001525878906,30.431251525878906
1773047919616372200,19.300372314453124,-15.937500953674316,-24.67500114440918,30.58125114440918
1773047919626372400,19.310372314453126,-15.937500953674316,-24.750001907348633,30.637500762939453
1773047919646372400,19.330372314453125,-15.750000953674316,-24.318750381469727,30.67500114440918
1773047919656372200,19.340372314453123,-15.61875057220459,-24.11250114440918,30.825000762939453
1773047919666372400,19.350372314453125,-15.600000381469727,-23.962501525878906,31.14375114440918
1773047919676372200,19.360372314453127,-15.393750190734863,-24.131250381469727,31.218751907348633
1773047919686372400,19.370372314453125,-15.093750953674316,-24.262500762939453,31.125001907348633
1773047919696372200,19.380372314453126,-15.112500190734863,-24.450000762939453,30.975000381469727
1773047919706372400,19.390372314453124,-15.093750953674316,-24.468751907348633,31.05000114440918
1773047919716372200,19.400372314453126,-15.168750762939453,-24.262500762939453,30.975000381469727
1773047919726372400,19.410372314453124,-15.168750762939453,-24.337501525878906,30.918750762939453
1773047919736372200,19.420372314453125,-15.225000381469727,-24.412500381469727,30.937501907348633
1773047919746372400,19.430372314453123,-15.131250381469727,-24.337501525878906,30.637500762939453
1773047919756372200,19.440372314453125,-14.96250057220459,-24.131250381469727,30.825000762939453
1773047919766372400,19.450372314453126,-15.225000381469727,-24.187501907348633,30.806251525878906
1773047919776372200,19.460372314453124,-15.356250762939453,-23.943750381469727,30.825000762939453
1773047919786372400,19.470372314453126,-15.375000953674316,-23.775001525878906,30.86250114440918
1773047919796372200,19.480372314453124,-15.24375057220459,-24,30.900001525878906
1773047919806372400,19.490372314453126,-15.206250190734863,-24.056251525878906,30.95625114440918
1773047919816372200,19.500372314453124,-15.318750381469727,-23.962501525878906,30.918750762939453
1773047919826372400,19.510372314453125,-15.112500190734863,-24.01875114440918,30.86250114440918
1773047919836372200,19.520372314453127,-15.000000953674316,-24,30.750001907348633
1773047919846372400,19.530372314453125,-14.943750381469727,-23.756250381469727,30.86250114440918
1773047919856372200,19.540372314453126,-14.568750381469727,-24.056251525878906,30.843751907348633
1773047919866372400,19.550372314453124,-14.531250953674316,-24.093751907348633,31.012500762939453
1773047919876372200,19.560372314453126,-14.718750953674316,-23.887500762939453,31.031251907348633
1773047919886372400,19.570372314453124,-14.943750381469727,-23.775001525878906,30.975000381469727
1773047919896372200,19.580372314453125,-14.943750381469727,-23.92500114440918,30.993751525878906
1773047919906372400,19.590372314453123,-15.05625057220459,-23.943750381469727,30.918750762939453
1773047919916372200,19.600372314453125,-15.131250381469727,-23.868751525878906,31.14375114440918
1773047919926372400,19.610372314453127,-15.093750953674316,-23.962501525878906,31.087501525878906
1773047919936372200,19.620372314453125,-15.468750953674316,-24,31.200000762939453
1773047919946372400,19.630372314453126,-15.731250762939453,-24.093751907348633,30.86250114440918
1773047919956372200,19.640372314453124,-15.693750381469727,-24.075000762939453,30.918750762939453
1773047919966372400,19.650372314453126,-15.375000953674316,-24.150001525878906,31.012500762939453
1773047919976372200,19.660372314453124,-15.356250762939453,-24.056251525878906,31.23750114440918
1773047919986372400,19.670372314453125,-15.225000381469727,-24.075000762939453,31.500001907348633
1773047919996372200,19.680372314453123,-15.206250190734863,-24.375001907348633,31.256250381469727
1773047920006372400,19.690372314453125,-15.356250762939453,-24.48750114440918,31.218751907348633
1773047920016372200,19.700372314453126,-15.131250381469727,-24.356250762939453,31.031251907348633
1773047920026372400,19.710372314453124,-15.168750762939453,-24.243751525878906,31.068750381469727
1773047920036372200,19.720372314453126,-14.906250953674316,-24.525001525878906,31.012500762939453
1773047920046372400,19.730372314453124,-14.887500762939453,-24.318750381469727,31.031251907348633
1773047920066372400,19.750372314453124,-15.187500953674316,-24.356250762939453,30.750001907348633
1773047920076372200,19.760372314453125,-15.318750381469727,-24.281251907348633,30.637500762939453
1773047920086372400,19.770372314453127,-15.300000190734863,-24.375001907348633,30.562501907348633
1773047920096372200,19.780372314453125,-15.281250953674316,-24.431251525878906,30.806251525878906
1773047920106372400,19.790372314453126,-14.925000190734863,-24.712501525878906,30.843751907348633
1773047920116372200,19.800372314453124,-14.96250057220459,-24.693750381469727,30.843751907348633
1773047920126372400,19.810372314453126,-14.981250762939453,-24.750001907348633,30.806251525878906
1773047920136372200,19.820372314453124,-14.981250762939453,-24.787500381469727,30.993751525878906
1773047920146372400,19.830372314453125,-14.96250057220459,-24.58125114440918,30.825000762939453
1773047920156372200,19.840372314453123,-15.187500953674316,-24.262500762939453,30.993751525878906
1773047920166372400,19.850372314453125,-15.093750953674316,-24.30000114440918,31.106250762939453
1773047920176372200,19.860372314453127,-15.281250953674316,-23.981250762939453,31.181251525878906
1773047920186372400,19.870372314453125,-15.43125057220459,-23.73750114440918,31.350000381469727
1773047920196372200,19.880372314453126,-15.450000762939453,-23.850000381469727,31.33125114440918
1773047920206372400,19.890372314453124,-15.581250190734863,-23.64375114440918,31.575000762939453
1773047920216372200,19.900372314453126,-15.468750953674316,-23.64375114440918,31.462501525878906
1773047920226372400,19.910372314453124,-15.450000762939453,-23.981250762939453,31.725000381469727
1773047920236372200,19.920372314453125,-15.24375057220459,-24.356250762939453,31.80000114440918
1773047920246372400,19.930372314453123,-15.356250762939453,-24.243751525878906,31.70625114440918
1773047920256372200,19.940372314453125,-15.506250381469727,-24.39375114440918,31.687501907348633
1773047920266372400,19.950372314453126,-15.52500057220459,-24.281251907348633,31.650001525878906
1773047920276372200,19.960372314453124,-15.693750381469727,-24.262500762939453,31.725000381469727
1773047920286372400,19.970372314453126,-15.412500381469727,-24.656251907348633,31.500001907348633
1773047920296372200,19.980372314453124,-15.356250762939453,-24.731250762939453,31.593751907348633
1773047920306372400,19.990372314453126,-15.262500762939453,-24.48750114440918,31.537500381469727
1773047920316372200,20.000372314453124,-15.131250381469727,-24.281251907348633,31.500001907348633
1773047920326372400,20.010372314453125,-14.887500762939453,-24.356250762939453,31.593751907348633
1773047920336372200,20.020372314453127,-14.756250381469727,-24.412500381469727,31.481250762939453
1773047920346372400,20.030372314453125,-14.550000190734863,-24.412500381469727,31.537500381469727
1773047920356372200,20.040372314453126,-14.512500762939453,-24.431251525878906,31.500001907348633
1773047920366372400,20.050372314453124,-14.700000762939453,-24.39375114440918,31.593751907348633
1773047920376372200,20.060372314453126,-14.737500190734863,-24.431251525878906,31.537500381469727
1773047920386372400,20.070372314453124,-14.887500762939453,-24.543750762939453,31.650001525878906
1773047920396372200,20.080372314453125,-15.037500381469727,-24.600000381469727,31.725000381469727
1773047920406372400,20.090372314453123,-15.093750953674316,-24.600000381469727,31.80000114440918
1773047920416372200,20.100372314453125,-15.075000762939453,-24.637500762939453,31.61250114440918
1773047920426372400,20.110372314453127,-15.093750953674316,-24.937501907348633,31.51875114440918
1773047920436372200,20.120372314453125,-14.943750381469727,-24.881250381469727,31.443750381469727
1773047920446372400,20.130372314453126,-15.112500190734863,-24.881250381469727,31.275001525878906
1773047920456372200,20.140372314453124,-15.393750190734863,-24.67500114440918,31.293750762939453
1773047920466372400,20.150372314453126,-14.96250057220459,-24.731250762939453,31.162500381469727
1773047920476372200,20.160372314453124,-14.756250381469727,-24.918750762939453,31.350000381469727
1773047920486372400,20.170372314453125,-14.86875057220459,-24.806251525878906,31.218751907348633
1773047920496372200,20.180372314453123,-14.512500762939453,-24.787500381469727,31.387500762939453
1773047920506372400,20.190372314453125,-14.40000057220459,-24.543750762939453,31.275001525878906
1773047920516372200,20.200372314453126,-14.40000057220459,-24.48750114440918,31.368751525878906
1773047920526372400,20.210372314453124,-14.437500953674316,-24.731250762939453,31.33125114440918
1773047920536372200,20.220372314453126,-13.950000762939453,-24.693750381469727,31.350000381469727
1773047920546372400,20.230372314453124,-14.062500953674316,-24.468751907348633,31.218751907348633
1773047920556372200,20.240372314453126,-14.193750381469727,-24.243751525878906,31.012500762939453
1773047920566372400,20.250372314453124,-14.21250057220459,-24.150001525878906,31.012500762939453
1773047920576372200,20.260372314453125,-14.437500953674316,-24.225000381469727,30.937501907348633
1773047920586372400,20.270372314453127,-14.68125057220459,-24.468751907348633,31.087501525878906
1773047920596372200,20.280372314453125,-14.662500381469727,-24.58125114440918,30.843751907348633
1773047920606372400,20.290372314453126,-14.643750190734863,-24.356250762939453,30.76875114440918
1773047920616372200,20.300372314453124,-15.000000953674316,-24.468751907348633,30.656251907348633
1773047920626372400,20.310372314453126,-15.225000381469727,-24.693750381469727,30.825000762939453
1773047920636372200,20.320372314453124,-15.300000190734863,-24.693750381469727,30.825000762939453
1773047920646372400,20.330372314453125,-15.15000057220459,-24.693750381469727,30.993751525878906
1773047920656372200,20.340372314453123,-15.15000057220459,-24.693750381469727,30.937501907348633
1773047920666372400,20.350372314453125,-15.093750953674316,-24.337501525878906,31.031251907348633
1773047920676372200,20.360372314453127,-15.037500381469727,-24.525001525878906,31.181251525878906
1773047920686372400,20.370372314453125,-14.86875057220459,-24.506250381469727,31.23750114440918
1773047920696372200,20.380372314453126,-14.812500953674316,-24.67500114440918,31.33125114440918
1773047920706372400,20.390372314453124,-14.77500057220459,-24.525001525878906,31.256250381469727
1773047920716372200,20.400372314453126,-14.887500762939453,-24.506250381469727,31.312501907348633
1773047920726372400,20.410372314453124,-15.000000953674316,-24.693750381469727,31.200000762939453
1773047920736372200,20.420372314453125,-15.131250381469727,-24.750001907348633,31.23750114440918
1773047920746372400,20.430372314453123,-15.112500190734863,-24.881250381469727,31.106250762939453
1773047920756372200,20.440372314453125,-15.468750953674316,-24.543750762939453,31.275001525878906
1773047920766372400,20.450372314453126,-15.468750953674316,-24.356250762939453,31.218751907348633
1773047920776372200,20.460372314453124,-15.225000381469727,-24.281251907348633,31.200000762939453
1773047920786372400,20.470372314453126,-15.318750381469727,-24.356250762939453,31.087501525878906
1773047920796372200,20.480372314453124,-15.131250381469727,-24.356250762939453,31.181251525878906
1773047920806372400,20.490372314453126,-15.318750381469727,-24.39375114440918,31.125001907348633
1773047920816372200,20.500372314453124,-15.131250381469727,-24.468751907348633,31.275001525878906
1773047920826372400,20.510372314453125,-15.262500762939453,-24.506250381469727,31.218751907348633
1773047920836372200,20.520372314453127,-15.000000953674316,-24.693750381469727,31.031251907348633
1773047920846372400,20.530372314453125,-15.075000762939453,-24.731250762939453,31.293750762939453
1773047920856372200,20.540372314453126,-15.412500381469727,-24.731250762939453,31.275001525878906
1773047920866372400,20.550372314453124,-15.187500953674316,-24.656251907348633,31.275001525878906
1773047920876372200,20.560372314453126,-15.412500381469727,-24.825000762939453,30.95625114440918
1773047920886372400,20.570372314453124,-15.168750762939453,-24.937501907348633,31.181251525878906
1773047920896372200,20.580372314453125,-15.281250953674316,-24.750001907348633,31.068750381469727
1773047920906372400,20.590372314453123,-15.506250381469727,-24.731250762939453,30.918750762939453
1773047920916372200,20.600372314453125,-15.675000190734863,-24.712501525878906,30.975000381469727
1773047920926372400,20.610372314453127,-15.750000953674316,-24.750001907348633,30.975000381469727
1773047920936372200,20.620372314453125,-15.843750953674316,-24.825000762939453,30.750001907348633
1773047920946372400,20.630372314453126,-16.087501525878906,-24.881250381469727,30.750001907348633
1773047920956372200,20.640372314453124,-15.731250762939453,-24.693750381469727,30.95625114440918
1773047920976372200,20.660372314453124,-16.443750381469727,-24.525001525878906,30.562501907348633
1773047920986372400,20.670372314453125,-16.087501525878906,-24.618751525878906,30.806251525878906
1773047920996372200,20.680372314453123,-16.03125,-24.637500762939453,30.843751907348633
1773047921006372400,20.690372314453125,-16.03125,-24.712501525878906,30.843751907348633
1773047921016372200,20.700372314453126,-15.90000057220459,-24.825000762939453,30.900001525878906
1773047921026372400,20.710372314453124,-15.581250190734863,-24.825000762939453,30.937501907348633
1773047921036372200,20.720372314453126,-15.656250953674316,-25.087501525878906,30.86250114440918
1773047921046372400,20.730372314453124,-15.356250762939453,-25.312501907348633,30.975000381469727
1773047921056372200,20.740372314453126,-15.225000381469727,-25.181251525878906,31.200000762939453
1773047921066372400,20.750372314453124,-15.187500953674316,-24.95625114440918,31.125001907348633
1773047921076372200,20.760372314453125,-15.262500762939453,-24.731250762939453,31.181251525878906
1773047921086372400,20.770372314453127,-15.187500953674316,-24.543750762939453,31.162500381469727
1773047921096372200,20.780372314453125,-15.33750057220459,-24.450000762939453,31.012500762939453
1773047921106372400,20.790372314453126,-15.61875057220459,-24.525001525878906,31.200000762939453
1773047921116372200,20.800372314453124,-15.937500953674316,-24.225000381469727,31.256250381469727
1773047921126372400,20.810372314453126,-15.956250190734863,-23.92500114440918,31.33125114440918
1773047921136372200,20.820372314453124,-15.825000762939453,-24,31.162500381469727
1773047921146372400,20.830372314453125,-15.918750762939453,-24.262500762939453,31.256250381469727
1773047921156372200,20.840372314453123,-15.937500953674316,-24.618751525878906,31.162500381469727
1773047921166372400,20.850372314453125,-15.881250381469727,-24.58125114440918,31.14375114440918
1773047921176372200,20.860372314453127,-15.825000762939453,-24.637500762939453,31.33125114440918
1773047921186372400,20.870372314453125,-15.80625057220459,-24.412500381469727,31.350000381469727
1773047921196372200,20.880372314453126,-15.750000953674316,-24.375001907348633,31.33125114440918
1773047921206372400,20.890372314453124,-15.487500190734863,-24.693750381469727,31.33125114440918
1773047921216372200,20.900372314453126,-15.656250953674316,-24.525001525878906,31.42500114440918
1773047921226372400,20.910372314453124,-15.675000190734863,-24.656251907348633,31.125001907348633
1773047921236372200,20.920372314453125,-15.581250190734863,-24.39375114440918,31.106250762939453
1773047921246372400,20.930372314453123,-15.731250762939453,-24.637500762939453,31.012500762939453
1773047921256372200,20.940372314453125,-15.731250762939453,-24.506250381469727,30.918750762939453
1773047921266372400,20.950372314453126,-15.843750953674316,-24.67500114440918,30.67500114440918
1773047921276372200,20.960372314453124,-15.562500953674316,-24.656251907348633,30.712501525878906
1773047921286372400,20.970372314453126,-15.693750381469727,-24.468751907348633,30.618751525878906
1773047921296372200,20.980372314453124,-15.543750762939453,-24.731250762939453,30.693750381469727
1773047921306372400,20.990372314453126,-15.24375057220459,-24.58125114440918,30.712501525878906
1773047921316372200,21.000372314453124,-15.168750762939453,-24.731250762939453,30.618751525878906
1773047921326372400,21.010372314453125,-14.981250762939453,-24.900001525878906,30.712501525878906
1773047921336372200,21.020372314453127,-14.77500057220459,-24.731250762939453,30.95625114440918
1773047921346372400,21.030372314453125,-14.49375057220459,-24.543750762939453,31.181251525878906
1773047921356372200,21.040372314453126,-14.49375057220459,-24.750001907348633,31.368751525878906
1773047921366372400,21.050372314453124,-14.606250762939453,-24.67500114440918,31.481250762939453
1773047921376372200,21.060372314453126,-14.718750953674316,-24.506250381469727,31.275001525878906
1773047921386372400,21.070372314453124,-14.981250762939453,-24.375001907348633,31.556251525878906
1773047921396372200,21.080372314453125,-15.018750190734863,-24.262500762939453,31.781251907348633
1773047921406372400,21.090372314453123,-14.96250057220459,-24.30000114440918,31.837501525878906
1773047921416372200,21.100372314453125,-15.000000953674316,-24.450000762939453,31.781251907348633
1773047921426372400,21.110372314453127,-15.05625057220459,-24.806251525878906,31.500001907348633
1773047921436372200,21.120372314453125,-15.075000762939453,-24.975000381469727,31.406251907348633
1773047921446372400,21.130372314453126,-14.925000190734863,-25.012500762939453,31.387500762939453
1773047921456372200,21.140372314453124,-14.906250953674316,-25.181251525878906,31.70625114440918
1773047921466372400,21.150372314453126,-14.86875057220459,-25.387500762939453,31.61250114440918
1773047921476372200,21.160372314453124,-14.737500190734863,-25.406251907348633,31.462501525878906
1773047921486372400,21.170372314453125,-14.812500953674316,-25.368751525878906,31.51875114440918
1773047921496372200,21.180372314453123,-14.793750762939453,-25.42500114440918,31.61250114440918
1773047921506372400,21.190372314453125,-14.68125057220459,-25.218751907348633,31.875001907348633
1773047921516372200,21.200372314453126,-14.850000381469727,-25.218751907348633,31.61250114440918
1773047921526372400,21.210372314453124,-14.718750953674316,-25.23750114440918,31.668750762939453
1773047921536372200,21.220372314453126,-14.643750190734863,-25.14375114440918,31.42500114440918
1773047921546372400,21.230372314453124,-14.700000762939453,-25.23750114440918,31.218751907348633
1773047921556372200,21.240372314453126,-14.831250190734863,-25.256250381469727,31.256250381469727
1773047921576372200,21.260372314453125,-14.77500057220459,-25.031251907348633,31.256250381469727
1773047921586372400,21.270372314453127,-15.018750190734863,-25.106250762939453,31.068750381469727
1773047921596372200,21.280372314453125,-14.86875057220459,-24.86250114440918,31.33125114440918
1773047921606372400,21.290372314453126,-15.15000057220459,-24.86250114440918,31.275001525878906
1773047921616372200,21.300372314453124,-14.96250057220459,-24.843751907348633,31.556251525878906
1773047921626372400,21.310372314453126,-14.700000762939453,-24.937501907348633,31.668750762939453
1773047921636372200,21.320372314453124,-14.531250953674316,-24.918750762939453,31.743751525878906
1773047921646372400,21.330372314453125,-14.812500953674316,-24.95625114440918,31.368751525878906
1773047921656372200,21.340372314453123,-14.906250953674316,-24.843751907348633,31.350000381469727
1773047921666372400,21.350372314453125,-14.77500057220459,-24.86250114440918,31.256250381469727
1773047921676372200,21.360372314453127,-14.831250190734863,-25.05000114440918,31.218751907348633
1773047921686372400,21.370372314453125,-14.30625057220459,-25.181251525878906,31.162500381469727
1773047921696372200,21.380372314453126,-14.606250762939453,-25.312501907348633,30.806251525878906
1773047921706372400,21.390372314453124,-14.812500953674316,-24.900001525878906,30.86250114440918
1773047921716372200,21.400372314453126,-14.943750381469727,-24.937501907348633,30.806251525878906
1773047921726372400,21.410372314453124,-14.68125057220459,-24.881250381469727,30.95625114440918
1773047921736372200,21.420372314453125,-14.718750953674316,-25.181251525878906,30.806251525878906
1773047921746372400,21.430372314453123,-14.718750953674316,-25.293750762939453,31.106250762939453
1773047921756372200,21.440372314453125,-14.512500762939453,-25.14375114440918,30.975000381469727
1773047921766372400,21.450372314453126,-14.887500762939453,-24.86250114440918,30.937501907348633
1773047921776372200,21.460372314453124,-14.643750190734863,-24.712501525878906,31.125001907348633
1773047921786372400,21.470372314453126,-14.531250953674316,-24.881250381469727,31.275001525878906
1773047921796372200,21.480372314453124,-14.49375057220459,-24.918750762939453,31.162500381469727
1773047921806372400,21.490372314453126,-14.437500953674316,-24.937501907348633,31.368751525878906
1773047921816372200,21.500372314453124,-14.137500762939453,-24.937501907348633,31.33125114440918
1773047921826372400,21.510372314453125,-14.21250057220459,-24.656251907348633,31.387500762939453
1773047921836372200,21.520372314453127,-14.418750762939453,-24.76875114440918,31.293750762939453
1773047921846372400,21.530372314453125,-14.250000953674316,-24.900001525878906,31.368751525878906
1773047921856372200,21.540372314453126,-14.381250381469727,-24.825000762939453,31.350000381469727
1773047921866372400,21.550372314453124,-14.40000057220459,-24.993751525878906,31.293750762939453
1773047921876372200,21.560372314453126,-14.381250381469727,-24.937501907348633,31.218751907348633
1773047921886372400,21.570372314453124,-14.550000190734863,-24.86250114440918,31.05000114440918
1773047921896372200,21.580372314453125,-14.68125057220459,-24.900001525878906,31.05000114440918
1773047921906372400,21.590372314453123,-14.662500381469727,-24.937501907348633,30.918750762939453
1773047921916372200,21.600372314453125,-14.68125057220459,-24.843751907348633,31.106250762939453
1773047921926372400,21.610372314453127,-14.625000953674316,-24.937501907348633,30.993751525878906
1773047921936372200,21.620372314453125,-14.812500953674316,-24.637500762939453,31.200000762939453
1773047921946372400,21.630372314453126,-14.77500057220459,-24.318750381469727,31.42500114440918
1773047921956372200,21.640372314453124,-14.77500057220459,-24.168750762939453,31.631250381469727
1773047921966372400,21.650372314453126,-14.737500190734863,-24.11250114440918,31.668750762939453
1773047921986372400,21.670372314453125,-14.86875057220459,-23.662500381469727,32.15625
1773047921996372200,21.680372314453123,-14.96250057220459,-23.775001525878906,32.118751525878906
1773047922006372400,21.690372314453125,-15.300000190734863,-23.71875,32.28750228881836
1773047922016372200,21.700372314453126,-15.281250953674316,-24.056251525878906,32.306251525878906
1773047922026372400,21.710372314453124,-15.562500953674316,-23.981250762939453,32.26875305175781
1773047922036372200,21.720372314453126,-15.787500381469727,-24.037500381469727,32.34375
1773047922046372400,21.730372314453124,-15.975000381469727,-23.756250381469727,32.36250305175781
1773047922056372200,21.740372314453126,-16.106250762939453,-23.850000381469727,32.19375228881836
1773047922066372400,21.750372314453124,-16.106250762939453,-24.01875114440918,32.0625
1773047922076372200,21.760372314453125,-16.068750381469727,-23.662500381469727,32.23125076293945
1773047922086372400,21.770372314453127,-16.3125,-23.475000381469727,31.743751525878906
1773047922096372200,21.780372314453125,-16.387500762939453,-23.08125114440918,31.650001525878906
1773047922106372400,21.790372314453126,-16.70625114440918,-23.08125114440918,31.387500762939453
1773047922116372200,21.800372314453124,-16.762500762939453,-22.931251525878906,31.218751907348633
1773047922126372400,21.810372314453126,-16.837501525878906,-23.25,31.23750114440918
1773047922136372200,21.820372314453124,-16.725000381469727,-23.381250381469727,31.106250762939453
1773047922146372400,21.830372314453125,-16.61250114440918,-23.475000381469727,31.125001907348633
1773047922156372200,21.840372314453123,-16.42500114440918,-23.587501525878906,31.162500381469727
1773047922166372400,21.850372314453125,-16.125,-23.71875,31.500001907348633
1773047922176372200,21.860372314453127,-15.937500953674316,-24.187501907348633,31.256250381469727
1773047922186372400,21.870372314453125,-15.487500190734863,-24.168750762939453,31.556251525878906
1773047922196372200,21.880372314453126,-15.318750381469727,-24.412500381469727,31.462501525878906
1773047922206372400,21.890372314453124,-15.15000057220459,-24.39375114440918,31.23750114440918
1773047922216372200,21.900372314453126,-15.112500190734863,-24.262500762939453,31.443750381469727
1773047922226372400,21.910372314453124,-15.262500762939453,-24.093751907348633,31.61250114440918
1773047922236372200,21.920372314453125,-15.506250381469727,-24.131250381469727,31.537500381469727
1773047922246372400,21.930372314453123,-15.656250953674316,-24.11250114440918,31.725000381469727
1773047922256372200,21.940372314453125,-15.656250953674316,-23.83125114440918,31.743751525878906
1773047922266372400,21.950372314453126,-15.918750762939453,-23.83125114440918,31.631250381469727
1773047922276372200,21.960372314453124,-15.862500190734863,-23.73750114440918,31.89375114440918
1773047922286372400,21.970372314453126,-15.71250057220459,-23.587501525878906,31.950000762939453
1773047922296372200,21.980372314453124,-15.843750953674316,-23.512500762939453,31.856250762939453
1773047922306372400,21.990372314453126,-15.656250953674316,-23.662500381469727,31.537500381469727
1773047922316372200,22.000372314453124,-15.61875057220459,-23.756250381469727,31.42500114440918
1773047922326372400,22.010372314453125,-15.412500381469727,-23.90625,31.181251525878906
1773047922336372200,22.020372314453127,-15.225000381469727,-23.943750381469727,31.368751525878906
1773047922346372400,22.030372314453125,-14.96250057220459,-24.30000114440918,31.256250381469727
1773047922356372200,22.040372314453126,-15.018750190734863,-24.150001525878906,31.275001525878906
1773047922366372400,22.050372314453124,-15.24375057220459,-24.525001525878906,31.462501525878906
1773047922376372200,22.060372314453126,-15.15000057220459,-24.787500381469727,31.650001525878906
1773047922386372400,22.070372314453124,-15.300000190734863,-24.825000762939453,31.762500762939453
1773047922396372200,22.080372314453125,-15.33750057220459,-25.125001907348633,31.631250381469727
1773047922406372400,22.090372314453123,-15.356250762939453,-24.975000381469727,31.631250381469727
1773047922416372200,22.100372314453125,-15.562500953674316,-25.106250762939453,31.481250762939453
1773047922426372400,22.110372314453127,-15.637500762939453,-24.95625114440918,31.61250114440918
1773047922436372200,22.120372314453125,-15.543750762939453,-25.256250381469727,31.387500762939453
1773047922446372400,22.130372314453126,-15.375000953674316,-25.106250762939453,31.350000381469727
1773047922456372200,22.140372314453124,-15.356250762939453,-24.843751907348633,31.368751525878906
1773047922466372400,22.150372314453126,-15.15000057220459,-24.937501907348633,31.443750381469727
1773047922476372200,22.160372314453124,-14.943750381469727,-24.825000762939453,31.575000762939453
1773047922486372400,22.170372314453125,-14.943750381469727,-24.975000381469727,31.462501525878906
1773047922496372200,22.180372314453123,-15.037500381469727,-24.825000762939453,31.61250114440918
1773047922506372400,22.190372314453125,-15.018750190734863,-24.48750114440918,31.51875114440918
1773047922516372200,22.200372314453126,-15.112500190734863,-24.468751907348633,31.575000762939453
1773047922526372400,22.210372314453124,-15.24375057220459,-24.281251907348633,31.537500381469727
1773047922536372200,22.220372314453126,-15.262500762939453,-24.86250114440918,31.350000381469727
1773047922546372400,22.230372314453124,-15.225000381469727,-24.86250114440918,31.125001907348633
1773047922556372200,22.240372314453126,-15.168750762939453,-25.05000114440918,31.068750381469727
1773047922566372400,22.250372314453124,-15.33750057220459,-25.031251907348633,30.993751525878906
1773047922576372200,22.260372314453125,-15.375000953674316,-25.443750381469727,30.67500114440918
1773047922586372400,22.270372314453127,-15.52500057220459,-25.837501525878906,30.58125114440918
1773047922596372200,22.280372314453125,-15.393750190734863,-25.912500381469727,30.468751907348633
1773047922606372400,22.290372314453126,-15.318750381469727,-26.062501907348633,30.637500762939453
1773047922616372200,22.300372314453124,-15.468750953674316,-25.89375114440918,30.525001525878906
1773047922626372400,22.310372314453126,-15.581250190734863,-25.856250762939453,30.356250762939453
1773047922636372200,22.320372314453124,-15.600000381469727,-25.575000762939453,30.543750762939453
1773047922646372400,22.330372314453125,-15.262500762939453,-25.51875114440918,30.637500762939453
1773047922656372200,22.340372314453123,-15.206250190734863,-25.312501907348633,30.918750762939453
1773047922666372400,22.350372314453125,-15.262500762939453,-25.256250381469727,30.787500381469727
1773047922676372200,22.360372314453127,-15.15000057220459,-25.181251525878906,30.975000381469727
1773047922686372400,22.370372314453125,-15.24375057220459,-25.293750762939453,30.712501525878906
1773047922696372200,22.380372314453126,-15.15000057220459,-25.256250381469727,30.67500114440918
1773047922706372400,22.390372314453124,-15.206250190734863,-25.068750381469727,31.068750381469727
1773047922716372200,22.400372314453126,-15.187500953674316,-25.125001907348633,30.993751525878906
1773047922726372400,22.410372314453124,-15.206250190734863,-25.106250762939453,31.125001907348633
1773047922736372200,22.420372314453125,-15.33750057220459,-24.900001525878906,31.218751907348633
1773047922746372400,22.430372314453123,-15.281250953674316,-25.031251907348633,31.462501525878906
1773047922756372200,22.440372314453125,-15.487500190734863,-25.05000114440918,31.33125114440918
1773047922766372400,22.450372314453126,-15.675000190734863,-24.993751525878906,31.387500762939453
1773047922776372200,22.460372314453124,-15.675000190734863,-24.843751907348633,31.537500381469727
1773047922786372400,22.470372314453126,-15.787500381469727,-24.787500381469727,31.443750381469727
1773047922796372200,22.480372314453124,-15.975000381469727,-24.95625114440918,31.368751525878906
1773047922806372400,22.490372314453126,-16.162500381469727,-25.106250762939453,31.181251525878906
1773047922816372200,22.500372314453124,-15.787500381469727,-25.42500114440918,30.86250114440918
1773047922826372400,22.510372314453125,-15.731250762939453,-25.593751907348633,30.693750381469727
1773047922836372200,22.520372314453127,-15.675000190734863,-25.51875114440918,30.806251525878906
1773047922846372400,22.530372314453125,-15.356250762939453,-25.462501525878906,30.86250114440918
1773047922856372200,22.540372314453126,-15.206250190734863,-25.481250762939453,30.693750381469727
1773047922866372400,22.550372314453124,-14.925000190734863,-25.650001525878906,30.58125114440918
1773047922876372200,22.560372314453126,-15.018750190734863,-25.406251907348633,30.600000381469727
1773047922886372400,22.570372314453124,-15.075000762939453,-25.443750381469727,30.750001907348633
1773047922896372200,22.580372314453125,-15.131250381469727,-25.687501907348633,30.843751907348633
1773047922906372400,22.590372314453123,-15.112500190734863,-25.650001525878906,30.731250762939453
1773047922916372200,22.600372314453125,-15.131250381469727,-25.631250381469727,30.750001907348633
1773047922926372400,22.610372314453127,-15.24375057220459,-25.61250114440918,30.693750381469727
1773047922936372200,22.620372314453125,-15.262500762939453,-25.875001907348633,30.618751525878906
1773047922946372400,22.630372314453126,-15.393750190734863,-25.912500381469727,30.750001907348633
1773047922956372200,22.640372314453124,-15.412500381469727,-26.212501525878906,30.618751525878906
1773047922966372400,22.650372314453126,-15.581250190734863,-26.043750762939453,30.656251907348633
1773047922976372200,22.660372314453124,-15.80625057220459,-25.631250381469727,30.825000762939453
1773047922986372400,22.670372314453125,-15.843750953674316,-25.51875114440918,30.825000762939453
1773047922996372200,22.680372314453123,-16.03125,-25.631250381469727,30.468751907348633
1773047923006372400,22.690372314453125,-15.862500190734863,-25.743751525878906,30.375001907348633
1773047923016372200,22.700372314453126,-15.80625057220459,-25.350000381469727,30.76875114440918
1773047923026372400,22.710372314453124,-15.843750953674316,-25.42500114440918,30.562501907348633
1773047923036372200,22.720372314453126,-15.862500190734863,-24.993751525878906,30.750001907348633
1773047923046372400,22.730372314453124,-15.600000381469727,-25.14375114440918,30.600000381469727
1773047923056372200,22.740372314453126,-15.356250762939453,-25.537500381469727,30.506250381469727
1773047923066372400,22.750372314453124,-15.356250762939453,-25.462501525878906,30.750001907348633
1773047923076372200,22.760372314453125,-15.562500953674316,-25.687501907348633,30.86250114440918
1773047923086372400,22.770372314453127,-15.506250381469727,-25.650001525878906,30.900001525878906
1773047923096372200,22.780372314453125,-15.581250190734863,-25.89375114440918,30.468751907348633
1773047923106372400,22.790372314453126,-15.600000381469727,-25.781251907348633,30.562501907348633
1773047923116372200,22.800372314453124,-15.375000953674316,-25.856250762939453,30.806251525878906
1773047923126372400,22.810372314453126,-15.375000953674316,-25.593751907348633,30.918750762939453
1773047923136372200,22.820372314453124,-15.506250381469727,-25.312501907348633,30.881250381469727
1773047923146372400,22.830372314453125,-15.581250190734863,-25.275001525878906,30.600000381469727
1773047923156372200,22.840372314453123,-15.487500190734863,-25.087501525878906,30.506250381469727
1773047923166372400,22.850372314453125,-15.937500953674316,-24.95625114440918,30.468751907348633
1773047923176372200,22.860372314453127,-16.106250762939453,-24.806251525878906,30.543750762939453
1773047923186372400,22.870372314453125,-16.05000114440918,-24.937501907348633,30.468751907348633
1773047923196372200,22.880372314453126,-16.256250381469727,-24.900001525878906,30.093751907348633
1773047923206372400,22.890372314453124,-16.275001525878906,-25.14375114440918,30.037500381469727
1773047923216372200,22.900372314453126,-16.23750114440918,-25.312501907348633,30.093751907348633
1773047923226372400,22.910372314453124,-16.125,-25.481250762939453,30.056251525878906
1773047923236372200,22.920372314453125,-16.068750381469727,-25.575000762939453,30.11250114440918
1773047923246372400,22.930372314453123,-16.012500762939453,-25.781251907348633,30.093751907348633
1773047923256372200,22.940372314453125,-16.125,-25.725000381469727,30.037500381469727
1773047923266372400,22.950372314453126,-16.481250762939453,-25.80000114440918,29.962501525878906
1773047923276372200,22.960372314453124,-16.42500114440918,-25.762500762939453,30.187501907348633
1773047923286372400,22.970372314453126,-16.350000381469727,-25.725000381469727,30.262500762939453
1773047923296372200,22.980372314453124,-16.51875114440918,-25.650001525878906,30.150001525878906
1773047923306372400,22.990372314453126,-16.650001525878906,-25.575000762939453,30.600000381469727
1773047923316372200,23.000372314453124,-16.537500381469727,-25.406251907348633,30.750001907348633
1773047923326372400,23.010372314453125,-16.61250114440918,-25.256250381469727,30.937501907348633
1773047923336372200,23.020372314453127,-16.256250381469727,-25.350000381469727,31.087501525878906
1773047923346372400,23.030372314453125,-16.14375114440918,-25.218751907348633,31.125001907348633
1773047923356372200,23.040372314453126,-16.14375114440918,-25.443750381469727,31.031251907348633
1773047923366372400,23.050372314453124,-16.256250381469727,-25.500001907348633,31.106250762939453
1773047923376372200,23.060372314453126,-16.200000762939453,-25.556251525878906,31.293750762939453
1773047923386372400,23.070372314453124,-16.14375114440918,-25.481250762939453,30.975000381469727
1773047923396372200,23.080372314453125,-15.956250190734863,-25.687501907348633,31.05000114440918
1773047923406372400,23.090372314453123,-15.843750953674316,-25.80000114440918,30.881250381469727
1773047923416372200,23.100372314453125,-15.975000381469727,-25.98750114440918,30.806251525878906
1773047923426372400,23.110372314453127,-15.656250953674316,-26.100000381469727,31.068750381469727
1773047923436372200,23.120372314453125,-15.750000953674316,-25.89375114440918,30.825000762939453
1773047923446372400,23.130372314453126,-15.71250057220459,-25.912500381469727,30.693750381469727
1773047923456372200,23.140372314453124,-15.656250953674316,-25.650001525878906,30.656251907348633
1773047923466372400,23.150372314453126,-15.487500190734863,-25.743751525878906,30.731250762939453
1773047923476372200,23.160372314453124,-15.843750953674316,-25.743751525878906,30.543750762939453
1773047923486372400,23.170372314453125,-15.693750381469727,-25.743751525878906,30.750001907348633
1773047923496372200,23.180372314453123,-15.581250190734863,-25.743751525878906,30.843751907348633
1773047923506372400,23.190372314453125,-15.61875057220459,-25.818750381469727,30.58125114440918
1773047923516372200,23.200372314453126,-15.33750057220459,-25.818750381469727,30.637500762939453
1773047923526372400,23.210372314453124,-15.318750381469727,-25.98750114440918,30.600000381469727
1773047923536372200,23.220372314453126,-15.262500762939453,-26.062501907348633,30.506250381469727
1773047923546372400,23.230372314453124,-15.206250190734863,-26.137500762939453,30.431251525878906
1773047923556372200,23.240372314453126,-14.77500057220459,-26.08125114440918,30.468751907348633
1773047923566372400,23.250372314453124,-14.512500762939453,-26.231250762939453,30.468751907348633
1773047923576372200,23.260372314453125,-14.550000190734863,-26.250001907348633,30.637500762939453
1773047923586372400,23.270372314453127,-14.231250762939453,-26.025001525878906,31.05000114440918
1773047923596372200,23.280372314453125,-14.137500762939453,-26.400001525878906,31.42500114440918
1773047923606372400,23.290372314453126,-14.02500057220459,-26.306251525878906,31.33125114440918
1773047923616372200,23.300372314453124,-13.875000953674316,-26.700000762939453,31.312501907348633
1773047923626372400,23.310372314453126,-13.800000190734863,-26.681251525878906,31.500001907348633
1773047923636372200,23.320372314453124,-13.762500762939453,-26.887500762939453,31.350000381469727
1773047923646372400,23.330372314453125,-13.912500381469727,-27.000001907348633,31.312501907348633
1773047923656372200,23.340372314453123,-13.575000762939453,-27.168750762939453,31.05000114440918
1773047923666372400,23.350372314453125,-13.800000190734863,-27.468751907348633,30.731250762939453
1773047923676372200,23.360372314453127,-13.912500381469727,-27.48750114440918,30.431251525878906
1773047923686372400,23.370372314453125,-13.668750762939453,-27.787500381469727,30.656251907348633
1773047923696372200,23.380372314453126,-13.687500953674316,-27.525001525878906,30.656251907348633
1773047923706372400,23.390372314453124,-13.74375057220459,-27.712501525878906,30.656251907348633
1773047923716372200,23.400372314453126,-13.893750190734863,-27.693750381469727,30.881250381469727
1773047923726372400,23.410372314453124,-13.800000190734863,-27.67500114440918,30.918750762939453
1773047923736372200,23.420372314453125,-13.968750953674316,-27.600000381469727,30.918750762939453
1773047923746372400,23.430372314453123,-14.02500057220459,-27.58125114440918,30.993751525878906
1773047923756372200,23.440372314453125,-13.987500190734863,-27.48750114440918,30.975000381469727
1773047923766372400,23.450372314453126,-14.21250057220459,-27.225000381469727,30.76875114440918
1773047923776372200,23.460372314453124,-14.475000381469727,-27.375001907348633,30.843751907348633
1773047923786372400,23.470372314453126,-14.793750762939453,-27.20625114440918,30.825000762939453
1773047923796372200,23.480372314453124,-14.77500057220459,-27.20625114440918,30.731250762939453
1773047923806372400,23.490372314453126,-15.075000762939453,-27.11250114440918,30.543750762939453
1773047923816372200,23.500372314453124,-15.075000762939453,-27.375001907348633,30.431251525878906
1773047923826372400,23.510372314453125,-15.187500953674316,-27.525001525878906,30.225000381469727
1773047923836372200,23.520372314453127,-15.131250381469727,-27.431251525878906,30.356250762939453
1773047923846372400,23.530372314453125,-15.112500190734863,-27.543750762939453,30.525001525878906
1773047923856372200,23.540372314453126,-14.812500953674316,-27.375001907348633,30.562501907348633
1773047923866372400,23.550372314453124,-14.68125057220459,-27.48750114440918,30.48750114440918
1773047923876372200,23.560372314453126,-14.49375057220459,-27.468751907348633,30.431251525878906
1773047923886372400,23.570372314453124,-14.21250057220459,-27.637500762939453,30.48750114440918
1773047923896372200,23.580372314453125,-14.250000953674316,-27.562501907348633,30.543750762939453
1773047923906372400,23.590372314453123,-14.175000190734863,-27.600000381469727,30.525001525878906
1773047923916372200,23.600372314453125,-13.950000762939453,-27.600000381469727,30.468751907348633
1773047923926372400,23.610372314453127,-13.818750381469727,-27.600000381469727,30.431251525878906
1773047923936372200,23.620372314453125,-13.893750190734863,-27.67500114440918,30.375001907348633
1773047923946372400,23.630372314453126,-13.762500762939453,-27.76875114440918,30.318750381469727
1773047923956372200,23.640372314453124,-13.893750190734863,-28.012500762939453,30.262500762939453
1773047923966372400,23.650372314453126,-14.043750762939453,-27.937501907348633,30.243751525878906
1773047923976372200,23.660372314453124,-14.21250057220459,-27.731250762939453,30.356250762939453
1773047923986372400,23.670372314453125,-14.062500953674316,-27.712501525878906,30.562501907348633
1773047923996372200,23.680372314453123,-14.325000762939453,-28.05000114440918,30.375001907348633
1773047924006372400,23.690372314453125,-14.40000057220459,-28.200000762939453,30.187501907348633
1773047924016372200,23.700372314453126,-14.30625057220459,-28.23750114440918,30.243751525878906
1773047924026372400,23.710372314453124,-14.343750953674316,-28.012500762939453,30.30000114440918
1773047924036372200,23.720372314453126,-14.531250953674316,-27.95625114440918,30.243751525878906
1773047924046372400,23.730372314453124,-14.512500762939453,-27.825000762939453,30.543750762939453
1773047924056372200,23.740372314453126,-14.362500190734863,-27.937501907348633,30.67500114440918
1773047924066372400,23.750372314453124,-14.512500762939453,-28.031251907348633,30.468751907348633
1773047924076372200,23.760372314453125,-14.475000381469727,-27.975000381469727,30.431251525878906
1773047924086372400,23.770372314453127,-14.437500953674316,-27.900001525878906,30.600000381469727
1773047924096372200,23.780372314453125,-14.568750381469727,-28.312501907348633,30.262500762939453
1773047924106372400,23.790372314453126,-14.475000381469727,-28.443750381469727,30.243751525878906
1773047924116372200,23.800372314453124,-14.100000381469727,-28.575000762939453,30.48750114440918
1773047924126372400,23.810372314453126,-13.950000762939453,-28.725000381469727,30.20625114440918
1773047924136372200,23.820372314453124,-14.02500057220459,-28.80000114440918,29.981250762939453
1773047924146372400,23.830372314453125,-14.11875057220459,-28.687501907348633,29.943750381469727
1773047924156372200,23.840372314453123,-14.175000190734863,-28.593751907348633,30.093751907348633
1773047924166372400,23.850372314453125,-14.156250953674316,-28.556251525878906,30.20625114440918
1773047924176372200,23.860372314453127,-14.043750762939453,-28.42500114440918,30.375001907348633
1773047924186372400,23.870372314453125,-14.081250190734863,-28.668750762939453,30.11250114440918
1773047924196372200,23.880372314453126,-14.21250057220459,-28.51875114440918,30.056251525878906
1773047924206372400,23.890372314453124,-14.362500190734863,-28.61250114440918,30.075000762939453
1773047924216372200,23.900372314453126,-14.21250057220459,-28.61250114440918,30.20625114440918
1773047924226372400,23.910372314453124,-13.968750953674316,-28.61250114440918,30.243751525878906
1773047924236372200,23.920372314453125,-13.74375057220459,-28.818750381469727,30.225000381469727
1773047924246372400,23.930372314453123,-14.081250190734863,-28.875001907348633,29.962501525878906
1773047924256372200,23.940372314453125,-14.137500762939453,-28.781251907348633,29.981250762939453
1773047924266372400,23.950372314453126,-14.062500953674316,-28.668750762939453,30.30000114440918
1773047924276372200,23.960372314453124,-13.987500190734863,-28.725000381469727,30.168750762939453
1773047924286372400,23.970372314453126,-13.875000953674316,-28.575000762939453,30.450000762939453
1773047924296372200,23.980372314453124,-14.02500057220459,-28.406251907348633,30.468751907348633
1773047924306372400,23.990372314453126,-13.93125057220459,-28.218751907348633,30.712501525878906
1773047924316372200,24.000372314453124,-14.231250762939453,-28.087501525878906,30.806251525878906
1773047924326372400,24.010372314453125,-13.93125057220459,-28.162500381469727,31.14375114440918
1773047924336372200,24.020372314453127,-13.706250190734863,-28.256250381469727,30.975000381469727
1773047924346372400,24.030372314453125,-13.575000762939453,-28.162500381469727,31.012500762939453
1773047924356372200,24.040372314453126,-13.725000381469727,-28.181251525878906,31.05000114440918
1773047924366372400,24.050372314453124,-13.631250381469727,-28.368751525878906,30.86250114440918
1773047924376372200,24.060372314453126,-13.725000381469727,-28.593751907348633,30.806251525878906
1773047924386372400,24.070372314453124,-13.725000381469727,-28.631250381469727,30.825000762939453
1773047924396372200,24.080372314453125,-13.518750190734863,-28.593751907348633,31.068750381469727
1773047924406372400,24.090372314453123,-13.387500762939453,-28.481250762939453,31.068750381469727
1773047924416372200,24.100372314453125,-13.537500381469727,-28.312501907348633,31.368751525878906
1773047924426372400,24.110372314453127,-13.631250381469727,-28.312501907348633,31.312501907348633
1773047924436372200,24.120372314453125,-13.443750381469727,-28.162500381469727,31.51875114440918
1773047924446372400,24.130372314453126,-13.55625057220459,-28.125001907348633,31.500001907348633
1773047924456372200,24.140372314453124,-13.350000381469727,-27.993751525878906,31.462501525878906
1773047924466372400,24.150372314453126,-13.500000953674316,-28.23750114440918,31.350000381469727
1773047924476372200,24.160372314453124,-13.65000057220459,-28.293750762939453,31.031251907348633
1773047924486372400,24.170372314453125,-13.575000762939453,-28.406251907348633,31.106250762939453
1773047924496372200,24.180372314453123,-13.631250381469727,-28.42500114440918,31.05000114440918
1773047924506372400,24.190372314453125,-13.537500381469727,-28.368751525878906,31.23750114440918
1773047924516372200,24.200372314453126,-13.74375057220459,-28.556251525878906,30.918750762939453
1773047924526372400,24.210372314453124,-13.83750057220459,-28.350000381469727,31.125001907348633
1773047924536372200,24.220372314453126,-13.856250762939453,-28.125001907348633,31.275001525878906
1773047924546372400,24.230372314453124,-13.83750057220459,-27.95625114440918,31.443750381469727
1773047924556372200,24.240372314453126,-13.83750057220459,-27.86250114440918,31.593751907348633
1773047924566372400,24.250372314453124,-13.968750953674316,-27.693750381469727,31.61250114440918
1773047924576372200,24.260372314453125,-13.968750953674316,-27.693750381469727,31.650001525878906
1773047924586372400,24.270372314453127,-14.156250953674316,-27.918750762939453,31.443750381469727
1773047924596372200,24.280372314453125,-14.325000762939453,-27.562501907348633,31.537500381469727
1773047924606372400,24.290372314453126,-14.062500953674316,-27.562501907348633,31.406251907348633
1773047924616372200,24.300372314453124,-13.912500381469727,-27.618751525878906,31.593751907348633
1773047924626372400,24.310372314453126,-13.950000762939453,-27.693750381469727,31.725000381469727
1773047924636372200,24.320372314453124,-13.762500762939453,-27.637500762939453,31.818750381469727
1773047924646372400,24.330372314453125,-13.781250953674316,-27.637500762939453,31.725000381469727
1773047924656372200,24.340372314453123,-13.593750953674316,-27.506250381469727,31.837501525878906
1773047924666372400,24.350372314453125,-13.312500953674316,-27.281251907348633,32.025001525878906
1773047924676372200,24.360372314453127,-13.031250953674316,-27.525001525878906,32.212501525878906
1773047924686372400,24.370372314453125,-13.18125057220459,-27.562501907348633,32.400001525878906
1773047924696372200,24.380372314453126,-13.218750953674316,-27.58125114440918,32.28750228881836
1773047924706372400,24.390372314453124,-13.200000762939453,-27.525001525878906,32.15625
1773047924716372200,24.400372314453126,-13.331250190734863,-27.67500114440918,32.23125076293945
1773047924726372400,24.410372314453124,-13.312500953674316,-27.58125114440918,32.4375
1773047924736372200,24.420372314453125,-13.500000953674316,-27.693750381469727,32.32500076293945
1773047924746372400,24.430372314453123,-13.856250762939453,-27.656251907348633,32.212501525878906
1773047924756372200,24.440372314453125,-13.762500762939453,-27.562501907348633,32.38125228881836
1773047924766372400,24.450372314453126,-13.612500190734863,-27.637500762939453,32.41875076293945
1773047924776372200,24.460372314453124,-13.950000762939453,-27.750001907348633,32.26875305175781
1773047924786372400,24.470372314453126,-13.893750190734863,-27.787500381469727,32.400001525878906
1773047924796372200,24.480372314453124,-13.687500953674316,-27.656251907348633,32.306251525878906
1773047924806372400,24.490372314453126,-13.74375057220459,-27.637500762939453,32.08125305175781
1773047924816372200,24.500372314453124,-13.818750381469727,-27.39375114440918,32.13750076293945
1773047924826372400,24.510372314453125,-13.875000953674316,-27.281251907348633,32.400001525878906
1773047924836372200,24.520372314453127,-14.156250953674316,-27.075000762939453,32.25
1773047924846372400,24.530372314453125,-14.512500762939453,-27.01875114440918,32.13750076293945
1773047924856372200,24.540372314453126,-14.268750190734863,-27.000001907348633,32.13750076293945
1773047924866372400,24.550372314453124,-14.231250762939453,-27.262500762939453,31.912500381469727
1773047924876372200,24.560372314453126,-14.531250953674316,-27.243751525878906,31.89375114440918
1773047924886372400,24.570372314453124,-14.437500953674316,-27.562501907348633,31.931251525878906
1773047924896372200,24.580372314453125,-14.325000762939453,-27.806251525878906,32.15625
1773047924906372400,24.590372314453123,-14.343750953674316,-28.275001525878906,31.89375114440918
1773047924916372200,24.600372314453125,-14.175000190734863,-28.462501525878906,31.856250762939453
1773047924926372400,24.610372314453127,-13.687500953674316,-28.42500114440918,31.875001907348633
1773047924936372200,24.620372314453125,-13.800000190734863,-28.33125114440918,31.70625114440918
1773047924946372400,24.630372314453126,-13.762500762939453,-28.012500762939453,31.818750381469727
1773047924956372200,24.640372314453124,-13.612500190734863,-28.312501907348633,31.725000381469727
1773047924966372400,24.650372314453126,-13.668750762939453,-28.200000762939453,31.593751907348633
1773047924976372200,24.660372314453124,-13.631250381469727,-28.200000762939453,31.537500381469727
1773047924986372400,24.670372314453125,-13.537500381469727,-28.031251907348633,31.650001525878906
1773047924996372200,24.680372314453123,-13.593750953674316,-28.162500381469727,31.668750762939453
1773047925006372400,24.690372314453125,-13.800000190734863,-28.631250381469727,31.500001907348633
1773047925016372200,24.700372314453126,-14.043750762939453,-28.61250114440918,31.687501907348633
1773047925026372400,24.710372314453124,-14.250000953674316,-28.593751907348633,31.406251907348633
1773047925036372200,24.720372314453126,-14.68125057220459,-28.500001907348633,31.350000381469727
1773047925046372400,24.730372314453124,-14.96250057220459,-28.51875114440918,31.087501525878906
1773047925056372200,24.740372314453126,-15.168750762939453,-28.368751525878906,30.881250381469727
1773047925066372400,24.750372314453124,-15.393750190734863,-28.33125114440918,30.750001907348633
1773047925076372200,24.760372314453125,-15.33750057220459,-28.218751907348633,30.881250381469727
1773047925086372400,24.770372314453127,-15.600000381469727,-27.750001907348633,30.918750762939453
1773047925096372200,24.780372314453125,-15.506250381469727,-27.86250114440918,30.750001907348633
1773047925106372400,24.790372314453126,-15.637500762939453,-27.806251525878906,30.881250381469727
1773047925116372200,24.800372314453124,-15.562500953674316,-27.843751907348633,30.975000381469727
1773047925126372400,24.810372314453126,-15.61875057220459,-27.67500114440918,31.293750762939453
1773047925136372200,24.820372314453124,-15.562500953674316,-27.937501907348633,31.312501907348633
1773047925146372400,24.830372314453125,-15.281250953674316,-28.031251907348633,31.200000762939453
1773047925156372200,24.840372314453123,-15.506250381469727,-27.900001525878906,30.86250114440918
1773047925166372400,24.850372314453125,-15.300000190734863,-28.087501525878906,30.600000381469727
1773047925176372200,24.860372314453127,-15.33750057220459,-28.068750381469727,30.67500114440918
1773047925186372400,24.870372314453125,-15.356250762939453,-28.106250762939453,30.731250762939453
1773047925196372200,24.880372314453126,-15.225000381469727,-27.900001525878906,30.58125114440918
1773047925206372400,24.890372314453124,-15.093750953674316,-28.14375114440918,30.318750381469727
1773047925216372200,24.900372314453126,-15.262500762939453,-27.825000762939453,30.11250114440918
1773047925226372400,24.910372314453124,-15.43125057220459,-27.450000762939453,30.168750762939453
1773047925236372200,24.920372314453125,-15.600000381469727,-27.30000114440918,30.187501907348633
1773047925246372400,24.930372314453123,-15.975000381469727,-27.131250381469727,30.262500762939453
1773047925256372200,24.940372314453125,-15.99375057220459,-27.000001907348633,30.168750762939453
1773047925266372400,24.950372314453126,-16.068750381469727,-26.943750381469727,30.000001907348633
1773047925276372200,24.960372314453124,-16.068750381469727,-26.868751525878906,30.150001525878906
1773047925286372400,24.970372314453126,-16.087501525878906,-26.681251525878906,30.187501907348633
1773047925296372200,24.980372314453124,-16.012500762939453,-26.812501907348633,30.20625114440918
1773047925306372400,24.990372314453126,-15.881250381469727,-27.056251525878906,30.075000762939453
1773047925316372200,25.000372314453124,-15.656250953674316,-27.262500762939453,30.000001907348633
1773047925326372400,25.010372314453125,-15.43125057220459,-27.11250114440918,30.093751907348633
1773047925336372200,25.020372314453127,-15.43125057220459,-27.150001525878906,30.30000114440918
1773047925346372400,25.030372314453125,-15.281250953674316,-27.450000762939453,30.131250381469727
1773047925356372200,25.040372314453126,-15.356250762939453,-27.543750762939453,29.962501525878906
1773047925366372400,25.050372314453124,-15.15000057220459,-27.318750381469727,30.20625114440918
1773047925376372200,25.060372314453126,-15.281250953674316,-27.39375114440918,30.20625114440918
1773047925386372400,25.070372314453124,-15.43125057220459,-27.39375114440918,30.375001907348633
1773047925396372200,25.080372314453125,-15.281250953674316,-27.506250381469727,30.600000381469727
1773047925406372400,25.090372314453123,-15.187500953674316,-27.750001907348633,30.506250381469727
1773047925416372200,25.100372314453125,-14.812500953674316,-28.068750381469727,30.20625114440918
1773047925426372400,25.110372314453127,-15.018750190734863,-27.843751907348633,30.075000762939453
1773047925436372200,25.120372314453125,-14.831250190734863,-27.825000762939453,30.262500762939453
1773047925446372400,25.130372314453126,-15.018750190734863,-27.86250114440918,30.01875114440918
1773047925456372200,25.140372314453124,-15.093750953674316,-27.937501907348633,30.037500381469727
1773047925466372400,25.150372314453126,-15.33750057220459,-27.843751907348633,29.92500114440918
1773047925476372200,25.160372314453124,-15.468750953674316,-27.76875114440918,29.868751525878906
1773047925486372400,25.170372314453125,-15.731250762939453,-27.693750381469727,29.962501525878906
1773047925496372200,25.180372314453123,-16.012500762939453,-27.525001525878906,29.981250762939453
1773047925506372400,25.190372314453125,-15.956250190734863,-27.468751907348633,30.337501525878906
1773047925516372200,25.200372314453126,-16.162500381469727,-27.562501907348633,30.000001907348633
1773047925526372400,25.210372314453124,-16.21875,-27.67500114440918,30.20625114440918
1773047925536372200,25.220372314453126,-16.068750381469727,-27.543750762939453,30.075000762939453
1773047925546372400,25.230372314453124,-15.90000057220459,-27.543750762939453,30.000001907348633
1773047925556372200,25.240372314453126,-15.881250381469727,-27.76875114440918,30.037500381469727
1773047925566372400,25.250372314453124,-15.656250953674316,-27.693750381469727,29.981250762939453
1773047925576372200,25.260372314453125,-15.750000953674316,-27.600000381469727,30.056251525878906
1773047925586372400,25.270372314453127,-15.731250762939453,-27.618751525878906,30.075000762939453
1773047925596372200,25.280372314453125,-15.675000190734863,-27.468751907348633,30.187501907348633
1773047925606372400,25.290372314453126,-15.52500057220459,-27.450000762939453,30.168750762939453
1773047925616372200,25.300372314453124,-15.468750953674316,-27.450000762939453,30.225000381469727
1773047925626372400,25.310372314453126,-15.262500762939453,-27.637500762939453,30.337501525878906
1773047925636372200,25.320372314453124,-15.262500762939453,-27.468751907348633,30.01875114440918
1773047925646372400,25.330372314453125,-15.33750057220459,-27.39375114440918,30.11250114440918
1773047925656372200,25.340372314453123,-15.450000762939453,-27.356250762939453,30.037500381469727
1773047925666372400,25.350372314453125,-15.000000953674316,-27.318750381469727,29.92500114440918
1773047925676372200,25.360372314453127,-15.318750381469727,-27.262500762939453,29.962501525878906
1773047925686372400,25.370372314453125,-15.33750057220459,-27.431251525878906,29.775001525878906
1773047925696372200,25.380372314453126,-15.412500381469727,-27.281251907348633,30.01875114440918
1773047925706372400,25.390372314453124,-15.450000762939453,-26.92500114440918,30.168750762939453
1773047925716372200,25.400372314453126,-15.356250762939453,-26.83125114440918,30.562501907348633
1773047925726372400,25.410372314453124,-15.225000381469727,-27.225000381469727,30.562501907348633
1773047925736372200,25.420372314453125,-15.000000953674316,-27.168750762939453,30.67500114440918
1773047925746372400,25.430372314453123,-15.33750057220459,-27.037500381469727,30.843751907348633
1773047925756372200,25.440372314453125,-15.018750190734863,-27.337501525878906,30.787500381469727
1773047925766372400,25.450372314453126,-15.206250190734863,-27.318750381469727,30.637500762939453
1773047925776372200,25.460372314453124,-15.131250381469727,-27.412500381469727,30.468751907348633
1773047925786372400,25.470372314453126,-15.300000190734863,-27.693750381469727,30.243751525878906
1773047925796372200,25.480372314453124,-15.375000953674316,-27.693750381469727,30.093751907348633
1773047925806372400,25.490372314453126,-15.656250953674316,-27.58125114440918,29.887500762939453
1773047925816372200,25.500372314453124,-15.881250381469727,-27.618751525878906,29.981250762939453
1773047925826372400,25.510372314453125,-16.05000114440918,-27.881250381469727,29.625001907348633
1773047925836372200,25.520372314453127,-16.106250762939453,-27.806251525878906,29.587501525878906
1773047925846372400,25.530372314453125,-15.918750762939453,-27.76875114440918,29.681251525878906
1773047925856372200,25.540372314453126,-16.162500381469727,-27.900001525878906,29.64375114440918
1773047925866372400,25.550372314453124,-16.3125,-27.843751907348633,29.662500381469727
1773047925876372200,25.560372314453126,-16.200000762939453,-27.825000762939453,29.475000381469727
1773047925886372400,25.570372314453124,-16.012500762939453,-27.712501525878906,29.64375114440918
1773047925896372200,25.580372314453125,-15.90000057220459,-27.637500762939453,29.700000762939453
1773047925906372400,25.590372314453123,-15.637500762939453,-27.637500762939453,29.962501525878906
1773047925916372200,25.600372314453125,-15.675000190734863,-27.58125114440918,30.037500381469727
1773047925926372400,25.610372314453127,-15.61875057220459,-27.543750762939453,30.225000381469727
1773047925936372200,25.620372314453125,-15.562500953674316,-27.600000381469727,30.187501907348633
1773047925946372400,25.630372314453126,-15.15000057220459,-27.562501907348633,30.318750381469727
1773047925956372200,25.640372314453124,-15.487500190734863,-27.58125114440918,30.412500381469727
1773047925966372400,25.650372314453126,-15.581250190734863,-27.843751907348633,30.30000114440918
1773047925976372200,25.660372314453124,-15.412500381469727,-27.937501907348633,30.131250381469727
1773047925986372400,25.670372314453125,-15.52500057220459,-27.825000762939453,30.056251525878906
1773047925996372200,25.680372314453123,-15.450000762939453,-27.693750381469727,30.150001525878906
1773047926006372400,25.690372314453125,-15.61875057220459,-27.731250762939453,30.243751525878906
1773047926016372200,25.700372314453126,-15.487500190734863,-27.450000762939453,30.225000381469727
1773047926026372400,25.710372314453124,-15.675000190734863,-27.693750381469727,29.981250762939453
1773047926036372200,25.720372314453126,-15.450000762939453,-27.712501525878906,29.906251907348633
1773047926046372400,25.730372314453124,-15.356250762939453,-27.58125114440918,29.887500762939453
1773047926056372200,25.740372314453126,-15.581250190734863,-27.750001907348633,29.775001525878906
1773047926066372400,25.750372314453124,-15.52500057220459,-27.993751525878906,29.906251907348633
1773047926076372200,25.760372314453125,-15.693750381469727,-27.993751525878906,29.868751525878906
1773047926086372400,25.770372314453127,-15.71250057220459,-28.031251907348633,29.625001907348633
1773047926096372200,25.780372314453125,-15.656250953674316,-28.162500381469727,29.64375114440918
1773047926106372400,25.790372314453126,-15.637500762939453,-27.525001525878906,29.962501525878906
1773047926116372200,25.800372314453124,-15.918750762939453,-27.525001525878906,30.187501907348633
1773047926126372400,25.810372314453126,-15.956250190734863,-27.468751907348633,30.075000762939453
1773047926136372200,25.820372314453124,-15.600000381469727,-27.131250381469727,30.30000114440918
1773047926146372400,25.830372314453125,-15.543750762939453,-26.868751525878906,30.150001525878906
1773047926156372200,25.840372314453123,-15.450000762939453,-26.775001525878906,30.262500762939453
1773047926166372400,25.850372314453125,-15.656250953674316,-26.587501525878906,30.30000114440918
1773047926176372200,25.860372314453127,-15.825000762939453,-26.493751525878906,30.39375114440918
1773047926186372400,25.870372314453125,-16.03125,-26.868751525878906,30.01875114440918
1773047926196372200,25.880372314453126,-15.881250381469727,-26.981250762939453,29.92500114440918
1773047926206372400,25.890372314453124,-15.937500953674316,-26.962501525878906,30.168750762939453
1773047926216372200,25.900372314453126,-16.162500381469727,-27.075000762939453,30.168750762939453
1773047926226372400,25.910372314453124,-16.443750381469727,-27.131250381469727,30.168750762939453
1773047926236372200,25.920372314453125,-16.668750762939453,-27.075000762939453,29.981250762939453
1773047926246372400,25.930372314453123,-16.837501525878906,-27.093751907348633,29.943750381469727
1773047926256372200,25.940372314453125,-16.931251525878906,-27.281251907348633,29.775001525878906
1773047926266372400,25.950372314453126,-16.98750114440918,-27.39375114440918,29.700000762939453
1773047926276372200,25.960372314453124,-16.950000762939453,-27.356250762939453,29.55000114440918
1773047926286372400,25.970372314453126,-17.006250381469727,-27.375001907348633,29.418750762939453
1773047926296372200,25.980372314453124,-17.025001525878906,-27.356250762939453,29.55000114440918
1773047926306372400,25.990372314453126,-16.818750381469727,-27.506250381469727,29.587501525878906
1773047926316372200,26.000372314453124,-16.70625114440918,-27.618751525878906,29.625001907348633
1773047926326372400,26.010372314453125,-16.51875114440918,-27.600000381469727,29.662500381469727
1773047926336372200,26.020372314453127,-16.387500762939453,-27.48750114440918,29.587501525878906
1773047926346372400,26.030372314453125,-16.5,-27.525001525878906,29.662500381469727
1773047926356372200,26.040372314453126,-16.650001525878906,-27.318750381469727,30.01875114440918
1773047926366372400,26.050372314453124,-16.6875,-27.168750762939453,30.056251525878906
1773047926386372400,26.070372314453124,-16.875,-26.92500114440918,29.92500114440918
1773047926396372200,26.080372314453125,-16.875,-26.962501525878906,29.92500114440918
1773047926406372400,26.090372314453123,-16.875,-26.962501525878906,29.718751907348633
1773047926416372200,26.100372314453125,-16.78125,-26.92500114440918,29.887500762939453
1773047926426372400,26.110372314453127,-16.61250114440918,-26.73750114440918,30.056251525878906
1773047926436372200,26.120372314453125,-16.443750381469727,-26.850000381469727,29.906251907348633
1773047926446372400,26.130372314453126,-16.3125,-27.131250381469727,29.793750762939453
1773047926456372200,26.140372314453124,-16.181251525878906,-27.243751525878906,29.718751907348633
1773047926466372400,26.150372314453126,-16.14375114440918,-27.562501907348633,29.606250762939453
1773047926486372400,26.170372314453125,-16.125,-27.525001525878906,29.756250381469727
1773047926496372200,26.180372314453123,-16.05000114440918,-27.450000762939453,29.943750381469727
1773047926506372400,26.190372314453125,-15.862500190734863,-27.48750114440918,29.868751525878906
1773047926516372200,26.200372314453126,-15.731250762939453,-27.67500114440918,29.681251525878906
1773047926526372400,26.210372314453124,-15.750000953674316,-27.843751907348633,29.662500381469727
1773047926536372200,26.220372314453126,-15.600000381469727,-27.806251525878906,29.83125114440918
1773047926546372400,26.230372314453124,-15.600000381469727,-27.600000381469727,29.793750762939453
1773047926556372200,26.240372314453126,-15.975000381469727,-27.712501525878906,29.700000762939453
1773047926566372400,26.250372314453124,-15.61875057220459,-27.881250381469727,29.681251525878906
1773047926576372200,26.260372314453125,-15.881250381469727,-28.181251525878906,29.437501907348633
1773047926586372400,26.270372314453127,-16.012500762939453,-28.42500114440918,29.493751525878906
1773047926596372200,26.280372314453125,-16.21875,-28.42500114440918,29.587501525878906
1773047926606372400,26.290372314453126,-16.556251525878906,-28.162500381469727,29.64375114440918
1773047926616372200,26.300372314453124,-16.762500762939453,-28.162500381469727,29.681251525878906
1773047926626372400,26.310372314453126,-16.668750762939453,-28.200000762939453,29.475000381469727
1773047926636372200,26.320372314453124,-16.443750381469727,-28.106250762939453,29.531251907348633
1773047926646372400,26.330372314453125,-16.537500381469727,-28.256250381469727,29.287500381469727
1773047926656372200,26.340372314453123,-16.556251525878906,-27.937501907348633,29.45625114440918
1773047926666372400,26.350372314453125,-16.462501525878906,-27.693750381469727,29.381250381469727
1773047926676372200,26.360372314453127,-16.275001525878906,-27.562501907348633,29.55000114440918
1773047926686372400,26.370372314453125,-16.14375114440918,-27.39375114440918,29.606250762939453
1773047926696372200,26.380372314453126,-16.03125,-27.187501907348633,29.36250114440918
1773047926706372400,26.390372314453124,-16.23750114440918,-27.225000381469727,29.606250762939453
1773047926716372200,26.400372314453126,-16.05000114440918,-27.375001907348633,29.868751525878906
1773047926726372400,26.410372314453124,-16.068750381469727,-27.356250762939453,29.887500762939453
1773047926736372200,26.420372314453125,-15.956250190734863,-27.281251907348633,29.83125114440918
1773047926746372400,26.430372314453123,-15.937500953674316,-27.168750762939453,29.887500762939453
1773047926756372200,26.440372314453125,-15.843750953674316,-27.468751907348633,29.92500114440918
1773047926766372400,26.450372314453126,-15.825000762939453,-27.806251525878906,29.625001907348633
1773047926776372200,26.460372314453124,-16.106250762939453,-27.937501907348633,29.681251525878906
1773047926786372400,26.470372314453126,-16.05000114440918,-28.05000114440918,29.681251525878906
1773047926796372200,26.480372314453124,-16.181251525878906,-28.14375114440918,29.475000381469727
1773047926806372400,26.490372314453126,-15.937500953674316,-28.05000114440918,29.681251525878906
1773047926816372200,26.500372314453124,-16.125,-28.106250762939453,29.775001525878906
1773047926826372400,26.510372314453125,-16.293750762939453,-28.462501525878906,29.493751525878906
1773047926836372200,26.520372314453127,-16.387500762939453,-28.125001907348633,29.36250114440918
1773047926846372400,26.530372314453125,-16.3125,-28.256250381469727,29.493751525878906
1773047926856372200,26.540372314453126,-16.23750114440918,-28.200000762939453,29.568750381469727
1773047926866372400,26.550372314453124,-15.99375057220459,-28.275001525878906,29.568750381469727
1773047926876372200,26.560372314453126,-16.05000114440918,-28.125001907348633,29.64375114440918
1773047926886372400,26.570372314453124,-16.087501525878906,-27.95625114440918,29.531251907348633
1773047926896372200,26.580372314453125,-15.71250057220459,-28.23750114440918,29.493751525878906
1773047926906372400,26.590372314453123,-15.656250953674316,-28.14375114440918,29.700000762939453
1773047926916372200,26.600372314453125,-15.693750381469727,-28.106250762939453,29.756250381469727
1773047926926372400,26.610372314453127,-15.637500762939453,-27.656251907348633,29.943750381469727
1773047926936372200,26.620372314453125,-15.637500762939453,-27.693750381469727,29.887500762939453
1773047926946372400,26.630372314453126,-15.693750381469727,-27.58125114440918,29.83125114440918
1773047926956372200,26.640372314453124,-15.637500762939453,-27.562501907348633,29.568750381469727
1773047926966372400,26.650372314453126,-15.843750953674316,-27.543750762939453,29.64375114440918
1773047926976372200,26.660372314453124,-15.99375057220459,-27.39375114440918,29.606250762939453
1773047926986372400,26.670372314453125,-16.012500762939453,-27.243751525878906,29.606250762939453
1773047926996372200,26.680372314453123,-15.975000381469727,-27.225000381469727,29.418750762939453
1773047927006372400,26.690372314453125,-15.937500953674316,-27.412500381469727,29.437501907348633
1773047927016372200,26.700372314453126,-15.937500953674316,-27.30000114440918,29.325000762939453
1773047927026372400,26.710372314453124,-15.862500190734863,-27.01875114440918,29.325000762939453
1773047927036372200,26.720372314453126,-15.80625057220459,-27.075000762939453,29.475000381469727
1773047927046372400,26.730372314453124,-15.71250057220459,-27.281251907348633,29.400001525878906
1773047927056372200,26.740372314453126,-15.581250190734863,-27.412500381469727,29.137500762939453
1773047927066372400,26.750372314453124,-15.506250381469727,-27.412500381469727,29.137500762939453
1773047927076372200,26.760372314453125,-15.543750762939453,-27.543750762939453,29.26875114440918
1773047927086372400,26.770372314453127,-15.543750762939453,-27.693750381469727,29.193750381469727
1773047927096372200,26.780372314453125,-15.468750953674316,-27.806251525878906,29.36250114440918
1773047927106372400,26.790372314453126,-15.43125057220459,-27.937501907348633,29.381250381469727
1773047927116372200,26.800372314453124,-15.43125057220459,-28.181251525878906,29.250001907348633
1773047927126372400,26.810372314453126,-15.543750762939453,-28.350000381469727,29.08125114440918
1773047927136372200,26.820372314453124,-15.768750190734863,-28.125001907348633,29.025001525878906
1773047927146372400,26.830372314453125,-15.843750953674316,-28.200000762939453,29.025001525878906
1773047927156372200,26.840372314453123,-15.61875057220459,-28.293750762939453,28.687501907348633
1773047927166372400,26.850372314453125,-15.731250762939453,-28.031251907348633,28.556251525878906
1773047927186372400,26.870372314453125,-15.787500381469727,-28.256250381469727,28.481250762939453
1773047927196372200,26.880372314453126,-15.468750953674316,-27.900001525878906,28.762500762939453
1773047927206372400,26.890372314453124,-15.375000953674316,-27.750001907348633,28.98750114440918
1773047927216372200,26.900372314453126,-15.24375057220459,-28.181251525878906,29.100000381469727
1773047927226372400,26.910372314453124,-15.05625057220459,-28.256250381469727,28.968751907348633
1773047927236372200,26.920372314453125,-15.393750190734863,-28.275001525878906,29.17500114440918
1773047927246372400,26.930372314453123,-15.356250762939453,-28.462501525878906,29.325000762939453
1773047927256372200,26.940372314453125,-15.393750190734863,-28.350000381469727,29.156251907348633
1773047927266372400,26.950372314453126,-15.450000762939453,-28.275001525878906,29.137500762939453
1773047927276372200,26.960372314453124,-15.937500953674316,-28.33125114440918,29.006250381469727
1773047927286372400,26.970372314453126,-16.293750762939453,-28.275001525878906,28.762500762939453
1773047927296372200,26.980372314453124,-16.575000762939453,-27.993751525878906,28.762500762939453
1773047927306372400,26.990372314453126,-16.650001525878906,-27.937501907348633,29.17500114440918
1773047927316372200,27.000372314453124,-16.650001525878906,-27.86250114440918,29.08125114440918
1773047927326372400,27.010372314453125,-16.575000762939453,-27.67500114440918,29.025001525878906
1773047927336372200,27.020372314453127,-16.51875114440918,-27.525001525878906,29.006250381469727
1773047927346372400,27.030372314453125,-16.537500381469727,-27.731250762939453,29.043750762939453
1773047927356372200,27.040372314453126,-16.481250762939453,-27.843751907348633,28.818750381469727
1773047927366372400,27.050372314453124,-16.03125,-27.825000762939453,28.968751907348633
1773047927376372200,27.060372314453126,-15.731250762939453,-27.937501907348633,28.89375114440918
1773047927386372400,27.070372314453124,-15.750000953674316,-27.975000381469727,28.575000762939453
1773047927396372200,27.080372314453125,-15.693750381469727,-27.937501907348633,28.61250114440918
1773047927406372400,27.090372314453123,-15.843750953674316,-27.618751525878906,28.631250381469727
1773047927416372200,27.100372314453125,-16.106250762939453,-27.600000381469727,28.650001525878906
1773047927426372400,27.110372314453127,-16.14375114440918,-27.525001525878906,28.368751525878906
1773047927436372200,27.120372314453125,-16.350000381469727,-27.412500381469727,28.481250762939453
1773047927446372400,27.130372314453126,-16.537500381469727,-27.506250381469727,28.462501525878906
1773047927456372200,27.140372314453124,-16.575000762939453,-27.431251525878906,28.743751525878906
1773047927466372400,27.150372314453126,-16.650001525878906,-27.187501907348633,28.687501907348633
1773047927476372200,27.160372314453124,-16.61250114440918,-27.187501907348633,28.687501907348633
1773047927486372400,27.170372314453125,-16.462501525878906,-27.525001525878906,28.462501525878906
1773047927496372200,27.180372314453123,-16.556251525878906,-27.562501907348633,28.443750381469727
1773047927506372400,27.190372314453125,-16.275001525878906,-27.543750762939453,28.668750762939453
1773047927516372200,27.200372314453126,-15.787500381469727,-27.543750762939453,28.575000762939453
1773047927526372400,27.210372314453124,-15.61875057220459,-27.39375114440918,28.668750762939453
1773047927536372200,27.220372314453126,-15.637500762939453,-27.412500381469727,28.537500381469727
1773047927546372400,27.230372314453124,-15.543750762939453,-27.506250381469727,28.387500762939453
1773047927556372200,27.240372314453126,-15.562500953674316,-27.562501907348633,28.51875114440918
1773047927566372400,27.250372314453124,-15.61875057220459,-27.712501525878906,28.650001525878906
1773047927576372200,27.260372314453125,-15.468750953674316,-27.600000381469727,28.837501525878906
1773047927586372400,27.270372314453127,-15.881250381469727,-27.48750114440918,28.818750381469727
1773047927596372200,27.280372314453125,-15.956250190734863,-27.48750114440918,29.006250381469727
1773047927606372400,27.290372314453126,-16.181251525878906,-27.731250762939453,28.837501525878906
1773047927616372200,27.300372314453124,-16.256250381469727,-27.67500114440918,28.725000381469727
1773047927626372400,27.310372314453126,-16.42500114440918,-27.95625114440918,28.781251907348633
1773047927636372200,27.320372314453124,-16.42500114440918,-27.825000762939453,28.687501907348633
1773047927646372400,27.330372314453125,-16.42500114440918,-27.76875114440918,28.650001525878906
1773047927656372200,27.340372314453123,-16.42500114440918,-27.86250114440918,28.443750381469727
1773047927666372400,27.350372314453125,-16.3125,-27.843751907348633,28.275001525878906
1773047927676372200,27.360372314453127,-16.462501525878906,-27.693750381469727,28.162500381469727
1773047927686372400,27.370372314453125,-16.350000381469727,-27.656251907348633,28.181251525878906
1773047927696372200,27.380372314453126,-16.387500762939453,-27.450000762939453,28.33125114440918
1773047927706372400,27.390372314453124,-16.21875,-27.318750381469727,28.462501525878906
1773047927716372200,27.400372314453126,-16.275001525878906,-27.506250381469727,28.406251907348633
1773047927726372400,27.410372314453124,-16.200000762939453,-27.506250381469727,28.350000381469727
1773047927736372200,27.420372314453125,-16.3125,-27.67500114440918,28.14375114440918
1773047927746372400,27.430372314453123,-16.23750114440918,-27.731250762939453,28.181251525878906
1773047927756372200,27.440372314453125,-16.14375114440918,-27.937501907348633,28.012500762939453
1773047927766372400,27.450372314453126,-15.90000057220459,-27.937501907348633,28.106250762939453
1773047927776372200,27.460372314453124,-15.80625057220459,-28.256250381469727,27.881250381469727
1773047927786372400,27.470372314453126,-16.087501525878906,-28.125001907348633,27.637500762939453
1773047927796372200,27.480372314453124,-16.03125,-28.218751907348633,27.450000762939453
1773047927806372400,27.490372314453126,-16.275001525878906,-28.05000114440918,27.562501907348633
1773047927816372200,27.500372314453124,-15.99375057220459,-28.031251907348633,27.843751907348633
1773047927826372400,27.510372314453125,-15.825000762939453,-28.031251907348633,28.031251907348633
1773047927836372200,27.520372314453127,-15.843750953674316,-27.76875114440918,28.106250762939453
1773047927846372400,27.530372314453125,-16.162500381469727,-27.525001525878906,28.162500381469727
1773047927856372200,27.540372314453126,-16.42500114440918,-27.318750381469727,28.312501907348633
1773047927866372400,27.550372314453124,-16.575000762939453,-27.262500762939453,28.575000762939453
1773047927876372200,27.560372314453126,-17.025001525878906,-26.906251907348633,28.837501525878906
1773047927886372400,27.570372314453124,-17.0625,-27.01875114440918,28.837501525878906
1773047927896372200,27.580372314453125,-17.4375,-26.981250762939453,28.42500114440918
1773047927906372400,27.590372314453123,-17.662500381469727,-26.981250762939453,28.350000381469727
1773047927916372200,27.600372314453125,-17.775001525878906,-27.131250381469727,28.462501525878906
1773047927926372400,27.610372314453127,-17.681251525878906,-27.30000114440918,28.087501525878906
1773047927936372200,27.620372314453125,-17.325000762939453,-27.543750762939453,28.106250762939453
1773047927946372400,27.630372314453126,-17.100000381469727,-27.600000381469727,27.95625114440918
1773047927956372200,27.640372314453124,-16.743751525878906,-27.843751907348633,27.918750762939453
1773047927966372400,27.650372314453126,-16.59375,-27.900001525878906,27.918750762939453
1773047927976372200,27.660372314453124,-16.481250762939453,-28.14375114440918,28.14375114440918
1773047927986372400,27.670372314453125,-16.21875,-28.42500114440918,28.05000114440918
1773047927996372200,27.680372314453123,-16.162500381469727,-28.575000762939453,28.125001907348633
1773047928006372400,27.690372314453125,-15.956250190734863,-28.837501525878906,28.387500762939453
1773047928016372200,27.700372314453126,-16.068750381469727,-28.70625114440918,28.293750762939453
1773047928026372400,27.710372314453124,-16.05000114440918,-28.856250762939453,28.275001525878906
1773047928036372200,27.720372314453126,-16.068750381469727,-28.931251525878906,28.106250762939453
1773047928046372400,27.730372314453124,-16.106250762939453,-28.89375114440918,27.95625114440918
1773047928056372200,27.740372314453126,-16.23750114440918,-28.668750762939453,27.937501907348633
1773047928066372400,27.750372314453124,-16.462501525878906,-28.443750381469727,27.993751525878906
1773047928076372200,27.760372314453125,-16.5,-28.05000114440918,28.087501525878906
1773047928086372400,27.770372314453127,-16.743751525878906,-27.787500381469727,27.95625114440918
1773047928096372200,27.780372314453125,-16.78125,-27.825000762939453,27.95625114440918
1773047928106372400,27.790372314453126,-16.481250762939453,-27.806251525878906,27.937501907348633
1773047928116372200,27.800372314453124,-16.537500381469727,-27.693750381469727,27.937501907348633
1773047928126372400,27.810372314453126,-16.387500762939453,-27.562501907348633,28.23750114440918
1773047928136372200,27.820372314453124,-16.162500381469727,-27.67500114440918,28.106250762939453
1773047928146372400,27.830372314453125,-16.087501525878906,-27.58125114440918,28.293750762939453
1773047928156372200,27.840372314453123,-16.125,-27.806251525878906,28.162500381469727
1773047928166372400,27.850372314453125,-15.975000381469727,-27.843751907348633,28.51875114440918
1773047928176372200,27.860372314453127,-15.956250190734863,-27.937501907348633,28.650001525878906
1773047928186372400,27.870372314453125,-16.087501525878906,-27.86250114440918,28.687501907348633
1773047928196372200,27.880372314453126,-15.787500381469727,-27.731250762939453,28.856250762939453
1773047928206372400,27.890372314453124,-15.881250381469727,-27.993751525878906,28.725000381469727
1773047928216372200,27.900372314453126,-15.80625057220459,-28.181251525878906,28.80000114440918
1773047928226372400,27.910372314453124,-15.80625057220459,-28.33125114440918,28.481250762939453
1773047928236372200,27.920372314453125,-15.693750381469727,-28.556251525878906,28.650001525878906
1773047928246372400,27.930372314453123,-15.956250190734863,-28.293750762939453,28.575000762939453
1773047928256372200,27.940372314453125,-15.975000381469727,-28.106250762939453,28.42500114440918
1773047928266372400,27.950372314453126,-16.087501525878906,-27.95625114440918,28.481250762939453
1773047928286372400,27.970372314453126,-16.275001525878906,-27.993751525878906,28.406251907348633
1773047928296372200,27.980372314453124,-16.33125114440918,-27.712501525878906,28.593751907348633
1773047928306372400,27.990372314453126,-16.575000762939453,-27.562501907348633,28.687501907348633
1773047928316372200,28.000372314453124,-16.6875,-27.243751525878906,28.537500381469727
1773047928326372400,28.010372314453125,-16.650001525878906,-27.506250381469727,28.23750114440918
1773047928336372200,28.020372314453127,-16.61250114440918,-27.637500762939453,28.106250762939453
1773047928346372400,28.030372314453125,-16.537500381469727,-27.618751525878906,28.14375114440918
1773047928356372200,28.040372314453126,-16.668750762939453,-27.806251525878906,28.125001907348633
1773047928366372400,28.050372314453124,-16.51875114440918,-27.543750762939453,28.181251525878906
1773047928376372200,28.060372314453126,-16.6875,-27.468751907348633,28.068750381469727
1773047928386372400,28.070372314453124,-16.725000381469727,-27.543750762939453,27.937501907348633
1773047928396372200,28.080372314453125,-16.89375114440918,-27.76875114440918,27.937501907348633
1773047928406372400,28.090372314453123,-16.931251525878906,-27.750001907348633,27.731250762939453
1773047928416372200,28.100372314453125,-16.98750114440918,-27.431251525878906,28.031251907348633
1773047928426372400,28.110372314453127,-16.912500381469727,-27.750001907348633,27.900001525878906
1773047928436372200,28.120372314453125,-16.78125,-27.562501907348633,27.900001525878906
1773047928446372400,28.130372314453126,-16.743751525878906,-27.806251525878906,27.637500762939453
1773047928456372200,28.140372314453124,-16.631250381469727,-27.806251525878906,27.76875114440918
1773047928466372400,28.150372314453126,-16.481250762939453,-27.806251525878906,27.86250114440918
1773047928476372200,28.160372314453124,-16.3125,-27.58125114440918,27.787500381469727
1773047928486372400,28.170372314453125,-16.162500381469727,-27.525001525878906,28.293750762939453
1773047928496372200,28.180372314453123,-16.068750381469727,-27.787500381469727,28.14375114440918
1773047928506372400,28.190372314453125,-16.162500381469727,-27.618751525878906,28.181251525878906
1773047928516372200,28.200372314453126,-16.23750114440918,-27.993751525878906,28.162500381469727
1773047928526372400,28.210372314453124,-16.462501525878906,-27.825000762939453,28.350000381469727
1773047928536372200,28.220372314453126,-16.5,-27.881250381469727,28.350000381469727
1773047928546372400,28.230372314453124,-16.200000762939453,-27.881250381469727,28.443750381469727
1773047928556372200,28.240372314453126,-16.14375114440918,-28.068750381469727,28.350000381469727
1773047928566372400,28.250372314453124,-16.068750381469727,-28.031251907348633,28.293750762939453
1773047928576372200,28.260372314453125,-16.05000114440918,-28.012500762939453,28.23750114440918
1773047928586372400,28.270372314453127,-16.162500381469727,-28.05000114440918,28.33125114440918
1773047928596372200,28.280372314453125,-16.087501525878906,-27.937501907348633,28.200000762939453
1773047928606372400,28.290372314453126,-15.80625057220459,-28.162500381469727,27.993751525878906
1773047928616372200,28.300372314453124,-15.71250057220459,-28.106250762939453,27.543750762939453
1773047928626372400,28.310372314453126,-15.71250057220459,-28.012500762939453,27.750001907348633
1773047928636372200,28.320372314453124,-15.787500381469727,-28.05000114440918,27.712501525878906
1773047928646372400,28.330372314453125,-15.99375057220459,-28.125001907348633,27.712501525878906
1773047928656372200,28.340372314453123,-16.05000114440918,-28.031251907348633,27.806251525878906
1773047928666372400,28.350372314453125,-15.71250057220459,-28.031251907348633,27.76875114440918
1773047928676372200,28.360372314453127,-16.106250762939453,-27.712501525878906,27.900001525878906
1773047928686372400,28.370372314453125,-16.200000762939453,-27.656251907348633,27.918750762939453
1773047928696372200,28.380372314453126,-16.350000381469727,-27.712501525878906,28.462501525878906
1773047928706372400,28.390372314453124,-16.33125114440918,-28.05000114440918,28.162500381469727
1773047928716372200,28.400372314453126,-16.087501525878906,-28.031251907348633,28.500001907348633
1773047928726372400,28.410372314453124,-16.087501525878906,-27.993751525878906,28.406251907348633
1773047928736372200,28.420372314453125,-16.14375114440918,-28.012500762939453,28.443750381469727
1773047928746372400,28.430372314453123,-16.537500381469727,-28.200000762939453,28.293750762939453
1773047928756372200,28.440372314453125,-16.125,-28.481250762939453,28.350000381469727
1773047928766372400,28.450372314453126,-16.3125,-28.14375114440918,28.537500381469727
1773047928776372200,28.460372314453124,-16.200000762939453,-28.012500762939453,28.387500762939453
1773047928786372400,28.470372314453126,-16.5,-27.787500381469727,28.42500114440918
1773047928796372200,28.480372314453124,-16.725000381469727,-27.67500114440918,28.012500762939453
1773047928806372400,28.490372314453126,-16.650001525878906,-27.731250762939453,27.918750762939453
1773047928816372200,28.500372314453124,-16.631250381469727,-27.843751907348633,27.67500114440918
1773047928826372400,28.510372314453125,-16.51875114440918,-27.731250762939453,27.825000762939453
1773047928836372200,28.520372314453127,-16.631250381469727,-27.693750381469727,27.806251525878906
1773047928846372400,28.530372314453125,-16.70625114440918,-27.806251525878906,27.881250381469727
1773047928856372200,28.540372314453126,-16.556251525878906,-27.975000381469727,27.993751525878906
1773047928866372400,28.550372314453124,-16.387500762939453,-28.162500381469727,28.106250762939453
1773047928876372200,28.560372314453126,-16.5,-28.162500381469727,28.33125114440918
1773047928886372400,28.570372314453124,-16.350000381469727,-28.218751907348633,28.23750114440918
1773047928896372200,28.580372314453125,-16.256250381469727,-28.14375114440918,28.293750762939453
1773047928906372400,28.590372314453123,-16.162500381469727,-28.087501525878906,28.05000114440918
1773047928916372200,28.600372314453125,-16.068750381469727,-27.975000381469727,28.087501525878906
1773047928926372400,28.610372314453127,-15.937500953674316,-27.881250381469727,27.95625114440918
1773047928936372200,28.620372314453125,-16.05000114440918,-27.918750762939453,27.900001525878906
1773047928946372400,28.630372314453126,-16.125,-27.67500114440918,27.843751907348633
1773047928956372200,28.640372314453124,-15.881250381469727,-27.637500762939453,27.76875114440918
1773047928966372400,28.650372314453126,-16.14375114440918,-27.600000381469727,27.86250114440918
1773047928976372200,28.660372314453124,-16.23750114440918,-27.506250381469727,28.05000114440918
1773047928986372400,28.670372314453125,-16.42500114440918,-27.356250762939453,28.256250381469727
1773047928996372200,28.680372314453123,-16.5,-27.375001907348633,28.106250762939453
1773047929006372400,28.690372314453125,-16.387500762939453,-27.48750114440918,28.181251525878906
1773047929016372200,28.700372314453126,-16.481250762939453,-27.262500762939453,28.293750762939453
1773047929026372400,28.710372314453124,-16.59375,-27.562501907348633,28.350000381469727
1773047929036372200,28.720372314453126,-16.59375,-27.618751525878906,28.368751525878906
1773047929046372400,28.730372314453124,-16.556251525878906,-27.618751525878906,28.14375114440918
1773047929056372200,28.740372314453126,-16.6875,-27.712501525878906,28.106250762939453
1773047929066372400,28.750372314453124,-16.3125,-28.162500381469727,28.14375114440918
1773047929076372200,28.760372314453125,-16.3125,-28.068750381469727,28.33125114440918
1773047929086372400,28.770372314453127,-16.443750381469727,-28.218751907348633,28.218751907348633
1773047929096372200,28.780372314453125,-16.42500114440918,-28.106250762939453,28.256250381469727
1773047929106372400,28.790372314453126,-16.106250762939453,-27.787500381469727,28.031251907348633
1773047929116372200,28.800372314453124,-16.275001525878906,-27.543750762939453,28.106250762939453
1773047929126372400,28.810372314453126,-16.14375114440918,-27.731250762939453,28.293750762939453
1773047929136372200,28.820372314453124,-15.975000381469727,-27.637500762939453,28.14375114440918
1773047929146372400,28.830372314453125,-16.012500762939453,-27.281251907348633,28.200000762939453
1773047929156372200,28.840372314453123,-16.012500762939453,-27.58125114440918,27.918750762939453
1773047929166372400,28.850372314453125,-15.881250381469727,-27.39375114440918,28.05000114440918
1773047929176372200,28.860372314453127,-15.825000762939453,-27.506250381469727,27.881250381469727
1773047929186372400,28.870372314453125,-16.05000114440918,-27.843751907348633,27.731250762939453
1773047929196372200,28.880372314453126,-15.825000762939453,-27.918750762939453,27.693750381469727
1773047929206372400,28.890372314453124,-15.99375057220459,-27.712501525878906,27.750001907348633
1773047929216372200,28.900372314453126,-16.293750762939453,-27.825000762939453,27.76875114440918
1773047929226372400,28.910372314453124,-16.33125114440918,-27.825000762939453,27.76875114440918
1773047929236372200,28.920372314453125,-16.33125114440918,-27.881250381469727,27.67500114440918
1773047929246372400,28.930372314453123,-16.443750381469727,-27.881250381469727,27.543750762939453
1773047929256372200,28.940372314453125,-16.668750762939453,-28.068750381469727,27.225000381469727
1773047929266372400,28.950372314453126,-16.743751525878906,-27.693750381469727,27.468751907348633
1773047929276372200,28.960372314453124,-16.78125,-27.731250762939453,27.356250762939453
1773047929286372400,28.970372314453126,-16.631250381469727,-27.67500114440918,27.450000762939453
1773047929296372200,28.980372314453124,-16.42500114440918,-27.543750762939453,27.450000762939453
1773047929306372400,28.990372314453126,-16.70625114440918,-27.506250381469727,27.356250762939453
1773047929316372200,29.000372314453124,-16.725000381469727,-27.506250381469727,27.600000381469727
1773047929326372400,29.010372314453125,-16.6875,-27.468751907348633,27.618751525878906
1773047929336372200,29.020372314453127,-16.51875114440918,-27.150001525878906,27.693750381469727
1773047929346372400,29.030372314453125,-16.368751525878906,-27.225000381469727,27.656251907348633
1773047929356372200,29.040372314453126,-16.575000762939453,-27.468751907348633,27.656251907348633
1773047929366372400,29.050372314453124,-16.668750762939453,-27.525001525878906,27.562501907348633
1773047929376372200,29.060372314453126,-16.556251525878906,-27.58125114440918,27.506250381469727
1773047929386372400,29.070372314453124,-16.481250762939453,-27.693750381469727,27.468751907348633
1773047929396372200,29.080372314453125,-16.443750381469727,-27.600000381469727,27.48750114440918
1773047929406372400,29.090372314453123,-16.556251525878906,-27.76875114440918,27.656251907348633
1773047929416372200,29.100372314453125,-16.462501525878906,-28.14375114440918,27.975000381469727
1773047929426372400,29.110372314453127,-16.59375,-28.33125114440918,27.975000381469727
1773047929436372200,29.120372314453125,-16.443750381469727,-28.275001525878906,27.937501907348633
1773047929446372400,29.130372314453126,-16.350000381469727,-28.293750762939453,27.881250381469727
1773047929456372200,29.140372314453124,-16.293750762939453,-28.218751907348633,28.200000762939453
1773047929466372400,29.150372314453126,-16.068750381469727,-28.256250381469727,28.293750762939453
1773047929476372200,29.160372314453124,-16.068750381469727,-28.14375114440918,28.106250762939453
1773047929486372400,29.170372314453125,-16.106250762939453,-28.05000114440918,27.95625114440918
1773047929496372200,29.180372314453123,-16.256250381469727,-28.068750381469727,27.900001525878906
1773047929506372400,29.190372314453125,-16.21875,-27.937501907348633,27.86250114440918
1773047929516372200,29.200372314453126,-16.350000381469727,-28.031251907348633,27.806251525878906
1773047929526372400,29.210372314453124,-16.481250762939453,-28.087501525878906,27.637500762939453
1773047929536372200,29.220372314453126,-16.59375,-28.181251525878906,27.48750114440918
1773047929546372400,29.230372314453124,-16.6875,-28.14375114440918,27.525001525878906
1773047929556372200,29.240372314453126,-16.650001525878906,-28.23750114440918,27.731250762939453
1773047929566372400,29.250372314453124,-16.368751525878906,-28.42500114440918,27.693750381469727
1773047929576372200,29.260372314453125,-16.368751525878906,-28.33125114440918,27.543750762939453
1773047929586372400,29.270372314453127,-16.256250381469727,-28.51875114440918,27.637500762939453
1773047929596372200,29.280372314453125,-16.14375114440918,-28.650001525878906,27.76875114440918
1773047929606372400,29.290372314453126,-15.956250190734863,-28.42500114440918,28.14375114440918
1773047929616372200,29.300372314453124,-15.825000762939453,-28.537500381469727,28.256250381469727
1773047929626372400,29.310372314453126,-15.787500381469727,-28.61250114440918,28.42500114440918
1773047929636372200,29.320372314453124,-15.656250953674316,-28.481250762939453,28.593751907348633
1773047929646372400,29.330372314453125,-15.750000953674316,-28.42500114440918,28.70625114440918
1773047929656372200,29.340372314453123,-15.487500190734863,-28.387500762939453,28.98750114440918
1773047929666372400,29.350372314453125,-15.506250381469727,-28.181251525878906,29.062501907348633
1773047929676372200,29.360372314453127,-15.562500953674316,-27.918750762939453,29.17500114440918
1773047929686372400,29.370372314453125,-15.825000762939453,-28.068750381469727,29.212501525878906
1773047929696372200,29.380372314453126,-15.862500190734863,-27.975000381469727,29.100000381469727
1773047929706372400,29.390372314453124,-15.731250762939453,-27.937501907348633,29.100000381469727
1773047929716372200,29.400372314453126,-15.90000057220459,-28.200000762939453,28.781251907348633
1773047929726372400,29.410372314453124,-15.90000057220459,-27.95625114440918,28.98750114440918
1773047929736372200,29.420372314453125,-16.125,-28.05000114440918,28.931251525878906
1773047929746372400,29.430372314453123,-16.087501525878906,-28.012500762939453,28.837501525878906
1773047929756372200,29.440372314453125,-16.05000114440918,-28.031251907348633,28.912500381469727
1773047929766372400,29.450372314453126,-16.05000114440918,-27.975000381469727,28.762500762939453
1773047929776372200,29.460372314453124,-16.125,-28.031251907348633,28.631250381469727
1773047929786372400,29.470372314453126,-16.21875,-27.900001525878906,28.33125114440918
1773047929796372200,29.480372314453124,-16.14375114440918,-27.76875114440918,28.556251525878906
1773047929806372400,29.490372314453126,-16.03125,-27.95625114440918,28.33125114440918
1773047929816372200,29.500372314453124,-15.80625057220459,-27.900001525878906,28.350000381469727
1773047929826372400,29.510372314453125,-15.71250057220459,-27.918750762939453,28.406251907348633
1773047929836372200,29.520372314453127,-15.918750762939453,-27.918750762939453,28.33125114440918
1773047929846372400,29.530372314453125,-15.71250057220459,-27.881250381469727,28.631250381469727
1773047929856372200,29.540372314453126,-15.675000190734863,-27.806251525878906,28.89375114440918
1773047929866372400,29.550372314453124,-15.750000953674316,-28.087501525878906,28.725000381469727
1773047929876372200,29.560372314453126,-15.99375057220459,-28.162500381469727,28.70625114440918
1773047929886372400,29.570372314453124,-16.068750381469727,-28.162500381469727,28.762500762939453
1773047929896372200,29.580372314453125,-16.368751525878906,-28.14375114440918,28.462501525878906
1773047929906372400,29.590372314453123,-16.387500762939453,-28.462501525878906,28.350000381469727
1773047929916372200,29.600372314453125,-16.068750381469727,-28.462501525878906,28.406251907348633
1773047929926372400,29.610372314453127,-15.843750953674316,-28.70625114440918,28.275001525878906
1773047929936372200,29.620372314453125,-15.90000057220459,-28.912500381469727,28.031251907348633
1773047929946372400,29.630372314453126,-15.843750953674316,-28.818750381469727,28.275001525878906
1773047929956372200,29.640372314453124,-15.675000190734863,-28.631250381469727,28.05000114440918
1773047929966372400,29.650372314453126,-15.600000381469727,-28.80000114440918,28.012500762939453
1773047929976372200,29.660372314453124,-15.318750381469727,-28.70625114440918,28.181251525878906
1773047929986372400,29.670372314453125,-15.506250381469727,-28.42500114440918,28.293750762939453
1773047929996372200,29.680372314453123,-15.581250190734863,-28.350000381469727,28.068750381469727
1773047930006372400,29.690372314453125,-15.768750190734863,-28.275001525878906,27.881250381469727
1773047930016372200,29.700372314453126,-15.656250953674316,-28.012500762939453,27.975000381469727
1773047930026372400,29.710372314453124,-15.468750953674316,-27.937501907348633,27.993751525878906
1773047930036372200,29.720372314453126,-15.487500190734863,-27.993751525878906,28.05000114440918
1773047930046372400,29.730372314453124,-15.825000762939453,-27.731250762939453,28.106250762939453
1773047930056372200,29.740372314453126,-16.087501525878906,-27.900001525878906,28.14375114440918
1773047930066372400,29.750372314453124,-16.03125,-28.087501525878906,28.23750114440918
1773047930086372400,29.770372314453127,-16.05000114440918,-27.95625114440918,28.387500762939453
1773047930096372200,29.780372314453125,-16.200000762939453,-28.05000114440918,28.42500114440918
1773047930106372400,29.790372314453126,-16.59375,-27.86250114440918,28.537500381469727
1773047930116372200,29.800372314453124,-16.556251525878906,-27.918750762939453,28.631250381469727
1773047930126372400,29.810372314453126,-16.387500762939453,-27.937501907348633,28.556251525878906
1773047930136372200,29.820372314453124,-16.256250381469727,-27.881250381469727,28.70625114440918
1773047930146372400,29.830372314453125,-16.162500381469727,-27.712501525878906,28.481250762939453
1773047930156372200,29.840372314453123,-16.5,-27.806251525878906,28.387500762939453
1773047930166372400,29.850372314453125,-16.33125114440918,-27.806251525878906,28.33125114440918
1773047930176372200,29.860372314453127,-16.23750114440918,-28.031251907348633,28.125001907348633
1773047930186372400,29.870372314453125,-16.012500762939453,-28.368751525878906,27.843751907348633
1773047930196372200,29.880372314453126,-16.05000114440918,-28.387500762939453,27.95625114440918
1773047930206372400,29.890372314453124,-15.975000381469727,-28.500001907348633,27.975000381469727
1773047930216372200,29.900372314453126,-16.05000114440918,-28.481250762939453,27.95625114440918
1773047930226372400,29.910372314453124,-15.918750762939453,-28.818750381469727,27.95625114440918
1773047930236372200,29.920372314453125,-15.881250381469727,-28.89375114440918,27.918750762939453
1773047930246372400,29.930372314453123,-16.106250762939453,-29.325000762939453,27.825000762939453
1773047930256372200,29.940372314453125,-16.068750381469727,-29.118751525878906,28.162500381469727
1773047930266372400,29.950372314453126,-15.99375057220459,-29.118751525878906,28.23750114440918
1773047930276372200,29.960372314453124,-15.787500381469727,-29.26875114440918,28.125001907348633
1773047930286372400,29.970372314453126,-15.918750762939453,-29.100000381469727,28.200000762939453
1773047930296372200,29.980372314453124,-15.90000057220459,-29.100000381469727,28.068750381469727
1773047930306372400,29.990372314453126,-15.90000057220459,-28.781251907348633,28.256250381469727
1773047930316372200,30.000372314453124,-15.600000381469727,-28.61250114440918,28.406251907348633
1773047930326372400,30.010372314453125,-15.543750762939453,-28.500001907348633,28.51875114440918
1773047930336372200,30.020372314453127,-15.693750381469727,-28.61250114440918,28.51875114440918
1773047930346372400,30.030372314453125,-15.918750762939453,-28.725000381469727,28.462501525878906
1773047930356372200,30.040372314453126,-16.068750381469727,-28.537500381469727,28.575000762939453
1773047930366372400,30.050372314453124,-16.14375114440918,-28.650001525878906,28.462501525878906
1773047930376372200,30.060372314453126,-16.125,-28.725000381469727,28.275001525878906
1773047930386372400,30.070372314453124,-16.3125,-28.80000114440918,27.918750762939453
1773047930396372200,30.080372314453125,-16.59375,-29.062501907348633,27.750001907348633
1773047930406372400,30.090372314453123,-16.59375,-28.950000762939453,27.86250114440918
1773047930416372200,30.100372314453125,-16.462501525878906,-28.837501525878906,27.731250762939453
1773047930426372400,30.110372314453127,-16.200000762939453,-28.725000381469727,27.618751525878906
1773047930436372200,30.120372314453125,-16.181251525878906,-28.912500381469727,27.225000381469727
1773047930446372400,30.130372314453126,-15.90000057220459,-28.875001907348633,27.337501525878906
1773047930456372200,30.140372314453124,-15.862500190734863,-28.687501907348633,27.750001907348633
1773047930466372400,30.150372314453126,-15.99375057220459,-28.762500762939453,27.95625114440918
1773047930476372200,30.160372314453124,-15.80625057220459,-28.575000762939453,28.125001907348633
1773047930486372400,30.170372314453125,-15.881250381469727,-28.556251525878906,28.14375114440918
1773047930496372200,30.180372314453123,-16.068750381469727,-28.61250114440918,28.068750381469727
1773047930506372400,30.190372314453125,-16.106250762939453,-28.443750381469727,28.443750381469727
1773047930516372200,30.200372314453126,-16.3125,-28.33125114440918,28.70625114440918
1773047930526372400,30.210372314453124,-16.3125,-28.481250762939453,28.556251525878906
1773047930536372200,30.220372314453126,-16.23750114440918,-28.481250762939453,28.293750762939453
1773047930546372400,30.230372314453124,-16.012500762939453,-28.51875114440918,28.406251907348633
1773047930556372200,30.240372314453126,-15.99375057220459,-28.631250381469727,28.312501907348633
1773047930566372400,30.250372314453124,-15.787500381469727,-28.387500762939453,28.350000381469727
1773047930576372200,30.260372314453125,-15.581250190734863,-28.275001525878906,28.350000381469727
1773047930586372400,30.270372314453127,-15.675000190734863,-28.462501525878906,27.95625114440918
1773047930596372200,30.280372314453125,-15.71250057220459,-28.406251907348633,27.918750762939453
1773047930606372400,30.290372314453126,-15.768750190734863,-28.368751525878906,28.031251907348633
1773047930616372200,30.300372314453124,-15.656250953674316,-28.481250762939453,28.256250381469727
1773047930626372400,30.310372314453126,-15.43125057220459,-28.312501907348633,28.350000381469727
1773047930636372200,30.320372314453124,-15.61875057220459,-27.975000381469727,28.500001907348633
1773047930646372400,30.330372314453125,-15.825000762939453,-28.293750762939453,28.500001907348633
1773047930656372200,30.340372314453123,-15.881250381469727,-28.275001525878906,28.781251907348633
1773047930666372400,30.350372314453125,-15.918750762939453,-28.031251907348633,28.98750114440918
1773047930676372200,30.360372314453127,-15.843750953674316,-27.937501907348633,29.006250381469727
1773047930686372400,30.370372314453125,-15.61875057220459,-27.975000381469727,28.950000762939453
1773047930696372200,30.380372314453126,-15.750000953674316,-28.181251525878906,28.89375114440918
1773047930706372400,30.390372314453124,-16.03125,-28.293750762939453,28.61250114440918
1773047930716372200,30.400372314453126,-16.012500762939453,-28.406251907348633,28.443750381469727
1773047930726372400,30.410372314453124,-15.937500953674316,-28.387500762939453,28.275001525878906
1773047930736372200,30.420372314453125,-15.80625057220459,-28.500001907348633,27.993751525878906
1773047930746372400,30.430372314453123,-15.61875057220459,-28.650001525878906,28.068750381469727
1773047930756372200,30.440372314453125,-15.562500953674316,-28.70625114440918,28.087501525878906
1773047930766372400,30.450372314453126,-15.956250190734863,-28.650001525878906,28.05000114440918
1773047930776372200,30.460372314453124,-15.881250381469727,-28.368751525878906,28.200000762939453
1773047930786372400,30.470372314453126,-15.656250953674316,-28.312501907348633,28.368751525878906
1773047930796372200,30.480372314453124,-15.600000381469727,-28.368751525878906,28.350000381469727
1773047930806372400,30.490372314453126,-15.600000381469727,-28.593751907348633,28.42500114440918
1773047930816372200,30.500372314453124,-15.787500381469727,-28.51875114440918,28.387500762939453
1773047930826372400,30.510372314453125,-15.937500953674316,-28.51875114440918,28.293750762939453
1773047930836372200,30.520372314453127,-15.80625057220459,-28.837501525878906,28.181251525878906
1773047930846372400,30.530372314453125,-15.750000953674316,-28.70625114440918,28.312501907348633
1773047930856372200,30.540372314453126,-15.862500190734863,-28.818750381469727,28.181251525878906
1773047930866372400,30.550372314453124,-16.21875,-28.668750762939453,28.087501525878906
1773047930876372200,30.560372314453126,-16.162500381469727,-28.668750762939453,28.087501525878906
1773047930886372400,30.570372314453124,-16.200000762939453,-28.33125114440918,28.087501525878906
1773047930896372200,30.580372314453125,-16.256250381469727,-28.350000381469727,28.068750381469727
1773047930906372400,30.590372314453123,-16.3125,-28.087501525878906,28.162500381469727
1773047930916372200,30.600372314453125,-16.556251525878906,-27.731250762939453,28.200000762939453
1773047930926372400,30.610372314453127,-16.575000762939453,-27.825000762939453,28.14375114440918
1773047930936372200,30.620372314453125,-16.743751525878906,-27.600000381469727,27.900001525878906
1773047930946372400,30.630372314453126,-16.725000381469727,-27.825000762939453,27.750001907348633
1773047930956372200,30.640372314453124,-16.89375114440918,-27.600000381469727,28.05000114440918
1773047930966372400,30.650372314453126,-16.837501525878906,-27.712501525878906,27.975000381469727
1773047930976372200,30.660372314453124,-16.950000762939453,-27.618751525878906,27.95625114440918
1773047930986372400,30.670372314453125,-16.912500381469727,-27.787500381469727,27.693750381469727
1773047930996372200,30.680372314453123,-16.89375114440918,-27.843751907348633,27.76875114440918
1773047931006372400,30.690372314453125,-16.6875,-27.918750762939453,27.562501907348633
1773047931016372200,30.700372314453126,-16.537500381469727,-28.23750114440918,27.58125114440918
1773047931026372400,30.710372314453124,-16.162500381469727,-28.087501525878906,27.750001907348633
1773047931036372200,30.720372314453126,-16.181251525878906,-28.51875114440918,27.48750114440918
1773047931046372400,30.730372314453124,-16.293750762939453,-28.368751525878906,27.506250381469727
1773047931056372200,30.740372314453126,-16.33125114440918,-28.462501525878906,27.48750114440918
1773047931066372400,30.750372314453124,-16.556251525878906,-28.462501525878906,27.731250762939453
1773047931076372200,30.760372314453125,-16.443750381469727,-28.500001907348633,27.562501907348633
1773047931086372400,30.770372314453127,-16.575000762939453,-28.14375114440918,27.712501525878906
1773047931096372200,30.780372314453125,-16.6875,-28.012500762939453,27.731250762939453
1773047931106372400,30.790372314453126,-17.043750762939453,-27.881250381469727,27.693750381469727
1773047931116372200,30.800372314453124,-16.856250762939453,-27.712501525878906,27.806251525878906
1773047931126372400,30.810372314453126,-16.762500762939453,-27.712501525878906,28.031251907348633
1773047931136372200,30.820372314453124,-16.59375,-27.58125114440918,28.068750381469727
1773047931146372400,30.830372314453125,-16.631250381469727,-27.58125114440918,27.843751907348633
1773047931156372200,30.840372314453123,-16.51875114440918,-27.731250762939453,27.86250114440918
1773047931166372400,30.850372314453125,-16.387500762939453,-27.993751525878906,28.106250762939453
1773047931176372200,30.860372314453127,-16.42500114440918,-28.031251907348633,28.162500381469727
1773047931186372400,30.870372314453125,-16.293750762939453,-28.293750762939453,28.031251907348633
1773047931196372200,30.880372314453126,-16.59375,-28.125001907348633,28.068750381469727
1773047931206372400,30.890372314453124,-16.912500381469727,-28.200000762939453,27.76875114440918
1773047931216372200,30.900372314453126,-17.100000381469727,-27.993751525878906,27.618751525878906
1773047931226372400,30.910372314453124,-16.875,-27.95625114440918,27.787500381469727
1773047931236372200,30.920372314453125,-17.25,-27.900001525878906,27.750001907348633
1773047931246372400,30.930372314453123,-17.475000381469727,-27.787500381469727,27.356250762939453
1773047931256372200,30.940372314453125,-17.45625114440918,-27.750001907348633,27.20625114440918
1773047931266372400,30.950372314453126,-17.325000762939453,-27.562501907348633,27.318750381469727
1773047931276372200,30.960372314453124,-17.006250381469727,-27.618751525878906,27.000001907348633
1773047931286372400,30.970372314453126,-16.818750381469727,-27.225000381469727,27.037500381469727
1773047931296372200,30.980372314453124,-16.725000381469727,-27.337501525878906,27.131250381469727
1773047931306372400,30.990372314453126,-16.837501525878906,-27.375001907348633,26.981250762939453
1773047931316372200,31.000372314453124,-16.70625114440918,-27.281251907348633,27.093751907348633
1773047931326372400,31.010372314453125,-16.537500381469727,-27.281251907348633,27.356250762939453
1773047931336372200,31.020372314453127,-16.125,-27.375001907348633,27.337501525878906
1773047931346372400,31.030372314453125,-16.33125114440918,-27.468751907348633,27.187501907348633
1773047931356372200,31.040372314453126,-16.462501525878906,-27.412500381469727,27.48750114440918
1773047931366372400,31.050372314453124,-16.350000381469727,-27.825000762939453,27.450000762939453
1773047931376372200,31.060372314453126,-16.33125114440918,-27.881250381469727,27.48750114440918
1773047931386372400,31.070372314453124,-16.42500114440918,-27.937501907348633,27.58125114440918
1773047931396372200,31.080372314453125,-16.387500762939453,-27.787500381469727,27.637500762939453
1773047931406372400,31.090372314453123,-16.650001525878906,-27.600000381469727,27.543750762939453
1773047931416372200,31.100372314453125,-16.875,-27.506250381469727,27.506250381469727
1773047931426372400,31.110372314453127,-17.08125114440918,-27.056251525878906,27.525001525878906
1773047931436372200,31.120372314453125,-17.212501525878906,-27.243751525878906,27.450000762939453
1773047931446372400,31.130372314453126,-17.100000381469727,-27.262500762939453,27.337501525878906
1773047931456372200,31.140372314453124,-16.818750381469727,-27.225000381469727,27.281251907348633
1773047931466372400,31.150372314453126,-16.856250762939453,-27.150001525878906,27.150001525878906
1773047931476372200,31.160372314453124,-16.912500381469727,-27.281251907348633,26.981250762939453
1773047931486372400,31.170372314453125,-16.70625114440918,-27.600000381469727,26.92500114440918
1773047931496372200,31.180372314453123,-16.837501525878906,-27.58125114440918,27.037500381469727
1773047931506372400,31.190372314453125,-16.837501525878906,-28.087501525878906,27.000001907348633
1773047931516372200,31.200372314453126,-16.725000381469727,-28.087501525878906,26.981250762939453
1773047931526372400,31.210372314453124,-16.818750381469727,-27.95625114440918,27.150001525878906
1773047931536372200,31.220372314453126,-17.25,-27.993751525878906,27.318750381469727
1773047931546372400,31.230372314453124,-17.17500114440918,-28.106250762939453,27.468751907348633
1773047931556372200,31.240372314453126,-17.17500114440918,-28.068750381469727,27.656251907348633
1773047931566372400,31.250372314453124,-17.193750381469727,-28.05000114440918,27.67500114440918
1773047931576372200,31.260372314453125,-17.08125114440918,-28.162500381469727,27.67500114440918
1773047931586372400,31.270372314453127,-16.725000381469727,-27.881250381469727,27.86250114440918
1773047931596372200,31.280372314453125,-16.70625114440918,-27.95625114440918,27.95625114440918
1773047931606372400,31.290372314453126,-16.762500762939453,-28.275001525878906,27.825000762939453
1773047931616372200,31.300372314453124,-16.631250381469727,-28.275001525878906,27.656251907348633
1773047931626372400,31.310372314453126,-16.42500114440918,-28.293750762939453,27.881250381469727
1773047931636372200,31.320372314453124,-16.350000381469727,-28.23750114440918,27.543750762939453
1773047931646372400,31.330372314453125,-16.3125,-28.200000762939453,27.543750762939453
1773047931656372200,31.340372314453123,-16.537500381469727,-28.14375114440918,27.843751907348633
1773047931666372400,31.350372314453125,-16.537500381469727,-28.23750114440918,28.068750381469727
1773047931676372200,31.360372314453127,-16.368751525878906,-28.031251907348633,28.087501525878906
1773047931686372400,31.370372314453125,-16.33125114440918,-27.843751907348633,28.275001525878906
1773047931696372200,31.380372314453126,-16.275001525878906,-28.012500762939453,28.368751525878906
1773047931706372400,31.390372314453124,-16.293750762939453,-28.031251907348633,28.031251907348633
1773047931716372200,31.400372314453126,-16.181251525878906,-28.012500762939453,28.368751525878906
1773047931726372400,31.410372314453124,-16.23750114440918,-27.918750762939453,28.387500762939453
1773047931736372200,31.420372314453125,-16.293750762939453,-27.806251525878906,28.218751907348633
1773047931746372400,31.430372314453123,-16.575000762939453,-27.787500381469727,27.993751525878906
1773047931756372200,31.440372314453125,-16.818750381469727,-27.806251525878906,27.881250381469727
1773047931766372400,31.450372314453126,-16.78125,-27.637500762939453,27.750001907348633
1773047931776372200,31.460372314453124,-16.61250114440918,-27.48750114440918,27.693750381469727
1773047931786372400,31.470372314453126,-16.6875,-27.337501525878906,27.975000381469727
1773047931796372200,31.480372314453124,-16.762500762939453,-27.356250762939453,27.881250381469727
1773047931806372400,31.490372314453126,-16.70625114440918,-27.318750381469727,28.125001907348633
1773047931816372200,31.500372314453124,-16.350000381469727,-27.375001907348633,28.05000114440918
1773047931826372400,31.510372314453125,-16.21875,-27.281251907348633,28.125001907348633
1773047931836372200,31.520372314453127,-15.975000381469727,-27.48750114440918,28.068750381469727
1773047931846372400,31.530372314453125,-16.05000114440918,-27.637500762939453,28.14375114440918
1773047931856372200,31.540372314453126,-16.3125,-27.637500762939453,28.218751907348633
1773047931866372400,31.550372314453124,-16.256250381469727,-27.48750114440918,28.012500762939453
1773047931876372200,31.560372314453126,-16.3125,-27.39375114440918,28.031251907348633
1773047931886372400,31.570372314453124,-16.40625,-27.468751907348633,27.750001907348633
1773047931896372200,31.580372314453125,-16.537500381469727,-27.543750762939453,27.525001525878906
1773047931906372400,31.590372314453123,-16.59375,-27.825000762939453,27.58125114440918
1773047931916372200,31.600372314453125,-16.743751525878906,-27.67500114440918,27.712501525878906
1773047931926372400,31.610372314453127,-16.818750381469727,-27.450000762939453,27.543750762939453
1773047931936372200,31.620372314453125,-16.837501525878906,-27.506250381469727,27.543750762939453
1773047931946372400,31.630372314453126,-16.96875,-27.67500114440918,27.637500762939453
1773047931956372200,31.640372314453124,-17.006250381469727,-27.750001907348633,27.731250762939453
1773047931966372400,31.650372314453126,-17.118751525878906,-27.712501525878906,27.787500381469727
1773047931976372200,31.660372314453124,-17.118751525878906,-27.712501525878906,28.031251907348633
1773047931986372400,31.670372314453125,-16.950000762939453,-27.525001525878906,27.918750762939453
1773047931996372200,31.680372314453123,-16.96875,-27.48750114440918,27.731250762939453
1773047932006372400,31.690372314453125,-16.950000762939453,-27.543750762939453,27.843751907348633
1773047932016372200,31.700372314453126,-16.668750762939453,-27.525001525878906,27.76875114440918
1773047932026372400,31.710372314453124,-16.631250381469727,-27.58125114440918,27.618751525878906
1773047932036372200,31.720372314453126,-16.650001525878906,-27.618751525878906,27.468751907348633
1773047932046372400,31.730372314453124,-16.556251525878906,-27.48750114440918,27.375001907348633
1773047932056372200,31.740372314453126,-16.556251525878906,-27.318750381469727,27.39375114440918
1773047932066372400,31.750372314453124,-16.70625114440918,-27.168750762939453,27.412500381469727
1773047932076372200,31.760372314453125,-17.043750762939453,-26.943750381469727,27.618751525878906
1773047932086372400,31.770372314453127,-16.89375114440918,-26.981250762939453,27.656251907348633
1773047932096372200,31.780372314453125,-16.950000762939453,-26.850000381469727,27.918750762939453
1773047932106372400,31.790372314453126,-16.950000762939453,-26.756250381469727,28.031251907348633
1773047932116372200,31.800372314453124,-17.100000381469727,-26.606250762939453,28.012500762939453
1773047932126372400,31.810372314453126,-17.118751525878906,-26.850000381469727,28.293750762939453
1773047932136372200,31.820372314453124,-17.45625114440918,-26.83125114440918,28.125001907348633
1773047932146372400,31.830372314453125,-17.606250762939453,-27.000001907348633,28.125001907348633
1773047932156372200,31.840372314453123,-17.475000381469727,-27.20625114440918,28.068750381469727
1773047932166372400,31.850372314453125,-17.662500381469727,-27.187501907348633,28.106250762939453
1773047932176372200,31.860372314453127,-17.83125114440918,-27.131250381469727,28.181251525878906
1773047932186372400,31.870372314453125,-17.662500381469727,-27.131250381469727,28.181251525878906
1773047932196372200,31.880372314453126,-17.418750762939453,-27.20625114440918,28.218751907348633
1773047932206372400,31.890372314453124,-17.137500762939453,-27.056251525878906,28.14375114440918
1773047932216372200,31.900372314453126,-16.98750114440918,-27.168750762939453,28.068750381469727
1773047932226372400,31.910372314453124,-16.725000381469727,-27.243751525878906,28.031251907348633
1773047932236372200,31.920372314453125,-16.59375,-27.262500762939453,27.95625114440918
1773047932246372400,31.930372314453123,-16.631250381469727,-27.187501907348633,27.806251525878906
1773047932256372200,31.940372314453125,-16.70625114440918,-27.225000381469727,27.431251525878906
1773047932266372400,31.950372314453126,-16.98750114440918,-27.187501907348633,27.431251525878906
1773047932276372200,31.960372314453124,-16.875,-27.39375114440918,27.618751525878906
1773047932286372400,31.970372314453126,-17.0625,-27.468751907348633,27.468751907348633
1773047932296372200,31.980372314453124,-16.912500381469727,-27.543750762939453,27.637500762939453
1773047932306372400,31.990372314453126,-17.006250381469727,-27.48750114440918,27.600000381469727
1773047932316372200,32.000372314453124,-16.818750381469727,-27.450000762939453,27.58125114440918
1773047932326372400,32.01037231445312,-16.481250762939453,-27.618751525878906,27.76875114440918
1773047932336372200,32.02037231445313,-16.106250762939453,-27.86250114440918,28.012500762939453
1773047932346372400,32.030372314453125,-15.862500190734863,-27.731250762939453,28.23750114440918
1773047932356372200,32.04037231445312,-16.087501525878906,-27.600000381469727,28.293750762939453
1773047932366372400,32.05037231445313,-16.14375114440918,-27.637500762939453,28.33125114440918
1773047932376372200,32.060372314453126,-16.106250762939453,-27.618751525878906,28.462501525878906
1773047932386372400,32.070372314453124,-16.068750381469727,-27.731250762939453,28.500001907348633
1773047932396372200,32.08037231445312,-16.125,-27.750001907348633,28.537500381469727
1773047932406372400,32.09037231445313,-16.462501525878906,-27.637500762939453,28.462501525878906
1773047932416372200,32.100372314453125,-16.70625114440918,-27.543750762939453,28.23750114440918
1773047932426372400,32.11037231445312,-16.89375114440918,-27.39375114440918,28.068750381469727
1773047932436372200,32.12037231445313,-16.650001525878906,-27.39375114440918,27.806251525878906
1773047932446372400,32.130372314453126,-16.51875114440918,-27.67500114440918,27.95625114440918
1773047932456372200,32.140372314453124,-16.575000762939453,-27.731250762939453,27.975000381469727
1773047932466372400,32.15037231445312,-16.59375,-27.600000381469727,27.95625114440918
1773047932476372200,32.16037231445313,-16.59375,-27.787500381469727,27.975000381469727
1773047932486372400,32.170372314453125,-16.556251525878906,-27.95625114440918,28.031251907348633
1773047932496372200,32.18037231445312,-16.40625,-27.787500381469727,28.218751907348633
1773047932506372400,32.19037231445313,-16.106250762939453,-27.843751907348633,28.218751907348633
1773047932516372200,32.200372314453126,-16.200000762939453,-27.750001907348633,28.275001525878906
1773047932526372400,32.210372314453124,-16.33125114440918,-27.39375114440918,28.181251525878906
1773047932536372200,32.22037231445312,-16.3125,-27.506250381469727,27.975000381469727
1773047932546372400,32.23037231445313,-15.937500953674316,-27.731250762939453,28.125001907348633
1773047932556372200,32.240372314453126,-15.862500190734863,-27.543750762939453,28.200000762939453
1773047932566372400,32.250372314453124,-15.731250762939453,-27.600000381469727,27.975000381469727
1773047932576372200,32.26037231445312,-15.881250381469727,-27.76875114440918,27.975000381469727
1773047932586372400,32.27037231445313,-16.14375114440918,-28.05000114440918,27.937501907348633
1773047932596372200,32.280372314453125,-16.14375114440918,-28.14375114440918,27.993751525878906
1773047932606372400,32.29037231445312,-16.14375114440918,-28.14375114440918,27.95625114440918
1773047932616372200,32.30037231445313,-16.068750381469727,-27.993751525878906,28.106250762939453
1773047932626372400,32.310372314453126,-16.3125,-27.825000762939453,27.918750762939453
1773047932636372200,32.320372314453124,-16.51875114440918,-27.95625114440918,27.825000762939453
1773047932646372400,32.33037231445312,-16.575000762939453,-27.937501907348633,28.125001907348633
1773047932656372200,32.34037231445313,-16.61250114440918,-27.900001525878906,27.881250381469727
1773047932666372400,32.350372314453125,-16.387500762939453,-27.918750762939453,27.637500762939453
1773047932676372200,32.36037231445312,-16.256250381469727,-28.256250381469727,27.525001525878906
1773047932686372400,32.37037231445313,-16.3125,-28.406251907348633,27.412500381469727
1773047932696372200,32.380372314453126,-16.162500381469727,-28.14375114440918,27.67500114440918
1773047932706372400,32.390372314453124,-16.03125,-28.275001525878906,27.86250114440918
1773047932716372200,32.40037231445312,-16.012500762939453,-28.275001525878906,27.918750762939453
1773047932726372400,32.41037231445313,-15.918750762939453,-27.993751525878906,27.787500381469727
1773047932736372200,32.420372314453125,-15.825000762939453,-27.900001525878906,28.012500762939453
1773047932746372400,32.43037231445312,-15.956250190734863,-27.825000762939453,28.368751525878906
1773047932756372200,32.44037231445313,-16.106250762939453,-27.543750762939453,28.368751525878906
1773047932766372400,32.450372314453126,-15.99375057220459,-27.58125114440918,28.631250381469727
1773047932776372200,32.460372314453124,-16.200000762939453,-27.806251525878906,28.106250762939453
1773047932786372400,32.47037231445312,-16.350000381469727,-27.618751525878906,27.937501907348633
1773047932796372200,32.48037231445313,-16.162500381469727,-27.656251907348633,27.918750762939453
1773047932806372400,32.490372314453126,-16.462501525878906,-27.750001907348633,28.031251907348633
1773047932816372200,32.500372314453124,-16.387500762939453,-27.975000381469727,27.975000381469727
1773047932826372400,32.51037231445312,-16.462501525878906,-27.918750762939453,27.95625114440918
1773047932836372200,32.52037231445313,-16.293750762939453,-28.125001907348633,27.806251525878906
1773047932846372400,32.530372314453125,-16.106250762939453,-27.918750762939453,27.637500762939453
1773047932856372200,32.54037231445312,-16.03125,-27.806251525878906,28.125001907348633
1773047932866372400,32.55037231445313,-16.256250381469727,-27.656251907348633,28.200000762939453
1773047932876372200,32.560372314453126,-16.61250114440918,-27.525001525878906,28.106250762939453
1773047932886372400,32.570372314453124,-16.106250762939453,-27.76875114440918,27.806251525878906
1773047932896372200,32.58037231445312,-16.200000762939453,-27.67500114440918,27.731250762939453
1773047932906372400,32.59037231445313,-16.181251525878906,-27.900001525878906,27.637500762939453
1773047932916372200,32.600372314453125,-16.5,-27.637500762939453,27.76875114440918
1773047932926372400,32.61037231445312,-16.743751525878906,-27.900001525878906,27.712501525878906
1773047932936372200,32.62037231445313,-16.950000762939453,-28.068750381469727,27.450000762939453
1773047932946372400,32.630372314453126,-16.89375114440918,-28.350000381469727,27.187501907348633
1773047932956372200,32.640372314453124,-16.631250381469727,-28.350000381469727,27.20625114440918
1773047932966372400,32.65037231445312,-17.006250381469727,-28.05000114440918,27.468751907348633
1773047932976372200,32.66037231445313,-17.137500762939453,-27.881250381469727,27.562501907348633
1773047932986372400,32.670372314453125,-17.08125114440918,-27.76875114440918,27.543750762939453
1773047932996372200,32.68037231445312,-17.025001525878906,-27.843751907348633,27.67500114440918
1773047933006372400,32.69037231445313,-17.100000381469727,-27.712501525878906,27.693750381469727
1773047933016372200,32.700372314453126,-17.17500114440918,-27.637500762939453,27.67500114440918
1773047933026372400,32.710372314453124,-17.0625,-27.468751907348633,27.86250114440918
1773047933036372200,32.72037231445312,-17.118751525878906,-27.600000381469727,27.900001525878906
1773047933046372400,32.73037231445313,-17.193750381469727,-27.787500381469727,27.656251907348633
1773047933056372200,32.740372314453126,-16.837501525878906,-27.937501907348633,27.618751525878906
1773047933066372400,32.750372314453124,-16.59375,-28.162500381469727,27.712501525878906
1773047933076372200,32.76037231445312,-16.51875114440918,-28.256250381469727,27.543750762939453
1773047933086372400,32.77037231445313,-16.42500114440918,-28.181251525878906,27.48750114440918
1773047933096372200,32.780372314453125,-16.012500762939453,-28.256250381469727,27.243751525878906
1773047933106372400,32.79037231445312,-15.90000057220459,-28.537500381469727,27.450000762939453
1773047933116372200,32.80037231445313,-15.881250381469727,-28.368751525878906,27.525001525878906
1773047933126372400,32.810372314453126,-15.937500953674316,-28.350000381469727,27.656251907348633
1773047933136372200,32.820372314453124,-15.975000381469727,-28.293750762939453,27.618751525878906
1773047933146372400,32.83037231445312,-16.275001525878906,-28.125001907348633,27.468751907348633
1773047933156372200,32.84037231445313,-16.14375114440918,-27.937501907348633,27.318750381469727
1773047933166372400,32.850372314453125,-16.162500381469727,-28.068750381469727,27.600000381469727
1773047933176372200,32.86037231445312,-16.650001525878906,-27.86250114440918,27.712501525878906
1773047933186372400,32.87037231445313,-16.89375114440918,-27.806251525878906,27.543750762939453
1773047933196372200,32.880372314453126,-16.837501525878906,-27.900001525878906,27.562501907348633
1773047933206372400,32.890372314453124,-16.5,-27.750001907348633,27.525001525878906
1773047933216372200,32.90037231445312,-16.818750381469727,-27.975000381469727,27.750001907348633
1773047933226372400,32.91037231445313,-16.650001525878906,-27.881250381469727,27.843751907348633
1773047933236372200,32.920372314453125,-16.837501525878906,-27.937501907348633,28.106250762939453
1773047933246372400,32.93037231445312,-17.0625,-27.787500381469727,27.900001525878906
1773047933256372200,32.94037231445313,-16.856250762939453,-27.787500381469727,27.900001525878906
1773047933266372400,32.950372314453126,-16.762500762939453,-27.58125114440918,27.993751525878906
1773047933276372200,32.960372314453124,-16.912500381469727,-27.618751525878906,27.86250114440918
1773047933286372400,32.97037231445312,-16.743751525878906,-27.900001525878906,27.937501907348633
1773047933296372200,32.98037231445313,-16.650001525878906,-27.750001907348633,27.76875114440918
1773047933306372400,32.990372314453126,-16.6875,-28.012500762939453,27.525001525878906
1773047933316372200,33.000372314453124,-16.650001525878906,-28.218751907348633,27.225000381469727
1773047933326372400,33.01037231445312,-16.631250381469727,-28.462501525878906,27.056251525878906
1773047933336372200,33.02037231445313,-16.368751525878906,-28.575000762939453,27.337501525878906
1773047933346372400,33.030372314453125,-16.5,-28.762500762939453,27.131250381469727
1773047933356372200,33.04037231445312,-16.443750381469727,-28.837501525878906,27.11250114440918
1773047933366372400,33.05037231445313,-16.556251525878906,-28.80000114440918,27.131250381469727
1773047933376372200,33.060372314453126,-16.33125114440918,-28.856250762939453,27.093751907348633
1773047933386372400,33.070372314453124,-16.368751525878906,-28.575000762939453,27.30000114440918
1773047933396372200,33.08037231445312,-16.33125114440918,-28.368751525878906,27.468751907348633
1773047933406372400,33.09037231445313,-16.012500762939453,-28.481250762939453,27.600000381469727
1773047933416372200,33.100372314453125,-16.33125114440918,-28.762500762939453,27.243751525878906
1773047933426372400,33.11037231445312,-16.350000381469727,-28.687501907348633,27.375001907348633
1773047933436372200,33.12037231445313,-16.087501525878906,-28.668750762939453,27.48750114440918
1773047933446372400,33.130372314453126,-16.14375114440918,-28.631250381469727,27.843751907348633
1773047933456372200,33.140372314453124,-16.125,-28.743751525878906,27.993751525878906
1773047933466372400,33.15037231445312,-16.256250381469727,-29.006250381469727,27.937501907348633
1773047933476372200,33.16037231445313,-16.162500381469727,-29.306251525878906,27.975000381469727
1773047933486372400,33.170372314453125,-16.200000762939453,-29.212501525878906,28.087501525878906
1773047933496372200,33.18037231445312,-16.200000762939453,-29.118751525878906,28.462501525878906
1773047933506372400,33.19037231445313,-15.881250381469727,-29.26875114440918,28.312501907348633
1773047933516372200,33.200372314453126,-15.843750953674316,-29.212501525878906,28.23750114440918
1773047933526372400,33.210372314453124,-15.637500762939453,-29.325000762939453,27.95625114440918
1773047933536372200,33.22037231445312,-15.600000381469727,-29.325000762939453,27.95625114440918
1773047933546372400,33.23037231445313,-15.356250762939453,-29.325000762939453,28.068750381469727
1773047933556372200,33.240372314453126,-15.281250953674316,-29.08125114440918,28.162500381469727
1773047933566372400,33.250372314453124,-15.24375057220459,-29.118751525878906,28.162500381469727
1773047933576372200,33.26037231445312,-14.981250762939453,-29.17500114440918,27.86250114440918
1773047933586372400,33.27037231445313,-14.96250057220459,-29.212501525878906,28.05000114440918
1773047933596372200,33.280372314453125,-15.037500381469727,-29.137500762939453,28.218751907348633
1773047933606372400,33.29037231445312,-14.96250057220459,-29.250001907348633,28.068750381469727
1773047933616372200,33.30037231445313,-14.86875057220459,-29.231250762939453,27.975000381469727
1773047933626372400,33.310372314453126,-14.850000381469727,-29.418750762939453,27.712501525878906
1773047933636372200,33.320372314453124,-14.831250190734863,-29.681251525878906,27.618751525878906
1773047933646372400,33.33037231445312,-14.68125057220459,-29.64375114440918,27.76875114440918
1773047933656372200,33.34037231445313,-14.456250190734863,-29.64375114440918,28.14375114440918
1773047933666372400,33.350372314453125,-14.381250381469727,-29.531251907348633,28.106250762939453
1773047933676372200,33.36037231445312,-14.68125057220459,-29.475000381469727,28.031251907348633
1773047933686372400,33.37037231445313,-14.96250057220459,-29.343751907348633,28.125001907348633
1773047933696372200,33.380372314453126,-14.943750381469727,-29.45625114440918,28.200000762939453
1773047933706372400,33.390372314453124,-14.943750381469727,-29.043750762939453,28.481250762939453
1773047933716372200,33.40037231445312,-15.075000762939453,-28.837501525878906,28.556251525878906
1773047933726372400,33.41037231445313,-15.037500381469727,-28.743751525878906,28.33125114440918
1773047933736372200,33.420372314453125,-15.262500762939453,-28.631250381469727,28.23750114440918
1773047933746372400,33.43037231445312,-15.375000953674316,-28.687501907348633,28.256250381469727
1773047933756372200,33.44037231445313,-14.981250762939453,-29.100000381469727,28.51875114440918
1773047933766372400,33.450372314453126,-14.850000381469727,-29.043750762939453,28.500001907348633
1773047933776372200,33.460372314453124,-14.887500762939453,-28.931251525878906,28.781251907348633
1773047933786372400,33.47037231445312,-14.718750953674316,-29.287500381469727,28.687501907348633
1773047933796372200,33.48037231445313,-14.662500381469727,-29.36250114440918,28.593751907348633
1773047933806372400,33.490372314453126,-14.58750057220459,-29.343751907348633,28.70625114440918
1773047933816372200,33.500372314453124,-14.512500762939453,-29.418750762939453,28.80000114440918
1773047933826372400,33.51037231445312,-14.512500762939453,-29.55000114440918,28.556251525878906
1773047933836372200,33.52037231445313,-14.662500381469727,-29.306251525878906,28.23750114440918
1773047933846372400,33.530372314453125,-14.68125057220459,-29.306251525878906,28.406251907348633
1773047933856372200,33.54037231445312,-14.718750953674316,-29.475000381469727,28.087501525878906
1773047933866372400,33.55037231445313,-14.96250057220459,-29.231250762939453,28.312501907348633
1773047933876372200,33.560372314453126,-14.925000190734863,-29.531251907348633,28.350000381469727
1773047933886372400,33.570372314453124,-15.168750762939453,-29.681251525878906,28.537500381469727
1773047933896372200,33.58037231445312,-15.15000057220459,-29.73750114440918,28.312501907348633
1773047933906372400,33.59037231445313,-15.300000190734863,-29.568750381469727,28.687501907348633
1773047933916372200,33.600372314453125,-15.093750953674316,-29.681251525878906,28.687501907348633
1773047933926372400,33.61037231445312,-15.05625057220459,-29.775001525878906,28.51875114440918
1773047933936372200,33.62037231445313,-14.887500762939453,-29.493751525878906,28.631250381469727
1773047933946372400,33.630372314453126,-14.606250762939453,-29.681251525878906,28.593751907348633
1773047933956372200,33.640372314453124,-14.68125057220459,-29.231250762939453,28.687501907348633
1773047933966372400,33.65037231445312,-14.475000381469727,-29.418750762939453,28.443750381469727
1773047933976372200,33.66037231445313,-14.49375057220459,-29.400001525878906,28.575000762939453
1773047933986372400,33.670372314453125,-14.325000762939453,-29.625001907348633,28.537500381469727
1773047933996372200,33.68037231445312,-14.662500381469727,-29.55000114440918,28.725000381469727
1773047934006372400,33.69037231445313,-14.512500762939453,-29.437501907348633,28.725000381469727
1773047934016372200,33.700372314453126,-14.77500057220459,-29.568750381469727,28.650001525878906
1773047934026372400,33.710372314453124,-14.925000190734863,-29.718751907348633,28.575000762939453
1773047934036372200,33.72037231445312,-14.86875057220459,-29.756250381469727,28.743751525878906
1773047934046372400,33.73037231445313,-15.225000381469727,-29.587501525878906,28.875001907348633
1773047934056372200,33.740372314453126,-15.225000381469727,-29.55000114440918,28.725000381469727
1773047934066372400,33.750372314453124,-15.24375057220459,-29.418750762939453,28.725000381469727
1773047934076372200,33.76037231445312,-15.018750190734863,-29.418750762939453,28.687501907348633
1773047934086372400,33.77037231445313,-15.112500190734863,-29.531251907348633,28.762500762939453
1773047934096372200,33.780372314453125,-14.925000190734863,-29.625001907348633,28.725000381469727
1773047934106372400,33.79037231445312,-14.812500953674316,-29.437501907348633,28.762500762939453
1773047934116372200,33.80037231445313,-14.643750190734863,-29.55000114440918,28.687501907348633
1773047934126372400,33.810372314453126,-14.737500190734863,-29.418750762939453,28.481250762939453
1773047934136372200,33.820372314453124,-14.606250762939453,-29.55000114440918,28.537500381469727
1773047934146372400,33.83037231445312,-14.550000190734863,-29.381250381469727,28.537500381469727
1773047934156372200,33.84037231445313,-14.718750953674316,-29.250001907348633,28.51875114440918
1773047934166372400,33.850372314453125,-14.718750953674316,-29.287500381469727,28.443750381469727
1773047934176372200,33.86037231445312,-14.925000190734863,-29.006250381469727,28.481250762939453
1773047934186372400,33.87037231445313,-15.075000762939453,-28.912500381469727,28.462501525878906
1773047934196372200,33.880372314453126,-15.281250953674316,-28.743751525878906,28.256250381469727
1773047934206372400,33.890372314453124,-14.887500762939453,-28.856250762939453,28.42500114440918
1773047934216372200,33.90037231445312,-15.093750953674316,-28.80000114440918,28.33125114440918
1773047934226372400,33.91037231445313,-15.131250381469727,-28.781251907348633,28.256250381469727
1773047934236372200,33.920372314453125,-15.300000190734863,-28.80000114440918,28.218751907348633
1773047934246372400,33.93037231445312,-15.637500762939453,-28.687501907348633,28.23750114440918
1773047934256372200,33.94037231445313,-15.750000953674316,-28.70625114440918,28.14375114440918
1773047934266372400,33.950372314453126,-15.675000190734863,-28.781251907348633,28.087501525878906
1773047934276372200,33.960372314453124,-15.71250057220459,-28.725000381469727,28.181251525878906
1773047934286372400,33.97037231445312,-15.956250190734863,-28.743751525878906,28.012500762939453
1773047934296372200,33.98037231445313,-15.862500190734863,-28.762500762939453,28.031251907348633
1773047934306372400,33.990372314453126,-15.843750953674316,-28.743751525878906,28.068750381469727
1773047934316372200,34.000372314453124,-15.656250953674316,-28.950000762939453,27.975000381469727
1773047934326372400,34.01037231445312,-15.450000762939453,-29.062501907348633,27.937501907348633
1773047934336372200,34.02037231445313,-15.300000190734863,-29.118751525878906,27.881250381469727
1773047934346372400,34.030372314453125,-15.61875057220459,-28.98750114440918,27.900001525878906
1773047934356372200,34.04037231445312,-15.600000381469727,-29.118751525878906,27.918750762939453
1773047934366372400,34.05037231445313,-15.300000190734863,-29.156251907348633,28.218751907348633
1773047934376372200,34.060372314453126,-15.300000190734863,-29.062501907348633,28.275001525878906
1773047934386372400,34.070372314453124,-15.112500190734863,-29.118751525878906,28.256250381469727
1773047934396372200,34.08037231445312,-15.075000762939453,-28.875001907348633,28.387500762939453
1773047934406372400,34.09037231445313,-15.206250190734863,-28.593751907348633,28.537500381469727
1773047934416372200,34.100372314453125,-15.187500953674316,-28.462501525878906,28.856250762939453
1773047934426372400,34.11037231445312,-15.168750762939453,-28.51875114440918,28.725000381469727
1773047934436372200,34.12037231445313,-15.15000057220459,-28.368751525878906,28.912500381469727
1773047934446372400,34.130372314453126,-15.300000190734863,-28.23750114440918,28.61250114440918
1773047934456372200,34.140372314453124,-15.300000190734863,-28.406251907348633,28.61250114440918
1773047934466372400,34.15037231445312,-15.318750381469727,-28.575000762939453,28.70625114440918
1773047934476372200,34.16037231445313,-15.318750381469727,-28.51875114440918,28.687501907348633
1773047934486372400,34.170372314453125,-15.225000381469727,-28.89375114440918,28.51875114440918
1773047934496372200,34.18037231445312,-15.225000381469727,-29.100000381469727,28.33125114440918
1773047934506372400,34.19037231445313,-15.15000057220459,-29.231250762939453,28.14375114440918
1773047934516372200,34.200372314453126,-15.168750762939453,-29.36250114440918,27.975000381469727
1773047934526372400,34.210372314453124,-15.318750381469727,-29.45625114440918,28.031251907348633
1773047934536372200,34.22037231445312,-15.562500953674316,-29.36250114440918,27.937501907348633
1773047934546372400,34.23037231445313,-15.881250381469727,-29.250001907348633,27.937501907348633
1773047934556372200,34.240372314453126,-15.80625057220459,-29.437501907348633,27.881250381469727
1773047934566372400,34.250372314453124,-15.843750953674316,-29.212501525878906,27.993751525878906
1773047934576372200,34.26037231445312,-15.825000762939453,-29.250001907348633,27.86250114440918
1773047934586372400,34.27037231445313,-15.731250762939453,-29.343751907348633,28.200000762939453
1773047934596372200,34.280372314453125,-15.71250057220459,-29.306251525878906,28.181251525878906
1773047934606372400,34.29037231445312,-15.675000190734863,-28.98750114440918,28.406251907348633
1773047934616372200,34.30037231445313,-15.262500762939453,-29.08125114440918,28.368751525878906
1773047934626372400,34.310372314453126,-15.187500953674316,-29.100000381469727,28.256250381469727
1773047934636372200,34.320372314453124,-15.000000953674316,-29.156251907348633,28.350000381469727
1773047934646372400,34.33037231445312,-15.168750762939453,-29.006250381469727,28.218751907348633
1773047934656372200,34.34037231445313,-15.018750190734863,-28.912500381469727,28.500001907348633
1773047934666372400,34.350372314453125,-14.906250953674316,-28.687501907348633,28.42500114440918
1773047934676372200,34.36037231445312,-14.77500057220459,-28.89375114440918,28.443750381469727
1773047934686372400,34.37037231445313,-14.643750190734863,-29.118751525878906,28.275001525878906
1773047934696372200,34.380372314453126,-14.700000762939453,-28.856250762939453,28.481250762939453
1773047934706372400,34.390372314453124,-14.643750190734863,-29.006250381469727,28.462501525878906
1773047934716372200,34.40037231445312,-14.812500953674316,-28.875001907348633,28.387500762939453
1773047934726372400,34.41037231445313,-14.718750953674316,-29.212501525878906,28.162500381469727
1773047934736372200,34.420372314453125,-15.000000953674316,-29.118751525878906,28.125001907348633
1773047934746372400,34.43037231445312,-15.112500190734863,-29.36250114440918,27.993751525878906
1773047934756372200,34.44037231445313,-15.300000190734863,-29.156251907348633,28.05000114440918
1773047934766372400,34.450372314453126,-15.318750381469727,-29.193750381469727,28.275001525878906
1773047934776372200,34.460372314453124,-15.187500953674316,-29.118751525878906,28.500001907348633
1773047934786372400,34.47037231445312,-15.281250953674316,-29.100000381469727,28.481250762939453
1773047934796372200,34.48037231445313,-15.43125057220459,-29.118751525878906,28.500001907348633
1773047934806372400,34.490372314453126,-15.15000057220459,-29.043750762939453,28.968751907348633
1773047934816372200,34.500372314453124,-15.037500381469727,-29.118751525878906,29.006250381469727
1773047934826372400,34.51037231445312,-14.981250762939453,-28.837501525878906,29.100000381469727
1773047934836372200,34.52037231445313,-14.756250381469727,-28.98750114440918,29.043750762939453
1773047934846372400,34.530372314453125,-14.793750762939453,-28.950000762939453,28.762500762939453
1773047934856372200,34.54037231445312,-15.24375057220459,-28.968751907348633,28.51875114440918
1773047934866372400,34.55037231445313,-15.187500953674316,-28.593751907348633,28.593751907348633
1773047934876372200,34.560372314453126,-15.037500381469727,-28.537500381469727,28.70625114440918
1773047934886372400,34.570372314453124,-15.037500381469727,-28.743751525878906,28.42500114440918
1773047934896372200,34.58037231445312,-15.300000190734863,-28.856250762939453,28.23750114440918
1773047934906372400,34.59037231445313,-15.356250762939453,-28.931251525878906,28.162500381469727
1773047934916372200,34.600372314453125,-15.281250953674316,-28.912500381469727,28.14375114440918
1773047934926372400,34.61037231445312,-15.168750762939453,-28.837501525878906,28.350000381469727
1773047934936372200,34.62037231445313,-15.05625057220459,-28.818750381469727,28.368751525878906
1773047934946372400,34.630372314453126,-15.075000762939453,-28.950000762939453,28.293750762939453
1773047934956372200,34.640372314453124,-15.112500190734863,-29.100000381469727,28.368751525878906
1773047934966372400,34.65037231445312,-15.393750190734863,-28.537500381469727,28.51875114440918
1773047934976372200,34.66037231445313,-15.075000762939453,-28.481250762939453,28.781251907348633
1773047934986372400,34.670372314453125,-15.131250381469727,-28.406251907348633,29.043750762939453
1773047934996372200,34.68037231445312,-15.393750190734863,-28.537500381469727,28.950000762939453
1773047935006372400,34.69037231445313,-15.656250953674316,-28.575000762939453,28.668750762939453
1773047935016372200,34.700372314453126,-15.468750953674316,-28.725000381469727,28.668750762939453
1773047935026372400,34.710372314453124,-15.52500057220459,-28.743751525878906,28.70625114440918
1773047935036372200,34.72037231445312,-15.543750762939453,-28.668750762939453,28.42500114440918
1773047935046372400,34.73037231445313,-15.581250190734863,-28.837501525878906,28.33125114440918
1773047935056372200,34.740372314453126,-15.731250762939453,-28.856250762939453,28.23750114440918
1773047935066372400,34.750372314453124,-15.600000381469727,-28.781251907348633,28.162500381469727
1773047935076372200,34.76037231445312,-15.24375057220459,-28.61250114440918,28.406251907348633
1773047935086372400,34.77037231445313,-15.15000057220459,-28.762500762939453,28.387500762939453
1773047935096372200,34.780372314453125,-15.018750190734863,-28.70625114440918,28.368751525878906
1773047935106372400,34.79037231445312,-14.981250762939453,-28.818750381469727,28.368751525878906
1773047935116372200,34.80037231445313,-14.943750381469727,-28.762500762939453,28.368751525878906
1773047935126372400,34.810372314453126,-14.77500057220459,-28.781251907348633,28.387500762939453
1773047935136372200,34.820372314453124,-14.737500190734863,-28.837501525878906,28.387500762939453
1773047935146372400,34.83037231445312,-14.77500057220459,-28.781251907348633,28.275001525878906
1773047935156372200,34.84037231445313,-15.225000381469727,-28.762500762939453,27.918750762939453
1773047935166372400,34.850372314453125,-15.225000381469727,-28.575000762939453,28.031251907348633
1773047935176372200,34.86037231445312,-15.61875057220459,-28.575000762939453,28.106250762939453
1773047935186372400,34.87037231445313,-15.656250953674316,-28.650001525878906,28.200000762939453
1773047935196372200,34.880372314453126,-15.731250762939453,-28.687501907348633,28.500001907348633
1773047935206372400,34.890372314453124,-15.99375057220459,-28.575000762939453,28.42500114440918
1773047935216372200,34.90037231445312,-16.181251525878906,-28.387500762939453,28.443750381469727
1773047935226372400,34.91037231445313,-16.575000762939453,-28.406251907348633,28.631250381469727
1773047935236372200,34.920372314453125,-16.631250381469727,-28.23750114440918,28.856250762939453
1773047935246372400,34.93037231445312,-16.725000381469727,-28.312501907348633,28.650001525878906
1773047935256372200,34.94037231445313,-16.80000114440918,-28.500001907348633,28.443750381469727
1773047935266372400,34.950372314453126,-16.818750381469727,-28.256250381469727,28.275001525878906
1773047935276372200,34.960372314453124,-16.743751525878906,-28.031251907348633,28.23750114440918
1773047935286372400,34.97037231445312,-16.350000381469727,-28.312501907348633,28.387500762939453
1773047935296372200,34.98037231445313,-16.068750381469727,-28.368751525878906,28.162500381469727
1773047935306372400,34.990372314453126,-15.862500190734863,-28.42500114440918,28.293750762939453
1773047935316372200,35.000372314453124,-15.637500762939453,-28.537500381469727,28.462501525878906
1773047935326372400,35.01037231445312,-15.487500190734863,-28.500001907348633,28.912500381469727
1773047935336372200,35.02037231445313,-15.206250190734863,-28.443750381469727,29.381250381469727
1773047935346372400,35.030372314453125,-14.981250762939453,-28.481250762939453,29.756250381469727
1773047935356372200,35.04037231445312,-15.187500953674316,-28.743751525878906,29.681251525878906
1773047935366372400,35.05037231445313,-15.356250762939453,-28.443750381469727,29.718751907348633
1773047935376372200,35.060372314453126,-15.450000762939453,-28.387500762939453,29.756250381469727
1773047935386372400,35.070372314453124,-15.112500190734863,-28.33125114440918,29.662500381469727
1773047935396372200,35.08037231445312,-15.131250381469727,-28.200000762939453,29.681251525878906
1773047935406372400,35.09037231445313,-15.356250762939453,-28.200000762939453,29.587501525878906
1773047935416372200,35.100372314453125,-15.24375057220459,-28.200000762939453,29.231250762939453
1773047935426372400,35.11037231445312,-15.300000190734863,-28.293750762939453,29.043750762939453
1773047935436372200,35.12037231445313,-15.168750762939453,-28.14375114440918,29.062501907348633
1773047935446372400,35.130372314453126,-15.168750762939453,-28.218751907348633,29.100000381469727
1773047935456372200,35.140372314453124,-15.075000762939453,-28.256250381469727,29.156251907348633
1773047935466372400,35.15037231445312,-15.15000057220459,-28.387500762939453,28.89375114440918
1773047935476372200,35.16037231445313,-14.981250762939453,-28.500001907348633,28.725000381469727
1773047935486372400,35.170372314453125,-14.77500057220459,-28.462501525878906,28.575000762939453
1773047935496372200,35.18037231445312,-14.756250381469727,-28.406251907348633,28.743751525878906
1773047935506372400,35.19037231445313,-14.887500762939453,-28.256250381469727,28.631250381469727
1773047935516372200,35.200372314453126,-14.887500762939453,-28.500001907348633,28.61250114440918
1773047935526372400,35.210372314453124,-14.68125057220459,-28.500001907348633,28.500001907348633
1773047935536372200,35.22037231445312,-14.68125057220459,-28.537500381469727,28.80000114440918
1773047935546372400,35.23037231445313,-14.86875057220459,-28.668750762939453,28.856250762939453
1773047935556372200,35.240372314453126,-14.831250190734863,-28.593751907348633,28.856250762939453
1773047935566372400,35.250372314453124,-14.981250762939453,-28.743751525878906,28.968751907348633
1773047935576372200,35.26037231445312,-15.262500762939453,-28.61250114440918,29.08125114440918
1773047935586372400,35.27037231445313,-15.112500190734863,-28.837501525878906,29.118751525878906
1773047935596372200,35.280372314453125,-15.112500190734863,-28.631250381469727,29.025001525878906
1773047935606372400,35.29037231445312,-15.15000057220459,-28.668750762939453,29.343751907348633
1773047935616372200,35.30037231445313,-15.037500381469727,-28.837501525878906,29.062501907348633
1773047935626372400,35.310372314453126,-14.96250057220459,-28.743751525878906,29.325000762939453
1773047935636372200,35.320372314453124,-14.906250953674316,-28.80000114440918,29.437501907348633
1773047935646372400,35.33037231445312,-14.58750057220459,-28.593751907348633,29.381250381469727
1773047935656372200,35.34037231445313,-14.268750190734863,-28.387500762939453,29.343751907348633
1773047935666372400,35.350372314453125,-14.325000762939453,-28.162500381469727,29.343751907348633
1773047935676372200,35.36037231445312,-14.287500381469727,-28.537500381469727,29.437501907348633
1773047935686372400,35.37037231445313,-14.137500762939453,-28.368751525878906,29.381250381469727
1773047935696372200,35.380372314453126,-14.531250953674316,-28.068750381469727,29.45625114440918
1773047935706372400,35.390372314453124,-14.418750762939453,-27.993751525878906,29.250001907348633
1773047935716372200,35.40037231445312,-14.58750057220459,-28.162500381469727,29.006250381469727
1773047935726372400,35.41037231445313,-14.737500190734863,-28.181251525878906,29.231250762939453
1773047935736372200,35.420372314453125,-14.850000381469727,-28.537500381469727,29.043750762939453
1773047935746372400,35.43037231445312,-14.86875057220459,-28.70625114440918,28.968751907348633
1773047935756372200,35.44037231445313,-14.831250190734863,-28.350000381469727,29.043750762939453
1773047935766372400,35.450372314453126,-15.168750762939453,-28.368751525878906,28.98750114440918
1773047935776372200,35.460372314453124,-15.018750190734863,-28.61250114440918,28.837501525878906
1773047935786372400,35.47037231445312,-15.037500381469727,-28.762500762939453,28.912500381469727
1773047935796372200,35.48037231445313,-15.018750190734863,-28.668750762939453,29.118751525878906
1773047935806372400,35.490372314453126,-15.018750190734863,-28.762500762939453,28.80000114440918
1773047935816372200,35.500372314453124,-15.018750190734863,-28.762500762939453,28.912500381469727
1773047935826372400,35.51037231445312,-14.96250057220459,-28.650001525878906,29.156251907348633
1773047935836372200,35.52037231445313,-14.981250762939453,-28.70625114440918,29.212501525878906
1773047935846372400,35.530372314453125,-15.037500381469727,-28.856250762939453,29.17500114440918
1773047935856372200,35.54037231445312,-15.112500190734863,-28.687501907348633,29.231250762939453
1773047935866372400,35.55037231445313,-15.206250190734863,-28.275001525878906,29.381250381469727
1773047935876372200,35.560372314453126,-15.393750190734863,-28.275001525878906,29.212501525878906
1773047935886372400,35.570372314453124,-15.543750762939453,-28.012500762939453,29.231250762939453
1773047935896372200,35.58037231445312,-15.750000953674316,-27.993751525878906,29.08125114440918
1773047935906372400,35.59037231445313,-16.087501525878906,-27.806251525878906,28.875001907348633
1773047935916372200,35.600372314453125,-16.293750762939453,-27.843751907348633,28.762500762939453
1773047935926372400,35.61037231445312,-16.3125,-27.86250114440918,28.725000381469727
1773047935936372200,35.62037231445313,-16.21875,-27.918750762939453,28.687501907348633
1773047935946372400,35.630372314453126,-16.23750114440918,-28.462501525878906,28.575000762939453
1773047935956372200,35.640372314453124,-16.068750381469727,-28.687501907348633,28.668750762939453
1773047935966372400,35.65037231445312,-15.768750190734863,-29.156251907348633,28.875001907348633
1773047935976372200,35.66037231445313,-15.600000381469727,-29.006250381469727,28.912500381469727
1773047935986372400,35.670372314453125,-15.225000381469727,-29.26875114440918,28.912500381469727
1773047935996372200,35.68037231445312,-14.981250762939453,-29.381250381469727,29.025001525878906
1773047936006372400,35.69037231445313,-14.662500381469727,-29.400001525878906,28.98750114440918
1773047936016372200,35.700372314453126,-14.475000381469727,-29.36250114440918,28.968751907348633
1773047936026372400,35.710372314453124,-14.49375057220459,-29.118751525878906,28.781251907348633
1773047936036372200,35.72037231445312,-14.531250953674316,-29.025001525878906,28.743751525878906
1773047936046372400,35.73037231445313,-14.756250381469727,-28.89375114440918,28.70625114440918
1773047936056372200,35.740372314453126,-14.981250762939453,-29.043750762939453,28.687501907348633
1773047936066372400,35.750372314453124,-14.887500762939453,-29.043750762939453,28.631250381469727
1773047936076372200,35.76037231445312,-14.850000381469727,-29.006250381469727,28.593751907348633
1773047936086372400,35.77037231445313,-15.112500190734863,-28.950000762939453,28.631250381469727
1773047936096372200,35.780372314453125,-15.300000190734863,-28.875001907348633,28.781251907348633
1773047936106372400,35.79037231445312,-15.15000057220459,-28.856250762939453,29.118751525878906
1773047936116372200,35.80037231445313,-15.000000953674316,-28.70625114440918,29.287500381469727
1773047936126372400,35.810372314453126,-14.981250762939453,-28.61250114440918,29.231250762939453
1773047936136372200,35.820372314453124,-14.86875057220459,-28.42500114440918,29.26875114440918
1773047936146372400,35.83037231445312,-15.075000762939453,-28.275001525878906,29.381250381469727
1773047936156372200,35.84037231445313,-15.187500953674316,-28.200000762939453,29.287500381469727
1773047936166372400,35.850372314453125,-15.33750057220459,-28.031251907348633,29.26875114440918
1773047936176372200,35.86037231445312,-14.981250762939453,-28.087501525878906,29.250001907348633
1773047936186372400,35.87037231445313,-15.05625057220459,-28.012500762939453,29.08125114440918
1773047936196372200,35.880372314453126,-15.15000057220459,-27.975000381469727,29.100000381469727
1773047936206372400,35.890372314453124,-15.206250190734863,-28.087501525878906,29.08125114440918
1773047936216372200,35.90037231445312,-15.262500762939453,-28.293750762939453,29.17500114440918
1773047936226372400,35.91037231445313,-15.225000381469727,-28.368751525878906,29.250001907348633
1773047936236372200,35.920372314453125,-15.05625057220459,-28.312501907348633,29.137500762939453
1773047936246372400,35.93037231445312,-14.850000381469727,-28.687501907348633,29.137500762939453
1773047936256372200,35.94037231445313,-15.131250381469727,-28.650001525878906,29.100000381469727
1773047936266372400,35.950372314453126,-15.187500953674316,-28.556251525878906,29.062501907348633
1773047936276372200,35.960372314453124,-15.225000381469727,-28.537500381469727,29.118751525878906
1773047936286372400,35.97037231445312,-15.075000762939453,-28.387500762939453,29.36250114440918
1773047936296372200,35.98037231445313,-15.000000953674316,-28.312501907348633,29.45625114440918
1773047936306372400,35.990372314453126,-15.15000057220459,-28.275001525878906,29.493751525878906
1773047936316372200,36.000372314453124,-15.206250190734863,-28.068750381469727,29.700000762939453
1773047936326372400,36.01037231445312,-15.225000381469727,-28.14375114440918,29.45625114440918
1773047936336372200,36.02037231445313,-15.281250953674316,-28.14375114440918,29.531251907348633
1773047936346372400,36.030372314453125,-15.281250953674316,-28.368751525878906,29.531251907348633
1773047936356372200,36.04037231445312,-14.96250057220459,-28.481250762939453,29.418750762939453
1773047936366372400,36.05037231445313,-15.168750762939453,-28.462501525878906,28.968751907348633
1773047936376372200,36.060372314453126,-15.112500190734863,-28.537500381469727,28.70625114440918
1773047936386372400,36.070372314453124,-15.112500190734863,-28.650001525878906,28.70625114440918
1773047936396372200,36.08037231445312,-15.281250953674316,-28.968751907348633,28.462501525878906
1773047936406372400,36.09037231445313,-15.225000381469727,-28.856250762939453,28.61250114440918
1773047936416372200,36.100372314453125,-15.168750762939453,-28.762500762939453,28.650001525878906
1773047936426372400,36.11037231445312,-15.018750190734863,-28.80000114440918,28.70625114440918
1773047936436372200,36.12037231445313,-15.225000381469727,-28.80000114440918,28.781251907348633
1773047936446372400,36.130372314453126,-15.15000057220459,-28.968751907348633,28.70625114440918
1773047936456372200,36.140372314453124,-15.075000762939453,-28.968751907348633,28.968751907348633
1773047936466372400,36.15037231445312,-14.887500762939453,-28.875001907348633,28.856250762939453
1773047936476372200,36.16037231445313,-14.887500762939453,-28.818750381469727,28.912500381469727
1773047936486372400,36.170372314453125,-14.831250190734863,-28.837501525878906,28.837501525878906
1773047936496372200,36.18037231445312,-14.850000381469727,-28.837501525878906,28.80000114440918
1773047936506372400,36.19037231445313,-14.943750381469727,-28.70625114440918,28.631250381469727
1773047936516372200,36.200372314453126,-15.05625057220459,-28.593751907348633,28.725000381469727
1773047936526372400,36.210372314453124,-14.943750381469727,-28.61250114440918,28.837501525878906
1773047936536372200,36.22037231445312,-14.86875057220459,-28.462501525878906,28.650001525878906
1773047936546372400,36.23037231445313,-14.77500057220459,-28.593751907348633,28.593751907348633
1773047936556372200,36.240372314453126,-14.512500762939453,-28.51875114440918,28.537500381469727
1773047936566372400,36.250372314453124,-14.550000190734863,-28.406251907348633,28.61250114440918
1773047936576372200,36.26037231445312,-14.531250953674316,-28.70625114440918,28.481250762939453
1773047936586372400,36.27037231445313,-14.531250953674316,-28.70625114440918,28.575000762939453
1773047936596372200,36.280372314453125,-14.700000762939453,-28.743751525878906,28.33125114440918
1773047936606372400,36.29037231445312,-14.850000381469727,-28.500001907348633,28.406251907348633
1773047936616372200,36.30037231445313,-15.131250381469727,-28.593751907348633,28.33125114440918
1773047936626372400,36.310372314453126,-15.318750381469727,-28.837501525878906,28.368751525878906
1773047936636372200,36.320372314453124,-15.412500381469727,-28.968751907348633,28.51875114440918
1773047936646372400,36.33037231445312,-15.33750057220459,-28.950000762939453,28.556251525878906
1773047936656372200,36.34037231445313,-15.318750381469727,-28.89375114440918,28.631250381469727
1773047936666372400,36.350372314453125,-15.15000057220459,-28.80000114440918,28.687501907348633
1773047936676372200,36.36037231445312,-14.943750381469727,-28.89375114440918,28.837501525878906
1773047936686372400,36.37037231445313,-14.86875057220459,-29.118751525878906,28.593751907348633
1773047936696372200,36.380372314453126,-14.906250953674316,-28.950000762939453,28.537500381469727
1773047936706372400,36.390372314453124,-15.037500381469727,-28.668750762939453,28.406251907348633
1773047936716372200,36.40037231445312,-15.187500953674316,-28.51875114440918,28.406251907348633
1773047936726372400,36.41037231445313,-15.15000057220459,-28.575000762939453,28.51875114440918
1773047936736372200,36.420372314453125,-15.24375057220459,-28.668750762939453,28.387500762939453
1773047936746372400,36.43037231445312,-15.487500190734863,-28.762500762939453,28.462501525878906
1773047936756372200,36.44037231445313,-15.543750762939453,-28.51875114440918,28.42500114440918
1773047936766372400,36.450372314453126,-15.43125057220459,-28.406251907348633,28.631250381469727
1773047936776372200,36.460372314453124,-15.393750190734863,-28.42500114440918,28.837501525878906
1773047936786372400,36.47037231445312,-15.112500190734863,-28.275001525878906,28.98750114440918
1773047936796372200,36.48037231445313,-14.96250057220459,-28.218751907348633,28.912500381469727
1773047936806372400,36.490372314453126,-15.375000953674316,-27.937501907348633,28.80000114440918
1773047936816372200,36.500372314453124,-15.33750057220459,-27.618751525878906,28.912500381469727
1773047936826372400,36.51037231445312,-15.281250953674316,-27.48750114440918,28.593751907348633
1773047936836372200,36.52037231445313,-15.412500381469727,-27.58125114440918,28.51875114440918
1773047936846372400,36.530372314453125,-15.656250953674316,-27.637500762939453,28.575000762939453
1773047936856372200,36.54037231445312,-15.750000953674316,-27.67500114440918,28.500001907348633
1773047936866372400,36.55037231445313,-15.825000762939453,-27.562501907348633,28.593751907348633
1773047936876372200,36.560372314453126,-16.125,-27.656251907348633,28.593751907348633
1773047936886372400,36.570372314453124,-15.862500190734863,-27.86250114440918,28.593751907348633
1773047936896372200,36.58037231445312,-15.825000762939453,-27.825000762939453,28.668750762939453
1773047936906372400,36.59037231445313,-16.05000114440918,-27.900001525878906,28.781251907348633
1773047936916372200,36.600372314453125,-15.975000381469727,-27.825000762939453,28.818750381469727
1773047936926372400,36.61037231445312,-16.087501525878906,-27.562501907348633,29.025001525878906
1773047936936372200,36.62037231445313,-15.975000381469727,-27.58125114440918,28.912500381469727
1773047936946372400,36.630372314453126,-16.3125,-27.618751525878906,28.80000114440918
1773047936956372200,36.640372314453124,-16.181251525878906,-27.656251907348633,28.70625114440918
1773047936966372400,36.65037231445312,-16.200000762939453,-27.450000762939453,28.650001525878906
1773047936976372200,36.66037231445313,-16.14375114440918,-27.712501525878906,28.650001525878906
1773047936996372200,36.68037231445312,-16.181251525878906,-28.05000114440918,28.350000381469727
1773047937006372400,36.69037231445313,-16.05000114440918,-28.218751907348633,28.012500762939453
1773047937016372200,36.700372314453126,-16.125,-28.218751907348633,28.05000114440918
1773047937026372400,36.710372314453124,-15.90000057220459,-28.312501907348633,28.162500381469727
1773047937036372200,36.72037231445312,-15.862500190734863,-28.275001525878906,28.368751525878906
1773047937046372400,36.73037231445313,-15.731250762939453,-28.668750762939453,28.631250381469727
1773047937056372200,36.740372314453126,-15.787500381469727,-28.593751907348633,28.42500114440918
1773047937066372400,36.750372314453124,-15.562500953674316,-28.368751525878906,28.650001525878906
1773047937076372200,36.76037231445312,-15.600000381469727,-28.312501907348633,28.650001525878906
1773047937086372400,36.77037231445313,-15.581250190734863,-28.218751907348633,28.781251907348633
1773047937096372200,36.780372314453125,-15.487500190734863,-28.23750114440918,28.89375114440918
1773047937106372400,36.79037231445312,-15.52500057220459,-28.218751907348633,28.837501525878906
1773047937116372200,36.80037231445313,-15.52500057220459,-28.256250381469727,28.856250762939453
1773047937126372400,36.810372314453126,-15.581250190734863,-28.23750114440918,28.668750762939453
1773047937136372200,36.820372314453124,-15.43125057220459,-28.256250381469727,28.837501525878906
1773047937146372400,36.83037231445312,-15.262500762939453,-28.293750762939453,28.950000762939453
1773047937156372200,36.84037231445313,-15.168750762939453,-28.462501525878906,28.89375114440918
1773047937166372400,36.850372314453125,-15.037500381469727,-28.481250762939453,29.137500762939453
1773047937176372200,36.86037231445312,-14.925000190734863,-28.537500381469727,29.212501525878906
1773047937186372400,36.87037231445313,-14.737500190734863,-28.650001525878906,29.287500381469727
1773047937196372200,36.880372314453126,-14.700000762939453,-28.537500381469727,29.212501525878906
1773047937206372400,36.890372314453124,-14.812500953674316,-28.275001525878906,29.17500114440918
1773047937216372200,36.90037231445312,-14.925000190734863,-28.33125114440918,29.306251525878906
1773047937226372400,36.91037231445313,-14.96250057220459,-28.256250381469727,29.193750381469727
1773047937236372200,36.920372314453125,-14.925000190734863,-28.23750114440918,29.26875114440918
1773047937246372400,36.93037231445312,-15.15000057220459,-28.312501907348633,29.137500762939453
1773047937256372200,36.94037231445313,-15.318750381469727,-28.181251525878906,29.006250381469727
1773047937266372400,36.950372314453126,-15.61875057220459,-27.918750762939453,28.687501907348633
1773047937276372200,36.960372314453124,-15.71250057220459,-27.900001525878906,28.61250114440918
1773047937286372400,36.97037231445312,-15.693750381469727,-28.125001907348633,28.556251525878906
1773047937296372200,36.98037231445313,-15.99375057220459,-27.843751907348633,28.481250762939453
1773047937306372400,36.990372314453126,-16.162500381469727,-27.806251525878906,28.51875114440918
1773047937316372200,37.000372314453124,-16.23750114440918,-27.506250381469727,28.631250381469727
1773047937326372400,37.01037231445312,-16.05000114440918,-27.48750114440918,28.462501525878906
1773047937336372200,37.02037231445313,-15.99375057220459,-27.431251525878906,28.462501525878906
1773047937346372400,37.030372314453125,-15.843750953674316,-27.656251907348633,28.687501907348633
1773047937356372200,37.04037231445312,-15.731250762939453,-27.76875114440918,28.70625114440918
1773047937366372400,37.05037231445313,-15.750000953674316,-27.58125114440918,28.950000762939453
1773047937376372200,37.060372314453126,-15.393750190734863,-27.76875114440918,28.668750762939453
1773047937386372400,37.070372314453124,-15.24375057220459,-27.86250114440918,28.650001525878906
1773047937396372200,37.08037231445312,-15.318750381469727,-28.106250762939453,28.537500381469727
1773047937406372400,37.09037231445313,-15.356250762939453,-28.125001907348633,28.80000114440918
1773047937416372200,37.100372314453125,-15.300000190734863,-28.125001907348633,28.950000762939453
1773047937426372400,37.11037231445312,-15.412500381469727,-28.068750381469727,28.968751907348633
1773047937436372200,37.12037231445313,-15.543750762939453,-27.95625114440918,29.025001525878906
1773047937446372400,37.130372314453126,-15.412500381469727,-28.05000114440918,28.931251525878906
1773047937456372200,37.140372314453124,-15.487500190734863,-27.993751525878906,28.950000762939453
1773047937466372400,37.15037231445312,-15.675000190734863,-28.200000762939453,28.89375114440918
1773047937476372200,37.16037231445313,-15.543750762939453,-28.012500762939453,28.856250762939453
1773047937486372400,37.170372314453125,-15.581250190734863,-27.993751525878906,28.687501907348633
1773047937496372200,37.18037231445312,-15.600000381469727,-28.23750114440918,28.650001525878906
1773047937506372400,37.19037231445313,-15.450000762939453,-28.275001525878906,28.575000762939453
1773047937516372200,37.200372314453126,-15.43125057220459,-28.368751525878906,28.70625114440918
1773047937526372400,37.210372314453124,-15.52500057220459,-28.668750762939453,28.51875114440918
1773047937536372200,37.22037231445312,-15.693750381469727,-28.70625114440918,28.668750762939453
1773047937546372400,37.23037231445313,-15.656250953674316,-28.80000114440918,28.781251907348633
1773047937556372200,37.240372314453126,-15.675000190734863,-28.931251525878906,28.80000114440918
1773047937566372400,37.250372314453124,-15.581250190734863,-28.875001907348633,28.650001525878906
1773047937576372200,37.26037231445312,-15.506250381469727,-28.781251907348633,28.51875114440918
1773047937586372400,37.27037231445313,-15.731250762939453,-28.687501907348633,28.443750381469727
1773047937596372200,37.280372314453125,-15.71250057220459,-28.781251907348633,28.256250381469727
1773047937606372400,37.29037231445312,-15.731250762939453,-28.462501525878906,28.443750381469727
1773047937616372200,37.30037231445313,-15.731250762939453,-28.51875114440918,28.42500114440918
1773047937626372400,37.310372314453126,-15.731250762939453,-28.293750762939453,28.556251525878906
1773047937636372200,37.320372314453124,-15.99375057220459,-28.256250381469727,28.593751907348633
1773047937646372400,37.33037231445312,-16.106250762939453,-28.312501907348633,28.80000114440918
1773047937656372200,37.34037231445313,-16.256250381469727,-28.368751525878906,28.856250762939453
1773047937666372400,37.350372314453125,-15.937500953674316,-28.575000762939453,29.025001525878906
1773047937676372200,37.36037231445312,-15.80625057220459,-28.350000381469727,29.306251525878906
1773047937686372400,37.37037231445313,-15.90000057220459,-28.556251525878906,29.231250762939453
1773047937696372200,37.380372314453126,-15.843750953674316,-28.42500114440918,29.26875114440918
1773047937706372400,37.390372314453124,-15.843750953674316,-28.42500114440918,29.212501525878906
1773047937716372200,37.40037231445312,-15.600000381469727,-28.575000762939453,29.343751907348633
1773047937726372400,37.41037231445313,-15.300000190734863,-28.668750762939453,29.36250114440918
1773047937736372200,37.420372314453125,-15.112500190734863,-28.500001907348633,29.587501525878906
1773047937746372400,37.43037231445312,-15.24375057220459,-28.368751525878906,29.681251525878906
1773047937756372200,37.44037231445313,-15.412500381469727,-28.42500114440918,29.418750762939453
1773047937766372400,37.450372314453126,-15.225000381469727,-28.33125114440918,29.64375114440918
1773047937776372200,37.460372314453124,-15.075000762939453,-28.537500381469727,29.793750762939453
1773047937786372400,37.47037231445312,-15.24375057220459,-28.51875114440918,29.775001525878906
1773047937796372200,37.48037231445313,-15.318750381469727,-28.575000762939453,29.718751907348633
1773047937806372400,37.490372314453126,-15.52500057220459,-28.23750114440918,29.868751525878906
1773047937816372200,37.500372314453124,-15.731250762939453,-28.33125114440918,29.568750381469727
1773047937826372400,37.51037231445312,-15.843750953674316,-28.350000381469727,29.45625114440918
1773047937836372200,37.52037231445313,-15.468750953674316,-28.42500114440918,29.587501525878906
1773047937846372400,37.530372314453125,-15.412500381469727,-28.293750762939453,29.531251907348633
1773047937856372200,37.54037231445312,-15.693750381469727,-28.368751525878906,29.325000762939453
1773047937866372400,37.55037231445313,-15.412500381469727,-28.350000381469727,29.306251525878906
1773047937876372200,37.560372314453126,-15.543750762939453,-28.162500381469727,29.306251525878906
1773047937886372400,37.570372314453124,-15.450000762939453,-28.293750762939453,29.137500762939453
1773047937896372200,37.58037231445312,-15.33750057220459,-28.275001525878906,29.17500114440918
1773047937906372400,37.59037231445313,-15.206250190734863,-28.087501525878906,28.968751907348633
1773047937916372200,37.600372314453125,-15.24375057220459,-28.106250762939453,28.781251907348633
1773047937926372400,37.61037231445312,-15.093750953674316,-28.068750381469727,28.575000762939453
1773047937936372200,37.62037231445313,-14.906250953674316,-27.806251525878906,28.631250381469727
1773047937946372400,37.630372314453126,-15.112500190734863,-27.825000762939453,28.51875114440918
1773047937956372200,37.640372314453124,-15.000000953674316,-27.95625114440918,28.42500114440918
1773047937966372400,37.65037231445312,-15.093750953674316,-28.068750381469727,28.33125114440918
1773047937976372200,37.66037231445313,-14.86875057220459,-28.125001907348633,28.293750762939453
1773047937986372400,37.670372314453125,-15.000000953674316,-28.125001907348633,28.556251525878906
1773047937996372200,37.68037231445312,-15.24375057220459,-27.993751525878906,28.668750762939453
1773047938006372400,37.69037231445313,-15.637500762939453,-27.918750762939453,28.762500762939453
1773047938016372200,37.700372314453126,-15.562500953674316,-27.993751525878906,28.781251907348633
1773047938026372400,37.710372314453124,-15.600000381469727,-27.975000381469727,28.668750762939453
1773047938036372200,37.72037231445312,-15.506250381469727,-27.86250114440918,28.818750381469727
1773047938046372400,37.73037231445313,-15.562500953674316,-27.693750381469727,29.043750762939453
1773047938056372200,37.740372314453126,-15.918750762939453,-27.637500762939453,29.043750762939453
1773047938066372400,37.750372314453124,-15.90000057220459,-27.693750381469727,28.89375114440918
1773047938076372200,37.76037231445312,-16.125,-27.95625114440918,28.80000114440918
1773047938086372400,37.77037231445313,-16.162500381469727,-28.05000114440918,28.856250762939453
1773047938096372200,37.780372314453125,-16.42500114440918,-28.031251907348633,28.818750381469727
1773047938106372400,37.79037231445312,-16.350000381469727,-28.162500381469727,28.950000762939453
1773047938116372200,37.80037231445313,-16.537500381469727,-27.95625114440918,28.70625114440918
1773047938126372400,37.810372314453126,-16.556251525878906,-27.975000381469727,28.406251907348633
1773047938136372200,37.820372314453124,-16.3125,-27.900001525878906,28.668750762939453
1773047938146372400,37.83037231445312,-16.21875,-28.068750381469727,28.80000114440918
1773047938156372200,37.84037231445313,-16.23750114440918,-27.656251907348633,29.043750762939453
1773047938166372400,37.850372314453125,-16.14375114440918,-27.543750762939453,28.856250762939453
1773047938176372200,37.86037231445312,-16.181251525878906,-27.431251525878906,28.743751525878906
1773047938186372400,37.87037231445313,-16.087501525878906,-27.131250381469727,28.89375114440918
1773047938196372200,37.880372314453126,-16.05000114440918,-27.075000762939453,29.043750762939453
1773047938206372400,37.890372314453124,-16.012500762939453,-27.131250381469727,29.156251907348633
1773047938216372200,37.90037231445312,-15.99375057220459,-27.225000381469727,29.062501907348633
1773047938226372400,37.91037231445313,-16.087501525878906,-27.168750762939453,28.89375114440918
1773047938236372200,37.920372314453125,-16.23750114440918,-27.30000114440918,28.668750762939453
1773047938246372400,37.93037231445312,-16.33125114440918,-27.431251525878906,28.556251525878906
1773047938256372200,37.94037231445313,-16.481250762939453,-27.468751907348633,28.687501907348633
1773047938266372400,37.950372314453126,-16.5,-27.431251525878906,28.500001907348633
1773047938276372200,37.960372314453124,-16.537500381469727,-27.618751525878906,28.33125114440918
1773047938286372400,37.97037231445312,-16.537500381469727,-27.806251525878906,28.293750762939453
1773047938296372200,37.98037231445313,-16.668750762939453,-27.750001907348633,28.14375114440918
1773047938306372400,37.990372314453126,-16.631250381469727,-27.58125114440918,28.481250762939453
1773047938316372200,38.000372314453124,-16.21875,-27.712501525878906,28.500001907348633
1773047938326372400,38.01037231445312,-15.918750762939453,-27.600000381469727,28.818750381469727
1773047938336372200,38.02037231445313,-15.600000381469727,-27.86250114440918,28.70625114440918
1773047938346372400,38.030372314453125,-15.562500953674316,-27.825000762939453,28.856250762939453
1773047938356372200,38.04037231445312,-15.450000762939453,-28.031251907348633,28.931251525878906
1773047938366372400,38.05037231445313,-15.506250381469727,-27.975000381469727,28.912500381469727
1773047938376372200,38.060372314453126,-15.375000953674316,-28.05000114440918,29.062501907348633
1773047938386372400,38.070372314453124,-15.168750762939453,-28.087501525878906,28.80000114440918
1773047938396372200,38.08037231445312,-15.356250762939453,-28.181251525878906,28.650001525878906
1773047938406372400,38.09037231445313,-15.468750953674316,-28.125001907348633,28.631250381469727
1773047938416372200,38.100372314453125,-15.318750381469727,-27.900001525878906,28.762500762939453
1773047938426372400,38.11037231445312,-15.356250762939453,-28.14375114440918,28.61250114440918
1773047938436372200,38.12037231445313,-15.412500381469727,-28.012500762939453,28.631250381469727
1773047938446372400,38.130372314453126,-15.393750190734863,-28.05000114440918,28.762500762939453
1773047938456372200,38.140372314453124,-15.393750190734863,-27.918750762939453,28.837501525878906
1773047938466372400,38.15037231445312,-15.487500190734863,-28.106250762939453,28.818750381469727
1773047938476372200,38.16037231445313,-15.24375057220459,-28.05000114440918,28.80000114440918
1773047938486372400,38.170372314453125,-15.281250953674316,-28.23750114440918,28.89375114440918
1773047938496372200,38.18037231445312,-15.33750057220459,-28.350000381469727,28.80000114440918
1773047938506372400,38.19037231445313,-15.33750057220459,-28.462501525878906,28.875001907348633
1773047938516372200,38.200372314453126,-15.206250190734863,-28.481250762939453,28.98750114440918
1773047938526372400,38.210372314453124,-15.262500762939453,-28.218751907348633,29.100000381469727
1773047938536372200,38.22037231445312,-15.506250381469727,-28.14375114440918,29.006250381469727
1773047938546372400,38.23037231445313,-15.52500057220459,-27.975000381469727,29.043750762939453
1773047938556372200,38.240372314453126,-15.637500762939453,-27.900001525878906,29.062501907348633
1773047938566372400,38.250372314453124,-15.61875057220459,-27.900001525878906,28.837501525878906
1773047938576372200,38.26037231445312,-15.881250381469727,-27.618751525878906,28.912500381469727
1773047938586372400,38.27037231445313,-16.162500381469727,-27.356250762939453,28.743751525878906
1773047938596372200,38.280372314453125,-16.162500381469727,-27.243751525878906,28.856250762939453
1773047938606372400,38.29037231445312,-16.162500381469727,-27.20625114440918,28.575000762939453
1773047938616372200,38.30037231445313,-16.087501525878906,-27.318750381469727,28.42500114440918
1773047938626372400,38.310372314453126,-16.087501525878906,-27.48750114440918,28.125001907348633
1773047938636372200,38.320372314453124,-16.012500762939453,-27.356250762939453,28.293750762939453
1773047938646372400,38.33037231445312,-15.843750953674316,-27.337501525878906,28.181251525878906
1773047938656372200,38.34037231445313,-15.637500762939453,-27.543750762939453,28.125001907348633
1773047938666372400,38.350372314453125,-15.450000762939453,-27.468751907348633,28.162500381469727
1773047938676372200,38.36037231445312,-15.543750762939453,-27.562501907348633,27.975000381469727
1773047938686372400,38.37037231445313,-15.450000762939453,-27.637500762939453,28.181251525878906
1773047938696372200,38.380372314453126,-15.468750953674316,-27.450000762939453,28.500001907348633
1773047938706372400,38.390372314453124,-15.600000381469727,-27.281251907348633,28.725000381469727
1773047938716372200,38.40037231445312,-15.600000381469727,-27.337501525878906,28.89375114440918
1773047938726372400,38.41037231445313,-15.750000953674316,-27.20625114440918,29.231250762939453
1773047938736372200,38.420372314453125,-15.862500190734863,-27.30000114440918,29.118751525878906
1773047938746372400,38.43037231445312,-15.843750953674316,-27.281251907348633,29.118751525878906
1773047938756372200,38.44037231445313,-15.637500762939453,-27.187501907348633,29.17500114440918
1773047938766372400,38.450372314453126,-15.637500762939453,-27.20625114440918,28.912500381469727
1773047938776372200,38.460372314453124,-15.43125057220459,-27.131250381469727,28.687501907348633
1773047938786372400,38.47037231445312,-15.262500762939453,-27.11250114440918,28.89375114440918
1773047938796372200,38.48037231445313,-15.543750762939453,-26.981250762939453,28.556251525878906
1773047938806372400,38.490372314453126,-15.562500953674316,-27.075000762939453,28.33125114440918
1773047938816372200,38.500372314453124,-15.637500762939453,-26.793750762939453,28.387500762939453
1773047938826372400,38.51037231445312,-15.543750762939453,-26.793750762939453,28.42500114440918
1773047938836372200,38.52037231445313,-15.825000762939453,-26.756250381469727,28.33125114440918
1773047938846372400,38.530372314453125,-15.71250057220459,-26.718751907348633,28.500001907348633
1773047938856372200,38.54037231445312,-15.768750190734863,-26.868751525878906,28.443750381469727
1773047938866372400,38.55037231445313,-16.068750381469727,-26.92500114440918,28.23750114440918
1773047938876372200,38.560372314453126,-15.787500381469727,-26.718751907348633,28.42500114440918
1773047938886372400,38.570372314453124,-15.956250190734863,-26.681251525878906,28.312501907348633
1773047938896372200,38.58037231445312,-15.90000057220459,-26.868751525878906,28.350000381469727
1773047938906372400,38.59037231445313,-16.068750381469727,-26.812501907348633,28.23750114440918
1773047938916372200,38.600372314453125,-16.125,-26.587501525878906,28.312501907348633
1773047938926372400,38.61037231445312,-16.162500381469727,-26.475000381469727,28.312501907348633
1773047938936372200,38.62037231445313,-16.23750114440918,-26.662500381469727,28.42500114440918
1773047938946372400,38.630372314453126,-16.03125,-26.475000381469727,28.481250762939453
1773047938956372200,38.640372314453124,-16.462501525878906,-26.55000114440918,28.575000762939453
1773047938966372400,38.65037231445312,-16.5,-26.437501907348633,28.80000114440918
1773047938976372200,38.66037231445313,-16.650001525878906,-26.231250762939453,28.837501525878906
1773047938986372400,38.670372314453125,-16.668750762939453,-26.100000381469727,28.968751907348633
1773047938996372200,38.68037231445312,-16.59375,-26.325000762939453,29.025001525878906
1773047939006372400,38.69037231445313,-16.6875,-26.306251525878906,29.062501907348633
1773047939016372200,38.700372314453126,-16.912500381469727,-25.98750114440918,29.118751525878906
1773047939026372400,38.710372314453124,-17.25,-25.98750114440918,29.062501907348633
1773047939036372200,38.72037231445312,-17.137500762939453,-26.306251525878906,28.931251525878906
1773047939046372400,38.73037231445313,-16.96875,-26.287500381469727,28.743751525878906
1773047939056372200,38.740372314453126,-17.137500762939453,-26.381250381469727,28.80000114440918
1773047939066372400,38.750372314453124,-17.193750381469727,-26.568750381469727,28.762500762939453
1773047939076372200,38.76037231445312,-17.325000762939453,-26.437501907348633,28.762500762939453
1773047939086372400,38.77037231445313,-17.475000381469727,-26.400001525878906,28.80000114440918
1773047939096372200,38.780372314453125,-17.45625114440918,-26.512500762939453,28.556251525878906
1773047939106372400,38.79037231445312,-17.118751525878906,-26.756250381469727,28.443750381469727
1773047939116372200,38.80037231445313,-17.100000381469727,-26.64375114440918,28.33125114440918
1773047939126372400,38.810372314453126,-17.15625,-26.625001907348633,28.443750381469727
1773047939136372200,38.820372314453124,-16.650001525878906,-26.531251907348633,28.33125114440918
1773047939146372400,38.83037231445312,-16.368751525878906,-26.400001525878906,28.593751907348633
1773047939156372200,38.84037231445313,-16.33125114440918,-26.475000381469727,28.387500762939453
1773047939166372400,38.850372314453125,-16.181251525878906,-26.531251907348633,28.256250381469727
1773047939176372200,38.86037231445312,-16.012500762939453,-26.906251907348633,28.350000381469727
1773047939186372400,38.87037231445313,-16.200000762939453,-26.700000762939453,28.481250762939453
1773047939196372200,38.880372314453126,-16.106250762939453,-26.868751525878906,28.481250762939453
1773047939206372400,38.890372314453124,-16.03125,-27.075000762939453,28.537500381469727
1773047939216372200,38.90037231445312,-16.03125,-27.168750762939453,28.61250114440918
1773047939226372400,38.91037231445313,-16.087501525878906,-27.431251525878906,28.42500114440918
1773047939236372200,38.920372314453125,-16.012500762939453,-27.412500381469727,28.575000762939453
1773047939246372400,38.93037231445312,-16.23750114440918,-27.506250381469727,28.61250114440918
1773047939256372200,38.94037231445313,-16.14375114440918,-27.356250762939453,28.443750381469727
1773047939266372400,38.950372314453126,-16.3125,-27.412500381469727,28.387500762939453
1773047939276372200,38.960372314453124,-16.087501525878906,-27.281251907348633,28.61250114440918
1773047939286372400,38.97037231445312,-16.106250762939453,-27.000001907348633,28.575000762939453
1773047939296372200,38.98037231445313,-16.3125,-26.92500114440918,28.61250114440918
1773047939306372400,38.990372314453126,-16.162500381469727,-27.000001907348633,28.481250762939453
1773047939316372200,39.000372314453124,-16.106250762939453,-26.981250762939453,28.33125114440918
1773047939326372400,39.01037231445312,-15.731250762939453,-26.943750381469727,28.23750114440918
1773047939336372200,39.02037231445313,-15.862500190734863,-26.625001907348633,28.33125114440918
1773047939346372400,39.030372314453125,-15.393750190734863,-26.625001907348633,28.368751525878906
1773047939356372200,39.04037231445312,-15.600000381469727,-26.493751525878906,28.275001525878906
1773047939366372400,39.05037231445313,-15.450000762939453,-26.700000762939453,28.23750114440918
1773047939376372200,39.060372314453126,-15.33750057220459,-26.587501525878906,28.068750381469727
1773047939386372400,39.070372314453124,-15.543750762939453,-26.343751907348633,28.218751907348633
1773047939396372200,39.08037231445312,-15.52500057220459,-26.400001525878906,28.181251525878906
1773047939406372400,39.09037231445313,-15.562500953674316,-26.26875114440918,28.087501525878906
1773047939416372200,39.100372314453125,-15.52500057220459,-26.343751907348633,28.14375114440918
1773047939426372400,39.11037231445312,-15.693750381469727,-26.437501907348633,28.162500381469727
1773047939436372200,39.12037231445313,-15.581250190734863,-26.475000381469727,28.087501525878906
1773047939446372400,39.130372314453126,-15.693750381469727,-26.36250114440918,28.012500762939453
1773047939456372200,39.140372314453124,-15.656250953674316,-26.36250114440918,28.087501525878906
1773047939466372400,39.15037231445312,-15.768750190734863,-26.212501525878906,28.181251525878906
1773047939476372200,39.16037231445313,-15.750000953674316,-26.212501525878906,28.350000381469727
1773047939486372400,39.170372314453125,-15.881250381469727,-26.437501907348633,28.293750762939453
1773047939496372200,39.18037231445312,-15.862500190734863,-26.700000762939453,28.368751525878906
1773047939506372400,39.19037231445313,-15.825000762939453,-26.64375114440918,28.481250762939453
1773047939516372200,39.200372314453126,-15.862500190734863,-26.625001907348633,28.575000762939453
1773047939526372400,39.210372314453124,-15.881250381469727,-26.756250381469727,28.51875114440918
1773047939536372200,39.22037231445312,-15.90000057220459,-27.075000762939453,28.556251525878906
1773047939546372400,39.23037231445313,-15.843750953674316,-27.450000762939453,28.312501907348633
1773047939556372200,39.240372314453126,-15.99375057220459,-27.637500762939453,28.256250381469727
1773047939566372400,39.250372314453124,-15.843750953674316,-27.543750762939453,28.537500381469727
1773047939576372200,39.26037231445312,-15.80625057220459,-27.262500762939453,28.368751525878906
1773047939586372400,39.27037231445313,-15.918750762939453,-27.318750381469727,28.14375114440918
1773047939596372200,39.280372314453125,-15.80625057220459,-27.281251907348633,28.125001907348633
1773047939606372400,39.29037231445312,-16.03125,-27.525001525878906,28.012500762939453
1773047939616372200,39.30037231445313,-16.181251525878906,-27.337501525878906,28.05000114440918
1773047939626372400,39.310372314453126,-16.012500762939453,-27.20625114440918,28.275001525878906
1773047939636372200,39.320372314453124,-15.731250762939453,-27.037500381469727,28.256250381469727
1773047939646372400,39.33037231445312,-15.731250762939453,-26.962501525878906,28.14375114440918
1773047939656372200,39.34037231445313,-15.862500190734863,-26.981250762939453,28.293750762939453
1773047939666372400,39.350372314453125,-15.656250953674316,-27.075000762939453,28.406251907348633
1773047939676372200,39.36037231445312,-15.675000190734863,-27.262500762939453,28.200000762939453
1773047939686372400,39.37037231445313,-15.675000190734863,-27.056251525878906,28.293750762939453
1773047939696372200,39.380372314453126,-15.937500953674316,-27.01875114440918,28.350000381469727
1773047939706372400,39.390372314453124,-16.087501525878906,-27.037500381469727,27.993751525878906
1773047939716372200,39.40037231445312,-16.087501525878906,-27.075000762939453,27.95625114440918
1773047939726372400,39.41037231445313,-16.256250381469727,-27.131250381469727,27.95625114440918
1773047939736372200,39.420372314453125,-16.256250381469727,-27.20625114440918,27.806251525878906
1773047939746372400,39.43037231445312,-16.40625,-27.000001907348633,27.937501907348633
1773047939756372200,39.44037231445313,-16.293750762939453,-27.056251525878906,27.975000381469727
1773047939766372400,39.450372314453126,-16.33125114440918,-26.83125114440918,28.23750114440918
1773047939776372200,39.460372314453124,-15.787500381469727,-26.793750762939453,28.256250381469727
1773047939786372400,39.47037231445312,-15.543750762939453,-26.812501907348633,28.500001907348633
1773047939796372200,39.48037231445313,-15.843750953674316,-27.075000762939453,28.593751907348633
1773047939806372400,39.490372314453126,-15.881250381469727,-26.906251907348633,28.687501907348633
1773047939816372200,39.500372314453124,-15.600000381469727,-27.150001525878906,28.687501907348633
1773047939826372400,39.51037231445312,-15.543750762939453,-27.262500762939453,28.500001907348633
1773047939836372200,39.52037231445313,-15.768750190734863,-27.131250381469727,28.743751525878906
1773047939846372400,39.530372314453125,-15.506250381469727,-27.056251525878906,28.61250114440918
1773047939856372200,39.54037231445312,-15.562500953674316,-27.262500762939453,28.575000762939453
1773047939866372400,39.55037231445313,-15.768750190734863,-27.168750762939453,28.593751907348633
1773047939876372200,39.560372314453126,-15.862500190734863,-26.906251907348633,28.500001907348633
1773047939886372400,39.570372314453124,-15.750000953674316,-27.281251907348633,28.387500762939453
1773047939896372200,39.58037231445312,-15.918750762939453,-26.962501525878906,28.500001907348633
1773047939906372400,39.59037231445313,-15.99375057220459,-26.906251907348633,28.500001907348633
1773047939916372200,39.600372314453125,-15.975000381469727,-26.812501907348633,28.33125114440918
1773047939926372400,39.61037231445312,-16.05000114440918,-26.793750762939453,28.575000762939453
1773047939936372200,39.62037231445313,-16.106250762939453,-26.681251525878906,28.481250762939453
1773047939946372400,39.630372314453126,-16.14375114440918,-26.92500114440918,28.406251907348633
1773047939956372200,39.640372314453124,-15.843750953674316,-26.962501525878906,28.500001907348633
1773047939966372400,39.65037231445312,-15.862500190734863,-26.775001525878906,28.537500381469727
1773047939976372200,39.66037231445313,-15.787500381469727,-26.681251525878906,28.575000762939453
1773047939986372400,39.670372314453125,-15.693750381469727,-26.793750762939453,28.668750762939453
1773047939996372200,39.68037231445312,-15.71250057220459,-26.906251907348633,28.837501525878906
1773047940006372400,39.69037231445313,-15.581250190734863,-27.075000762939453,28.70625114440918
1773047940016372200,39.700372314453126,-15.787500381469727,-27.093751907348633,28.950000762939453
1773047940026372400,39.710372314453124,-15.656250953674316,-27.056251525878906,29.006250381469727
1773047940036372200,39.72037231445312,-16.05000114440918,-26.962501525878906,28.762500762939453
1773047940046372400,39.73037231445313,-16.125,-26.700000762939453,28.818750381469727
1773047940056372200,39.740372314453126,-16.087501525878906,-26.793750762939453,29.025001525878906
1773047940066372400,39.750372314453124,-16.068750381469727,-26.531251907348633,29.043750762939453
1773047940086372400,39.77037231445313,-16.42500114440918,-26.625001907348633,28.725000381469727
1773047940096372200,39.780372314453125,-16.23750114440918,-26.756250381469727,28.556251525878906
1773047940106372400,39.79037231445312,-16.387500762939453,-26.850000381469727,28.368751525878906
1773047940116372200,39.80037231445313,-16.087501525878906,-26.83125114440918,28.725000381469727
1773047940126372400,39.810372314453126,-15.918750762939453,-27.01875114440918,28.762500762939453
1773047940136372200,39.820372314453124,-16.012500762939453,-27.056251525878906,28.556251525878906
1773047940146372400,39.83037231445312,-15.99375057220459,-27.337501525878906,28.312501907348633
1773047940156372200,39.84037231445313,-16.012500762939453,-27.431251525878906,28.481250762939453
1773047940166372400,39.850372314453125,-15.937500953674316,-27.431251525878906,28.387500762939453
1773047940176372200,39.86037231445312,-15.918750762939453,-27.506250381469727,27.918750762939453
1773047940186372400,39.87037231445313,-16.05000114440918,-27.262500762939453,28.125001907348633
1773047940196372200,39.880372314453126,-16.03125,-27.318750381469727,27.918750762939453
1773047940206372400,39.890372314453124,-15.937500953674316,-27.39375114440918,27.731250762939453
1773047940216372200,39.90037231445312,-16.068750381469727,-27.412500381469727,27.67500114440918
1773047940226372400,39.91037231445313,-16.14375114440918,-27.187501907348633,28.125001907348633
1773047940236372200,39.920372314453125,-15.956250190734863,-26.981250762939453,28.087501525878906
1773047940246372400,39.93037231445312,-16.05000114440918,-26.962501525878906,28.23750114440918
1773047940256372200,39.94037231445313,-16.200000762939453,-26.775001525878906,28.70625114440918
1773047940266372400,39.950372314453126,-16.012500762939453,-26.793750762939453,28.687501907348633
1773047940276372200,39.960372314453124,-16.03125,-26.681251525878906,28.818750381469727
1773047940286372400,39.97037231445312,-16.275001525878906,-26.73750114440918,28.875001907348633
1773047940296372200,39.98037231445313,-16.40625,-26.531251907348633,29.025001525878906
1773047940306372400,39.990372314453126,-16.33125114440918,-26.625001907348633,28.725000381469727
1773047940316372200,40.000372314453124,-16.275001525878906,-26.45625114440918,28.781251907348633
1773047940326372400,40.01037231445312,-16.537500381469727,-26.418750762939453,28.725000381469727
1773047940336372200,40.02037231445313,-16.275001525878906,-26.45625114440918,28.443750381469727
1773047940346372400,40.030372314453125,-16.387500762939453,-26.231250762939453,28.275001525878906
1773047940356372200,40.04037231445312,-16.181251525878906,-26.212501525878906,28.218751907348633
1773047940366372400,40.05037231445313,-16.125,-26.26875114440918,28.481250762939453
1773047940376372200,40.060372314453126,-15.90000057220459,-26.306251525878906,28.312501907348633
1773047940386372400,40.070372314453124,-16.03125,-26.100000381469727,28.500001907348633
1773047940396372200,40.08037231445312,-15.918750762939453,-26.36250114440918,28.500001907348633
1773047940406372400,40.09037231445313,-15.393750190734863,-26.512500762939453,28.537500381469727
1773047940416372200,40.100372314453125,-15.375000953674316,-26.512500762939453,28.818750381469727
1773047940426372400,40.11037231445312,-15.206250190734863,-26.64375114440918,29.100000381469727
1773047940436372200,40.12037231445313,-15.168750762939453,-26.64375114440918,29.212501525878906
1773047940446372400,40.130372314453126,-15.168750762939453,-26.64375114440918,28.856250762939453
1773047940456372200,40.140372314453124,-15.24375057220459,-26.793750762939453,28.968751907348633
1773047940466372400,40.15037231445312,-15.131250381469727,-27.037500381469727,28.931251525878906
1773047940476372200,40.16037231445313,-15.206250190734863,-26.83125114440918,28.875001907348633
1773047940486372400,40.170372314453125,-15.562500953674316,-26.850000381469727,28.89375114440918
1773047940496372200,40.18037231445312,-15.693750381469727,-26.887500762939453,28.593751907348633
1773047940506372400,40.19037231445313,-15.787500381469727,-27.056251525878906,28.61250114440918
1773047940516372200,40.200372314453126,-16.21875,-26.943750381469727,28.42500114440918
1773047940526372400,40.210372314453124,-16.275001525878906,-26.962501525878906,28.481250762939453
1773047940536372200,40.22037231445312,-16.200000762939453,-26.850000381469727,28.387500762939453
1773047940546372400,40.23037231445313,-16.162500381469727,-26.756250381469727,28.33125114440918
1773047940556372200,40.240372314453126,-16.125,-26.850000381469727,28.350000381469727
1773047940566372400,40.250372314453124,-15.80625057220459,-26.793750762939453,28.537500381469727
1773047940576372200,40.26037231445312,-15.750000953674316,-26.64375114440918,28.89375114440918
1773047940586372400,40.27037231445313,-15.937500953674316,-26.475000381469727,28.875001907348633
1773047940596372200,40.280372314453125,-15.768750190734863,-26.662500381469727,28.968751907348633
1773047940606372400,40.29037231445312,-15.825000762939453,-26.55000114440918,28.89375114440918
1773047940616372200,40.30037231445313,-15.843750953674316,-26.662500381469727,29.100000381469727
1773047940626372400,40.310372314453126,-15.787500381469727,-26.587501525878906,29.062501907348633
1773047940636372200,40.320372314453124,-15.656250953674316,-26.568750381469727,29.250001907348633
1773047940646372400,40.33037231445312,-15.90000057220459,-26.64375114440918,28.837501525878906
1773047940656372200,40.34037231445313,-16.012500762939453,-26.606250762939453,28.856250762939453
1773047940666372400,40.350372314453125,-15.731250762939453,-26.756250381469727,28.743751525878906
1773047940676372200,40.36037231445312,-15.750000953674316,-26.793750762939453,28.762500762939453
1773047940686372400,40.37037231445313,-15.581250190734863,-26.681251525878906,28.89375114440918
1773047940696372200,40.380372314453126,-15.468750953674316,-26.756250381469727,29.025001525878906
1773047940706372400,40.390372314453124,-15.61875057220459,-26.700000762939453,28.968751907348633
1773047940716372200,40.40037231445312,-15.918750762939453,-26.681251525878906,28.668750762939453
1773047940726372400,40.41037231445313,-15.768750190734863,-26.662500381469727,28.70625114440918
1773047940736372200,40.420372314453125,-15.675000190734863,-26.662500381469727,28.61250114440918
1773047940746372400,40.43037231445312,-15.90000057220459,-26.662500381469727,28.70625114440918
1773047940756372200,40.44037231445313,-15.90000057220459,-26.55000114440918,28.650001525878906
1773047940766372400,40.450372314453126,-15.90000057220459,-26.64375114440918,28.650001525878906
1773047940776372200,40.460372314453124,-15.937500953674316,-26.568750381469727,28.368751525878906
1773047940786372400,40.47037231445312,-15.90000057220459,-26.662500381469727,28.481250762939453
1773047940796372200,40.48037231445313,-15.862500190734863,-26.868751525878906,28.537500381469727
1773047940806372400,40.490372314453126,-15.881250381469727,-26.587501525878906,28.856250762939453
1773047940816372200,40.500372314453124,-16.106250762939453,-26.662500381469727,28.950000762939453
1773047940826372400,40.51037231445312,-15.99375057220459,-26.64375114440918,28.912500381469727
1773047940836372200,40.52037231445313,-15.937500953674316,-26.625001907348633,28.950000762939453
1773047940846372400,40.530372314453125,-15.918750762939453,-26.531251907348633,29.043750762939453
1773047940856372200,40.54037231445312,-15.975000381469727,-26.512500762939453,29.025001525878906
1773047940866372400,40.55037231445313,-15.975000381469727,-26.606250762939453,29.006250381469727
1773047940876372200,40.560372314453126,-15.937500953674316,-26.55000114440918,29.006250381469727
1773047940886372400,40.570372314453124,-15.956250190734863,-26.793750762939453,28.837501525878906
1773047940896372200,40.58037231445312,-15.693750381469727,-26.92500114440918,28.687501907348633
1773047940906372400,40.59037231445313,-15.506250381469727,-27.131250381469727,28.575000762939453
1773047940916372200,40.600372314453125,-15.468750953674316,-27.225000381469727,28.406251907348633
1773047940926372400,40.61037231445312,-15.468750953674316,-27.243751525878906,28.293750762939453
1773047940936372200,40.62037231445313,-15.281250953674316,-27.356250762939453,28.256250381469727
1773047940946372400,40.630372314453126,-15.281250953674316,-27.281251907348633,28.200000762939453
1773047940956372200,40.640372314453124,-15.262500762939453,-27.168750762939453,28.200000762939453
1773047940966372400,40.65037231445312,-15.318750381469727,-27.187501907348633,28.256250381469727
1773047940976372200,40.66037231445313,-15.318750381469727,-27.000001907348633,28.200000762939453
1773047940986372400,40.670372314453125,-15.33750057220459,-26.568750381469727,28.23750114440918
1773047940996372200,40.68037231445312,-15.300000190734863,-26.775001525878906,28.368751525878906
1773047941006372400,40.69037231445313,-15.375000953674316,-26.887500762939453,28.462501525878906
1773047941016372200,40.700372314453126,-15.600000381469727,-27.075000762939453,28.387500762939453
1773047941026372400,40.710372314453124,-15.581250190734863,-27.037500381469727,28.406251907348633
1773047941036372200,40.72037231445312,-15.412500381469727,-26.943750381469727,28.350000381469727
1773047941046372400,40.73037231445313,-15.581250190734863,-26.906251907348633,28.23750114440918
1773047941056372200,40.740372314453126,-15.693750381469727,-26.981250762939453,28.162500381469727
1773047941066372400,40.750372314453124,-15.862500190734863,-27.056251525878906,28.312501907348633
1773047941076372200,40.76037231445312,-16.087501525878906,-26.850000381469727,28.23750114440918
1773047941086372400,40.77037231445313,-16.200000762939453,-26.793750762939453,28.200000762939453
1773047941096372200,40.780372314453125,-16.42500114440918,-26.887500762939453,28.162500381469727
1773047941106372400,40.79037231445312,-16.61250114440918,-26.718751907348633,28.031251907348633
1773047941116372200,40.80037231445313,-16.650001525878906,-26.92500114440918,27.900001525878906
1773047941126372400,40.810372314453126,-16.556251525878906,-27.037500381469727,27.95625114440918
1773047941136372200,40.820372314453124,-16.575000762939453,-27.093751907348633,28.05000114440918
1773047941146372400,40.83037231445312,-16.51875114440918,-27.262500762939453,27.787500381469727
1773047941156372200,40.84037231445313,-16.40625,-27.337501525878906,27.881250381469727
1773047941166372400,40.850372314453125,-16.462501525878906,-26.962501525878906,27.95625114440918
1773047941176372200,40.86037231445312,-16.293750762939453,-26.437501907348633,28.087501525878906
1773047941186372400,40.87037231445313,-16.256250381469727,-26.73750114440918,27.993751525878906
1773047941196372200,40.880372314453126,-16.443750381469727,-26.850000381469727,28.012500762939453
1773047941206372400,40.890372314453124,-16.51875114440918,-26.418750762939453,28.125001907348633
1773047941216372200,40.90037231445312,-16.51875114440918,-26.137500762939453,28.031251907348633
1773047941226372400,40.91037231445313,-16.51875114440918,-26.025001525878906,28.068750381469727
1773047941236372200,40.920372314453125,-16.650001525878906,-26.025001525878906,27.843751907348633
1773047941246372400,40.93037231445312,-16.537500381469727,-26.212501525878906,27.731250762939453
1773047941256372200,40.94037231445313,-16.575000762939453,-26.45625114440918,27.693750381469727
1773047941266372400,40.950372314453126,-16.293750762939453,-26.418750762939453,27.843751907348633
1773047941276372200,40.960372314453124,-16.181251525878906,-26.287500381469727,27.900001525878906
1773047941286372400,40.97037231445312,-15.881250381469727,-26.662500381469727,28.106250762939453
1773047941296372200,40.98037231445313,-15.61875057220459,-26.681251525878906,28.387500762939453
1773047941306372400,40.990372314453126,-15.99375057220459,-26.775001525878906,28.200000762939453
1773047941316372200,41.000372314453124,-15.80625057220459,-26.83125114440918,28.368751525878906
1773047941326372400,41.01037231445312,-15.693750381469727,-27.150001525878906,28.218751907348633
1773047941336372200,41.02037231445313,-15.71250057220459,-27.168750762939453,28.14375114440918
1773047941346372400,41.030372314453125,-15.862500190734863,-27.11250114440918,28.087501525878906
1773047941356372200,41.04037231445312,-15.90000057220459,-26.943750381469727,27.993751525878906
1773047941366372400,41.05037231445313,-16.275001525878906,-26.812501907348633,27.525001525878906
1773047941376372200,41.060372314453126,-16.462501525878906,-26.868751525878906,27.318750381469727
1773047941386372400,41.070372314453124,-16.087501525878906,-26.718751907348633,27.67500114440918
1773047941396372200,41.08037231445312,-16.087501525878906,-26.625001907348633,27.506250381469727
1773047941406372400,41.09037231445313,-16.068750381469727,-26.343751907348633,27.693750381469727
1773047941416372200,41.100372314453125,-15.975000381469727,-26.212501525878906,27.58125114440918
1773047941426372400,41.11037231445312,-16.068750381469727,-25.98750114440918,27.637500762939453
1773047941436372200,41.12037231445313,-16.256250381469727,-26.118751525878906,27.787500381469727
1773047941446372400,41.130372314453126,-16.33125114440918,-26.17500114440918,27.881250381469727
1773047941456372200,41.140372314453124,-16.293750762939453,-26.118751525878906,27.881250381469727
1773047941466372400,41.15037231445312,-16.462501525878906,-26.26875114440918,27.562501907348633
1773047941476372200,41.16037231445313,-16.40625,-26.17500114440918,27.712501525878906
1773047941486372400,41.170372314453125,-16.556251525878906,-26.381250381469727,27.637500762939453
1773047941496372200,41.18037231445312,-16.650001525878906,-26.437501907348633,27.731250762939453
1773047941506372400,41.19037231445313,-16.575000762939453,-26.306251525878906,27.975000381469727
1773047941516372200,41.200372314453126,-16.462501525878906,-25.98750114440918,27.975000381469727
1773047941526372400,41.210372314453124,-16.387500762939453,-25.912500381469727,27.900001525878906
1773047941536372200,41.22037231445312,-16.556251525878906,-25.950000762939453,27.806251525878906
1773047941546372400,41.23037231445313,-16.575000762939453,-25.631250381469727,28.14375114440918
1773047941556372200,41.240372314453126,-16.6875,-25.687501907348633,27.993751525878906
1773047941566372400,41.250372314453124,-16.650001525878906,-25.556251525878906,27.975000381469727
1773047941576372200,41.26037231445312,-16.556251525878906,-25.687501907348633,28.068750381469727
1773047941586372400,41.27037231445313,-16.631250381469727,-25.912500381469727,27.787500381469727
1773047941596372200,41.280372314453125,-16.70625114440918,-26.343751907348633,27.750001907348633
1773047941606372400,41.29037231445312,-16.631250381469727,-26.512500762939453,27.76875114440918
1773047941616372200,41.30037231445313,-16.33125114440918,-26.568750381469727,27.67500114440918
1773047941626372400,41.310372314453126,-16.293750762939453,-26.700000762939453,27.562501907348633
1773047941636372200,41.320372314453124,-16.293750762939453,-26.793750762939453,27.843751907348633
1773047941646372400,41.33037231445312,-16.293750762939453,-26.868751525878906,28.05000114440918
1773047941656372200,41.34037231445313,-16.256250381469727,-26.606250762939453,27.937501907348633
1773047941666372400,41.350372314453125,-16.181251525878906,-26.793750762939453,28.256250381469727
1773047941676372200,41.36037231445312,-16.14375114440918,-26.606250762939453,28.218751907348633
1773047941686372400,41.37037231445313,-15.975000381469727,-26.493751525878906,28.387500762939453
1773047941696372200,41.380372314453126,-16.200000762939453,-26.606250762939453,28.406251907348633
1773047941706372400,41.390372314453124,-16.200000762939453,-26.681251525878906,28.218751907348633
1773047941716372200,41.40037231445312,-16.23750114440918,-26.418750762939453,28.200000762939453
1773047941726372400,41.41037231445313,-16.33125114440918,-26.662500381469727,27.881250381469727
1773047941736372200,41.420372314453125,-16.293750762939453,-26.73750114440918,27.843751907348633
1773047941746372400,41.43037231445312,-16.200000762939453,-26.73750114440918,27.525001525878906
1773047941756372200,41.44037231445313,-16.14375114440918,-26.625001907348633,27.356250762939453
1773047941766372400,41.450372314453126,-16.368751525878906,-26.531251907348633,27.150001525878906
1773047941776372200,41.460372314453124,-16.481250762939453,-26.306251525878906,27.375001907348633
1773047941786372400,41.47037231445312,-16.556251525878906,-26.193750381469727,27.618751525878906
1773047941796372200,41.48037231445313,-16.293750762939453,-26.306251525878906,27.525001525878906
1773047941806372400,41.490372314453126,-16.125,-26.062501907348633,27.562501907348633
1773047941816372200,41.500372314453124,-16.23750114440918,-26.043750762939453,27.731250762939453
1773047941826372400,41.51037231445312,-16.668750762939453,-25.856250762939453,27.806251525878906
1773047941836372200,41.52037231445313,-16.631250381469727,-26.08125114440918,27.900001525878906
1773047941846372400,41.530372314453125,-16.70625114440918,-26.17500114440918,27.881250381469727
1773047941856372200,41.54037231445312,-16.481250762939453,-26.418750762939453,27.975000381469727
1773047941866372400,41.55037231445313,-16.275001525878906,-26.493751525878906,27.937501907348633
1773047941876372200,41.560372314453126,-16.575000762939453,-26.73750114440918,27.843751907348633
1773047941886372400,41.570372314453124,-16.51875114440918,-26.812501907348633,27.937501907348633
1773047941896372200,41.58037231445312,-16.556251525878906,-26.55000114440918,27.918750762939453
1773047941906372400,41.59037231445313,-16.293750762939453,-26.64375114440918,27.900001525878906
1773047941916372200,41.600372314453125,-16.368751525878906,-26.475000381469727,28.068750381469727
1773047941926372400,41.61037231445312,-16.012500762939453,-26.512500762939453,28.068750381469727
1773047941936372200,41.62037231445313,-16.23750114440918,-26.36250114440918,27.750001907348633
1773047941946372400,41.630372314453126,-16.256250381469727,-26.343751907348633,27.693750381469727
1773047941956372200,41.640372314453124,-16.5,-25.950000762939453,27.67500114440918
1773047941966372400,41.65037231445312,-16.481250762939453,-25.89375114440918,27.806251525878906
1773047941976372200,41.66037231445313,-16.462501525878906,-26.26875114440918,27.693750381469727
1773047941986372400,41.670372314453125,-16.61250114440918,-26.287500381469727,27.58125114440918
1773047941996372200,41.68037231445312,-16.875,-25.968751907348633,27.431251525878906
1773047942006372400,41.69037231445313,-16.931251525878906,-25.687501907348633,27.600000381469727
1773047942016372200,41.700372314453126,-16.6875,-25.725000381469727,27.468751907348633
1773047942026372400,41.710372314453124,-16.837501525878906,-25.725000381469727,27.431251525878906
1773047942036372200,41.72037231445312,-16.650001525878906,-25.80000114440918,27.281251907348633
1773047942046372400,41.73037231445313,-16.837501525878906,-25.80000114440918,27.150001525878906
1773047942056372200,41.740372314453126,-16.743751525878906,-25.687501907348633,27.11250114440918
1773047942066372400,41.750372314453124,-16.556251525878906,-25.687501907348633,27.11250114440918
1773047942076372200,41.76037231445312,-16.3125,-26.17500114440918,27.187501907348633
1773047942086372400,41.77037231445313,-16.275001525878906,-26.418750762939453,27.131250381469727
1773047942096372200,41.780372314453125,-16.51875114440918,-26.437501907348633,27.243751525878906
1773047942106372400,41.79037231445312,-16.462501525878906,-26.418750762939453,27.30000114440918
1773047942116372200,41.80037231445313,-16.350000381469727,-26.493751525878906,27.600000381469727
1773047942126372400,41.810372314453126,-16.200000762939453,-26.475000381469727,27.562501907348633
1773047942136372200,41.820372314453124,-16.14375114440918,-26.493751525878906,27.525001525878906
1773047942146372400,41.83037231445312,-16.23750114440918,-26.493751525878906,27.562501907348633
1773047942156372200,41.84037231445313,-16.5,-26.26875114440918,27.468751907348633
1773047942166372400,41.850372314453125,-16.556251525878906,-26.250001907348633,27.431251525878906
1773047942176372200,41.86037231445312,-16.481250762939453,-26.08125114440918,27.525001525878906
1773047942186372400,41.87037231445313,-16.40625,-26.100000381469727,27.468751907348633
1773047942196372200,41.880372314453126,-16.462501525878906,-26.043750762939453,27.30000114440918
1773047942206372400,41.890372314453124,-16.6875,-25.931251525878906,27.318750381469727
1773047942216372200,41.90037231445312,-16.762500762939453,-26.043750762939453,27.39375114440918
1773047942226372400,41.91037231445313,-16.98750114440918,-25.856250762939453,27.506250381469727
1773047942236372200,41.920372314453125,-16.80000114440918,-25.781251907348633,27.39375114440918
1773047942246372400,41.93037231445312,-16.950000762939453,-25.781251907348633,27.243751525878906
1773047942256372200,41.94037231445313,-16.950000762939453,-25.89375114440918,27.281251907348633
1773047942266372400,41.950372314453126,-17.043750762939453,-26.137500762939453,27.225000381469727
1773047942276372200,41.960372314453124,-16.89375114440918,-26.025001525878906,27.468751907348633
1773047942286372400,41.97037231445312,-16.762500762939453,-26.231250762939453,27.412500381469727
1773047942296372200,41.98037231445313,-16.743751525878906,-26.156251907348633,27.30000114440918
1773047942306372400,41.990372314453126,-16.275001525878906,-26.156251907348633,27.356250762939453
1773047942316372200,42.000372314453124,-16.068750381469727,-26.400001525878906,27.450000762939453
1773047942326372400,42.01037231445312,-15.918750762939453,-26.418750762939453,27.656251907348633
1773047942336372200,42.02037231445313,-16.106250762939453,-26.55000114440918,27.618751525878906
1773047942346372400,42.030372314453125,-16.125,-26.250001907348633,27.750001907348633
1773047942356372200,42.04037231445312,-16.275001525878906,-26.512500762939453,27.281251907348633
1773047942366372400,42.05037231445313,-16.443750381469727,-26.343751907348633,27.39375114440918
1773047942376372200,42.060372314453126,-16.42500114440918,-26.250001907348633,27.375001907348633
1773047942386372400,42.070372314453124,-16.462501525878906,-26.287500381469727,27.375001907348633
1773047942396372200,42.08037231445312,-16.818750381469727,-26.100000381469727,27.431251525878906
1773047942406372400,42.09037231445313,-16.856250762939453,-26.137500762939453,27.281251907348633
1773047942416372200,42.100372314453125,-16.668750762939453,-25.968751907348633,27.187501907348633
1773047942426372400,42.11037231445312,-16.556251525878906,-26.08125114440918,27.150001525878906
1773047942436372200,42.12037231445313,-16.575000762939453,-26.08125114440918,27.20625114440918
1773047942446372400,42.130372314453126,-16.23750114440918,-26.100000381469727,27.39375114440918
1773047942456372200,42.140372314453124,-16.3125,-26.100000381469727,27.525001525878906
1773047942466372400,42.15037231445312,-16.61250114440918,-26.118751525878906,27.525001525878906
1773047942476372200,42.16037231445313,-16.33125114440918,-26.156251907348633,27.412500381469727
1773047942486372400,42.170372314453125,-16.256250381469727,-26.26875114440918,27.562501907348633
1773047942496372200,42.18037231445312,-16.462501525878906,-26.400001525878906,27.618751525878906
1773047942506372400,42.19037231445313,-16.668750762939453,-26.343751907348633,27.30000114440918
1773047942516372200,42.200372314453126,-16.70625114440918,-26.287500381469727,27.506250381469727
1773047942526372400,42.210372314453124,-17.0625,-26.08125114440918,27.39375114440918
1773047942536372200,42.22037231445312,-17.45625114440918,-26.08125114440918,27.037500381469727
1773047942546372400,42.23037231445313,-17.55000114440918,-26.043750762939453,26.981250762939453
1773047942556372200,42.240372314453126,-17.681251525878906,-25.98750114440918,27.168750762939453
1773047942566372400,42.250372314453124,-18.056251525878906,-25.743751525878906,27.037500381469727
1773047942576372200,42.26037231445312,-17.92500114440918,-25.575000762939453,27.01875114440918
1773047942586372400,42.27037231445313,-18.037500381469727,-25.368751525878906,27.01875114440918
1773047942596372200,42.280372314453125,-18.037500381469727,-25.368751525878906,27.01875114440918
1773047942606372400,42.29037231445312,-17.962501525878906,-25.500001907348633,26.92500114440918
1773047942616372200,42.30037231445313,-17.850000381469727,-25.537500381469727,27.262500762939453
1773047942626372400,42.310372314453126,-17.756250381469727,-25.443750381469727,26.962501525878906
1773047942636372200,42.320372314453124,-17.90625,-25.368751525878906,26.718751907348633
1773047942646372400,42.33037231445312,-17.71875,-25.51875114440918,26.568750381469727
1773047942656372200,42.34037231445313,-17.55000114440918,-25.350000381469727,26.718751907348633
1773047942666372400,42.350372314453125,-17.25,-25.406251907348633,26.83125114440918
1773047942676372200,42.36037231445312,-17.25,-25.275001525878906,26.681251525878906
1773047942686372400,42.37037231445313,-17.306251525878906,-25.218751907348633,26.587501525878906
1773047942696372200,42.380372314453126,-16.78125,-25.162500381469727,26.587501525878906
1773047942706372400,42.390372314453124,-16.818750381469727,-25.462501525878906,26.775001525878906
1773047942716372200,42.40037231445312,-16.61250114440918,-25.537500381469727,26.812501907348633
1773047942726372400,42.41037231445313,-16.668750762939453,-25.368751525878906,26.962501525878906
1773047942736372200,42.420372314453125,-16.80000114440918,-25.556251525878906,27.000001907348633
1773047942746372400,42.43037231445312,-16.950000762939453,-25.631250381469727,27.168750762939453
1773047942756372200,42.44037231445313,-16.80000114440918,-25.556251525878906,27.187501907348633
1773047942766372400,42.450372314453126,-16.931251525878906,-25.500001907348633,27.150001525878906
1773047942776372200,42.460372314453124,-17.36250114440918,-25.61250114440918,26.943750381469727
1773047942786372400,42.47037231445312,-17.400001525878906,-25.368751525878906,26.850000381469727
1773047942796372200,42.48037231445313,-17.681251525878906,-25.368751525878906,26.887500762939453
1773047942806372400,42.490372314453126,-17.73750114440918,-25.275001525878906,26.850000381469727
1773047942816372200,42.500372314453124,-17.83125114440918,-25.350000381469727,26.625001907348633
1773047942826372400,42.51037231445312,-17.775001525878906,-25.162500381469727,26.475000381469727
1773047942836372200,42.52037231445313,-17.962501525878906,-25.087501525878906,26.418750762939453
1773047942846372400,42.530372314453125,-17.756250381469727,-25.181251525878906,26.287500381469727
1773047942856372200,42.54037231445312,-17.83125114440918,-25.012500762939453,26.287500381469727
1773047942866372400,42.55037231445313,-17.306251525878906,-25.106250762939453,26.36250114440918
1773047942876372200,42.560372314453126,-17.287500381469727,-24.918750762939453,26.17500114440918
1773047942886372400,42.570372314453124,-17.043750762939453,-25.068750381469727,26.306251525878906
1773047942896372200,42.58037231445312,-17.231250762939453,-24.825000762939453,26.381250381469727
1773047942906372400,42.59037231445313,-17.306251525878906,-24.825000762939453,26.606250762939453
1773047942916372200,42.600372314453125,-17.25,-24.76875114440918,26.775001525878906
1773047942926372400,42.61037231445312,-17.15625,-24.76875114440918,26.943750381469727
1773047942936372200,42.62037231445313,-17.006250381469727,-24.731250762939453,27.187501907348633
1773047942946372400,42.630372314453126,-17.400001525878906,-24.806251525878906,27.337501525878906
1773047942956372200,42.640372314453124,-17.212501525878906,-25.031251907348633,27.731250762939453
1773047942966372400,42.65037231445312,-17.15625,-24.95625114440918,27.58125114440918
1773047942976372200,42.66037231445313,-16.96875,-24.993751525878906,27.431251525878906
1773047942986372400,42.670372314453125,-16.98750114440918,-25.087501525878906,27.225000381469727
1773047942996372200,42.68037231445312,-17.118751525878906,-25.23750114440918,27.131250381469727
1773047943006372400,42.69037231445313,-17.418750762939453,-25.312501907348633,27.30000114440918
1773047943016372200,42.700372314453126,-17.493751525878906,-25.256250381469727,27.243751525878906
1773047943026372400,42.710372314453124,-17.587501525878906,-25.181251525878906,27.243751525878906
1773047943036372200,42.72037231445312,-17.475000381469727,-24.843751907348633,27.131250381469727
1773047943046372400,42.73037231445313,-17.887500762939453,-24.900001525878906,27.075000762939453
1773047943056372200,42.740372314453126,-17.962501525878906,-24.900001525878906,27.243751525878906
1773047943066372400,42.750372314453124,-17.83125114440918,-24.712501525878906,27.168750762939453
1773047943076372200,42.76037231445312,-17.700000762939453,-24.806251525878906,27.225000381469727
1773047943086372400,42.77037231445313,-17.71875,-24.750001907348633,27.01875114440918
1773047943096372200,42.780372314453125,-17.287500381469727,-24.731250762939453,27.150001525878906
1773047943106372400,42.79037231445312,-17.34375,-24.712501525878906,26.868751525878906
1773047943116372200,42.80037231445313,-17.568750381469727,-24.95625114440918,26.962501525878906
1773047943126372400,42.810372314453126,-17.25,-25.05000114440918,27.168750762939453
1773047943136372200,42.820372314453124,-16.875,-25.406251907348633,27.056251525878906
1773047943146372400,42.83037231445312,-16.89375114440918,-25.61250114440918,27.20625114440918
1773047943156372200,42.84037231445313,-16.96875,-25.368751525878906,27.356250762939453
1773047943166372400,42.850372314453125,-16.725000381469727,-25.406251907348633,27.337501525878906
1773047943176372200,42.86037231445312,-17.118751525878906,-25.537500381469727,27.20625114440918
1773047943186372400,42.87037231445313,-17.08125114440918,-25.556251525878906,27.093751907348633
1773047943196372200,42.880372314453126,-17.043750762939453,-25.687501907348633,26.83125114440918
1773047943206372400,42.890372314453124,-17.17500114440918,-25.593751907348633,26.718751907348633
1773047943216372200,42.90037231445312,-17.625,-25.312501907348633,26.662500381469727
1773047943226372400,42.91037231445313,-17.887500762939453,-25.368751525878906,26.793750762939453
1773047943236372200,42.920372314453125,-18.056251525878906,-25.406251907348633,26.812501907348633
1773047943246372400,42.93037231445312,-18.150001525878906,-25.387500762939453,26.92500114440918
1773047943256372200,42.94037231445313,-18.20625114440918,-25.350000381469727,26.868751525878906
1773047943266372400,42.950372314453126,-18.28125,-25.387500762939453,26.981250762939453
1773047943276372200,42.960372314453124,-18.356250762939453,-25.200000762939453,27.150001525878906
1773047943286372400,42.97037231445312,-18.5625,-25.125001907348633,27.20625114440918
1773047943296372200,42.98037231445313,-18.58125114440918,-24.843751907348633,27.450000762939453
1773047943306372400,42.990372314453126,-18.225000381469727,-24.787500381469727,27.262500762939453
1773047943316372200,43.000372314453124,-18.243751525878906,-24.900001525878906,27.000001907348633
1773047943326372400,43.01037231445312,-18.225000381469727,-24.881250381469727,26.92500114440918
1773047943336372200,43.02037231445313,-18,-24.937501907348633,27.01875114440918
1773047943346372400,43.030372314453125,-17.92500114440918,-24.656251907348633,27.20625114440918
1773047943356372200,43.04037231445312,-17.775001525878906,-24.656251907348633,27.093751907348633
1773047943366372400,43.05037231445313,-17.625,-24.58125114440918,27.01875114440918
1773047943376372200,43.060372314453126,-17.34375,-24.881250381469727,26.887500762939453
1773047943386372400,43.070372314453124,-17.45625114440918,-24.918750762939453,26.962501525878906
1773047943396372200,43.08037231445312,-17.118751525878906,-25.087501525878906,26.943750381469727
1773047943406372400,43.09037231445313,-17.193750381469727,-25.275001525878906,26.906251907348633
1773047943416372200,43.100372314453125,-17.212501525878906,-25.14375114440918,26.868751525878906
1773047943426372400,43.11037231445312,-17.193750381469727,-25.368751525878906,26.73750114440918
1773047943436372200,43.12037231445313,-17.043750762939453,-25.42500114440918,26.887500762939453
1773047943446372400,43.130372314453126,-17.043750762939453,-25.61250114440918,26.83125114440918
1773047943456372200,43.140372314453124,-17.043750762939453,-25.593751907348633,26.793750762939453
1773047943466372400,43.15037231445312,-16.950000762939453,-25.61250114440918,26.700000762939453
1773047943476372200,43.16037231445313,-17.212501525878906,-25.462501525878906,26.906251907348633
1773047943486372400,43.170372314453125,-17.325000762939453,-25.275001525878906,26.92500114440918
1773047943496372200,43.18037231445312,-17.212501525878906,-25.51875114440918,26.850000381469727
1773047943506372400,43.19037231445313,-17.193750381469727,-25.51875114440918,26.906251907348633
1773047943516372200,43.200372314453126,-17.64375114440918,-25.481250762939453,26.756250381469727
1773047943526372400,43.210372314453124,-17.53125,-25.406251907348633,26.73750114440918
1773047943536372200,43.22037231445312,-17.71875,-25.200000762939453,26.73750114440918
1773047943546372400,43.23037231445313,-17.83125114440918,-25.275001525878906,26.681251525878906
1773047943556372200,43.240372314453126,-17.475000381469727,-25.200000762939453,26.64375114440918
1773047943566372400,43.250372314453124,-17.306251525878906,-24.95625114440918,26.681251525878906
1773047943576372200,43.26037231445312,-17.625,-24.562501907348633,26.775001525878906
1773047943586372400,43.27037231445313,-17.55000114440918,-24.656251907348633,26.700000762939453
1773047943596372200,43.280372314453125,-17.25,-24.843751907348633,26.718751907348633
1773047943606372400,43.29037231445312,-17.25,-24.86250114440918,26.850000381469727
1773047943616372200,43.30037231445313,-17.25,-25.387500762939453,26.775001525878906
1773047943626372400,43.310372314453126,-17.25,-25.256250381469727,27.000001907348633
1773047943636372200,43.320372314453124,-17.475000381469727,-25.537500381469727,26.775001525878906
1773047943646372400,43.33037231445312,-17.26875114440918,-26.006250381469727,26.793750762939453
1773047943656372200,43.34037231445313,-17.25,-26.26875114440918,26.756250381469727
1773047943666372400,43.350372314453125,-17.4375,-25.875001907348633,27.000001907348633
1773047943676372200,43.36037231445312,-17.55000114440918,-25.650001525878906,27.093751907348633
1773047943686372400,43.37037231445313,-17.662500381469727,-25.61250114440918,26.83125114440918
1773047943696372200,43.380372314453126,-17.662500381469727,-25.275001525878906,26.906251907348633
1773047943706372400,43.390372314453124,-17.850000381469727,-25.275001525878906,26.700000762939453
1773047943716372200,43.40037231445312,-17.887500762939453,-24.937501907348633,26.850000381469727
1773047943726372400,43.41037231445313,-18.056251525878906,-24.731250762939453,26.850000381469727
1773047943736372200,43.420372314453125,-18.20625114440918,-24.637500762939453,27.056251525878906
1773047943746372400,43.43037231445312,-18.262500762939453,-24.787500381469727,26.775001525878906
1773047943756372200,43.44037231445313,-18.375,-24.750001907348633,26.756250381469727
1773047943766372400,43.450372314453126,-18.30000114440918,-24.918750762939453,26.962501525878906
1773047943776372200,43.460372314453124,-18.450000762939453,-24.937501907348633,27.11250114440918
1773047943786372400,43.47037231445312,-18.225000381469727,-24.900001525878906,27.225000381469727
1773047943796372200,43.48037231445313,-18.11250114440918,-25.125001907348633,27.20625114440918
1773047943806372400,43.490372314453126,-18.01875114440918,-25.23750114440918,27.337501525878906
1773047943816372200,43.500372314453124,-17.887500762939453,-25.293750762939453,27.056251525878906
1773047943826372400,43.51037231445312,-17.8125,-25.33125114440918,27.262500762939453
1773047943836372200,43.52037231445313,-17.568750381469727,-25.42500114440918,27.20625114440918
1773047943846372400,43.530372314453125,-17.568750381469727,-25.350000381469727,27.075000762939453
1773047943856372200,43.54037231445312,-17.34375,-25.368751525878906,27.093751907348633
1773047943866372400,43.55037231445313,-17.53125,-25.125001907348633,27.037500381469727
1773047943876372200,43.560372314453126,-17.8125,-24.86250114440918,27.093751907348633
1773047943886372400,43.570372314453124,-18.075000762939453,-24.600000381469727,26.868751525878906
1773047943896372200,43.58037231445312,-18.11250114440918,-24.412500381469727,26.681251525878906
1773047943906372400,43.59037231445313,-18.150001525878906,-24.243751525878906,26.625001907348633
1773047943916372200,43.600372314453125,-18.1875,-24.281251907348633,26.55000114440918
1773047943926372400,43.61037231445312,-18.09375,-24.01875114440918,26.850000381469727
1773047943936372200,43.62037231445313,-18.243751525878906,-24.093751907348633,26.55000114440918
1773047943946372400,43.630372314453126,-18.075000762939453,-24.67500114440918,26.568750381469727
1773047943956372200,43.640372314453124,-17.943750381469727,-24.900001525878906,26.55000114440918
1773047943966372400,43.65037231445312,-17.775001525878906,-25.312501907348633,26.662500381469727
1773047943976372200,43.66037231445313,-17.493751525878906,-25.631250381469727,26.850000381469727
1773047943986372400,43.670372314453125,-17.4375,-25.781251907348633,26.887500762939453
1773047943996372200,43.68037231445312,-17.418750762939453,-25.80000114440918,27.056251525878906
1773047944006372400,43.69037231445313,-17.512500762939453,-25.931251525878906,26.92500114440918
1773047944016372200,43.700372314453126,-17.325000762939453,-25.875001907348633,26.92500114440918
1773047944026372400,43.710372314453124,-17.4375,-25.725000381469727,26.943750381469727
1773047944036372200,43.72037231445312,-17.231250762939453,-25.650001525878906,27.037500381469727
1773047944046372400,43.73037231445313,-17.34375,-25.481250762939453,26.92500114440918
1773047944056372200,43.740372314453126,-17.625,-25.275001525878906,27.093751907348633
1773047944066372400,43.750372314453124,-17.400001525878906,-25.500001907348633,27.000001907348633
1773047944076372200,43.76037231445312,-17.36250114440918,-25.293750762939453,27.11250114440918
1773047944086372400,43.77037231445313,-17.306251525878906,-25.500001907348633,27.01875114440918
1773047944096372200,43.780372314453125,-17.25,-25.575000762939453,27.243751525878906
1773047944106372400,43.79037231445312,-17.306251525878906,-25.23750114440918,27.262500762939453
1773047944116372200,43.80037231445313,-17.587501525878906,-25.218751907348633,27.225000381469727
1773047944126372400,43.810372314453126,-17.418750762939453,-25.256250381469727,27.243751525878906
1773047944136372200,43.820372314453124,-17.137500762939453,-25.537500381469727,27.168750762939453
1773047944146372400,43.83037231445312,-17.15625,-25.593751907348633,26.981250762939453
1773047944156372200,43.84037231445313,-17.231250762939453,-25.762500762939453,26.756250381469727
1773047944166372400,43.850372314453125,-17.231250762939453,-25.818750381469727,26.812501907348633
1773047944176372200,43.86037231445312,-17.36250114440918,-25.818750381469727,26.625001907348633
1773047944186372400,43.87037231445313,-17.287500381469727,-26.17500114440918,26.493751525878906
1773047944196372200,43.880372314453126,-17.118751525878906,-26.231250762939453,26.400001525878906
1773047944206372400,43.890372314453124,-16.89375114440918,-26.212501525878906,26.625001907348633
1773047944216372200,43.90037231445312,-16.837501525878906,-26.08125114440918,26.568750381469727
1773047944226372400,43.91037231445313,-16.912500381469727,-25.762500762939453,27.131250381469727
1773047944236372200,43.920372314453125,-16.950000762939453,-25.70625114440918,27.262500762939453
1773047944246372400,43.93037231445312,-16.912500381469727,-25.443750381469727,27.58125114440918
1773047944256372200,43.94037231445313,-16.650001525878906,-25.293750762939453,27.712501525878906
1773047944266372400,43.950372314453126,-16.70625114440918,-25.087501525878906,27.900001525878906
1773047944276372200,43.960372314453124,-16.59375,-25.200000762939453,27.881250381469727
1773047944286372400,43.97037231445312,-16.818750381469727,-25.181251525878906,27.693750381469727
1773047944296372200,43.98037231445313,-16.818750381469727,-25.312501907348633,27.637500762939453
1773047944306372400,43.990372314453126,-16.78125,-25.575000762939453,27.243751525878906
1773047944316372200,44.000372314453124,-16.650001525878906,-25.743751525878906,27.20625114440918
1773047944326372400,44.01037231445312,-16.631250381469727,-25.98750114440918,26.775001525878906
1773047944336372200,44.02037231445313,-16.443750381469727,-26.17500114440918,26.812501907348633
1773047944346372400,44.030372314453125,-16.33125114440918,-26.137500762939453,26.793750762939453
1773047944356372200,44.04037231445312,-16.5,-25.968751907348633,26.793750762939453
1773047944366372400,44.05037231445313,-16.537500381469727,-25.912500381469727,27.150001525878906
1773047944376372200,44.060372314453126,-16.556251525878906,-25.687501907348633,27.318750381469727
1773047944386372400,44.070372314453124,-16.481250762939453,-25.631250381469727,27.356250762939453
1773047944396372200,44.08037231445312,-16.668750762939453,-25.387500762939453,27.48750114440918
1773047944406372400,44.09037231445313,-16.762500762939453,-25.275001525878906,27.900001525878906
1773047944416372200,44.100372314453125,-17.08125114440918,-25.125001907348633,27.806251525878906
1773047944426372400,44.11037231445312,-16.96875,-25.200000762939453,27.95625114440918
1773047944436372200,44.12037231445313,-16.6875,-25.23750114440918,27.95625114440918
1773047944446372400,44.130372314453126,-16.631250381469727,-25.350000381469727,27.58125114440918
1773047944456372200,44.140372314453124,-16.931251525878906,-25.481250762939453,27.356250762939453
1773047944466372400,44.15037231445312,-17.25,-25.462501525878906,27.243751525878906
1773047944476372200,44.16037231445313,-17.0625,-25.593751907348633,27.01875114440918
1773047944486372400,44.170372314453125,-17.100000381469727,-25.500001907348633,26.812501907348633
1773047944496372200,44.18037231445312,-17.025001525878906,-25.668750762939453,26.850000381469727
1773047944506372400,44.19037231445313,-17.118751525878906,-25.668750762939453,26.700000762939453
1773047944516372200,44.200372314453126,-17.306251525878906,-25.80000114440918,26.700000762939453
1773047944526372400,44.210372314453124,-17.08125114440918,-25.500001907348633,26.943750381469727
1773047944536372200,44.22037231445312,-16.912500381469727,-25.631250381469727,27.01875114440918
1773047944546372400,44.23037231445313,-16.78125,-25.762500762939453,27.187501907348633
1773047944556372200,44.240372314453126,-16.743751525878906,-25.950000762939453,27.150001525878906
1773047944566372400,44.250372314453124,-16.668750762939453,-26.118751525878906,27.037500381469727
1773047944576372200,44.26037231445312,-16.70625114440918,-26.062501907348633,27.000001907348633
1773047944586372400,44.27037231445313,-16.875,-26.193750381469727,26.981250762939453
1773047944596372200,44.280372314453125,-16.89375114440918,-26.025001525878906,27.131250381469727
1773047944606372400,44.29037231445312,-16.96875,-26.343751907348633,26.981250762939453
1773047944616372200,44.30037231445313,-16.837501525878906,-26.156251907348633,27.30000114440918
1773047944626372400,44.310372314453126,-16.537500381469727,-25.968751907348633,27.375001907348633
1773047944636372200,44.320372314453124,-16.556251525878906,-25.650001525878906,27.618751525878906
1773047944646372400,44.33037231445312,-16.556251525878906,-25.61250114440918,27.76875114440918
1773047944656372200,44.34037231445313,-16.650001525878906,-25.500001907348633,27.975000381469727
1773047944666372400,44.350372314453125,-16.42500114440918,-25.650001525878906,27.95625114440918
1773047944676372200,44.36037231445312,-16.387500762939453,-25.556251525878906,28.087501525878906
1773047944686372400,44.37037231445313,-16.5,-25.481250762939453,28.23750114440918
1773047944696372200,44.380372314453126,-16.912500381469727,-25.293750762939453,28.012500762939453
1773047944706372400,44.390372314453124,-17.25,-25.05000114440918,28.14375114440918
1773047944716372200,44.40037231445312,-17.08125114440918,-25.368751525878906,28.162500381469727
1773047944726372400,44.41037231445313,-17.118751525878906,-25.312501907348633,28.087501525878906
1773047944736372200,44.420372314453125,-16.98750114440918,-25.33125114440918,28.125001907348633
1773047944746372400,44.43037231445312,-16.856250762939453,-25.068750381469727,28.218751907348633
1773047944756372200,44.44037231445313,-16.762500762939453,-25.125001907348633,28.293750762939453
1773047944766372400,44.450372314453126,-16.912500381469727,-25.106250762939453,28.368751525878906
1773047944776372200,44.460372314453124,-16.59375,-25.462501525878906,28.462501525878906
1773047944786372400,44.47037231445312,-16.350000381469727,-25.556251525878906,28.312501907348633
1773047944796372200,44.48037231445313,-16.3125,-25.481250762939453,28.42500114440918
1773047944806372400,44.490372314453126,-16.14375114440918,-25.42500114440918,28.387500762939453
1773047944816372200,44.500372314453124,-16.33125114440918,-25.406251907348633,28.406251907348633
1773047944826372400,44.51037231445312,-16.462501525878906,-25.350000381469727,28.368751525878906
1773047944836372200,44.52037231445313,-16.481250762939453,-25.14375114440918,28.350000381469727
1773047944846372400,44.530372314453125,-16.21875,-25.05000114440918,28.368751525878906
1773047944856372200,44.54037231445312,-16.275001525878906,-24.825000762939453,28.33125114440918
1773047944866372400,44.55037231445313,-16.631250381469727,-24.825000762939453,28.443750381469727
1773047944876372200,44.560372314453126,-16.80000114440918,-24.881250381469727,28.256250381469727
1773047944886372400,44.570372314453124,-16.912500381469727,-24.712501525878906,28.387500762939453
1773047944896372200,44.58037231445312,-16.631250381469727,-24.731250762939453,28.275001525878906
1773047944906372400,44.59037231445313,-16.650001525878906,-24.750001907348633,28.481250762939453
1773047944916372200,44.600372314453125,-16.59375,-24.975000381469727,28.42500114440918
1773047944926372400,44.61037231445312,-16.631250381469727,-24.975000381469727,28.33125114440918
1773047944936372200,44.62037231445313,-16.42500114440918,-24.918750762939453,28.537500381469727
1773047944946372400,44.630372314453126,-15.937500953674316,-25.068750381469727,28.668750762939453
1773047944956372200,44.640372314453124,-16.05000114440918,-24.562501907348633,28.80000114440918
1773047944966372400,44.65037231445312,-16.181251525878906,-24.712501525878906,28.725000381469727
1773047944976372200,44.66037231445313,-16.181251525878906,-24.76875114440918,28.856250762939453
1773047944986372400,44.670372314453125,-16.387500762939453,-24.637500762939453,28.856250762939453
1773047944996372200,44.68037231445312,-16.631250381469727,-24.600000381469727,28.912500381469727
1773047945006372400,44.69037231445313,-16.875,-24.693750381469727,28.98750114440918
1773047945016372200,44.700372314453126,-17.325000762939453,-24.506250381469727,28.968751907348633
1773047945026372400,44.710372314453124,-17.493751525878906,-24.318750381469727,28.98750114440918
1773047945036372200,44.72037231445312,-17.512500762939453,-24.787500381469727,29.306251525878906
1773047945046372400,44.73037231445313,-17.118751525878906,-24.58125114440918,29.45625114440918
1773047945056372200,44.740372314453126,-17.325000762939453,-24.506250381469727,29.343751907348633
1773047945066372400,44.750372314453124,-17.08125114440918,-24.506250381469727,29.212501525878906
1773047945076372200,44.76037231445312,-16.89375114440918,-24.506250381469727,29.250001907348633
1773047945086372400,44.77037231445313,-16.818750381469727,-24.225000381469727,29.343751907348633
1773047945096372200,44.780372314453125,-16.256250381469727,-24.281251907348633,29.212501525878906
1773047945106372400,44.79037231445312,-16.14375114440918,-24.450000762939453,29.137500762939453
1773047945116372200,44.80037231445313,-16.443750381469727,-24.450000762939453,28.968751907348633
1773047945126372400,44.810372314453126,-16.78125,-24.468751907348633,29.156251907348633
1773047945136372200,44.820372314453124,-16.818750381469727,-24.337501525878906,29.400001525878906
1773047945146372400,44.83037231445312,-16.875,-24.262500762939453,29.625001907348633
1773047945156372200,44.84037231445313,-16.950000762939453,-24.11250114440918,29.568750381469727
1773047945166372400,44.850372314453125,-16.875,-24.20625114440918,29.531251907348633
1773047945176372200,44.86037231445312,-17.193750381469727,-24.281251907348633,29.681251525878906
1773047945186372400,44.87037231445313,-17.287500381469727,-24.150001525878906,29.625001907348633
1773047945196372200,44.880372314453126,-17.325000762939453,-24.243751525878906,29.475000381469727
1773047945206372400,44.890372314453124,-17.26875114440918,-24.468751907348633,29.250001907348633
1773047945216372200,44.90037231445312,-17.0625,-24.543750762939453,29.137500762939453
1773047945226372400,44.91037231445313,-17.043750762939453,-24.525001525878906,29.156251907348633
1773047945236372200,44.920372314453125,-17.043750762939453,-24.450000762939453,29.381250381469727
1773047945246372400,44.93037231445312,-16.912500381469727,-24.48750114440918,29.231250762939453
1773047945256372200,44.94037231445313,-17.08125114440918,-24.318750381469727,29.306251525878906
1773047945266372400,44.950372314453126,-17.118751525878906,-24.39375114440918,29.231250762939453
1773047945276372200,44.960372314453124,-17.043750762939453,-24.431251525878906,29.36250114440918
1773047945286372400,44.97037231445312,-16.96875,-24.11250114440918,29.36250114440918
1773047945296372200,44.98037231445313,-16.78125,-23.981250762939453,29.55000114440918
1773047945306372400,44.990372314453126,-16.837501525878906,-24.187501907348633,29.493751525878906
1773047945316372200,45.000372314453124,-16.78125,-24.48750114440918,29.36250114440918
1773047945326372400,45.01037231445312,-16.89375114440918,-24.318750381469727,29.887500762939453
1773047945336372200,45.02037231445313,-16.387500762939453,-24.58125114440918,30.056251525878906
1773047945346372400,45.030372314453125,-16.3125,-24.450000762939453,30.243751525878906
1773047945356372200,45.04037231445312,-16.368751525878906,-24.431251525878906,30.412500381469727
1773047945366372400,45.05037231445313,-16.33125114440918,-24.600000381469727,30.712501525878906
1773047945376372200,45.060372314453126,-16.462501525878906,-24.806251525878906,30.543750762939453
1773047945386372400,45.070372314453124,-16.537500381469727,-24.525001525878906,30.67500114440918
1773047945396372200,45.08037231445312,-16.59375,-24.412500381469727,30.506250381469727
1773047945406372400,45.09037231445313,-16.725000381469727,-24.76875114440918,30.168750762939453
1773047945416372200,45.100372314453125,-16.875,-24.562501907348633,29.92500114440918
1773047945426372400,45.11037231445312,-17.043750762939453,-24.543750762939453,29.850000381469727
1773047945436372200,45.12037231445313,-17.193750381469727,-24.48750114440918,29.718751907348633
1773047945446372400,45.130372314453126,-17.55000114440918,-24.562501907348633,29.437501907348633
1773047945456372200,45.140372314453124,-17.756250381469727,-24.656251907348633,29.568750381469727
1773047945466372400,45.15037231445312,-17.775001525878906,-24.76875114440918,29.493751525878906
1773047945476372200,45.16037231445313,-17.662500381469727,-24.637500762939453,29.625001907348633
1773047945486372400,45.170372314453125,-17.606250762939453,-24.450000762939453,29.681251525878906
1773047945496372200,45.18037231445312,-17.850000381469727,-24.506250381469727,29.756250381469727
1773047945506372400,45.19037231445313,-18.056251525878906,-24.48750114440918,29.681251525878906
1773047945516372200,45.200372314453126,-18.150001525878906,-24.356250762939453,29.64375114440918
1773047945526372400,45.210372314453124,-17.943750381469727,-24.11250114440918,29.981250762939453
1773047945536372200,45.22037231445312,-17.981250762939453,-24.20625114440918,30.000001907348633
1773047945546372400,45.23037231445313,-17.700000762939453,-24.131250381469727,30.056251525878906
1773047945556372200,45.240372314453126,-17.775001525878906,-24.168750762939453,30.281251907348633
1773047945566372400,45.250372314453124,-17.71875,-24.30000114440918,30.262500762939453
1773047945576372200,45.26037231445312,-17.868751525878906,-24.243751525878906,30.225000381469727
1773047945586372400,45.27037231445313,-17.606250762939453,-24.30000114440918,30.506250381469727
1773047945596372200,45.280372314453125,-17.231250762939453,-24.337501525878906,30.900001525878906
1773047945606372400,45.29037231445312,-17.193750381469727,-24.337501525878906,30.843751907348633
1773047945616372200,45.30037231445313,-16.950000762939453,-24.075000762939453,31.05000114440918
1773047945626372400,45.310372314453126,-17.08125114440918,-24.037500381469727,31.05000114440918
1773047945636372200,45.320372314453124,-17.25,-23.868751525878906,31.012500762939453
1773047945646372400,45.33037231445312,-17.325000762939453,-23.53125,31.125001907348633
1773047945656372200,45.34037231445313,-17.15625,-23.45625114440918,31.218751907348633
1773047945666372400,45.350372314453125,-17.231250762939453,-23.606250762939453,31.293750762939453
1773047945676372200,45.36037231445312,-17.606250762939453,-23.73750114440918,30.975000381469727
1773047945686372400,45.37037231445313,-17.606250762939453,-23.73750114440918,30.975000381469727
1773047945696372200,45.380372314453126,-17.700000762939453,-23.868751525878906,30.525001525878906
1773047945706372400,45.390372314453124,-17.8125,-23.850000381469727,30.600000381469727
1773047945716372200,45.40037231445312,-17.662500381469727,-24.056251525878906,30.431251525878906
1773047945726372400,45.41037231445313,-17.943750381469727,-24.11250114440918,30.450000762939453
1773047945736372200,45.420372314453125,-17.962501525878906,-24.318750381469727,30.262500762939453
1773047945746372400,45.43037231445312,-18,-24,30.093751907348633
1773047945756372200,45.44037231445313,-18.01875114440918,-23.71875,30.056251525878906
1773047945766372400,45.450372314453126,-18.168750762939453,-23.681251525878906,29.981250762939453
1773047945776372200,45.460372314453124,-18.262500762939453,-23.418750762939453,30.01875114440918
1773047945786372400,45.47037231445312,-18.28125,-23.4375,29.92500114440918
1773047945796372200,45.48037231445313,-18.543750762939453,-23.418750762939453,29.943750381469727
1773047945806372400,45.490372314453126,-18.30000114440918,-23.45625114440918,29.906251907348633
1773047945816372200,45.500372314453124,-18.450000762939453,-23.26875114440918,30.075000762939453
1773047945826372400,45.51037231445312,-18.225000381469727,-23.325000762939453,30.093751907348633
1773047945836372200,45.52037231445313,-18.09375,-23.400001525878906,30.356250762939453
1773047945846372400,45.530372314453125,-18.28125,-23.4375,30.337501525878906
1773047945856372200,45.54037231445312,-18.337501525878906,-23.475000381469727,30.506250381469727
1773047945866372400,45.55037231445313,-18.412500381469727,-23.53125,30.468751907348633
1773047945876372200,45.560372314453126,-18.412500381469727,-23.400001525878906,30.412500381469727
1773047945896372200,45.58037231445312,-18.58125114440918,-23.568750381469727,30.225000381469727
1773047945906372400,45.59037231445313,-18.918750762939453,-23.512500762939453,30.056251525878906
1773047945916372200,45.600372314453125,-19.012500762939453,-23.493751525878906,29.887500762939453
1773047945926372400,45.61037231445312,-18.84375,-23.71875,29.906251907348633
1773047945936372200,45.62037231445313,-18.787500381469727,-23.64375114440918,29.962501525878906
1773047945946372400,45.630372314453126,-18.693750381469727,-23.625,30.01875114440918
1773047945956372200,45.640372314453124,-18.506250381469727,-23.512500762939453,30.131250381469727
1773047945966372400,45.65037231445312,-18.262500762939453,-23.493751525878906,30.075000762939453
1773047945976372200,45.66037231445313,-18.168750762939453,-23.36250114440918,30.187501907348633
1773047945986372400,45.670372314453125,-18.037500381469727,-23.231250762939453,30.39375114440918
1773047945996372200,45.68037231445312,-17.850000381469727,-23.306251525878906,30.243751525878906
1773047946006372400,45.69037231445313,-17.793750762939453,-23.025001525878906,30.262500762939453
1773047946016372200,45.700372314453126,-17.887500762939453,-22.78125,30.337501525878906
1773047946026372400,45.710372314453124,-18,-23.025001525878906,30.20625114440918
1773047946036372200,45.72037231445312,-18.11250114440918,-23.325000762939453,30.093751907348633
1773047946046372400,45.73037231445313,-18.037500381469727,-23.381250381469727,30.262500762939453
1773047946056372200,45.740372314453126,-18.150001525878906,-23.231250762939453,30.30000114440918
1773047946066372400,45.750372314453124,-18.037500381469727,-23.4375,30.39375114440918
1773047946076372200,45.76037231445312,-18.150001525878906,-23.26875114440918,30.618751525878906
1773047946086372400,45.77037231445313,-18.150001525878906,-23.325000762939453,30.656251907348633
1773047946096372200,45.780372314453125,-18.09375,-23.625,30.543750762939453
1773047946106372400,45.79037231445312,-17.887500762939453,-23.17500114440918,30.693750381469727
1773047946116372200,45.80037231445313,-17.793750762939453,-23.231250762939453,30.918750762939453
1773047946126372400,45.810372314453126,-18,-23.325000762939453,30.656251907348633
1773047946136372200,45.820372314453124,-17.83125114440918,-23.400001525878906,30.712501525878906
1773047946146372400,45.83037231445312,-17.887500762939453,-23.400001525878906,30.506250381469727
1773047946156372200,45.84037231445313,-17.64375114440918,-23.64375114440918,30.58125114440918
1773047946166372400,45.850372314453125,-17.34375,-23.868751525878906,30.356250762939453
1773047946176372200,45.86037231445312,-17.100000381469727,-24.093751907348633,30.168750762939453
1773047946186372400,45.87037231445313,-17.17500114440918,-24.243751525878906,30.150001525878906
1773047946196372200,45.880372314453126,-17.118751525878906,-24.243751525878906,30.093751907348633
1773047946206372400,45.890372314453124,-17.006250381469727,-24.30000114440918,30.150001525878906
1773047946216372200,45.90037231445312,-17.193750381469727,-24.243751525878906,30.375001907348633
1773047946226372400,45.91037231445313,-17.36250114440918,-24.225000381469727,30.712501525878906
1773047946236372200,45.920372314453125,-20.118751525878906,-25.743751525878906,30.693750381469727
1773047946246372400,45.93037231445312,-20.26875114440918,-25.387500762939453,31.068750381469727
1773047946256372200,45.94037231445313,-20.568750381469727,-25.125001907348633,31.218751907348633
1773047946266372400,45.950372314453126,-20.83125114440918,-25.218751907348633,31.087501525878906
1773047946276372200,45.960372314453124,-20.868751525878906,-25.05000114440918,30.900001525878906
1773047946286372400,45.97037231445312,-20.756250381469727,-24.900001525878906,31.14375114440918
1773047946296372200,45.98037231445313,-20.55000114440918,-25.14375114440918,30.76875114440918
1773047946306372400,45.990372314453126,-20.231250762939453,-25.256250381469727,30.67500114440918
1773047946316372200,46.000372314453124,-20.137500762939453,-25.368751525878906,30.825000762939453
1773047946326372400,46.01037231445312,-20.26875114440918,-25.650001525878906,30.58125114440918
1773047946336372200,46.02037231445313,-20.231250762939453,-25.650001525878906,30.731250762939453
1773047946346372400,46.030372314453125,-19.89375114440918,-25.575000762939453,30.993751525878906
1773047946356372200,46.04037231445312,-19.725000381469727,-25.80000114440918,31.162500381469727
1773047946366372400,46.05037231445313,-19.61250114440918,-25.950000762939453,31.14375114440918
1773047946376372200,46.060372314453126,-19.78125,-25.98750114440918,31.200000762939453
1773047946386372400,46.070372314453124,-19.575000762939453,-25.950000762939453,31.256250381469727
1773047946396372200,46.08037231445312,-19.3125,-26.025001525878906,31.312501907348633
1773047946406372400,46.09037231445313,-19.3125,-26.043750762939453,31.350000381469727
1773047946416372200,46.100372314453125,-19.23750114440918,-26.17500114440918,31.51875114440918
1773047946426372400,46.11037231445312,-19.23750114440918,-25.950000762939453,31.481250762939453
1773047946436372200,46.12037231445313,-19.575000762939453,-25.781251907348633,31.481250762939453
1773047946446372400,46.130372314453126,-19.875,-25.781251907348633,31.312501907348633
1773047946456372200,46.140372314453124,-19.61250114440918,-25.781251907348633,31.443750381469727
1773047946466372400,46.15037231445312,-19.762500762939453,-25.89375114440918,31.256250381469727
1773047946476372200,46.16037231445313,-19.762500762939453,-25.687501907348633,31.462501525878906
1773047946486372400,46.170372314453125,-19.59375,-25.593751907348633,31.481250762939453
1773047946496372200,46.18037231445312,-19.5,-25.781251907348633,31.218751907348633
1773047946506372400,46.19037231445313,-19.40625,-26.043750762939453,31.218751907348633
1773047946516372200,46.200372314453126,-19.42500114440918,-25.950000762939453,31.275001525878906
1773047946526372400,46.210372314453124,-19.23750114440918,-26.043750762939453,31.368751525878906
1773047946536372200,46.22037231445312,-19.368751525878906,-25.593751907348633,31.406251907348633
1773047946546372400,46.23037231445313,-19.537500381469727,-25.593751907348633,31.443750381469727
1773047946556372200,46.240372314453126,-19.23750114440918,-25.837501525878906,31.406251907348633
1773047946566372400,46.250372314453124,-19.162500381469727,-25.968751907348633,31.350000381469727
1773047946576372200,46.26037231445312,-19.350000381469727,-25.837501525878906,31.500001907348633
1773047946586372400,46.27037231445313,-19.51875114440918,-25.837501525878906,31.537500381469727
1773047946596372200,46.280372314453125,-19.275001525878906,-26.193750381469727,31.33125114440918
1773047946606372400,46.29037231445312,-19.40625,-26.17500114440918,31.256250381469727
1773047946616372200,46.30037231445313,-19.40625,-26.418750762939453,31.200000762939453
1773047946626372400,46.310372314453126,-19.462501525878906,-26.381250381469727,30.900001525878906
1773047946636372200,46.320372314453124,-20.006250381469727,-26.287500381469727,30.67500114440918
1773047946646372400,46.33037231445312,-20.118751525878906,-26.381250381469727,30.918750762939453
1773047946656372200,46.34037231445313,-19.89375114440918,-26.45625114440918,30.918750762939453
1773047946666372400,46.350372314453125,-19.78125,-26.55000114440918,30.731250762939453
1773047946676372200,46.36037231445312,-19.762500762939453,-26.36250114440918,30.806251525878906
1773047946686372400,46.37037231445313,-19.6875,-26.250001907348633,30.843751907348633
1773047946696372200,46.380372314453126,-19.481250762939453,-26.26875114440918,30.881250381469727
1773047946706372400,46.390372314453124,-19.537500381469727,-26.17500114440918,31.218751907348633
1773047946716372200,46.40037231445312,-19.293750762939453,-26.100000381469727,31.14375114440918
1773047946726372400,46.41037231445313,-19.42500114440918,-25.950000762939453,30.937501907348633
1773047946736372200,46.420372314453125,-19.6875,-25.631250381469727,30.937501907348633
1773047946746372400,46.43037231445312,-19.668750762939453,-25.668750762939453,31.14375114440918
1773047946756372200,46.44037231445313,-19.98750114440918,-25.406251907348633,31.293750762939453
1773047946766372400,46.450372314453126,-20.118751525878906,-25.443750381469727,31.200000762939453
1773047946776372200,46.460372314453124,-20.193750381469727,-25.443750381469727,31.275001525878906
1773047946786372400,46.47037231445312,-19.875,-25.61250114440918,31.200000762939453
1773047946796372200,46.48037231445313,-20.006250381469727,-25.556251525878906,31.293750762939453
1773047946806372400,46.490372314453126,-19.650001525878906,-25.61250114440918,31.200000762939453
1773047946816372200,46.500372314453124,-19.42500114440918,-25.856250762939453,31.218751907348633
1773047946826372400,46.51037231445312,-19.3125,-25.687501907348633,31.068750381469727
1773047946836372200,46.52037231445313,-19.106250762939453,-25.837501525878906,30.825000762939453
1773047946846372400,46.530372314453125,-18.9375,-25.950000762939453,30.731250762939453
1773047946856372200,46.54037231445312,-18.95625114440918,-25.912500381469727,30.67500114440918
1773047946866372400,46.55037231445313,-19.256250381469727,-25.837501525878906,30.693750381469727
1773047946876372200,46.560372314453126,-19.125,-25.912500381469727,30.76875114440918
1773047946886372400,46.570372314453124,-19.387500762939453,-25.668750762939453,31.012500762939453
1773047946896372200,46.58037231445312,-19.59375,-25.668750762939453,30.787500381469727
1773047946906372400,46.59037231445313,-19.912500381469727,-25.743751525878906,30.937501907348633
1773047946916372200,46.600372314453125,-19.875,-25.80000114440918,31.106250762939453
1773047946926372400,46.61037231445312,-19.912500381469727,-25.650001525878906,31.218751907348633
1773047946936372200,46.62037231445313,-20.0625,-25.668750762939453,31.125001907348633
1773047946946372400,46.630372314453126,-19.78125,-25.762500762939453,31.068750381469727
1773047946956372200,46.640372314453124,-19.89375114440918,-25.89375114440918,31.031251907348633
1773047946966372400,46.65037231445312,-19.725000381469727,-25.931251525878906,30.881250381469727
1773047946976372200,46.66037231445313,-19.70625114440918,-25.725000381469727,31.181251525878906
1773047946986372400,46.670372314453125,-19.575000762939453,-25.950000762939453,30.95625114440918
1773047946996372200,46.68037231445312,-19.443750381469727,-25.968751907348633,30.843751907348633
1773047947006372400,46.69037231445313,-19.42500114440918,-25.931251525878906,30.975000381469727
1773047947016372200,46.700372314453126,-19.387500762939453,-25.875001907348633,31.031251907348633
1773047947026372400,46.710372314453124,-19.481250762939453,-25.687501907348633,31.068750381469727
1773047947036372200,46.72037231445312,-19.387500762939453,-25.61250114440918,31.106250762939453
1773047947046372400,46.73037231445313,-19.631250381469727,-25.593751907348633,31.087501525878906
1773047947056372200,46.740372314453126,-19.59375,-25.781251907348633,30.693750381469727
1773047947066372400,46.750372314453124,-19.631250381469727,-25.387500762939453,30.787500381469727
1773047947076372200,46.76037231445312,-19.89375114440918,-25.500001907348633,30.806251525878906
1773047947086372400,46.77037231445313,-20.006250381469727,-25.42500114440918,30.656251907348633
1773047947096372200,46.780372314453125,-19.818750381469727,-25.725000381469727,30.543750762939453
1773047947106372400,46.79037231445312,-19.837501525878906,-25.968751907348633,30.39375114440918
1773047947116372200,46.80037231445313,-19.98750114440918,-25.968751907348633,30.168750762939453
1773047947126372400,46.810372314453126,-19.650001525878906,-26.100000381469727,30.150001525878906
1773047947136372200,46.820372314453124,-19.481250762939453,-26.100000381469727,30.337501525878906
1773047947146372400,46.83037231445312,-19.256250381469727,-26.343751907348633,30.281251907348633
1773047947156372200,46.84037231445313,-19.21875,-26.26875114440918,30.281251907348633
1773047947166372400,46.850372314453125,-19.03125,-26.493751525878906,30.281251907348633
1773047947176372200,46.86037231445312,-19.012500762939453,-26.475000381469727,30.562501907348633
1773047947186372400,46.87037231445313,-18.95625114440918,-26.531251907348633,30.450000762939453
1773047947196372200,46.880372314453126,-18.806251525878906,-26.418750762939453,30.693750381469727
1773047947206372400,46.890372314453124,-18.76875114440918,-26.156251907348633,31.05000114440918
1773047947216372200,46.90037231445312,-18.731250762939453,-26.287500381469727,31.125001907348633
1773047947226372400,46.91037231445313,-18.86250114440918,-26.156251907348633,31.162500381469727
1773047947236372200,46.920372314453125,-18.76875114440918,-26.26875114440918,31.012500762939453
1773047947246372400,46.93037231445312,-18.975000381469727,-26.118751525878906,30.993751525878906
1773047947256372200,46.94037231445313,-19.21875,-26.043750762939453,30.543750762939453
1773047947266372400,46.950372314453126,-18.9375,-26.006250381469727,30.48750114440918
1773047947276372200,46.960372314453124,-19.087501525878906,-26.26875114440918,30.262500762939453
1773047947286372400,46.97037231445312,-19.387500762939453,-26.531251907348633,29.887500762939453
1773047947296372200,46.98037231445313,-19.51875114440918,-26.568750381469727,29.55000114440918
1773047947306372400,46.990372314453126,-19.5,-26.662500381469727,29.587501525878906
1773047947316372200,47.000372314453124,-19.51875114440918,-26.681251525878906,29.718751907348633
1773047947326372400,47.01037231445312,-19.368751525878906,-26.700000762939453,29.962501525878906
1773047947336372200,47.02037231445313,-19.162500381469727,-26.850000381469727,30.20625114440918
1773047947346372400,47.030372314453125,-19.256250381469727,-26.587501525878906,30.58125114440918
1773047947356372200,47.04037231445312,-19.125,-26.437501907348633,30.712501525878906
1773047947366372400,47.05037231445313,-19.125,-26.381250381469727,30.750001907348633
1773047947376372200,47.060372314453126,-19.106250762939453,-26.325000762939453,30.937501907348633
1773047947386372400,47.070372314453124,-18.787500381469727,-26.306251525878906,31.068750381469727
1773047947396372200,47.08037231445312,-18.67500114440918,-26.062501907348633,31.031251907348633
1773047947406372400,47.09037231445313,-18.65625,-26.212501525878906,30.918750762939453
1773047947416372200,47.100372314453125,-18.731250762939453,-26.006250381469727,31.256250381469727
1773047947426372400,47.11037231445312,-18.806251525878906,-26.08125114440918,30.975000381469727
1773047947436372200,47.12037231445313,-18.75,-26.118751525878906,30.993751525878906
1773047947446372400,47.130372314453126,-18.65625,-26.325000762939453,31.012500762939453
1773047947456372200,47.140372314453124,-18.67500114440918,-26.26875114440918,31.106250762939453
1773047947466372400,47.15037231445312,-19.05000114440918,-26.193750381469727,31.05000114440918
1773047947476372200,47.16037231445313,-18.9375,-26.287500381469727,31.031251907348633
1773047947486372400,47.170372314453125,-19.087501525878906,-26.26875114440918,31.14375114440918
1773047947496372200,47.18037231445312,-19.05000114440918,-26.118751525878906,30.806251525878906
1773047947506372400,47.19037231445313,-19.03125,-26.26875114440918,30.881250381469727
1773047947516372200,47.200372314453126,-19.125,-25.968751907348633,31.068750381469727
1773047947526372400,47.210372314453124,-19.106250762939453,-25.931251525878906,31.218751907348633
1773047947536372200,47.22037231445312,-18.993751525878906,-25.781251907348633,31.256250381469727
1773047947546372400,47.23037231445313,-18.918750762939453,-25.968751907348633,31.068750381469727
1773047947556372200,47.240372314453126,-19.181251525878906,-26.17500114440918,31.125001907348633
1773047947566372400,47.250372314453124,-19.03125,-26.193750381469727,30.975000381469727
1773047947576372200,47.26037231445312,-19.087501525878906,-26.512500762939453,30.900001525878906
1773047947586372400,47.27037231445313,-19.293750762939453,-26.36250114440918,30.86250114440918
1773047947596372200,47.280372314453125,-19.03125,-26.531251907348633,30.731250762939453
1773047947606372400,47.29037231445312,-19.368751525878906,-26.475000381469727,30.562501907348633
1773047947616372200,47.30037231445313,-19.14375114440918,-26.756250381469727,30.618751525878906
1773047947626372400,47.310372314453126,-19.087501525878906,-26.26875114440918,30.843751907348633
1773047947636372200,47.320372314453124,-18.881250381469727,-26.137500762939453,30.881250381469727
1773047947646372400,47.33037231445312,-18.881250381469727,-26.118751525878906,31.087501525878906
1773047947656372200,47.34037231445313,-18.84375,-26.043750762939453,31.012500762939453
1773047947666372400,47.350372314453125,-18.693750381469727,-25.912500381469727,30.975000381469727
1773047947676372200,47.36037231445312,-18.918750762939453,-25.950000762939453,30.881250381469727
1773047947686372400,47.37037231445313,-18.39375114440918,-25.931251525878906,30.918750762939453
1773047947696372200,47.380372314453126,-18.825000762939453,-25.875001907348633,30.881250381469727
1773047947706372400,47.390372314453124,-18.9375,-26.212501525878906,30.750001907348633
1773047947716372200,47.40037231445312,-18.993751525878906,-26.156251907348633,30.468751907348633
1773047947726372400,47.41037231445313,-18.900001525878906,-26.137500762939453,30.356250762939453
1773047947736372200,47.420372314453125,-18.95625114440918,-26.08125114440918,30.525001525878906
1773047947746372400,47.43037231445312,-18.918750762939453,-26.231250762939453,30.86250114440918
1773047947756372200,47.44037231445313,-18.67500114440918,-26.08125114440918,31.05000114440918
1773047947766372400,47.450372314453126,-18.975000381469727,-26.118751525878906,31.031251907348633
1773047947776372200,47.460372314453124,-18.881250381469727,-26.043750762939453,30.937501907348633
1773047947786372400,47.47037231445312,-19.087501525878906,-25.931251525878906,31.05000114440918
1773047947796372200,47.48037231445313,-19.125,-25.98750114440918,31.387500762939453
1773047947806372400,47.490372314453126,-19.200000762939453,-25.818750381469727,31.462501525878906
1773047947816372200,47.500372314453124,-19.012500762939453,-25.668750762939453,31.575000762939453
1773047947826372400,47.51037231445312,-18.86250114440918,-25.668750762939453,31.575000762939453
1773047947836372200,47.52037231445313,-18.993751525878906,-25.687501907348633,31.556251525878906
1773047947846372400,47.530372314453125,-18.787500381469727,-25.650001525878906,31.537500381469727
1773047947856372200,47.54037231445312,-18.75,-25.650001525878906,31.537500381469727
1773047947866372400,47.55037231445313,-18.637500762939453,-25.875001907348633,31.51875114440918
1773047947876372200,47.560372314453126,-18.58125114440918,-25.687501907348633,31.537500381469727
1773047947886372400,47.570372314453124,-18.600000381469727,-25.968751907348633,31.350000381469727
1773047947896372200,47.58037231445312,-18.618751525878906,-25.89375114440918,31.33125114440918
1773047947906372400,47.59037231445313,-18.712501525878906,-25.89375114440918,31.33125114440918
1773047947916372200,47.600372314453125,-18.637500762939453,-25.98750114440918,31.350000381469727
1773047947926372400,47.61037231445312,-18.900001525878906,-25.968751907348633,31.537500381469727
1773047947936372200,47.62037231445313,-19.012500762939453,-26.025001525878906,31.743751525878906
1773047947946372400,47.630372314453126,-18.84375,-25.818750381469727,31.837501525878906
1773047947956372200,47.640372314453124,-19.087501525878906,-25.89375114440918,31.80000114440918
1773047947966372400,47.65037231445312,-19.106250762939453,-25.70625114440918,31.875001907348633
1773047947976372200,47.66037231445313,-19.106250762939453,-25.80000114440918,31.89375114440918
1773047947986372400,47.670372314453125,-18.9375,-25.650001525878906,31.912500381469727
1773047947996372200,47.68037231445312,-19.087501525878906,-25.556251525878906,31.931251525878906
1773047948006372400,47.69037231445313,-18.95625114440918,-25.443750381469727,32.025001525878906
1773047948016372200,47.700372314453126,-18.76875114440918,-25.350000381469727,31.968751907348633
1773047948026372400,47.710372314453124,-18.75,-25.406251907348633,31.89375114440918
1773047948036372200,47.72037231445312,-18.618751525878906,-25.500001907348633,31.781251907348633
1773047948046372400,47.73037231445313,-18.693750381469727,-25.537500381469727,31.818750381469727
1773047948056372200,47.740372314453126,-18.975000381469727,-25.631250381469727,31.743751525878906
1773047948066372400,47.750372314453124,-19.3125,-25.481250762939453,31.70625114440918
1773047948076372200,47.76037231445312,-19.462501525878906,-25.275001525878906,31.80000114440918
1773047948086372400,47.77037231445313,-19.725000381469727,-25.23750114440918,31.575000762939453
1773047948096372200,47.780372314453125,-19.837501525878906,-25.068750381469727,31.668750762939453
1773047948106372400,47.79037231445312,-19.96875,-24.806251525878906,31.593751907348633
1773047948116372200,47.80037231445313,-19.837501525878906,-24.656251907348633,31.80000114440918
1773047948126372400,47.810372314453126,-19.80000114440918,-24.525001525878906,32.00625228881836
1773047948136372200,47.820372314453124,-19.387500762939453,-24.412500381469727,32.0625
1773047948146372400,47.83037231445312,-19.462501525878906,-24.337501525878906,32.15625
1773047948156372200,47.84037231445313,-19.42500114440918,-24.48750114440918,32.19375228881836
1773047948166372400,47.850372314453125,-19.087501525878906,-24.58125114440918,32.493751525878906
1773047948176372200,47.86037231445312,-19.03125,-24.525001525878906,32.625
1773047948186372400,47.87037231445313,-18.712501525878906,-24.750001907348633,32.681251525878906
1773047948196372200,47.880372314453126,-18.67500114440918,-24.637500762939453,32.98125076293945
1773047948206372400,47.890372314453124,-18.58125114440918,-24.656251907348633,33.056251525878906
1773047948216372200,47.90037231445312,-18.600000381469727,-24.86250114440918,33.28125
1773047948226372400,47.91037231445313,-18.450000762939453,-25.068750381469727,33.22500228881836
1773047948236372200,47.920372314453125,-18.318750381469727,-25.256250381469727,33.39375305175781
1773047948246372400,47.93037231445312,-18.543750762939453,-25.256250381469727,33.150001525878906
1773047948256372200,47.94037231445313,-18.600000381469727,-25.256250381469727,32.98125076293945
1773047948266372400,47.950372314453126,-19.068750381469727,-25.406251907348633,33.13125228881836
1773047948276372200,47.960372314453124,-19.05000114440918,-25.312501907348633,33.11250305175781
1773047948286372400,47.97037231445312,-19.106250762939453,-25.406251907348633,33.243751525878906
1773047948296372200,47.98037231445313,-18.95625114440918,-25.42500114440918,33.26250076293945
1773047948306372400,47.990372314453126,-18.731250762939453,-25.61250114440918,33.45000076293945
1773047948316372200,48.000372314453124,-18.75,-25.668750762939453,33.5625
1773047948326372400,48.01037231445312,-18.356250762939453,-25.537500381469727,34.01250076293945
1773047948336372200,48.02037231445313,-17.868751525878906,-25.80000114440918,34.21875
1773047948346372400,48.030372314453125,-17.325000762939453,-25.725000381469727,34.66875076293945
1773047948356372200,48.04037231445312,-17.15625,-25.912500381469727,34.66875076293945
1773047948366372400,48.05037231445313,-17.006250381469727,-25.98750114440918,34.59375
1773047948376372200,48.060372314453126,-17.212501525878906,-25.875001907348633,34.81875228881836
1773047948386372400,48.070372314453124,-17.36250114440918,-26.043750762939453,35.00625228881836
1773047948396372200,48.08037231445312,-17.26875114440918,-25.725000381469727,35.212501525878906
1773047948406372400,48.09037231445313,-17.381250381469727,-26.156251907348633,35.15625
1773047948416372200,48.100372314453125,-17.512500762939453,-26.400001525878906,35.212501525878906
1773047948426372400,48.11037231445312,-17.36250114440918,-26.64375114440918,35.306251525878906
1773047948436372200,48.12037231445313,-17.493751525878906,-26.625001907348633,35.55000305175781
1773047948446372400,48.130372314453126,-17.4375,-26.381250381469727,35.75625228881836
1773047948456372200,48.140372314453124,-17.325000762939453,-26.343751907348633,35.73750305175781
1773047948466372400,48.15037231445312,-16.89375114440918,-26.418750762939453,35.625
1773047948476372200,48.16037231445313,-16.668750762939453,-26.793750762939453,35.47500228881836
1773047948486372400,48.170372314453125,-16.350000381469727,-26.531251907348633,35.55000305175781
1773047948496372200,48.18037231445312,-16.40625,-26.08125114440918,35.775001525878906
1773047948506372400,48.19037231445313,-16.293750762939453,-26.006250381469727,35.66250228881836
1773047948516372200,48.200372314453126,-16.068750381469727,-26.043750762939453,35.56875228881836
1773047948526372400,48.210372314453124,-15.881250381469727,-26.325000762939453,35.38125228881836
1773047948536372200,48.22037231445312,-15.768750190734863,-26.381250381469727,35.306251525878906
1773047948546372400,48.23037231445313,-15.937500953674316,-26.062501907348633,35.306251525878906
1773047948556372200,48.240372314453126,-16.106250762939453,-25.856250762939453,35.212501525878906
1773047948566372400,48.250372314453124,-16.200000762939453,-25.98750114440918,35.08125305175781
1773047948576372200,48.26037231445312,-16.106250762939453,-26.08125114440918,34.96875
1773047948586372400,48.27037231445313,-16.51875114440918,-25.950000762939453,34.66875076293945
1773047948596372200,48.280372314453125,-16.51875114440918,-26.193750381469727,34.59375
1773047948606372400,48.29037231445312,-16.368751525878906,-26.062501907348633,34.76250076293945
1773047948616372200,48.30037231445313,-16.51875114440918,-26.100000381469727,34.78125
1773047948626372400,48.310372314453126,-16.631250381469727,-25.89375114440918,35.0625
1773047948636372200,48.320372314453124,-16.481250762939453,-25.98750114440918,35.15625
1773047948646372400,48.33037231445312,-16.631250381469727,-26.062501907348633,35.118751525878906
1773047948656372200,48.34037231445313,-16.89375114440918,-26.137500762939453,35.04375076293945
1773047948666372400,48.350372314453125,-16.762500762939453,-26.156251907348633,35.15625
1773047948676372200,48.36037231445312,-16.837501525878906,-25.968751907348633,35.19375228881836
1773047948686372400,48.37037231445313,-17.26875114440918,-26.006250381469727,35.23125076293945
1773047948696372200,48.380372314453126,-17.118751525878906,-25.950000762939453,35.36250305175781
1773047948706372400,48.390372314453124,-17.193750381469727,-26.381250381469727,35.26875305175781
1773047948716372200,48.40037231445312,-17.34375,-26.343751907348633,35.25
1773047948726372400,48.41037231445313,-17.36250114440918,-26.343751907348633,35.38125228881836
1773047948736372200,48.420372314453125,-17.400001525878906,-26.55000114440918,35.32500076293945
1773047948746372400,48.43037231445312,-17.381250381469727,-26.718751907348633,35.493751525878906
1773047948756372200,48.44037231445313,-17.568750381469727,-26.625001907348633,35.51250076293945
1773047948766372400,48.450372314453126,-17.25,-26.906251907348633,35.28750228881836
1773047948776372200,48.460372314453124,-17.400001525878906,-27.01875114440918,34.98750305175781
1773047948786372400,48.47037231445312,-17.26875114440918,-26.662500381469727,34.85625076293945
1773047948796372200,48.48037231445313,-17.17500114440918,-26.531251907348633,34.76250076293945
1773047948806372400,48.490372314453126,-17.325000762939453,-26.26875114440918,34.743751525878906
1773047948816372200,48.500372314453124,-17.0625,-25.968751907348633,34.91250228881836
1773047948826372400,48.51037231445312,-17.400001525878906,-25.443750381469727,34.556251525878906
1773047948836372200,48.52037231445313,-17.306251525878906,-25.312501907348633,34.53750228881836
1773047948846372400,48.530372314453125,-17.625,-25.012500762939453,34.368751525878906
1773047948856372200,48.54037231445312,-17.700000762939453,-24.693750381469727,34.53750228881836
1773047948866372400,48.55037231445313,-17.73750114440918,-24.712501525878906,34.462501525878906
1773047948876372200,48.560372314453126,-17.568750381469727,-25.087501525878906,34.35000228881836
1773047948886372400,48.570372314453124,-17.568750381469727,-24.937501907348633,34.087501525878906
1773047948896372200,48.58037231445312,-17.793750762939453,-24.900001525878906,33.91875076293945
1773047948906372400,48.59037231445313,-17.625,-25.125001907348633,34.25625228881836
1773047948916372200,48.600372314453125,-17.4375,-25.350000381469727,34.29375076293945
1773047948926372400,48.61037231445312,-17.418750762939453,-25.312501907348633,34.53750228881836
1773047948936372200,48.62037231445313,-17.45625114440918,-25.51875114440918,34.63125228881836
1773047948946372400,48.630372314453126,-17.681251525878906,-25.61250114440918,34.72500228881836
1773047948956372200,48.640372314453124,-18.09375,-25.200000762939453,34.89375305175781
1773047948966372400,48.65037231445312,-17.962501525878906,-25.387500762939453,35.08125305175781
1773047948976372200,48.66037231445313,-17.943750381469727,-25.33125114440918,35.04375076293945
1773047948986372400,48.670372314453125,-17.71875,-25.256250381469727,34.91250228881836
1773047948996372200,48.68037231445312,-18.131250381469727,-25.162500381469727,34.650001525878906
1773047949006372400,48.69037231445313,-18,-25.200000762939453,34.57500076293945
1773047949016372200,48.700372314453126,-18.037500381469727,-25.275001525878906,34.20000076293945
1773047949026372400,48.710372314453124,-18.037500381469727,-25.181251525878906,33.900001525878906
1773047949036372200,48.72037231445312,-17.868751525878906,-25.406251907348633,33.63750076293945
1773047949046372400,48.73037231445313,-17.887500762939453,-25.593751907348633,33.50625228881836
1773047949056372200,48.740372314453126,-17.92500114440918,-25.687501907348633,33.48750305175781
1773047949066372400,48.750372314453124,-17.90625,-25.725000381469727,33.60000228881836
1773047949076372200,48.76037231445312,-17.793750762939453,-25.556251525878906,33.900001525878906
1773047949086372400,48.77037231445313,-17.850000381469727,-25.162500381469727,34.087501525878906
1773047949096372200,48.780372314453125,-17.662500381469727,-25.200000762939453,34.29375076293945
1773047949106372400,48.79037231445312,-17.400001525878906,-25.218751907348633,34.368751525878906
1773047949116372200,48.80037231445313,-17.34375,-25.256250381469727,34.66875076293945
1773047949126372400,48.810372314453126,-17.400001525878906,-24.993751525878906,34.95000076293945
1773047949136372200,48.820372314453124,-17.193750381469727,-24.881250381469727,34.81875228881836
1773047949146372400,48.83037231445312,-17.73750114440918,-24.975000381469727,34.78125
1773047949156372200,48.84037231445313,-17.73750114440918,-24.900001525878906,34.70625305175781
1773047949166372400,48.850372314453125,-17.90625,-25.200000762939453,34.25625228881836
1773047949176372200,48.86037231445312,-17.962501525878906,-25.256250381469727,34.16250228881836
1773047949186372400,48.87037231445313,-18.168750762939453,-25.275001525878906,34.16250228881836
1773047949196372200,48.880372314453126,-18.39375114440918,-25.162500381469727,34.10625076293945
1773047949206372400,48.890372314453124,-18.412500381469727,-25.087501525878906,33.82500076293945
1773047949216372200,48.90037231445312,-18.693750381469727,-24.918750762939453,33.84375
1773047949226372400,48.91037231445313,-18.637500762939453,-24.637500762939453,33.712501525878906
1773047949236372200,48.920372314453125,-19.181251525878906,-24.562501907348633,33.41250228881836
1773047949246372400,48.93037231445312,-19.256250381469727,-24.243751525878906,33.48750305175781
1773047949256372200,48.94037231445313,-22.818750381469727,-23.681251525878906,32.41875076293945
1773047949266372400,48.950372314453126,-23.25,-23.512500762939453,32.400001525878906
1773047949276372200,48.960372314453124,-23.662500381469727,-23.0625,32.34375
1773047949286372400,48.97037231445312,-24.168750762939453,-22.6875,32.38125228881836
1773047949296372200,48.98037231445313,-24.637500762939453,-22.481250762939453,32.28750228881836
1773047949306372400,48.990372314453126,-24.918750762939453,-21.95625114440918,32.32500076293945
1773047949316372200,49.000372314453124,-25.875001907348633,-21.712501525878906,32.25
1773047949326372400,49.01037231445312,-26.381250381469727,-21.09375,32.212501525878906
1773047949336372200,49.02037231445313,-26.568750381469727,-20.4375,32.60625076293945
1773047949346372400,49.030372314453125,-26.64375114440918,-19.51875114440918,32.92500305175781
1773047949356372200,49.04037231445312,-26.887500762939453,-18.693750381469727,33.54375076293945
1773047949366372400,49.05037231445313,-26.73750114440918,-18.262500762939453,33.86250305175781
1773047949376372200,49.060372314453126,-26.662500381469727,-17.493751525878906,34.48125076293945
1773047949386372400,49.070372314453124,-26.850000381469727,-16.762500762939453,34.85625076293945
1773047949396372200,49.08037231445312,-26.981250762939453,-15.90000057220459,35.04375076293945
1773047949406372400,49.09037231445313,-27.056251525878906,-15.093750953674316,35.73750305175781
1773047949416372200,49.100372314453125,-27.618751525878906,-14.418750762939453,35.868751525878906
1773047949426372400,49.11037231445312,-27.900001525878906,-13.875000953674316,36.150001525878906
1773047949436372200,49.12037231445313,-28.14375114440918,-13.631250381469727,35.587501525878906
1773047949446372400,49.130372314453126,-28.593751907348633,-13.18125057220459,35.56875228881836
1773047949456372200,49.140372314453124,-29.306251525878906,-12.825000762939453,35.34375
1773047949466372400,49.15037231445312,-29.868751525878906,-12.656250953674316,35.15625
1773047949476372200,49.16037231445313,-30.562501907348633,-12.693750381469727,35.306251525878906
1773047949486372400,49.170372314453125,-31.256250381469727,-12.90000057220459,34.98750305175781
1773047949496372200,49.18037231445312,-31.668750762939453,-13.08750057220459,35.00625228881836
1773047949506372400,49.19037231445313,-32.25,-13.406250953674316,34.66875076293945
1773047949516372200,49.200372314453126,-33.07500076293945,-13.537500381469727,34.91250228881836
1773047949526372400,49.210372314453124,-33.86250305175781,-13.518750190734863,35.00625228881836
1773047949536372200,49.22037231445312,-34.181251525878906,-13.706250190734863,35.400001525878906
1773047949546372400,49.23037231445313,-34.53750228881836,-14.137500762939453,35.71875
1773047949556372200,49.240372314453126,-35.0625,-14.11875057220459,36.11250305175781
1773047949566372400,49.250372314453124,-35.400001525878906,-14.231250762939453,36.78750228881836
1773047949576372200,49.26037231445312,15.05625057220459,30.11250114440918,9.543750762939453
1773047949586372400,49.27037231445313,14.568750381469727,30.243751525878906,10.050000190734863
1773047949606372400,49.29037231445312,14.081250190734863,29.981250762939453,11.30625057220459
1773047949616372200,49.30037231445313,13.762500762939453,29.981250762939453,11.86875057220459
1773047949626372400,49.310372314453126,13.350000381469727,29.812501907348633,12.300000190734863
1773047949636372200,49.320372314453124,13.106250762939453,29.64375114440918,12.656250953674316
1773047949646372400,49.33037231445312,12.693750381469727,29.606250762939453,13.125000953674316
1773047949656372200,49.34037231445313,12.187500953674316,29.812501907348633,13.818750381469727
1773047949666372400,49.350372314453125,11.756250381469727,29.850000381469727,14.268750190734863
1773047949676372200,49.36037231445312,10.78125,30.20625114440918,14.550000190734863
1773047949686372400,49.37037231445313,10.012500762939453,30.750001907348633,14.325000762939453
1773047949696372200,49.380372314453126,-43.181251525878906,-12.90000057220459,40.10625076293945
1773047949716372200,49.40037231445312,-45.97500228881836,-11.30625057220459,39.1875
1773047949726372400,49.41037231445313,-47.32500076293945,-10.5,38.51250076293945
1773047949736372200,49.420372314453125,-48.78750228881836,-9.52500057220459,37.70625305175781
1773047949746372400,49.43037231445312,-50.08125305175781,-8.606250762939453,36.97500228881836
1773047949756372200,49.44037231445313,-51.13125228881836,-7.612500190734863,36.375
1773047949766372400,49.450372314453126,-52.462501525878906,-6.618750095367432,35.94375228881836
1773047949776372200,49.460372314453124,-53.23125076293945,-5.887500286102295,35.681251525878906
1773047949786372400,49.47037231445312,-53.812503814697266,-4.875,35.25
1773047949796372200,49.48037231445313,-54.468753814697266,-4.03125,34.63125228881836
1773047949806372400,49.490372314453126,-55.16250228881836,-3.1312501430511475,34.06875228881836
1773047949816372200,49.500372314453124,-56.04375076293945,-2.325000047683716,33.58125305175781
1773047949826372400,49.51037231445312,-57.01875305175781,-1.3312500715255737,32.85000228881836
1773047949836372200,49.52037231445313,-57.88125228881836,-0.28125,32.118751525878906
1773047949846372400,49.530372314453125,-58.63125228881836,0.6000000238418579,31.312501907348633
1773047949856372200,49.54037231445312,-59.79375076293945,2.0812501907348633,30.48750114440918
1773047949866372400,49.55037231445313,-60.48750305175781,3.075000047683716,29.662500381469727
1773047949876372200,49.560372314453126,-61.35000228881836,4.200000286102295,28.818750381469727
1773047949886372400,49.570372314453124,-62.13750076293945,5.4375,27.993751525878906
1773047949896372200,49.58037231445312,-62.868751525878906,6.618750095367432,27.000001907348633
1773047949906372400,49.59037231445313,-63.73125076293945,7.856250286102295,26.118751525878906
1773047949916372200,49.600372314453125,-64.5562515258789,8.700000762939453,25.068750381469727
1773047949926372400,49.61037231445312,-65.23125457763672,9.918750762939453,23.943750381469727
1773047949936372200,49.62037231445313,-66.01875305175781,10.818750381469727,22.668750762939453
1773047949946372400,49.630372314453126,-67.06875610351562,12.05625057220459,21.787500381469727
1773047949956372200,49.640372314453124,-67.81875610351562,13.406250953674316,20.850000381469727
1773047949966372400,49.65037231445312,-68.70000457763672,14.418750762939453,19.575000762939453
1773047949976372200,49.66037231445313,-69.39375305175781,15.750000953674316,18.48750114440918
1773047949986372400,49.670372314453125,-69.9375,16.89375114440918,17.381250381469727
1773047949996372200,49.68037231445312,-70.59375,18.712501525878906,16.162500381469727
1773047950006372400,49.69037231445313,-71.00625610351562,20.381250381469727,15.24375057220459
1773047950016372200,49.700372314453126,-71.36250305175781,22.556251525878906,14.568750381469727
1773047950026372400,49.710372314453124,-71.60625457763672,24.881250381469727,13.106250762939453
1773047950036372200,49.72037231445312,-39.243751525878906,20.006250381469727,-5.081250190734863
1773047950056372200,49.740372314453126,-38.56875228881836,26.531251907348633,-8.943750381469727
1773047950066372400,49.750372314453124,-37.96875,30.30000114440918,-10.706250190734863
1773047950076372200,49.76037231445312,-36.806251525878906,33.67500305175781,-12.262500762939453
1773047950086372400,49.77037231445313,-35.79375076293945,37.275001525878906,-13.893750190734863
1773047950096372200,49.780372314453125,-34.66875076293945,40.5,-15.693750381469727
1773047950106372400,49.79037231445312,-33.375,43.42500305175781,-16.98750114440918
1773047950116372200,49.80037231445313,-31.950000762939453,45.525001525878906,-17.92500114440918
1773047950126372400,49.810372314453126,-30.881250381469727,47.56875228881836,-18.30000114440918
1773047950136372200,49.820372314453124,-30.131250381469727,49.031253814697266,-18.506250381469727
1773047950146372400,49.83037231445312,-29.568750381469727,49.85625076293945,-18.806251525878906
1773047950156372200,49.84037231445313,-29.587501525878906,50.212501525878906,-19.05000114440918
1773047950166372400,49.850372314453125,-29.775001525878906,50.28750228881836,-19.462501525878906
1773047950176372200,49.86037231445312,-30.150001525878906,49.80000305175781,-20.15625
1773047950186372400,49.87037231445313,-30.993751525878906,48.91875076293945,-21.056251525878906
1773047950196372200,49.880372314453126,-32.10000228881836,47.681251525878906,-21.787500381469727
1773047950206372400,49.890372314453124,-33.09375,46.20000076293945,-22.912500381469727
1773047950216372200,49.90037231445312,-34.20000076293945,44.28750228881836,-24.318750381469727
1773047950226372400,49.91037231445313,-35.400001525878906,42.337501525878906,-25.80000114440918
1773047950236372200,49.920372314453125,-36.75,40.6875,-27.562501907348633
1773047950246372400,49.93037231445312,-37.81875228881836,38.23125076293945,-29.475000381469727
1773047950256372200,49.94037231445313,-38.53125,36.16875076293945,-30.993751525878906
1773047950266372400,49.950372314453126,-39.30000305175781,34.40625,-32.38125228881836
1773047950276372200,49.960372314453124,-39.806251525878906,33.07500076293945,-33.618751525878906
1773047950286372400,49.97037231445312,-40.087501525878906,31.556251525878906,-34.57500076293945
1773047950296372200,49.98037231445313,-40.23750305175781,30.86250114440918,-35.41875076293945
1773047950306372400,49.990372314453126,-40.181251525878906,30.318750381469727,-36.09375
1773047950316372200,50.000372314453124,-40.10625076293945,29.981250762939453,-36.243751525878906
1773047950326372400,50.01037231445312,-40.01250076293945,29.793750762939453,-36.09375
1773047950336372200,50.02037231445313,-40.087501525878906,29.55000114440918,-35.75625228881836
1773047950346372400,50.030372314453125,-40.125,29.343751907348633,-35.47500228881836
1773047950356372200,50.04037231445312,-40.42500305175781,28.762500762939453,-35.4375
1773047950366372400,50.05037231445313,-40.53750228881836,27.993751525878906,-35.34375
1773047950376372200,50.060372314453126,-40.650001525878906,26.681251525878906,-35.36250305175781
1773047950386372400,50.070372314453124,-40.91250228881836,25.256250381469727,-35.34375
1773047950396372200,50.08037231445312,-41.13750076293945,23.400001525878906,-35.587501525878906
1773047950406372400,50.09037231445313,-41.493751525878906,21.76875114440918,-36.1875
1773047950416372200,50.100372314453125,-41.98125076293945,20.212501525878906,-36.806251525878906
1773047950426372400,50.11037231445312,-41.92500305175781,18.39375114440918,-37.80000305175781
1773047950436372200,50.12037231445313,-41.8125,17.15625,-38.625
1773047950446372400,50.130372314453126,-41.98125076293945,16.293750762939453,-40.05000305175781
1773047950456372200,50.140372314453124,-42.20625305175781,15.825000762939453,-41.38125228881836
1773047950466372400,50.15037231445312,-42.22500228881836,15.656250953674316,-42.78750228881836
1773047950476372200,50.16037231445313,-42.056251525878906,16.14375114440918,-44.15625
1773047950486372400,50.170372314453125,-42.03750228881836,16.725000381469727,-44.962501525878906
1773047950496372200,50.18037231445312,-42,17.306251525878906,-45.76875305175781
1773047950506372400,50.19037231445313,-42.01875305175781,18.20625114440918,-46.181251525878906
1773047950516372200,50.200372314453126,-42.48750305175781,19.125,-46.98750305175781
1773047950526372400,50.210372314453124,-42.48750305175781,20.025001525878906,-46.931251525878906
1773047950536372200,50.22037231445312,-42.375,20.418750762939453,-46.70625305175781
1773047950546372400,50.23037231445313,-42.73125076293945,20.775001525878906,-46.66875076293945
1773047950556372200,50.240372314453126,-42.76875305175781,20.4375,-46.95000076293945
1773047950566372400,50.250372314453124,-42.67500305175781,19.762500762939453,-47.587501525878906
1773047950576372200,50.26037231445312,-42.54375076293945,19.200000762939453,-48.750003814697266
1773047950586372400,50.27037231445313,-42.84375,18.506250381469727,-49.687503814697266
1773047950596372200,50.280372314453125,-42.48750305175781,17.512500762939453,-50.118751525878906
1773047950606372400,50.29037231445312,-42.82500076293945,16.575000762939453,-50.70000076293945
1773047950616372200,50.30037231445313,-43.05000305175781,16.125,-51.375003814697266
1773047950626372400,50.310372314453126,-42.88125228881836,15.075000762939453,-52.181251525878906
1773047950636372200,50.320372314453124,-42.84375,14.475000381469727,-52.72500228881836
1773047950646372400,50.33037231445312,-42.9375,14.325000762939453,-53.250003814697266
1773047950656372200,50.34037231445313,-42.806251525878906,14.193750381469727,-53.13750076293945
1773047950666372400,50.350372314453125,-42.22500228881836,13.893750190734863,-53.212501525878906
1773047950676372200,50.36037231445312,-42.20625305175781,13.950000762939453,-53.56875228881836
1773047950686372400,50.37037231445313,-41.85000228881836,13.818750381469727,-54.000003814697266
1773047950696372200,50.380372314453126,-41.681251525878906,13.08750057220459,-54.468753814697266
1773047950706372400,50.390372314453124,-41.47500228881836,13.012500762939453,-54.618751525878906
1773047950716372200,50.40037231445312,-41.47500228881836,12.768750190734863,-55.01250076293945
1773047950726372400,50.41037231445313,-41.17500305175781,12.787500381469727,-55.14375305175781
1773047950736372200,50.420372314453125,-41.17500305175781,12.787500381469727,-55.25625228881836
1773047950746372400,50.43037231445312,-41.38125228881836,12.581250190734863,-55.593753814697266
1773047950756372200,50.44037231445313,-41.25,12.168750762939453,-55.875003814697266
1773047950766372400,50.450372314453126,-41.26875305175781,11.943750381469727,-56.23125076293945
1773047950776372200,50.460372314453124,-41.41875076293945,12.206250190734863,-56.51250076293945
1773047950786372400,50.47037231445312,-41.493751525878906,12.487500190734863,-56.73750305175781
1773047950796372200,50.48037231445313,-41.45625305175781,12.52500057220459,-56.306251525878906
1773047950806372400,50.490372314453126,-41.73750305175781,12.487500190734863,-56.19375228881836
1773047950816372200,50.500372314453124,-41.71875,12.093750953674316,-55.931251525878906
1773047950826372400,50.51037231445312,-41.90625,12.15000057220459,-55.70625305175781
1773047950836372200,50.52037231445313,-42.243751525878906,12.33750057220459,-55.25625228881836
1773047950846372400,50.530372314453125,-42.45000076293945,12.168750762939453,-54.82500076293945
1773047950856372200,50.54037231445312,-42.65625,12.05625057220459,-54.39375305175781
1773047950866372400,50.55037231445313,-42.82500076293945,12.112500190734863,-53.625003814697266
1773047950876372200,50.560372314453126,-42.82500076293945,12.24375057220459,-53.156253814697266
1773047950886372400,50.570372314453124,-42.993751525878906,12.037500381469727,-52.875003814697266
1773047950896372200,50.58037231445312,-43.01250076293945,12.281250953674316,-52.70625305175781
1773047950906372400,50.59037231445313,-43.20000076293945,12.318750381469727,-52.593753814697266
1773047950916372200,50.600372314453125,-43.25625228881836,12.112500190734863,-52.743751525878906
1773047950926372400,50.61037231445312,-43.29375076293945,12.43125057220459,-52.650001525878906
1773047950936372200,50.62037231445313,-43.01250076293945,12.543750762939453,-52.556251525878906
1773047950946372400,50.630372314453126,-43.01250076293945,12.33750057220459,-52.76250076293945
1773047950956372200,50.640372314453124,-43.40625,12.33750057220459,-52.91250228881836
1773047950966372400,50.65037231445312,-43.40625,12.375000953674316,-52.743751525878906
1773047950976372200,50.66037231445313,-43.66875076293945,12.206250190734863,-52.91250228881836
1773047950986372400,50.670372314453125,-43.80000305175781,12.375000953674316,-52.406253814697266
1773047950996372200,50.68037231445312,-43.875,12.600000381469727,-51.937503814697266
1773047951006372400,50.69037231445313,-44.28750228881836,12.61875057220459,-51.73125076293945
1773047951016372200,50.700372314453126,-44.70000076293945,12.318750381469727,-51.26250076293945
1773047951026372400,50.710372314453124,-45.07500076293945,12.318750381469727,-50.32500076293945
1773047951036372200,50.72037231445312,-45.09375,12.206250190734863,-49.81875228881836
1773047951046372400,50.73037231445313,-45.28125,12.300000190734863,-49.368751525878906
1773047951056372200,50.740372314453126,-45.525001525878906,12.450000762939453,-48.88125228881836
1773047951066372400,50.750372314453124,-45.65625,12.262500762939453,-48.60000228881836
1773047951076372200,50.76037231445312,-45.82500076293945,12.300000190734863,-48.03750228881836
1773047951086372400,50.77037231445313,-45.73125076293945,12.168750762939453,-47.55000305175781
1773047951096372200,50.780372314453125,-45.84375,12.300000190734863,-47.36250305175781
1773047951106372400,50.79037231445312,-45.900001525878906,12.375000953674316,-47.64375305175781
1773047951116372200,50.80037231445313,-46.181251525878906,12.356250762939453,-47.53125
1773047951126372400,50.810372314453126,-46.3125,12.581250190734863,-47.118751525878906
1773047951136372200,50.820372314453124,-46.03125,12.318750381469727,-46.66875076293945
1773047951146372400,50.83037231445312,-46.05000305175781,12.393750190734863,-46.44375228881836
1773047951156372200,50.84037231445313,-46.01250076293945,12.15000057220459,-46.21875
1773047951166372400,50.850372314453125,-46.03125,12.225000381469727,-45.75
1773047951176372200,50.86037231445312,-46.21875,12.262500762939453,-44.8125
1773047951186372400,50.87037231445313,-46.650001525878906,11.831250190734863,-43.61250305175781
1773047951196372200,50.880372314453126,-47.19375228881836,11.512500762939453,-41.64375305175781
1773047951206372400,50.890372314453124,-47.70000076293945,11.0625,-39.58125305175781
1773047951216372200,50.90037231445312,-48.618751525878906,10.762500762939453,-37.53750228881836
1773047951226372400,50.91037231445313,-49.125003814697266,10.143750190734863,-35.19375228881836
1773047951236372200,50.920372314453125,-49.53750228881836,9.450000762939453,-33.1875
1773047951246372400,50.93037231445312,-49.968753814697266,8.793750762939453,-31.668750762939453
1773047951256372200,50.94037231445313,-50.41875076293945,8.043750762939453,-30.506250381469727
1773047951266372400,50.950372314453126,-50.306251525878906,7.518750190734863,-29.587501525878906
1773047951276372200,50.960372314453124,-50.08125305175781,6.993750095367432,-29.512500762939453
1773047951286372400,50.97037231445312,-50.08125305175781,6.412500381469727,-29.812501907348633
1773047951296372200,50.98037231445313,-49.968753814697266,5.868750095367432,-30.056251525878906
1773047951306372400,50.990372314453126,-49.837501525878906,5.456250190734863,-30.58125114440918
1773047951316372200,51.000372314453124,-50.17500305175781,4.931250095367432,-31.181251525878906
1773047951326372400,51.01037231445312,-50.23125076293945,4.612500190734863,-31.162500381469727
1773047951336372200,51.02037231445313,-50.23125076293945,4.21875,-31.256250381469727
1773047951346372400,51.030372314453125,-50.38125228881836,3.9750001430511475,-31.275001525878906
1773047951356372200,51.04037231445312,-50.55000305175781,3.6750001907348633,-31.406251907348633
1773047951366372400,51.05037231445313,-50.70000076293945,3.4875001907348633,-31.33125114440918
1773047951376372200,51.060372314453126,-50.718753814697266,3.4312500953674316,-31.500001907348633
1773047951386372400,51.070372314453124,-50.94375228881836,3.356250047683716,-31.481250762939453
1773047951396372200,51.08037231445312,-50.73750305175781,3.637500047683716,-31.031251907348633
1773047951406372400,51.09037231445313,-51.01875305175781,3.6187500953674316,-30.975000381469727
1773047951416372200,51.100372314453125,-50.83125305175781,3.6187500953674316,-30.750001907348633
1773047951426372400,51.11037231445312,-51.01875305175781,3.656250238418579,-30.900001525878906
1773047951436372200,51.12037231445313,-51.187503814697266,3.937500238418579,-31.012500762939453
1773047951446372400,51.130372314453126,-51.281253814697266,4.03125,-31.087501525878906
1773047951456372200,51.140372314453124,-51.187503814697266,4.03125,-30.95625114440918
1773047951466372400,51.15037231445312,-51.337501525878906,4.012500286102295,-30.918750762939453
1773047951476372200,51.16037231445313,-51.54375076293945,3.9000000953674316,-31.087501525878906
1773047951486372400,51.170372314453125,-51.31875228881836,3.543750047683716,-31.218751907348633
1773047951496372200,51.18037231445312,-51.50625228881836,3.5250000953674316,-31.125001907348633
1773047951506372400,51.19037231445313,-51.431251525878906,3.6187500953674316,-30.900001525878906
1773047951516372200,51.200372314453126,-51.41250228881836,3.5062501430511475,-30.712501525878906
1773047951526372400,51.210372314453124,-51.26250076293945,3.262500047683716,-30.787500381469727
1773047951536372200,51.22037231445312,-51.48750305175781,3.168750047683716,-30.900001525878906
1773047951546372400,51.23037231445313,-51.35625076293945,3.0187501907348633,-30.787500381469727
1773047951556372200,51.240372314453126,-51.22500228881836,3.168750047683716,-30.712501525878906
1773047951566372400,51.250372314453124,-51.54375076293945,3.3187501430511475,-30.656251907348633
1773047951576372200,51.26037231445312,-51.50625228881836,3.3937501907348633,-30.825000762939453
1773047951586372400,51.27037231445313,-51.48750305175781,3.2250001430511475,-30.937501907348633
1773047951596372200,51.280372314453125,-51.525001525878906,3.168750047683716,-31.031251907348633
1773047951606372400,51.29037231445312,-51.48750305175781,3.2062501907348633,-30.975000381469727
1773047951616372200,51.30037231445313,-51.712501525878906,3.2250001430511475,-30.86250114440918
1773047951626372400,51.310372314453126,-51.750003814697266,3.450000047683716,-31.200000762939453
1773047951636372200,51.320372314453124,-51.95625305175781,3.3000001907348633,-31.23750114440918
1773047951646372400,51.33037231445312,-51.806251525878906,3.468750238418579,-31.087501525878906
1773047951656372200,51.34037231445313,-51.88125228881836,3.4875001907348633,-31.012500762939453
1773047951666372400,51.350372314453125,-51.97500228881836,3.5812501907348633,-31.218751907348633
1773047951676372200,51.36037231445312,-51.900001525878906,3.5250000953674316,-31.200000762939453
1773047951686372400,51.37037231445313,-51.78750228881836,3.5062501430511475,-31.275001525878906
1773047951696372200,51.380372314453126,-51.750003814697266,3.468750238418579,-31.42500114440918
1773047951706372400,51.390372314453124,-51.97500228881836,3.5062501430511475,-31.012500762939453
1773047951716372200,51.40037231445312,-51.91875076293945,3.6000001430511475,-30.881250381469727
1773047951726372400,51.41037231445313,-52.25625228881836,3.468750238418579,-31.031251907348633
1773047951736372200,51.420372314453125,-52.38750076293945,3.450000047683716,-31.106250762939453
1773047951746372400,51.43037231445312,-52.25625228881836,3.262500047683716,-30.825000762939453
1773047951756372200,51.44037231445313,-52.25625228881836,3.075000047683716,-30.48750114440918
1773047951766372400,51.450372314453126,-52.29375076293945,3.0562500953674316,-30.412500381469727
1773047951776372200,51.460372314453124,-52.087501525878906,3.093750238418579,-30.58125114440918
1773047951786372400,51.47037231445312,-52.181251525878906,2.9625000953674316,-31.162500381469727
1773047951796372200,51.48037231445313,-52.23750305175781,2.7562501430511475,-31.368751525878906
1773047951806372400,51.490372314453126,-51.656253814697266,2.9437501430511475,-31.500001907348633
1773047951816372200,51.500372314453124,-51.69375228881836,2.6625001430511475,-31.556251525878906
1773047951826372400,51.51037231445312,-51.91875076293945,2.6437501907348633,-31.668750762939453
1773047951836372200,51.52037231445313,-52.01250076293945,2.53125,-32.32500076293945
1773047951846372400,51.530372314453125,-52.48125076293945,2.325000047683716,-32.625
1773047951856372200,51.54037231445312,-52.72500228881836,2.1187500953674316,-32.56875228881836
1773047951866372400,51.55037231445313,-52.781253814697266,1.9312500953674316,-32.400001525878906
1773047951876372200,51.560372314453126,-52.462501525878906,1.5937501192092896,-32.41875076293945
1773047951886372400,51.570372314453124,-52.70625305175781,1.2375000715255737,-32.32500076293945
1773047951896372200,51.58037231445312,-52.72500228881836,1.2750000953674316,-32.66250228881836
1773047951906372400,51.59037231445313,-52.743751525878906,1.0875000953674316,-33.056251525878906
1773047951916372200,51.600372314453125,-52.837501525878906,1.068750023841858,-33.16875076293945
1773047951926372400,51.61037231445312,-52.76250076293945,1.03125,-32.90625
1773047951936372200,51.62037231445313,-52.44375228881836,0.8437500596046448,-32.8125
1773047951946372400,51.630372314453126,-52.44375228881836,0.6937500238418579,-33
1773047951956372200,51.640372314453124,-53.212501525878906,1.0500000715255737,-33.056251525878906
1773047951966372400,51.65037231445312,-53.45625305175781,1.068750023841858,-33
1773047951976372200,51.66037231445313,-53.45625305175781,1.068750023841858,-32.681251525878906
1773047951986372400,51.670372314453125,-53.55000305175781,1.21875,-32.625
1773047951996372200,51.68037231445312,-53.60625076293945,1.256250023841858,-32.38125228881836
1773047952006372400,51.69037231445313,-53.681251525878906,1.3687500953674316,-32.66250228881836
1773047952016372200,51.700372314453126,-54.187503814697266,1.40625,-32.962501525878906
1773047952026372400,51.710372314453124,-54.000003814697266,1.3312500715255737,-32.79375076293945
1773047952036372200,51.72037231445312,-53.906253814697266,1.1437500715255737,-33.09375
1773047952046372400,51.73037231445313,-53.79375076293945,1.03125,-33.60000228881836
1773047952056372200,51.740372314453126,-54.150001525878906,0.862500011920929,-34.16250228881836
1773047952066372400,51.750372314453124,-54.07500076293945,0.7312500476837158,-34.14375305175781
1773047952076372200,51.76037231445312,-54.093753814697266,0.4125000238418579,-34.38750076293945
1773047952086372400,51.77037231445313,-53.83125305175781,0.13125000894069672,-34.5
1773047952096372200,51.780372314453125,-53.775001525878906,-0.35625001788139343,-34.70625305175781
1773047952106372400,51.79037231445312,-53.775001525878906,-1.0125000476837158,-35.28750228881836
1773047952116372200,51.80037231445313,-53.250003814697266,-1.40625,-35.212501525878906
1773047952126372400,51.810372314453126,-53.04375076293945,-2.25,-35.10000228881836
1773047952136372200,51.820372314453124,-52.70625305175781,-3.2062501907348633,-35.26875305175781
1773047952146372400,51.83037231445312,-52.42500305175781,-4.631250381469727,-35.64375305175781
1773047952156372200,51.84037231445313,-51.97500228881836,-5.418750286102295,-35.70000076293945
1773047952166372400,51.850372314453125,-51.86250305175781,-6.450000286102295,-35.64375305175781
1773047952176372200,51.86037231445312,-51.45000076293945,-7.443750381469727,-35.681251525878906
1773047952186372400,51.87037231445313,-51.13125228881836,-8.100000381469727,-35.73750305175781
1773047952196372200,51.880372314453126,-51.01875305175781,-9.05625057220459,-35.88750076293945
1773047952206372400,51.890372314453124,-50.73750305175781,-9.825000762939453,-36.150001525878906
1773047952216372200,51.90037231445312,-50.118751525878906,-10.256250381469727,-35.587501525878906
1773047952226372400,51.91037231445313,-49.81875228881836,-10.3125,-35.26875305175781
1773047952236372200,51.920372314453125,-49.556251525878906,-10.518750190734863,-34.743751525878906
1773047952246372400,51.93037231445312,-49.406253814697266,-10.55625057220459,-33.993751525878906
1773047952256372200,51.94037231445313,-49.181251525878906,-10.350000381469727,-32.64375305175781
1773047952266372400,51.950372314453126,-48.95625305175781,-10.21875,-30.58125114440918
1773047952276372200,51.960372314453124,-48.73125076293945,-9.918750762939453,-28.462501525878906
1773047952286372400,51.97037231445312,-48.562503814697266,-9.412500381469727,-25.818750381469727
1773047952296372200,51.98037231445313,-48.31875228881836,-8.793750762939453,-22.98750114440918
1773047952306372400,51.990372314453126,-47.98125076293945,-8.0625,-19.33125114440918
1773047952316372200,52.000372314453124,-47.60625076293945,-6.993750095367432,-15.24375057220459
1773047952326372400,52.01037231445312,-46.63125228881836,-5.775000095367432,-11.30625057220459
1773047952336372200,52.02037231445313,-45.82500076293945,-4.368750095367432,-7.200000286102295
1773047952346372400,52.030372314453125,-44.88750076293945,-2.4562501907348633,-3.3000001907348633
1773047952356372200,52.04037231445312,-43.95000076293945,-0.4125000238418579,0.6375000476837158
1773047952366372400,52.05037231445313,-42.78750228881836,1.8375000953674316,4.275000095367432
1773047952376372200,52.060372314453126,-41.85000228881836,4.143750190734863,7.743750095367432
1773047952386372400,52.070372314453124,-40.6875,6.787500381469727,10.425000190734863
1773047952396372200,52.08037231445312,-39.75,8.96250057220459,12.450000762939453
1773047952406372400,52.09037231445313,-38.94375228881836,11.15625,14.193750381469727
1773047952416372200,52.100372314453125,-37.98750305175781,13.387500762939453,15.318750381469727
1773047952426372400,52.11037231445312,-37.25625228881836,15.506250381469727,16.03125
1773047952436372200,52.12037231445313,-70.48125457763672,29.250001907348633,24.787500381469727
1773047952466372400,52.15037231445312,-67.98750305175781,34.743751525878906,25.61250114440918
1773047952476372200,52.16037231445313,-67.06875610351562,36.525001525878906,25.931251525878906
1773047952486372400,52.170372314453125,-66.1500015258789,37.931251525878906,26.26875114440918
1773047952496372200,52.18037231445312,-65.26875305175781,39.09375,26.718751907348633
1773047952506372400,52.19037231445313,-64.2750015258789,39.63750076293945,27.30000114440918
1773047952516372200,52.200372314453126,-63.618751525878906,39.97500228881836,27.86250114440918
1773047952526372400,52.210372314453124,-62.64375305175781,39.97500228881836,28.293750762939453
1773047952536372200,52.22037231445312,-61.781253814697266,39.73125076293945,28.762500762939453
1773047952546372400,52.23037231445313,-60.843753814697266,39.35625076293945,29.381250381469727
1773047952556372200,52.240372314453126,-59.75625228881836,38.66250228881836,30.075000762939453
1773047952566372400,52.250372314453124,-58.875003814697266,37.81875228881836,30.76875114440918
1773047952576372200,52.26037231445312,-57.69375228881836,37.14375305175781,31.70625114440918
1773047952586372400,52.27037231445313,-56.70000076293945,36.28125,32.66250228881836
1773047952596372200,52.280372314453125,-55.63125228881836,35.306251525878906,33.28125
1773047952606372400,52.29037231445312,-54.67500305175781,34.33125305175781,34.275001525878906
1773047952616372200,52.30037231445313,-53.812503814697266,33.618751525878906,35.118751525878906
1773047952626372400,52.310372314453126,-53.23125076293945,32.53125,35.775001525878906
1773047952636372200,52.320372314453124,-52.63125228881836,31.256250381469727,36.22500228881836
1773047952646372400,52.33037231445312,-52.181251525878906,30.131250381469727,36.525001525878906
1773047952656372200,52.34037231445313,-52.20000076293945,28.968751907348633,36.46875
1773047952666372400,52.350372314453125,-51.82500076293945,28.068750381469727,36.50625228881836
1773047952676372200,52.36037231445312,-51.60000228881836,26.83125114440918,36.50625228881836
1773047952686372400,52.37037231445313,-51.468753814697266,25.631250381469727,36.48750305175781
1773047952696372200,52.380372314453126,-8.02500057220459,0.7875000238418579,55.14375305175781
1773047952706372400,52.390372314453124,-7.800000190734863,-0.6000000238418579,55.125003814697266
1773047952726372400,52.41037231445313,-7.575000286102295,-3.187500238418579,55.29375076293945
1773047952736372200,52.420372314453125,-7.218750476837158,-4.368750095367432,55.61250305175781
1773047952746372400,52.43037231445312,-7.050000190734863,-5.550000190734863,55.89375305175781
1773047952756372200,52.44037231445313,-7.050000190734863,-6.525000095367432,56.212501525878906
1773047952766372400,52.450372314453126,-6.881250381469727,-6.918750286102295,56.51250076293945
1773047952776372200,52.460372314453124,-6.750000476837158,-7.200000286102295,56.718753814697266
1773047952786372400,52.47037231445312,-6.787500381469727,-7.350000381469727,56.531253814697266
1773047952796372200,52.48037231445313,-6.450000286102295,-6.956250190734863,56.56875228881836
1773047952806372400,52.490372314453126,-6.731250286102295,-6.300000190734863,56.36250305175781
1773047952816372200,52.500372314453124,-6.862500190734863,-5.587500095367432,56.212501525878906
1773047952826372400,52.51037231445312,-7.200000286102295,-4.612500190734863,55.57500076293945
1773047952836372200,52.52037231445313,-7.068750381469727,-3.1500000953674316,55.125003814697266
1773047952846372400,52.530372314453125,-7.312500476837158,-2.325000047683716,54.30000305175781
1773047952856372200,52.54037231445312,-7.481250286102295,-1.256250023841858,53.718753814697266
1773047952866372400,52.55037231445313,-7.500000476837158,0.1875,53.38125228881836
1773047952876372200,52.560372314453126,-7.518750190734863,1.3312500715255737,52.95000076293945
1773047952886372400,52.570372314453124,-7.106250286102295,2.1937501430511475,52.406253814697266
1773047952896372200,52.58037231445312,-6.937500476837158,2.887500047683716,51.993751525878906
1773047952906372400,52.59037231445313,-6.862500190734863,3.8625001907348633,51.69375228881836
1773047952916372200,52.600372314453125,-6.975000381469727,4.59375,51.150001525878906
1773047952926372400,52.61037231445312,-6.787500381469727,5.34375,51.13125228881836
1773047952936372200,52.62037231445313,-6.506250381469727,5.90625,50.906253814697266
1773047952946372400,52.630372314453126,-6.356250286102295,6.037500381469727,50.812503814697266
1773047952956372200,52.640372314453124,-6.543750286102295,6.262500286102295,50.625003814697266
1773047952966372400,52.65037231445312,-6.637500286102295,6.318750381469727,50.66250228881836
1773047952976372200,52.66037231445313,-6.618750095367432,6.487500190734863,50.73750305175781
1773047952986372400,52.670372314453125,-6.318750381469727,5.868750095367432,51.07500076293945
1773047952996372200,52.68037231445312,-6.075000286102295,5.400000095367432,51.41250228881836
1773047953006372400,52.69037231445313,-5.868750095367432,4.725000381469727,51.26250076293945
1773047953016372200,52.700372314453126,-5.71875,4.050000190734863,51.431251525878906
1773047953026372400,52.710372314453124,-5.793750286102295,3.468750238418579,51.375003814697266
1773047953036372200,52.72037231445312,-5.287500381469727,2.5875000953674316,51.281253814697266
1773047953046372400,52.73037231445313,-5.362500190734863,2.4937500953674316,51.243751525878906
1773047953056372200,52.740372314453126,-5.325000286102295,2.0250000953674316,51.093753814697266
1773047953066372400,52.750372314453124,-5.362500190734863,1.912500023841858,50.868751525878906
1773047953076372200,52.76037231445312,-5.193750381469727,1.9312500953674316,50.85000228881836
1773047953086372400,52.77037231445313,-5.15625,2.1000001430511475,51.03750228881836
1773047953096372200,52.780372314453125,-5.381250381469727,2.2687501907348633,50.79375076293945
1773047953106372400,52.79037231445312,-5.287500381469727,2.231250047683716,50.66250228881836
1773047953116372200,52.80037231445313,-5.550000190734863,2.625,50.85000228881836
1773047953126372400,52.810372314453126,-5.456250190734863,2.4562501907348633,50.79375076293945
1773047953136372200,52.820372314453124,-5.456250190734863,2.231250047683716,50.47500228881836
1773047953146372400,52.83037231445312,-5.475000381469727,2.1187500953674316,50.118751525878906
1773047953156372200,52.84037231445313,-5.625,1.7437500953674316,49.95000076293945
1773047953166372400,52.850372314453125,-5.925000190734863,1.3125,49.650001525878906
1773047953176372200,52.86037231445312,-5.981250286102295,1.1062500476837158,49.80000305175781
1773047953186372400,52.87037231445313,-6.056250095367432,1.21875,49.743751525878906
1773047953196372200,52.880372314453126,-6.300000190734863,0.65625,49.35000228881836
1773047953206372400,52.890372314453124,-6.356250286102295,0.35625001788139343,49.275001525878906
1773047953216372200,52.90037231445312,-6.187500476837158,0.45000001788139343,49.25625228881836
1773047953226372400,52.91037231445313,-6.262500286102295,0.375,49.312503814697266
1773047953236372200,52.920372314453125,-6.206250190734863,0.35625001788139343,49.10625076293945
1773047953246372400,52.93037231445312,-6.112500190734863,0.7875000238418579,49.44375228881836
1773047953256372200,52.94037231445313,-6.187500476837158,0.9750000238418579,49.16250228881836
1773047953266372400,52.950372314453126,-6.206250190734863,1.068750023841858,49.14375305175781
1773047953276372200,52.960372314453124,-6.018750190734863,1.5937501192092896,49.38750076293945
1773047953286372400,52.97037231445312,-5.8125,1.8750001192092896,49.57500076293945
1773047953296372200,52.98037231445313,-5.981250286102295,2.1187500953674316,49.500003814697266
1773047953306372400,52.990372314453126,-5.962500095367432,2.3812501430511475,49.44375228881836
1773047953316372200,53.000372314453124,-6.056250095367432,2.5687501430511475,49.57500076293945
1773047953326372400,53.01037231445312,-5.925000190734863,2.4000000953674316,49.181251525878906
1773047953336372200,53.02037231445313,-5.943750381469727,2.34375,49.01250076293945
1773047953346372400,53.030372314453125,-5.793750286102295,2.231250047683716,48.76875305175781
1773047953356372200,53.04037231445312,-5.8125,2.15625,48.431251525878906
1773047953366372400,53.05037231445313,-6.056250095367432,2.2687501907348633,47.88750076293945
1773047953376372200,53.060372314453126,-6.093750476837158,2.137500047683716,47.71875
1773047953386372400,53.070372314453124,-5.962500095367432,2.3625001907348633,47.64375305175781
1773047953396372200,53.08037231445312,-6.468750476837158,2.625,47.34375
1773047953406372400,53.09037231445313,-6.731250286102295,2.7375001907348633,46.98750305175781
1773047953416372200,53.100372314453125,-6.637500286102295,2.8687500953674316,47.0625
1773047953426372400,53.11037231445312,-6.825000286102295,2.981250047683716,47.10000228881836
1773047953436372200,53.12037231445313,-7.106250286102295,3,47.17500305175781
1773047953446372400,53.130372314453126,-7.406250476837158,3.0187501907348633,47.025001525878906
1773047953456372200,53.140372314453124,-7.575000286102295,3.0562500953674316,47.08125305175781
1773047953466372400,53.15037231445312,-7.856250286102295,2.8125,47.19375228881836
1773047953476372200,53.16037231445313,-7.556250095367432,2.2875001430511475,47.0625
